[2025-09-11 16:17:16Z INFO HostContext] No proxy settings were found based on environmental variables (http_proxy/https_proxy/HTTP_PROXY/HTTPS_PROXY)
[2025-09-11 16:17:16Z INFO HostContext] Well known directory 'Bin': 'C:\laragon\www\sapapi\actions-runner\bin'
[2025-09-11 16:17:16Z INFO HostContext] Well known directory 'Root': 'C:\laragon\www\sapapi\actions-runner'
[2025-09-11 16:17:16Z INFO HostContext] Well known config file 'Credentials': 'C:\laragon\www\sapapi\actions-runner\.credentials'
[2025-09-11 16:17:17Z INFO HostContext] Well known directory 'Bin': 'C:\laragon\www\sapapi\actions-runner\bin'
[2025-09-11 16:17:17Z INFO HostContext] Well known directory 'Root': 'C:\laragon\www\sapapi\actions-runner'
[2025-09-11 16:17:17Z INFO HostContext] Well known config file 'Runner': 'C:\laragon\www\sapapi\actions-runner\.runner'
[2025-09-11 16:17:17Z INFO Listener] Runner is built for Windows (X64) - win-x64.
[2025-09-11 16:17:17Z INFO Listener] RuntimeInformation: Microsoft Windows 10.0.19045.
[2025-09-11 16:17:17Z INFO Listener] Version: 2.328.0
[2025-09-11 16:17:17Z INFO Listener] Commit: 6f9a9110adce65f44ca6f7c0ae142b9cc6af937b
[2025-09-11 16:17:17Z INFO Listener] Culture: en-US
[2025-09-11 16:17:17Z INFO Listener] UI Culture: en-US
[2025-09-11 16:17:17Z INFO HostContext] Well known directory 'Bin': 'C:\laragon\www\sapapi\actions-runner\bin'
[2025-09-11 16:17:17Z INFO HostContext] Well known directory 'Root': 'C:\laragon\www\sapapi\actions-runner'
[2025-09-11 16:17:17Z INFO Listener] Validating directory permissions for: 'C:\laragon\www\sapapi\actions-runner'
[2025-09-11 16:17:17Z INFO CommandLineParser] Parse
[2025-09-11 16:17:17Z INFO CommandLineParser] Parsing 3 args
[2025-09-11 16:17:17Z INFO CommandLineParser] parsing argument
[2025-09-11 16:17:17Z INFO CommandLineParser] HasArgs: False
[2025-09-11 16:17:17Z INFO CommandLineParser] Adding Command: run
[2025-09-11 16:17:17Z INFO CommandLineParser] parsing argument
[2025-09-11 16:17:17Z INFO CommandLineParser] HasArgs: True
[2025-09-11 16:17:17Z INFO CommandLineParser] arg: startuptype
[2025-09-11 16:17:17Z INFO CommandLineParser] parsing argument
[2025-09-11 16:17:17Z INFO CommandLineParser] HasArgs: True
[2025-09-11 16:17:17Z INFO CommandLineParser] Adding option 'startuptype': 'service'
[2025-09-11 16:17:17Z INFO Listener] Arguments parsed
[2025-09-11 16:17:17Z INFO Runner] ExecuteCommand
[2025-09-11 16:17:17Z INFO ConfigurationStore] currentAssemblyLocation: C:\laragon\www\sapapi\actions-runner\bin\Runner.Listener.dll
[2025-09-11 16:17:17Z INFO HostContext] Well known directory 'Bin': 'C:\laragon\www\sapapi\actions-runner\bin'
[2025-09-11 16:17:17Z INFO ConfigurationStore] binPath: C:\laragon\www\sapapi\actions-runner\bin
[2025-09-11 16:17:17Z INFO HostContext] Well known directory 'Bin': 'C:\laragon\www\sapapi\actions-runner\bin'
[2025-09-11 16:17:17Z INFO HostContext] Well known directory 'Root': 'C:\laragon\www\sapapi\actions-runner'
[2025-09-11 16:17:17Z INFO ConfigurationStore] RootFolder: C:\laragon\www\sapapi\actions-runner
[2025-09-11 16:17:17Z INFO HostContext] Well known directory 'Bin': 'C:\laragon\www\sapapi\actions-runner\bin'
[2025-09-11 16:17:17Z INFO HostContext] Well known directory 'Root': 'C:\laragon\www\sapapi\actions-runner'
[2025-09-11 16:17:17Z INFO HostContext] Well known config file 'Runner': 'C:\laragon\www\sapapi\actions-runner\.runner'
[2025-09-11 16:17:17Z INFO ConfigurationStore] ConfigFilePath: C:\laragon\www\sapapi\actions-runner\.runner
[2025-09-11 16:17:17Z INFO HostContext] Well known directory 'Bin': 'C:\laragon\www\sapapi\actions-runner\bin'
[2025-09-11 16:17:17Z INFO HostContext] Well known directory 'Root': 'C:\laragon\www\sapapi\actions-runner'
[2025-09-11 16:17:17Z INFO HostContext] Well known config file 'MigratedRunner': 'C:\laragon\www\sapapi\actions-runner\.runner_migrated'
[2025-09-11 16:17:17Z INFO ConfigurationStore] MigratedConfigFilePath: C:\laragon\www\sapapi\actions-runner\.runner_migrated
[2025-09-11 16:17:17Z INFO HostContext] Well known directory 'Bin': 'C:\laragon\www\sapapi\actions-runner\bin'
[2025-09-11 16:17:17Z INFO HostContext] Well known directory 'Root': 'C:\laragon\www\sapapi\actions-runner'
[2025-09-11 16:17:17Z INFO HostContext] Well known config file 'Credentials': 'C:\laragon\www\sapapi\actions-runner\.credentials'
[2025-09-11 16:17:17Z INFO ConfigurationStore] CredFilePath: C:\laragon\www\sapapi\actions-runner\.credentials
[2025-09-11 16:17:17Z INFO HostContext] Well known directory 'Bin': 'C:\laragon\www\sapapi\actions-runner\bin'
[2025-09-11 16:17:17Z INFO HostContext] Well known directory 'Root': 'C:\laragon\www\sapapi\actions-runner'
[2025-09-11 16:17:17Z INFO HostContext] Well known config file 'MigratedCredentials': 'C:\laragon\www\sapapi\actions-runner\.credentials_migrated'
[2025-09-11 16:17:17Z INFO ConfigurationStore] MigratedCredFilePath: C:\laragon\www\sapapi\actions-runner\.credentials_migrated
[2025-09-11 16:17:17Z INFO HostContext] Well known directory 'Bin': 'C:\laragon\www\sapapi\actions-runner\bin'
[2025-09-11 16:17:17Z INFO HostContext] Well known directory 'Root': 'C:\laragon\www\sapapi\actions-runner'
[2025-09-11 16:17:17Z INFO HostContext] Well known config file 'Service': 'C:\laragon\www\sapapi\actions-runner\.service'
[2025-09-11 16:17:17Z INFO ConfigurationStore] ServiceConfigFilePath: C:\laragon\www\sapapi\actions-runner\.service
[2025-09-11 16:17:17Z INFO CommandSettings] Flag 'help': 'False'
[2025-09-11 16:17:17Z INFO CommandSettings] Flag 'version': 'False'
[2025-09-11 16:17:17Z INFO CommandSettings] Flag 'commit': 'False'
[2025-09-11 16:17:17Z INFO CommandSettings] Flag 'check': 'False'
[2025-09-11 16:17:17Z INFO CommandSettings] Command 'configure': 'False'
[2025-09-11 16:17:17Z INFO CommandSettings] Command 'remove': 'False'
[2025-09-11 16:17:17Z INFO CommandSettings] Command 'warmup': 'False'
[2025-09-11 16:17:17Z INFO ConfigurationManager] LoadSettings
[2025-09-11 16:17:17Z INFO ConfigurationStore] IsConfigured()
[2025-09-11 16:17:17Z INFO ConfigurationStore] IsConfigured: True
[2025-09-11 16:17:17Z INFO ConfigurationManager] Is configured: True
[2025-09-11 16:17:17Z INFO ConfigurationStore] Read setting file: 386 chars
[2025-09-11 16:17:17Z INFO ConfigurationManager] Settings Loaded
[2025-09-11 16:17:17Z INFO ConfigurationStore] IsServiceConfigured()
[2025-09-11 16:17:17Z INFO ConfigurationStore] IsServiceConfigured: True
[2025-09-11 16:17:17Z INFO CommandSettings] Command 'run': 'True'
[2025-09-11 16:17:17Z INFO ConfigurationStore] IsConfigured()
[2025-09-11 16:17:17Z INFO ConfigurationStore] IsConfigured: True
[2025-09-11 16:17:17Z INFO ConfigurationManager] Is configured: True
[2025-09-11 16:17:17Z INFO Runner] Set runner startup type - Service
[2025-09-11 16:17:17Z INFO CommandSettings] Flag 'once': 'False'
[2025-09-11 16:17:17Z INFO CommandSettings] Flag 'once': 'False'
[2025-09-11 16:17:17Z INFO Runner] RunAsync
[2025-09-11 16:17:17Z INFO ConfigurationManager] LoadMigratedSettings
[2025-09-11 16:17:17Z INFO ConfigurationStore] IsMigratedConfigured()
[2025-09-11 16:17:17Z INFO ConfigurationStore] IsMigratedConfigured: True
[2025-09-11 16:17:17Z INFO ConfigurationStore] Read migrated setting file: 386 chars
[2025-09-11 16:17:17Z INFO ConfigurationManager] Migrated Settings Loaded
[2025-09-11 16:17:17Z INFO Runner] Loaded migrated settings from .runner_migrated file
[2025-09-11 16:17:17Z INFO Runner] {
  "AgentId": 22,
  "AgentName": "JO",
  "PoolId": 1,
  "PoolName": "Default",
  "ServerUrl": "https://pipelinesghubeus26.actions.githubusercontent.com/OTqsuixwcDOeboiI5ELPh9vt0loVA9erSQMzHOLYofkfIDGeBX/",
  "GitHubUrl": "https://github.com/jauharimalik/sapapi",
  "WorkFolder": "_work",
  "UseV2Flow": true,
  "ServerUrlV2": "https://broker.actions.githubusercontent.com/"
}
[2025-09-11 16:17:17Z INFO Runner] Attempting to create session using migrated settings
[2025-09-11 16:17:17Z INFO Runner] Using BrokerMessageListener
[2025-09-11 16:17:17Z INFO BrokerMessageListener] Using provided settings
[2025-09-11 16:17:17Z INFO BrokerMessageListener] Using migrated settings from .runner_migrated
[2025-09-11 16:17:17Z INFO BrokerMessageListener] {
  "AgentId": 22,
  "AgentName": "JO",
  "PoolId": 1,
  "PoolName": "Default",
  "ServerUrl": "https://pipelinesghubeus26.actions.githubusercontent.com/OTqsuixwcDOeboiI5ELPh9vt0loVA9erSQMzHOLYofkfIDGeBX/",
  "GitHubUrl": "https://github.com/jauharimalik/sapapi",
  "WorkFolder": "_work",
  "UseV2Flow": true,
  "ServerUrlV2": "https://broker.actions.githubusercontent.com/"
}
[2025-09-11 16:17:17Z INFO BrokerMessageListener] Loading Credentials
[2025-09-11 16:17:17Z INFO ConfigurationStore] HasCredentials()
[2025-09-11 16:17:17Z INFO ConfigurationStore] stored True
[2025-09-11 16:17:17Z INFO CredentialManager] GetCredentialProvider
[2025-09-11 16:17:17Z INFO CredentialManager] Creating type OAuth
[2025-09-11 16:17:17Z INFO CredentialManager] Creating credential type: OAuth
[2025-09-11 16:17:17Z INFO HostContext] Well known directory 'Bin': 'C:\laragon\www\sapapi\actions-runner\bin'
[2025-09-11 16:17:17Z INFO HostContext] Well known directory 'Root': 'C:\laragon\www\sapapi\actions-runner'
[2025-09-11 16:17:17Z INFO HostContext] Well known config file 'RSACredentials': 'C:\laragon\www\sapapi\actions-runner\.credentials_rsaparams'
[2025-09-11 16:17:17Z INFO RSAEncryptedFileKeyManager] Loading RSA key parameters from file C:\laragon\www\sapapi\actions-runner\.credentials_rsaparams
[2025-09-11 16:17:17Z INFO BrokerMessageListener] Attempt to create session.
[2025-09-11 16:17:17Z INFO BrokerMessageListener] Connecting to the Broker Server...
[2025-09-11 16:17:17Z INFO ConfigurationStore] HasCredentials()
[2025-09-11 16:17:17Z INFO ConfigurationStore] stored True
[2025-09-11 16:17:17Z INFO CredentialManager] GetCredentialProvider
[2025-09-11 16:17:17Z INFO CredentialManager] Creating type OAuth
[2025-09-11 16:17:17Z INFO CredentialManager] Creating credential type: OAuth
[2025-09-11 16:17:17Z INFO RSAEncryptedFileKeyManager] Loading RSA key parameters from file C:\laragon\www\sapapi\actions-runner\.credentials_rsaparams
[2025-09-11 16:17:17Z INFO BrokerMessageListener] VssConnection created
[2025-09-11 16:17:17Z INFO BrokerMessageListener] Connecting to the Runner server...
[2025-09-11 16:17:17Z INFO RunnerServer] EstablishVssConnection
[2025-09-11 16:17:17Z INFO RunnerServer] Establish connection with 100 seconds timeout.
[2025-09-11 16:17:17Z INFO GitHubActionsService] Starting operation Location.GetConnectionData
[2025-09-11 16:17:17Z INFO RunnerServer] EstablishVssConnection
[2025-09-11 16:17:17Z INFO RunnerServer] Establish connection with 60 seconds timeout.
[2025-09-11 16:17:17Z INFO GitHubActionsService] Starting operation Location.GetConnectionData
[2025-09-11 16:17:17Z INFO RunnerServer] EstablishVssConnection
[2025-09-11 16:17:17Z INFO RunnerServer] Establish connection with 60 seconds timeout.
[2025-09-11 16:17:17Z INFO GitHubActionsService] Starting operation Location.GetConnectionData
[2025-09-11 16:17:18Z INFO GitHubActionsService] Finished operation Location.GetConnectionData
[2025-09-11 16:17:18Z INFO GitHubActionsService] Finished operation Location.GetConnectionData
[2025-09-11 16:17:18Z INFO GitHubActionsService] Finished operation Location.GetConnectionData
[2025-09-11 16:17:18Z INFO BrokerMessageListener] VssConnection created
[2025-09-11 16:17:18Z INFO Terminal] WRITE LINE: 
[2025-09-11 16:17:18Z INFO Terminal] WRITE LINE: 
[2025-09-11 16:17:18Z INFO RSAEncryptedFileKeyManager] Loading RSA key parameters from file C:\laragon\www\sapapi\actions-runner\.credentials_rsaparams
[2025-09-11 16:17:18Z INFO RSAEncryptedFileKeyManager] Loading RSA key parameters from file C:\laragon\www\sapapi\actions-runner\.credentials_rsaparams
[2025-09-11 16:17:19Z INFO GitHubActionsService] AAD Correlation ID for this token request: Unknown
[2025-09-11 16:17:20Z INFO BrokerMessageListener] Session created.
[2025-09-11 16:17:20Z INFO Runner] Successfully created session with migrated settings
[2025-09-11 16:17:20Z INFO Terminal] WRITE LINE: Current runner version: '2.328.0'
[2025-09-11 16:17:20Z INFO Terminal] WRITE LINE: 2025-09-11 16:17:20Z: Listening for Jobs
[2025-09-11 16:17:20Z INFO JobDispatcher] Set runner/worker IPC timeout to 30 seconds.
[2025-09-11 17:07:39Z INFO RSAEncryptedFileKeyManager] Loading RSA key parameters from file C:\laragon\www\sapapi\actions-runner\.credentials_rsaparams
[2025-09-11 17:07:40Z INFO GitHubActionsService] AAD Correlation ID for this token request: Unknown
[2025-09-11 17:57:58Z INFO RSAEncryptedFileKeyManager] Loading RSA key parameters from file C:\laragon\www\sapapi\actions-runner\.credentials_rsaparams
[2025-09-11 17:57:59Z INFO GitHubActionsService] AAD Correlation ID for this token request: Unknown
[2025-09-11 18:48:16Z INFO RSAEncryptedFileKeyManager] Loading RSA key parameters from file C:\laragon\www\sapapi\actions-runner\.credentials_rsaparams
[2025-09-11 18:48:17Z INFO GitHubActionsService] AAD Correlation ID for this token request: Unknown
[2025-09-11 19:38:34Z INFO RSAEncryptedFileKeyManager] Loading RSA key parameters from file C:\laragon\www\sapapi\actions-runner\.credentials_rsaparams
[2025-09-11 19:38:35Z INFO GitHubActionsService] AAD Correlation ID for this token request: Unknown
[2025-09-11 20:08:44Z WARN GitHubActionsService] GET request to https://broker.actions.githubusercontent.com/message?sessionId=95ab3e13-0329-4517-a26e-b99dd95033d2&status=Online&runnerVersion=2.328.0&os=Windows&architecture=X64&disableUpdate=false timed out after 100 seconds.
[2025-09-11 20:08:44Z ERR  BrokerServer] Catch exception during request
[2025-09-11 20:08:45Z ERR  BrokerServer] System.TimeoutException: The HTTP request timed out after 00:01:40.
 ---> System.Threading.Tasks.TaskCanceledException: The operation was canceled.
 ---> System.IO.IOException: Unable to read data from the transport connection: The I/O operation has been aborted because of either a thread exit or an application request..
 ---> System.Net.Sockets.SocketException (995): The I/O operation has been aborted because of either a thread exit or an application request.
   --- End of inner exception stack trace ---
   at System.Net.Sockets.Socket.AwaitableSocketAsyncEventArgs.ThrowException(SocketError error, CancellationToken cancellationToken)
   at System.Net.Sockets.Socket.AwaitableSocketAsyncEventArgs.System.Threading.Tasks.Sources.IValueTaskSource<System.Int32>.GetResult(Int16 token)
   at System.Net.Security.SslStream.EnsureFullTlsFrameAsync[TIOAdapter](CancellationToken cancellationToken, Int32 estimatedSize)
   at System.Runtime.CompilerServices.PoolingAsyncValueTaskMethodBuilder`1.StateMachineBox`1.System.Threading.Tasks.Sources.IValueTaskSource<TResult>.GetResult(Int16 token)
   at System.Net.Security.SslStream.ReadAsyncInternal[TIOAdapter](Memory`1 buffer, CancellationToken cancellationToken)
   at System.Runtime.CompilerServices.PoolingAsyncValueTaskMethodBuilder`1.StateMachineBox`1.System.Threading.Tasks.Sources.IValueTaskSource<TResult>.GetResult(Int16 token)
   at System.Net.Http.HttpConnection.SendAsync(HttpRequestMessage request, Boolean async, CancellationToken cancellationToken)
   --- End of inner exception stack trace ---
   at System.Net.Http.HttpConnection.SendAsync(HttpRequestMessage request, Boolean async, CancellationToken cancellationToken)
   at System.Net.Http.AuthenticationHelper.SendWithNtAuthAsync(HttpRequestMessage request, Uri authUri, Boolean async, ICredentials credentials, Boolean isProxyAuth, HttpConnection connection, HttpConnectionPool connectionPool, CancellationToken cancellationToken)
   at System.Net.Http.HttpConnectionPool.SendWithVersionDetectionAndRetryAsync(HttpRequestMessage request, Boolean async, Boolean doRequestAuth, CancellationToken cancellationToken)
   at System.Net.Http.AuthenticationHelper.SendWithAuthAsync(HttpRequestMessage request, Uri authUri, Boolean async, ICredentials credentials, Boolean preAuthenticate, Boolean isProxyAuth, Boolean doRequestAuth, HttpConnectionPool pool, CancellationToken cancellationToken)
   at System.Net.Http.RedirectHandler.SendAsync(HttpRequestMessage request, Boolean async, CancellationToken cancellationToken)
   at GitHub.Services.Common.RawHttpMessageHandler.SendAsync(HttpRequestMessage request, CancellationToken cancellationToken)
   --- End of inner exception stack trace ---
   at GitHub.Services.Common.RawHttpMessageHandler.SendAsync(HttpRequestMessage request, CancellationToken cancellationToken)
   at GitHub.Services.Common.VssHttpRetryMessageHandler.SendAsync(HttpRequestMessage request, CancellationToken cancellationToken)
   at System.Net.Http.HttpClient.<SendAsync>g__Core|83_0(HttpRequestMessage request, HttpCompletionOption completionOption, CancellationTokenSource cts, Boolean disposeCts, CancellationTokenSource pendingRequestsCts, CancellationToken originalCancellationToken)
   at Sdk.WebApi.WebApi.RawHttpClientBase.SendAsync(HttpRequestMessage message, HttpCompletionOption completionOption, Object userState, CancellationToken cancellationToken)
   at Sdk.WebApi.WebApi.RawHttpClientBase.SendAsync[T](HttpRequestMessage message, Boolean readErrorBody, Object userState, CancellationToken cancellationToken)
   at Sdk.WebApi.WebApi.RawHttpClientBase.SendAsync[T](HttpMethod method, IEnumerable`1 additionalHeaders, Uri requestUri, HttpContent content, IEnumerable`1 queryParameters, Boolean readErrorBody, Object userState, CancellationToken cancellationToken)
   at GitHub.Actions.RunService.WebApi.BrokerHttpClient.GetRunnerMessageAsync(Nullable`1 sessionId, String runnerVersion, Nullable`1 status, String os, String architecture, Nullable`1 disableUpdate, CancellationToken cancellationToken)
   at GitHub.Runner.Common.BrokerServer.<>c__DisplayClass7_0.<<GetRunnerMessageAsync>b__0>d.MoveNext()
--- End of stack trace from previous location ---
   at GitHub.Runner.Common.RunnerService.RetryRequest[T](Func`1 func, CancellationToken cancellationToken, Int32 maxRetryAttemptsCount, Func`2 shouldRetry)
[2025-09-11 20:08:45Z ERR  BrokerServer] #####################################################
[2025-09-11 20:08:45Z ERR  BrokerServer] System.Threading.Tasks.TaskCanceledException: The operation was canceled.
 ---> System.IO.IOException: Unable to read data from the transport connection: The I/O operation has been aborted because of either a thread exit or an application request..
 ---> System.Net.Sockets.SocketException (995): The I/O operation has been aborted because of either a thread exit or an application request.
   --- End of inner exception stack trace ---
   at System.Net.Sockets.Socket.AwaitableSocketAsyncEventArgs.ThrowException(SocketError error, CancellationToken cancellationToken)
   at System.Net.Sockets.Socket.AwaitableSocketAsyncEventArgs.System.Threading.Tasks.Sources.IValueTaskSource<System.Int32>.GetResult(Int16 token)
   at System.Net.Security.SslStream.EnsureFullTlsFrameAsync[TIOAdapter](CancellationToken cancellationToken, Int32 estimatedSize)
   at System.Runtime.CompilerServices.PoolingAsyncValueTaskMethodBuilder`1.StateMachineBox`1.System.Threading.Tasks.Sources.IValueTaskSource<TResult>.GetResult(Int16 token)
   at System.Net.Security.SslStream.ReadAsyncInternal[TIOAdapter](Memory`1 buffer, CancellationToken cancellationToken)
   at System.Runtime.CompilerServices.PoolingAsyncValueTaskMethodBuilder`1.StateMachineBox`1.System.Threading.Tasks.Sources.IValueTaskSource<TResult>.GetResult(Int16 token)
   at System.Net.Http.HttpConnection.SendAsync(HttpRequestMessage request, Boolean async, CancellationToken cancellationToken)
   --- End of inner exception stack trace ---
   at System.Net.Http.HttpConnection.SendAsync(HttpRequestMessage request, Boolean async, CancellationToken cancellationToken)
   at System.Net.Http.AuthenticationHelper.SendWithNtAuthAsync(HttpRequestMessage request, Uri authUri, Boolean async, ICredentials credentials, Boolean isProxyAuth, HttpConnection connection, HttpConnectionPool connectionPool, CancellationToken cancellationToken)
   at System.Net.Http.HttpConnectionPool.SendWithVersionDetectionAndRetryAsync(HttpRequestMessage request, Boolean async, Boolean doRequestAuth, CancellationToken cancellationToken)
   at System.Net.Http.AuthenticationHelper.SendWithAuthAsync(HttpRequestMessage request, Uri authUri, Boolean async, ICredentials credentials, Boolean preAuthenticate, Boolean isProxyAuth, Boolean doRequestAuth, HttpConnectionPool pool, CancellationToken cancellationToken)
   at System.Net.Http.RedirectHandler.SendAsync(HttpRequestMessage request, Boolean async, CancellationToken cancellationToken)
   at GitHub.Services.Common.RawHttpMessageHandler.SendAsync(HttpRequestMessage request, CancellationToken cancellationToken)
[2025-09-11 20:08:45Z ERR  BrokerServer] #####################################################
[2025-09-11 20:08:45Z ERR  BrokerServer] System.IO.IOException: Unable to read data from the transport connection: The I/O operation has been aborted because of either a thread exit or an application request..
 ---> System.Net.Sockets.SocketException (995): The I/O operation has been aborted because of either a thread exit or an application request.
   --- End of inner exception stack trace ---
   at System.Net.Sockets.Socket.AwaitableSocketAsyncEventArgs.ThrowException(SocketError error, CancellationToken cancellationToken)
   at System.Net.Sockets.Socket.AwaitableSocketAsyncEventArgs.System.Threading.Tasks.Sources.IValueTaskSource<System.Int32>.GetResult(Int16 token)
   at System.Net.Security.SslStream.EnsureFullTlsFrameAsync[TIOAdapter](CancellationToken cancellationToken, Int32 estimatedSize)
   at System.Runtime.CompilerServices.PoolingAsyncValueTaskMethodBuilder`1.StateMachineBox`1.System.Threading.Tasks.Sources.IValueTaskSource<TResult>.GetResult(Int16 token)
   at System.Net.Security.SslStream.ReadAsyncInternal[TIOAdapter](Memory`1 buffer, CancellationToken cancellationToken)
   at System.Runtime.CompilerServices.PoolingAsyncValueTaskMethodBuilder`1.StateMachineBox`1.System.Threading.Tasks.Sources.IValueTaskSource<TResult>.GetResult(Int16 token)
   at System.Net.Http.HttpConnection.SendAsync(HttpRequestMessage request, Boolean async, CancellationToken cancellationToken)
[2025-09-11 20:08:45Z ERR  BrokerServer] #####################################################
[2025-09-11 20:08:45Z ERR  BrokerServer] System.Net.Sockets.SocketException (995): The I/O operation has been aborted because of either a thread exit or an application request.
[2025-09-11 20:08:45Z WARN BrokerServer] Back off 13.2 seconds before next retry. 4 attempt left.
[2025-09-11 20:08:58Z ERR  GitHubActionsService] GET request to https://broker.actions.githubusercontent.com/message?sessionId=95ab3e13-0329-4517-a26e-b99dd95033d2&status=Online&runnerVersion=2.328.0&os=Windows&architecture=X64&disableUpdate=false failed. System.Net.Http.HttpRequestException: No such host is known. (broker.actions.githubusercontent.com:443)
 ---> System.Net.Sockets.SocketException (11001): No such host is known.
   at System.Net.Sockets.Socket.AwaitableSocketAsyncEventArgs.ThrowException(SocketError error, CancellationToken cancellationToken)
   at System.Net.Sockets.Socket.AwaitableSocketAsyncEventArgs.System.Threading.Tasks.Sources.IValueTaskSource.GetResult(Int16 token)
   at System.Net.Sockets.Socket.<ConnectAsync>g__WaitForConnectWithCancellation|285_0(AwaitableSocketAsyncEventArgs saea, ValueTask connectTask, CancellationToken cancellationToken)
   at System.Net.Http.HttpConnectionPool.ConnectToTcpHostAsync(String host, Int32 port, HttpRequestMessage initialRequest, Boolean async, CancellationToken cancellationToken)
   --- End of inner exception stack trace ---
   at System.Net.Http.HttpConnectionPool.ConnectToTcpHostAsync(String host, Int32 port, HttpRequestMessage initialRequest, Boolean async, CancellationToken cancellationToken)
   at System.Net.Http.HttpConnectionPool.ConnectAsync(HttpRequestMessage request, Boolean async, CancellationToken cancellationToken)
   at System.Net.Http.HttpConnectionPool.CreateHttp11ConnectionAsync(HttpRequestMessage request, Boolean async, CancellationToken cancellationToken)
   at System.Net.Http.HttpConnectionPool.AddHttp11ConnectionAsync(QueueItem queueItem)
   at System.Threading.Tasks.TaskCompletionSourceWithCancellation`1.WaitWithCancellationAsync(CancellationToken cancellationToken)
   at System.Net.Http.HttpConnectionPool.SendWithVersionDetectionAndRetryAsync(HttpRequestMessage request, Boolean async, Boolean doRequestAuth, CancellationToken cancellationToken)
   at System.Net.Http.AuthenticationHelper.SendWithAuthAsync(HttpRequestMessage request, Uri authUri, Boolean async, ICredentials credentials, Boolean preAuthenticate, Boolean isProxyAuth, Boolean doRequestAuth, HttpConnectionPool pool, CancellationToken cancellationToken)
   at System.Net.Http.RedirectHandler.SendAsync(HttpRequestMessage request, Boolean async, CancellationToken cancellationToken)
   at GitHub.Services.Common.RawHttpMessageHandler.SendAsync(HttpRequestMessage request, CancellationToken cancellationToken)
   at GitHub.Services.Common.VssHttpRetryMessageHandler.SendAsync(HttpRequestMessage request, CancellationToken cancellationToken)
[2025-09-11 20:08:58Z ERR  BrokerServer] Catch exception during request
[2025-09-11 20:08:58Z ERR  BrokerServer] System.Net.Http.HttpRequestException: No such host is known. (broker.actions.githubusercontent.com:443)
 ---> System.Net.Sockets.SocketException (11001): No such host is known.
   at System.Net.Sockets.Socket.AwaitableSocketAsyncEventArgs.ThrowException(SocketError error, CancellationToken cancellationToken)
   at System.Net.Sockets.Socket.AwaitableSocketAsyncEventArgs.System.Threading.Tasks.Sources.IValueTaskSource.GetResult(Int16 token)
   at System.Net.Sockets.Socket.<ConnectAsync>g__WaitForConnectWithCancellation|285_0(AwaitableSocketAsyncEventArgs saea, ValueTask connectTask, CancellationToken cancellationToken)
   at System.Net.Http.HttpConnectionPool.ConnectToTcpHostAsync(String host, Int32 port, HttpRequestMessage initialRequest, Boolean async, CancellationToken cancellationToken)
   --- End of inner exception stack trace ---
   at GitHub.Services.Common.VssHttpRetryMessageHandler.SendAsync(HttpRequestMessage request, CancellationToken cancellationToken)
   at System.Net.Http.HttpClient.<SendAsync>g__Core|83_0(HttpRequestMessage request, HttpCompletionOption completionOption, CancellationTokenSource cts, Boolean disposeCts, CancellationTokenSource pendingRequestsCts, CancellationToken originalCancellationToken)
   at Sdk.WebApi.WebApi.RawHttpClientBase.SendAsync(HttpRequestMessage message, HttpCompletionOption completionOption, Object userState, CancellationToken cancellationToken)
   at Sdk.WebApi.WebApi.RawHttpClientBase.SendAsync[T](HttpRequestMessage message, Boolean readErrorBody, Object userState, CancellationToken cancellationToken)
   at Sdk.WebApi.WebApi.RawHttpClientBase.SendAsync[T](HttpMethod method, IEnumerable`1 additionalHeaders, Uri requestUri, HttpContent content, IEnumerable`1 queryParameters, Boolean readErrorBody, Object userState, CancellationToken cancellationToken)
   at GitHub.Actions.RunService.WebApi.BrokerHttpClient.GetRunnerMessageAsync(Nullable`1 sessionId, String runnerVersion, Nullable`1 status, String os, String architecture, Nullable`1 disableUpdate, CancellationToken cancellationToken)
   at GitHub.Runner.Common.BrokerServer.<>c__DisplayClass7_0.<<GetRunnerMessageAsync>b__0>d.MoveNext()
--- End of stack trace from previous location ---
   at GitHub.Runner.Common.RunnerService.RetryRequest[T](Func`1 func, CancellationToken cancellationToken, Int32 maxRetryAttemptsCount, Func`2 shouldRetry)
[2025-09-11 20:08:58Z ERR  BrokerServer] #####################################################
[2025-09-11 20:08:58Z ERR  BrokerServer] System.Net.Sockets.SocketException (11001): No such host is known.
   at System.Net.Sockets.Socket.AwaitableSocketAsyncEventArgs.ThrowException(SocketError error, CancellationToken cancellationToken)
   at System.Net.Sockets.Socket.AwaitableSocketAsyncEventArgs.System.Threading.Tasks.Sources.IValueTaskSource.GetResult(Int16 token)
   at System.Net.Sockets.Socket.<ConnectAsync>g__WaitForConnectWithCancellation|285_0(AwaitableSocketAsyncEventArgs saea, ValueTask connectTask, CancellationToken cancellationToken)
   at System.Net.Http.HttpConnectionPool.ConnectToTcpHostAsync(String host, Int32 port, HttpRequestMessage initialRequest, Boolean async, CancellationToken cancellationToken)
[2025-09-11 20:08:58Z WARN BrokerServer] Back off 13.389 seconds before next retry. 3 attempt left.
[2025-09-11 20:29:23Z INFO RSAEncryptedFileKeyManager] Loading RSA key parameters from file C:\laragon\www\sapapi\actions-runner\.credentials_rsaparams
[2025-09-11 20:29:24Z INFO GitHubActionsService] AAD Correlation ID for this token request: Unknown
[2025-09-11 21:19:42Z INFO RSAEncryptedFileKeyManager] Loading RSA key parameters from file C:\laragon\www\sapapi\actions-runner\.credentials_rsaparams
[2025-09-11 21:19:43Z INFO GitHubActionsService] AAD Correlation ID for this token request: Unknown
[2025-09-11 22:10:00Z INFO RSAEncryptedFileKeyManager] Loading RSA key parameters from file C:\laragon\www\sapapi\actions-runner\.credentials_rsaparams
[2025-09-11 22:10:01Z INFO GitHubActionsService] AAD Correlation ID for this token request: Unknown
[2025-09-11 22:53:34Z INFO Runner] Received RunnerRefreshConfigMessage for 'runner' config file
[2025-09-11 22:53:34Z INFO RunnerConfigUpdater] Verifying runner qualified id: U_kgDOAIytEA/R_kgDOPX5Qyg/self-hosted/22
[2025-09-11 22:53:34Z INFO HostContext] Well known directory 'Bin': 'C:\laragon\www\sapapi\actions-runner\bin'
[2025-09-11 22:53:34Z INFO HostContext] Well known directory 'Root': 'C:\laragon\www\sapapi\actions-runner'
[2025-09-11 22:53:34Z INFO HostContext] Well known config file 'Runner': 'C:\laragon\www\sapapi\actions-runner\.runner'
[2025-09-11 22:53:35Z INFO RSAEncryptedFileKeyManager] Loading RSA key parameters from file C:\laragon\www\sapapi\actions-runner\.credentials_rsaparams
[2025-09-11 22:53:35Z INFO RSAEncryptedFileKeyManager] Loading RSA key parameters from file C:\laragon\www\sapapi\actions-runner\.credentials_rsaparams
[2025-09-11 22:53:36Z INFO GitHubActionsService] AAD Correlation ID for this token request: Unknown
[2025-09-11 22:53:36Z INFO ConfigurationStore] Saving runner migrated settings
[2025-09-11 22:53:36Z INFO ConfigurationStore] Delete exist runner migrated settings file.
[2025-09-11 22:53:36Z INFO ConfigurationStore] Migrated Settings Saved.
[2025-09-11 22:53:36Z INFO Runner] Runner configuration was updated. Session restart has been scheduled
[2025-09-11 22:53:36Z INFO Runner] Pending session restart detected and job dispatcher is not busy. Restarting session now.
[2025-09-11 22:53:36Z INFO JobDispatcher] Shutting down JobDispatcher. Make sure all WorkerDispatcher has finished.
[2025-09-11 22:53:36Z INFO Runner] Deleting Runner Session...
[2025-09-11 22:53:37Z INFO Runner] Restarting runner session after config update...
[2025-09-11 22:53:37Z INFO Runner] Runner configuration was refreshed, restarting session...
[2025-09-11 22:53:37Z INFO ConfigurationManager] LoadSettings
[2025-09-11 22:53:37Z INFO ConfigurationStore] IsConfigured()
[2025-09-11 22:53:37Z INFO ConfigurationStore] IsConfigured: True
[2025-09-11 22:53:37Z INFO ConfigurationManager] Is configured: True
[2025-09-11 22:53:37Z INFO ConfigurationManager] Settings Loaded
[2025-09-11 22:53:37Z INFO Runner] RunAsync
[2025-09-11 22:53:37Z INFO ConfigurationManager] LoadMigratedSettings
[2025-09-11 22:53:37Z INFO ConfigurationStore] IsMigratedConfigured()
[2025-09-11 22:53:37Z INFO ConfigurationStore] IsMigratedConfigured: True
[2025-09-11 22:53:37Z INFO ConfigurationManager] Migrated Settings Loaded
[2025-09-11 22:53:37Z INFO Runner] Loaded migrated settings from .runner_migrated file
[2025-09-11 22:53:37Z INFO Runner] {
  "AgentId": 22,
  "AgentName": "JO",
  "PoolId": 1,
  "PoolName": "Default",
  "ServerUrl": "https://pipelinesghubeus26.actions.githubusercontent.com/OTqsuixwcDOeboiI5ELPh9vt0loVA9erSQMzHOLYofkfIDGeBX/",
  "GitHubUrl": "https://github.com/jauharimalik/sapapi",
  "WorkFolder": "_work",
  "UseV2Flow": true,
  "ServerUrlV2": "https://broker.actions.githubusercontent.com/"
}
[2025-09-11 22:53:37Z INFO Runner] Attempting to create session using migrated settings
[2025-09-11 22:53:37Z INFO Runner] Using BrokerMessageListener
[2025-09-11 22:53:37Z INFO BrokerMessageListener] Using provided settings
[2025-09-11 22:53:37Z INFO BrokerMessageListener] Using migrated settings from .runner_migrated
[2025-09-11 22:53:37Z INFO BrokerMessageListener] {
  "AgentId": 22,
  "AgentName": "JO",
  "PoolId": 1,
  "PoolName": "Default",
  "ServerUrl": "https://pipelinesghubeus26.actions.githubusercontent.com/OTqsuixwcDOeboiI5ELPh9vt0loVA9erSQMzHOLYofkfIDGeBX/",
  "GitHubUrl": "https://github.com/jauharimalik/sapapi",
  "WorkFolder": "_work",
  "UseV2Flow": true,
  "ServerUrlV2": "https://broker.actions.githubusercontent.com/"
}
[2025-09-11 22:53:37Z INFO BrokerMessageListener] Loading Credentials
[2025-09-11 22:53:37Z INFO ConfigurationStore] HasCredentials()
[2025-09-11 22:53:37Z INFO ConfigurationStore] stored True
[2025-09-11 22:53:37Z INFO CredentialManager] GetCredentialProvider
[2025-09-11 22:53:37Z INFO CredentialManager] Creating type OAuth
[2025-09-11 22:53:37Z INFO CredentialManager] Creating credential type: OAuth
[2025-09-11 22:53:37Z INFO RSAEncryptedFileKeyManager] Loading RSA key parameters from file C:\laragon\www\sapapi\actions-runner\.credentials_rsaparams
[2025-09-11 22:53:37Z INFO BrokerMessageListener] Attempt to create session.
[2025-09-11 22:53:37Z INFO BrokerMessageListener] Connecting to the Broker Server...
[2025-09-11 22:53:37Z INFO ConfigurationStore] HasCredentials()
[2025-09-11 22:53:37Z INFO ConfigurationStore] stored True
[2025-09-11 22:53:37Z INFO CredentialManager] GetCredentialProvider
[2025-09-11 22:53:37Z INFO CredentialManager] Creating type OAuth
[2025-09-11 22:53:37Z INFO CredentialManager] Creating credential type: OAuth
[2025-09-11 22:53:37Z INFO RSAEncryptedFileKeyManager] Loading RSA key parameters from file C:\laragon\www\sapapi\actions-runner\.credentials_rsaparams
[2025-09-11 22:53:37Z INFO BrokerMessageListener] VssConnection created
[2025-09-11 22:53:37Z INFO BrokerMessageListener] Connecting to the Runner server...
[2025-09-11 22:53:37Z INFO RunnerServer] EstablishVssConnection
[2025-09-11 22:53:37Z INFO RunnerServer] Establish connection with 100 seconds timeout.
[2025-09-11 22:53:37Z INFO GitHubActionsService] Starting operation Location.GetConnectionData
[2025-09-11 22:53:37Z INFO RunnerServer] EstablishVssConnection
[2025-09-11 22:53:37Z INFO RunnerServer] Establish connection with 60 seconds timeout.
[2025-09-11 22:53:37Z INFO GitHubActionsService] Starting operation Location.GetConnectionData
[2025-09-11 22:53:37Z INFO RunnerServer] EstablishVssConnection
[2025-09-11 22:53:37Z INFO RunnerServer] Establish connection with 60 seconds timeout.
[2025-09-11 22:53:37Z INFO GitHubActionsService] Starting operation Location.GetConnectionData
[2025-09-11 22:53:38Z INFO GitHubActionsService] Finished operation Location.GetConnectionData
[2025-09-11 22:53:38Z INFO GitHubActionsService] Finished operation Location.GetConnectionData
[2025-09-11 22:53:38Z INFO GitHubActionsService] Finished operation Location.GetConnectionData
[2025-09-11 22:53:38Z INFO BrokerMessageListener] VssConnection created
[2025-09-11 22:53:38Z INFO Terminal] WRITE LINE: 
[2025-09-11 22:53:38Z INFO Terminal] WRITE LINE: 
[2025-09-11 22:53:38Z INFO RSAEncryptedFileKeyManager] Loading RSA key parameters from file C:\laragon\www\sapapi\actions-runner\.credentials_rsaparams
[2025-09-11 22:53:38Z INFO RSAEncryptedFileKeyManager] Loading RSA key parameters from file C:\laragon\www\sapapi\actions-runner\.credentials_rsaparams
[2025-09-11 22:53:38Z INFO GitHubActionsService] AAD Correlation ID for this token request: Unknown
[2025-09-11 22:53:40Z INFO BrokerMessageListener] Session created.
[2025-09-11 22:53:40Z INFO Runner] Successfully created session with migrated settings
[2025-09-11 22:53:40Z INFO Terminal] WRITE LINE: Current runner version: '2.328.0'
[2025-09-11 22:53:40Z INFO Terminal] WRITE LINE: 2025-09-11 22:53:40Z: Listening for Jobs
[2025-09-11 22:53:40Z INFO JobDispatcher] Set runner/worker IPC timeout to 30 seconds.
[2025-09-11 23:43:57Z INFO RSAEncryptedFileKeyManager] Loading RSA key parameters from file C:\laragon\www\sapapi\actions-runner\.credentials_rsaparams
[2025-09-11 23:43:58Z INFO GitHubActionsService] AAD Correlation ID for this token request: Unknown
[2025-09-12 00:34:20Z INFO RSAEncryptedFileKeyManager] Loading RSA key parameters from file C:\laragon\www\sapapi\actions-runner\.credentials_rsaparams
[2025-09-12 00:34:21Z INFO GitHubActionsService] AAD Correlation ID for this token request: Unknown
[2025-09-12 01:09:55Z WARN GitHubActionsService] Attempt 1 of GET request to https://broker.actions.githubusercontent.com/message?sessionId=a530759f-7cca-487c-9340-daa824530c77&status=Online&runnerVersion=2.328.0&os=Windows&architecture=X64&disableUpdate=false failed (Socket Error: ConnectionReset). The operation will be retried in 10.873 seconds.
[2025-09-12 01:24:21Z INFO RSAEncryptedFileKeyManager] Loading RSA key parameters from file C:\laragon\www\sapapi\actions-runner\.credentials_rsaparams
[2025-09-12 01:24:22Z INFO GitHubActionsService] AAD Correlation ID for this token request: Unknown
[2025-09-12 01:28:03Z WARN GitHubActionsService] Attempt 1 of GET request to https://broker.actions.githubusercontent.com/message?sessionId=a530759f-7cca-487c-9340-daa824530c77&status=Online&runnerVersion=2.328.0&os=Windows&architecture=X64&disableUpdate=false failed (Socket Error: ConnectionReset). The operation will be retried in 10.882 seconds.
[2025-09-12 01:28:35Z WARN GitHubActionsService] Attempt 2 of GET request to https://broker.actions.githubusercontent.com/message?sessionId=a530759f-7cca-487c-9340-daa824530c77&status=Online&runnerVersion=2.328.0&os=Windows&architecture=X64&disableUpdate=false failed (Socket Error: TimedOut). The operation will be retried in 13.309 seconds.
[2025-09-12 01:29:09Z WARN GitHubActionsService] Attempt 3 of GET request to https://broker.actions.githubusercontent.com/message?sessionId=a530759f-7cca-487c-9340-daa824530c77&status=Online&runnerVersion=2.328.0&os=Windows&architecture=X64&disableUpdate=false failed (Socket Error: TimedOut). The operation will be retried in 17.994 seconds.
[2025-09-12 01:29:48Z ERR  GitHubActionsService] Attempt 4 of GET request to https://broker.actions.githubusercontent.com/message?sessionId=a530759f-7cca-487c-9340-daa824530c77&status=Online&runnerVersion=2.328.0&os=Windows&architecture=X64&disableUpdate=false failed (Socket Error: TimedOut). The maximum number of attempts has been reached.
[2025-09-12 01:29:48Z ERR  BrokerServer] Catch exception during request
[2025-09-12 01:29:48Z ERR  BrokerServer] System.Net.Http.HttpRequestException: A connection attempt failed because the connected party did not properly respond after a period of time, or established connection failed because connected host has failed to respond. (broker.actions.githubusercontent.com:443)
 ---> System.Net.Sockets.SocketException (10060): A connection attempt failed because the connected party did not properly respond after a period of time, or established connection failed because connected host has failed to respond.
   at System.Net.Sockets.Socket.AwaitableSocketAsyncEventArgs.ThrowException(SocketError error, CancellationToken cancellationToken)
   at System.Net.Sockets.Socket.AwaitableSocketAsyncEventArgs.System.Threading.Tasks.Sources.IValueTaskSource.GetResult(Int16 token)
   at System.Net.Sockets.Socket.<ConnectAsync>g__WaitForConnectWithCancellation|285_0(AwaitableSocketAsyncEventArgs saea, ValueTask connectTask, CancellationToken cancellationToken)
   at System.Net.Http.HttpConnectionPool.ConnectToTcpHostAsync(String host, Int32 port, HttpRequestMessage initialRequest, Boolean async, CancellationToken cancellationToken)
   --- End of inner exception stack trace ---
   at GitHub.Services.Common.VssHttpRetryMessageHandler.SendAsync(HttpRequestMessage request, CancellationToken cancellationToken)
   at System.Net.Http.HttpClient.<SendAsync>g__Core|83_0(HttpRequestMessage request, HttpCompletionOption completionOption, CancellationTokenSource cts, Boolean disposeCts, CancellationTokenSource pendingRequestsCts, CancellationToken originalCancellationToken)
   at Sdk.WebApi.WebApi.RawHttpClientBase.SendAsync(HttpRequestMessage message, HttpCompletionOption completionOption, Object userState, CancellationToken cancellationToken)
   at Sdk.WebApi.WebApi.RawHttpClientBase.SendAsync[T](HttpRequestMessage message, Boolean readErrorBody, Object userState, CancellationToken cancellationToken)
   at Sdk.WebApi.WebApi.RawHttpClientBase.SendAsync[T](HttpMethod method, IEnumerable`1 additionalHeaders, Uri requestUri, HttpContent content, IEnumerable`1 queryParameters, Boolean readErrorBody, Object userState, CancellationToken cancellationToken)
   at GitHub.Actions.RunService.WebApi.BrokerHttpClient.GetRunnerMessageAsync(Nullable`1 sessionId, String runnerVersion, Nullable`1 status, String os, String architecture, Nullable`1 disableUpdate, CancellationToken cancellationToken)
   at GitHub.Runner.Common.BrokerServer.<>c__DisplayClass7_0.<<GetRunnerMessageAsync>b__0>d.MoveNext()
--- End of stack trace from previous location ---
   at GitHub.Runner.Common.RunnerService.RetryRequest[T](Func`1 func, CancellationToken cancellationToken, Int32 maxRetryAttemptsCount, Func`2 shouldRetry)
[2025-09-12 01:29:48Z ERR  BrokerServer] #####################################################
[2025-09-12 01:29:48Z ERR  BrokerServer] System.Net.Sockets.SocketException (10060): A connection attempt failed because the connected party did not properly respond after a period of time, or established connection failed because connected host has failed to respond.
   at System.Net.Sockets.Socket.AwaitableSocketAsyncEventArgs.ThrowException(SocketError error, CancellationToken cancellationToken)
   at System.Net.Sockets.Socket.AwaitableSocketAsyncEventArgs.System.Threading.Tasks.Sources.IValueTaskSource.GetResult(Int16 token)
   at System.Net.Sockets.Socket.<ConnectAsync>g__WaitForConnectWithCancellation|285_0(AwaitableSocketAsyncEventArgs saea, ValueTask connectTask, CancellationToken cancellationToken)
   at System.Net.Http.HttpConnectionPool.ConnectToTcpHostAsync(String host, Int32 port, HttpRequestMessage initialRequest, Boolean async, CancellationToken cancellationToken)
[2025-09-12 01:29:48Z WARN BrokerServer] Back off 13.025 seconds before next retry. 4 attempt left.
[2025-09-12 01:30:22Z WARN GitHubActionsService] Attempt 1 of GET request to https://broker.actions.githubusercontent.com/message?sessionId=a530759f-7cca-487c-9340-daa824530c77&status=Online&runnerVersion=2.328.0&os=Windows&architecture=X64&disableUpdate=false failed (Socket Error: TimedOut). The operation will be retried in 10.841 seconds.
[2025-09-12 02:15:00Z INFO RSAEncryptedFileKeyManager] Loading RSA key parameters from file C:\laragon\www\sapapi\actions-runner\.credentials_rsaparams
[2025-09-12 02:15:01Z INFO GitHubActionsService] AAD Correlation ID for this token request: Unknown
[2025-09-12 03:05:19Z INFO RSAEncryptedFileKeyManager] Loading RSA key parameters from file C:\laragon\www\sapapi\actions-runner\.credentials_rsaparams
[2025-09-12 03:05:20Z INFO GitHubActionsService] AAD Correlation ID for this token request: Unknown
[2025-09-12 03:48:18Z INFO Runner] Refresh message received, kick-off selfupdate background process.
[2025-09-12 03:48:19Z INFO RSAEncryptedFileKeyManager] Loading RSA key parameters from file C:\laragon\www\sapapi\actions-runner\.credentials_rsaparams
[2025-09-12 03:48:19Z INFO RSAEncryptedFileKeyManager] Loading RSA key parameters from file C:\laragon\www\sapapi\actions-runner\.credentials_rsaparams
[2025-09-12 03:48:20Z INFO GitHubActionsService] AAD Correlation ID for this token request: Unknown
[2025-09-12 03:48:20Z INFO SelfUpdater] Version '2.328.0' of 'agent' package available in server.
[2025-09-12 03:48:20Z INFO SelfUpdater] Current running runner version is 2.328.0
[2025-09-12 03:48:20Z INFO SelfUpdater] Can't find available update package.
[2025-09-12 03:48:20Z INFO Terminal] WRITE LINE: Runner update process finished.
[2025-09-12 03:48:21Z INFO Runner] Auto update task finished at backend, there is no available runner update needs to apply, continue message queue looping.
[2025-09-12 03:55:51Z INFO RSAEncryptedFileKeyManager] Loading RSA key parameters from file C:\laragon\www\sapapi\actions-runner\.credentials_rsaparams
[2025-09-12 03:55:52Z INFO GitHubActionsService] AAD Correlation ID for this token request: Unknown
[2025-09-12 04:46:10Z INFO RSAEncryptedFileKeyManager] Loading RSA key parameters from file C:\laragon\www\sapapi\actions-runner\.credentials_rsaparams
[2025-09-12 04:46:11Z INFO GitHubActionsService] AAD Correlation ID for this token request: Unknown
[2025-09-12 05:36:31Z INFO RSAEncryptedFileKeyManager] Loading RSA key parameters from file C:\laragon\www\sapapi\actions-runner\.credentials_rsaparams
[2025-09-12 05:36:32Z INFO GitHubActionsService] AAD Correlation ID for this token request: Unknown
[2025-09-12 06:26:50Z INFO RSAEncryptedFileKeyManager] Loading RSA key parameters from file C:\laragon\www\sapapi\actions-runner\.credentials_rsaparams
[2025-09-12 06:26:51Z INFO GitHubActionsService] AAD Correlation ID for this token request: Unknown
[2025-09-12 07:17:09Z INFO RSAEncryptedFileKeyManager] Loading RSA key parameters from file C:\laragon\www\sapapi\actions-runner\.credentials_rsaparams
[2025-09-12 07:17:10Z INFO GitHubActionsService] AAD Correlation ID for this token request: Unknown
[2025-09-12 08:07:30Z INFO RSAEncryptedFileKeyManager] Loading RSA key parameters from file C:\laragon\www\sapapi\actions-runner\.credentials_rsaparams
[2025-09-12 08:07:31Z INFO GitHubActionsService] AAD Correlation ID for this token request: Unknown
[2025-09-12 08:57:51Z INFO RSAEncryptedFileKeyManager] Loading RSA key parameters from file C:\laragon\www\sapapi\actions-runner\.credentials_rsaparams
[2025-09-12 08:57:52Z INFO GitHubActionsService] AAD Correlation ID for this token request: Unknown
[2025-09-12 09:07:56Z WARN GitHubActionsService] GET request to https://broker.actions.githubusercontent.com/message?sessionId=a530759f-7cca-487c-9340-daa824530c77&status=Online&runnerVersion=2.328.0&os=Windows&architecture=X64&disableUpdate=false timed out after 100 seconds.
[2025-09-12 09:07:56Z ERR  BrokerServer] Catch exception during request
[2025-09-12 09:07:56Z ERR  BrokerServer] System.TimeoutException: The HTTP request timed out after 00:01:40.
 ---> System.Threading.Tasks.TaskCanceledException: The operation was canceled.
 ---> System.IO.IOException: Unable to read data from the transport connection: The I/O operation has been aborted because of either a thread exit or an application request..
 ---> System.Net.Sockets.SocketException (995): The I/O operation has been aborted because of either a thread exit or an application request.
   --- End of inner exception stack trace ---
   at System.Net.Sockets.Socket.AwaitableSocketAsyncEventArgs.ThrowException(SocketError error, CancellationToken cancellationToken)
   at System.Net.Sockets.Socket.AwaitableSocketAsyncEventArgs.System.Threading.Tasks.Sources.IValueTaskSource<System.Int32>.GetResult(Int16 token)
   at System.Net.Security.SslStream.EnsureFullTlsFrameAsync[TIOAdapter](CancellationToken cancellationToken, Int32 estimatedSize)
   at System.Runtime.CompilerServices.PoolingAsyncValueTaskMethodBuilder`1.StateMachineBox`1.System.Threading.Tasks.Sources.IValueTaskSource<TResult>.GetResult(Int16 token)
   at System.Net.Security.SslStream.ReadAsyncInternal[TIOAdapter](Memory`1 buffer, CancellationToken cancellationToken)
   at System.Runtime.CompilerServices.PoolingAsyncValueTaskMethodBuilder`1.StateMachineBox`1.System.Threading.Tasks.Sources.IValueTaskSource<TResult>.GetResult(Int16 token)
   at System.Net.Http.HttpConnection.SendAsync(HttpRequestMessage request, Boolean async, CancellationToken cancellationToken)
   --- End of inner exception stack trace ---
   at System.Net.Http.HttpConnection.SendAsync(HttpRequestMessage request, Boolean async, CancellationToken cancellationToken)
   at System.Net.Http.AuthenticationHelper.SendWithNtAuthAsync(HttpRequestMessage request, Uri authUri, Boolean async, ICredentials credentials, Boolean isProxyAuth, HttpConnection connection, HttpConnectionPool connectionPool, CancellationToken cancellationToken)
   at System.Net.Http.HttpConnectionPool.SendWithVersionDetectionAndRetryAsync(HttpRequestMessage request, Boolean async, Boolean doRequestAuth, CancellationToken cancellationToken)
   at System.Net.Http.AuthenticationHelper.SendWithAuthAsync(HttpRequestMessage request, Uri authUri, Boolean async, ICredentials credentials, Boolean preAuthenticate, Boolean isProxyAuth, Boolean doRequestAuth, HttpConnectionPool pool, CancellationToken cancellationToken)
   at System.Net.Http.RedirectHandler.SendAsync(HttpRequestMessage request, Boolean async, CancellationToken cancellationToken)
   at GitHub.Services.Common.RawHttpMessageHandler.SendAsync(HttpRequestMessage request, CancellationToken cancellationToken)
   --- End of inner exception stack trace ---
   at GitHub.Services.Common.RawHttpMessageHandler.SendAsync(HttpRequestMessage request, CancellationToken cancellationToken)
   at GitHub.Services.Common.VssHttpRetryMessageHandler.SendAsync(HttpRequestMessage request, CancellationToken cancellationToken)
   at System.Net.Http.HttpClient.<SendAsync>g__Core|83_0(HttpRequestMessage request, HttpCompletionOption completionOption, CancellationTokenSource cts, Boolean disposeCts, CancellationTokenSource pendingRequestsCts, CancellationToken originalCancellationToken)
   at Sdk.WebApi.WebApi.RawHttpClientBase.SendAsync(HttpRequestMessage message, HttpCompletionOption completionOption, Object userState, CancellationToken cancellationToken)
   at Sdk.WebApi.WebApi.RawHttpClientBase.SendAsync[T](HttpRequestMessage message, Boolean readErrorBody, Object userState, CancellationToken cancellationToken)
   at Sdk.WebApi.WebApi.RawHttpClientBase.SendAsync[T](HttpMethod method, IEnumerable`1 additionalHeaders, Uri requestUri, HttpContent content, IEnumerable`1 queryParameters, Boolean readErrorBody, Object userState, CancellationToken cancellationToken)
   at GitHub.Actions.RunService.WebApi.BrokerHttpClient.GetRunnerMessageAsync(Nullable`1 sessionId, String runnerVersion, Nullable`1 status, String os, String architecture, Nullable`1 disableUpdate, CancellationToken cancellationToken)
   at GitHub.Runner.Common.BrokerServer.<>c__DisplayClass7_0.<<GetRunnerMessageAsync>b__0>d.MoveNext()
--- End of stack trace from previous location ---
   at GitHub.Runner.Common.RunnerService.RetryRequest[T](Func`1 func, CancellationToken cancellationToken, Int32 maxRetryAttemptsCount, Func`2 shouldRetry)
[2025-09-12 09:07:56Z ERR  BrokerServer] #####################################################
[2025-09-12 09:07:56Z ERR  BrokerServer] System.Threading.Tasks.TaskCanceledException: The operation was canceled.
 ---> System.IO.IOException: Unable to read data from the transport connection: The I/O operation has been aborted because of either a thread exit or an application request..
 ---> System.Net.Sockets.SocketException (995): The I/O operation has been aborted because of either a thread exit or an application request.
   --- End of inner exception stack trace ---
   at System.Net.Sockets.Socket.AwaitableSocketAsyncEventArgs.ThrowException(SocketError error, CancellationToken cancellationToken)
   at System.Net.Sockets.Socket.AwaitableSocketAsyncEventArgs.System.Threading.Tasks.Sources.IValueTaskSource<System.Int32>.GetResult(Int16 token)
   at System.Net.Security.SslStream.EnsureFullTlsFrameAsync[TIOAdapter](CancellationToken cancellationToken, Int32 estimatedSize)
   at System.Runtime.CompilerServices.PoolingAsyncValueTaskMethodBuilder`1.StateMachineBox`1.System.Threading.Tasks.Sources.IValueTaskSource<TResult>.GetResult(Int16 token)
   at System.Net.Security.SslStream.ReadAsyncInternal[TIOAdapter](Memory`1 buffer, CancellationToken cancellationToken)
   at System.Runtime.CompilerServices.PoolingAsyncValueTaskMethodBuilder`1.StateMachineBox`1.System.Threading.Tasks.Sources.IValueTaskSource<TResult>.GetResult(Int16 token)
   at System.Net.Http.HttpConnection.SendAsync(HttpRequestMessage request, Boolean async, CancellationToken cancellationToken)
   --- End of inner exception stack trace ---
   at System.Net.Http.HttpConnection.SendAsync(HttpRequestMessage request, Boolean async, CancellationToken cancellationToken)
   at System.Net.Http.AuthenticationHelper.SendWithNtAuthAsync(HttpRequestMessage request, Uri authUri, Boolean async, ICredentials credentials, Boolean isProxyAuth, HttpConnection connection, HttpConnectionPool connectionPool, CancellationToken cancellationToken)
   at System.Net.Http.HttpConnectionPool.SendWithVersionDetectionAndRetryAsync(HttpRequestMessage request, Boolean async, Boolean doRequestAuth, CancellationToken cancellationToken)
   at System.Net.Http.AuthenticationHelper.SendWithAuthAsync(HttpRequestMessage request, Uri authUri, Boolean async, ICredentials credentials, Boolean preAuthenticate, Boolean isProxyAuth, Boolean doRequestAuth, HttpConnectionPool pool, CancellationToken cancellationToken)
   at System.Net.Http.RedirectHandler.SendAsync(HttpRequestMessage request, Boolean async, CancellationToken cancellationToken)
   at GitHub.Services.Common.RawHttpMessageHandler.SendAsync(HttpRequestMessage request, CancellationToken cancellationToken)
[2025-09-12 09:07:56Z ERR  BrokerServer] #####################################################
[2025-09-12 09:07:56Z ERR  BrokerServer] System.IO.IOException: Unable to read data from the transport connection: The I/O operation has been aborted because of either a thread exit or an application request..
 ---> System.Net.Sockets.SocketException (995): The I/O operation has been aborted because of either a thread exit or an application request.
   --- End of inner exception stack trace ---
   at System.Net.Sockets.Socket.AwaitableSocketAsyncEventArgs.ThrowException(SocketError error, CancellationToken cancellationToken)
   at System.Net.Sockets.Socket.AwaitableSocketAsyncEventArgs.System.Threading.Tasks.Sources.IValueTaskSource<System.Int32>.GetResult(Int16 token)
   at System.Net.Security.SslStream.EnsureFullTlsFrameAsync[TIOAdapter](CancellationToken cancellationToken, Int32 estimatedSize)
   at System.Runtime.CompilerServices.PoolingAsyncValueTaskMethodBuilder`1.StateMachineBox`1.System.Threading.Tasks.Sources.IValueTaskSource<TResult>.GetResult(Int16 token)
   at System.Net.Security.SslStream.ReadAsyncInternal[TIOAdapter](Memory`1 buffer, CancellationToken cancellationToken)
   at System.Runtime.CompilerServices.PoolingAsyncValueTaskMethodBuilder`1.StateMachineBox`1.System.Threading.Tasks.Sources.IValueTaskSource<TResult>.GetResult(Int16 token)
   at System.Net.Http.HttpConnection.SendAsync(HttpRequestMessage request, Boolean async, CancellationToken cancellationToken)
[2025-09-12 09:07:56Z ERR  BrokerServer] #####################################################
[2025-09-12 09:07:56Z ERR  BrokerServer] System.Net.Sockets.SocketException (995): The I/O operation has been aborted because of either a thread exit or an application request.
[2025-09-12 09:07:56Z WARN BrokerServer] Back off 11.899 seconds before next retry. 4 attempt left.
[2025-09-12 09:48:42Z INFO RSAEncryptedFileKeyManager] Loading RSA key parameters from file C:\laragon\www\sapapi\actions-runner\.credentials_rsaparams
[2025-09-12 09:48:43Z INFO GitHubActionsService] AAD Correlation ID for this token request: Unknown
[2025-09-12 10:03:47Z WARN GitHubActionsService] GET request to https://broker.actions.githubusercontent.com/message?sessionId=a530759f-7cca-487c-9340-daa824530c77&status=Online&runnerVersion=2.328.0&os=Windows&architecture=X64&disableUpdate=false timed out after 100 seconds.
[2025-09-12 10:03:47Z ERR  BrokerServer] Catch exception during request
[2025-09-12 10:03:47Z ERR  BrokerServer] System.TimeoutException: The HTTP request timed out after 00:01:40.
 ---> System.Threading.Tasks.TaskCanceledException: The operation was canceled.
 ---> System.IO.IOException: Unable to read data from the transport connection: The I/O operation has been aborted because of either a thread exit or an application request..
 ---> System.Net.Sockets.SocketException (995): The I/O operation has been aborted because of either a thread exit or an application request.
   --- End of inner exception stack trace ---
   at System.Net.Sockets.Socket.AwaitableSocketAsyncEventArgs.ThrowException(SocketError error, CancellationToken cancellationToken)
   at System.Net.Sockets.Socket.AwaitableSocketAsyncEventArgs.System.Threading.Tasks.Sources.IValueTaskSource<System.Int32>.GetResult(Int16 token)
   at System.Net.Security.SslStream.EnsureFullTlsFrameAsync[TIOAdapter](CancellationToken cancellationToken, Int32 estimatedSize)
   at System.Runtime.CompilerServices.PoolingAsyncValueTaskMethodBuilder`1.StateMachineBox`1.System.Threading.Tasks.Sources.IValueTaskSource<TResult>.GetResult(Int16 token)
   at System.Net.Security.SslStream.ReadAsyncInternal[TIOAdapter](Memory`1 buffer, CancellationToken cancellationToken)
   at System.Runtime.CompilerServices.PoolingAsyncValueTaskMethodBuilder`1.StateMachineBox`1.System.Threading.Tasks.Sources.IValueTaskSource<TResult>.GetResult(Int16 token)
   at System.Net.Http.HttpConnection.SendAsync(HttpRequestMessage request, Boolean async, CancellationToken cancellationToken)
   --- End of inner exception stack trace ---
   at System.Net.Http.HttpConnection.SendAsync(HttpRequestMessage request, Boolean async, CancellationToken cancellationToken)
   at System.Net.Http.AuthenticationHelper.SendWithNtAuthAsync(HttpRequestMessage request, Uri authUri, Boolean async, ICredentials credentials, Boolean isProxyAuth, HttpConnection connection, HttpConnectionPool connectionPool, CancellationToken cancellationToken)
   at System.Net.Http.HttpConnectionPool.SendWithVersionDetectionAndRetryAsync(HttpRequestMessage request, Boolean async, Boolean doRequestAuth, CancellationToken cancellationToken)
   at System.Net.Http.AuthenticationHelper.SendWithAuthAsync(HttpRequestMessage request, Uri authUri, Boolean async, ICredentials credentials, Boolean preAuthenticate, Boolean isProxyAuth, Boolean doRequestAuth, HttpConnectionPool pool, CancellationToken cancellationToken)
   at System.Net.Http.RedirectHandler.SendAsync(HttpRequestMessage request, Boolean async, CancellationToken cancellationToken)
   at GitHub.Services.Common.RawHttpMessageHandler.SendAsync(HttpRequestMessage request, CancellationToken cancellationToken)
   --- End of inner exception stack trace ---
   at GitHub.Services.Common.RawHttpMessageHandler.SendAsync(HttpRequestMessage request, CancellationToken cancellationToken)
   at GitHub.Services.Common.VssHttpRetryMessageHandler.SendAsync(HttpRequestMessage request, CancellationToken cancellationToken)
   at System.Net.Http.HttpClient.<SendAsync>g__Core|83_0(HttpRequestMessage request, HttpCompletionOption completionOption, CancellationTokenSource cts, Boolean disposeCts, CancellationTokenSource pendingRequestsCts, CancellationToken originalCancellationToken)
   at Sdk.WebApi.WebApi.RawHttpClientBase.SendAsync(HttpRequestMessage message, HttpCompletionOption completionOption, Object userState, CancellationToken cancellationToken)
   at Sdk.WebApi.WebApi.RawHttpClientBase.SendAsync[T](HttpRequestMessage message, Boolean readErrorBody, Object userState, CancellationToken cancellationToken)
   at Sdk.WebApi.WebApi.RawHttpClientBase.SendAsync[T](HttpMethod method, IEnumerable`1 additionalHeaders, Uri requestUri, HttpContent content, IEnumerable`1 queryParameters, Boolean readErrorBody, Object userState, CancellationToken cancellationToken)
   at GitHub.Actions.RunService.WebApi.BrokerHttpClient.GetRunnerMessageAsync(Nullable`1 sessionId, String runnerVersion, Nullable`1 status, String os, String architecture, Nullable`1 disableUpdate, CancellationToken cancellationToken)
   at GitHub.Runner.Common.BrokerServer.<>c__DisplayClass7_0.<<GetRunnerMessageAsync>b__0>d.MoveNext()
--- End of stack trace from previous location ---
   at GitHub.Runner.Common.RunnerService.RetryRequest[T](Func`1 func, CancellationToken cancellationToken, Int32 maxRetryAttemptsCount, Func`2 shouldRetry)
[2025-09-12 10:03:47Z ERR  BrokerServer] #####################################################
[2025-09-12 10:03:47Z ERR  BrokerServer] System.Threading.Tasks.TaskCanceledException: The operation was canceled.
 ---> System.IO.IOException: Unable to read data from the transport connection: The I/O operation has been aborted because of either a thread exit or an application request..
 ---> System.Net.Sockets.SocketException (995): The I/O operation has been aborted because of either a thread exit or an application request.
   --- End of inner exception stack trace ---
   at System.Net.Sockets.Socket.AwaitableSocketAsyncEventArgs.ThrowException(SocketError error, CancellationToken cancellationToken)
   at System.Net.Sockets.Socket.AwaitableSocketAsyncEventArgs.System.Threading.Tasks.Sources.IValueTaskSource<System.Int32>.GetResult(Int16 token)
   at System.Net.Security.SslStream.EnsureFullTlsFrameAsync[TIOAdapter](CancellationToken cancellationToken, Int32 estimatedSize)
   at System.Runtime.CompilerServices.PoolingAsyncValueTaskMethodBuilder`1.StateMachineBox`1.System.Threading.Tasks.Sources.IValueTaskSource<TResult>.GetResult(Int16 token)
   at System.Net.Security.SslStream.ReadAsyncInternal[TIOAdapter](Memory`1 buffer, CancellationToken cancellationToken)
   at System.Runtime.CompilerServices.PoolingAsyncValueTaskMethodBuilder`1.StateMachineBox`1.System.Threading.Tasks.Sources.IValueTaskSource<TResult>.GetResult(Int16 token)
   at System.Net.Http.HttpConnection.SendAsync(HttpRequestMessage request, Boolean async, CancellationToken cancellationToken)
   --- End of inner exception stack trace ---
   at System.Net.Http.HttpConnection.SendAsync(HttpRequestMessage request, Boolean async, CancellationToken cancellationToken)
   at System.Net.Http.AuthenticationHelper.SendWithNtAuthAsync(HttpRequestMessage request, Uri authUri, Boolean async, ICredentials credentials, Boolean isProxyAuth, HttpConnection connection, HttpConnectionPool connectionPool, CancellationToken cancellationToken)
   at System.Net.Http.HttpConnectionPool.SendWithVersionDetectionAndRetryAsync(HttpRequestMessage request, Boolean async, Boolean doRequestAuth, CancellationToken cancellationToken)
   at System.Net.Http.AuthenticationHelper.SendWithAuthAsync(HttpRequestMessage request, Uri authUri, Boolean async, ICredentials credentials, Boolean preAuthenticate, Boolean isProxyAuth, Boolean doRequestAuth, HttpConnectionPool pool, CancellationToken cancellationToken)
   at System.Net.Http.RedirectHandler.SendAsync(HttpRequestMessage request, Boolean async, CancellationToken cancellationToken)
   at GitHub.Services.Common.RawHttpMessageHandler.SendAsync(HttpRequestMessage request, CancellationToken cancellationToken)
[2025-09-12 10:03:47Z ERR  BrokerServer] #####################################################
[2025-09-12 10:03:47Z ERR  BrokerServer] System.IO.IOException: Unable to read data from the transport connection: The I/O operation has been aborted because of either a thread exit or an application request..
 ---> System.Net.Sockets.SocketException (995): The I/O operation has been aborted because of either a thread exit or an application request.
   --- End of inner exception stack trace ---
   at System.Net.Sockets.Socket.AwaitableSocketAsyncEventArgs.ThrowException(SocketError error, CancellationToken cancellationToken)
   at System.Net.Sockets.Socket.AwaitableSocketAsyncEventArgs.System.Threading.Tasks.Sources.IValueTaskSource<System.Int32>.GetResult(Int16 token)
   at System.Net.Security.SslStream.EnsureFullTlsFrameAsync[TIOAdapter](CancellationToken cancellationToken, Int32 estimatedSize)
   at System.Runtime.CompilerServices.PoolingAsyncValueTaskMethodBuilder`1.StateMachineBox`1.System.Threading.Tasks.Sources.IValueTaskSource<TResult>.GetResult(Int16 token)
   at System.Net.Security.SslStream.ReadAsyncInternal[TIOAdapter](Memory`1 buffer, CancellationToken cancellationToken)
   at System.Runtime.CompilerServices.PoolingAsyncValueTaskMethodBuilder`1.StateMachineBox`1.System.Threading.Tasks.Sources.IValueTaskSource<TResult>.GetResult(Int16 token)
   at System.Net.Http.HttpConnection.SendAsync(HttpRequestMessage request, Boolean async, CancellationToken cancellationToken)
[2025-09-12 10:03:47Z ERR  BrokerServer] #####################################################
[2025-09-12 10:03:47Z ERR  BrokerServer] System.Net.Sockets.SocketException (995): The I/O operation has been aborted because of either a thread exit or an application request.
[2025-09-12 10:03:47Z WARN BrokerServer] Back off 8.445 seconds before next retry. 4 attempt left.
[2025-09-12 10:23:51Z WARN GitHubActionsService] GET request to https://broker.actions.githubusercontent.com/message?sessionId=a530759f-7cca-487c-9340-daa824530c77&status=Online&runnerVersion=2.328.0&os=Windows&architecture=X64&disableUpdate=false timed out after 100 seconds.
[2025-09-12 10:23:51Z ERR  BrokerServer] Catch exception during request
[2025-09-12 10:23:51Z ERR  BrokerServer] System.TimeoutException: The HTTP request timed out after 00:01:40.
 ---> System.Threading.Tasks.TaskCanceledException: The operation was canceled.
 ---> System.IO.IOException: Unable to read data from the transport connection: The I/O operation has been aborted because of either a thread exit or an application request..
 ---> System.Net.Sockets.SocketException (995): The I/O operation has been aborted because of either a thread exit or an application request.
   --- End of inner exception stack trace ---
   at System.Net.Sockets.Socket.AwaitableSocketAsyncEventArgs.ThrowException(SocketError error, CancellationToken cancellationToken)
   at System.Net.Sockets.Socket.AwaitableSocketAsyncEventArgs.System.Threading.Tasks.Sources.IValueTaskSource<System.Int32>.GetResult(Int16 token)
   at System.Net.Security.SslStream.EnsureFullTlsFrameAsync[TIOAdapter](CancellationToken cancellationToken, Int32 estimatedSize)
   at System.Runtime.CompilerServices.PoolingAsyncValueTaskMethodBuilder`1.StateMachineBox`1.System.Threading.Tasks.Sources.IValueTaskSource<TResult>.GetResult(Int16 token)
   at System.Net.Security.SslStream.ReadAsyncInternal[TIOAdapter](Memory`1 buffer, CancellationToken cancellationToken)
   at System.Runtime.CompilerServices.PoolingAsyncValueTaskMethodBuilder`1.StateMachineBox`1.System.Threading.Tasks.Sources.IValueTaskSource<TResult>.GetResult(Int16 token)
   at System.Net.Http.HttpConnection.SendAsync(HttpRequestMessage request, Boolean async, CancellationToken cancellationToken)
   --- End of inner exception stack trace ---
   at System.Net.Http.HttpConnection.SendAsync(HttpRequestMessage request, Boolean async, CancellationToken cancellationToken)
   at System.Net.Http.AuthenticationHelper.SendWithNtAuthAsync(HttpRequestMessage request, Uri authUri, Boolean async, ICredentials credentials, Boolean isProxyAuth, HttpConnection connection, HttpConnectionPool connectionPool, CancellationToken cancellationToken)
   at System.Net.Http.HttpConnectionPool.SendWithVersionDetectionAndRetryAsync(HttpRequestMessage request, Boolean async, Boolean doRequestAuth, CancellationToken cancellationToken)
   at System.Net.Http.AuthenticationHelper.SendWithAuthAsync(HttpRequestMessage request, Uri authUri, Boolean async, ICredentials credentials, Boolean preAuthenticate, Boolean isProxyAuth, Boolean doRequestAuth, HttpConnectionPool pool, CancellationToken cancellationToken)
   at System.Net.Http.RedirectHandler.SendAsync(HttpRequestMessage request, Boolean async, CancellationToken cancellationToken)
   at GitHub.Services.Common.RawHttpMessageHandler.SendAsync(HttpRequestMessage request, CancellationToken cancellationToken)
   --- End of inner exception stack trace ---
   at GitHub.Services.Common.RawHttpMessageHandler.SendAsync(HttpRequestMessage request, CancellationToken cancellationToken)
   at GitHub.Services.Common.VssHttpRetryMessageHandler.SendAsync(HttpRequestMessage request, CancellationToken cancellationToken)
   at System.Net.Http.HttpClient.<SendAsync>g__Core|83_0(HttpRequestMessage request, HttpCompletionOption completionOption, CancellationTokenSource cts, Boolean disposeCts, CancellationTokenSource pendingRequestsCts, CancellationToken originalCancellationToken)
   at Sdk.WebApi.WebApi.RawHttpClientBase.SendAsync(HttpRequestMessage message, HttpCompletionOption completionOption, Object userState, CancellationToken cancellationToken)
   at Sdk.WebApi.WebApi.RawHttpClientBase.SendAsync[T](HttpRequestMessage message, Boolean readErrorBody, Object userState, CancellationToken cancellationToken)
   at Sdk.WebApi.WebApi.RawHttpClientBase.SendAsync[T](HttpMethod method, IEnumerable`1 additionalHeaders, Uri requestUri, HttpContent content, IEnumerable`1 queryParameters, Boolean readErrorBody, Object userState, CancellationToken cancellationToken)
   at GitHub.Actions.RunService.WebApi.BrokerHttpClient.GetRunnerMessageAsync(Nullable`1 sessionId, String runnerVersion, Nullable`1 status, String os, String architecture, Nullable`1 disableUpdate, CancellationToken cancellationToken)
   at GitHub.Runner.Common.BrokerServer.<>c__DisplayClass7_0.<<GetRunnerMessageAsync>b__0>d.MoveNext()
--- End of stack trace from previous location ---
   at GitHub.Runner.Common.RunnerService.RetryRequest[T](Func`1 func, CancellationToken cancellationToken, Int32 maxRetryAttemptsCount, Func`2 shouldRetry)
[2025-09-12 10:23:51Z ERR  BrokerServer] #####################################################
[2025-09-12 10:23:51Z ERR  BrokerServer] System.Threading.Tasks.TaskCanceledException: The operation was canceled.
 ---> System.IO.IOException: Unable to read data from the transport connection: The I/O operation has been aborted because of either a thread exit or an application request..
 ---> System.Net.Sockets.SocketException (995): The I/O operation has been aborted because of either a thread exit or an application request.
   --- End of inner exception stack trace ---
   at System.Net.Sockets.Socket.AwaitableSocketAsyncEventArgs.ThrowException(SocketError error, CancellationToken cancellationToken)
   at System.Net.Sockets.Socket.AwaitableSocketAsyncEventArgs.System.Threading.Tasks.Sources.IValueTaskSource<System.Int32>.GetResult(Int16 token)
   at System.Net.Security.SslStream.EnsureFullTlsFrameAsync[TIOAdapter](CancellationToken cancellationToken, Int32 estimatedSize)
   at System.Runtime.CompilerServices.PoolingAsyncValueTaskMethodBuilder`1.StateMachineBox`1.System.Threading.Tasks.Sources.IValueTaskSource<TResult>.GetResult(Int16 token)
   at System.Net.Security.SslStream.ReadAsyncInternal[TIOAdapter](Memory`1 buffer, CancellationToken cancellationToken)
   at System.Runtime.CompilerServices.PoolingAsyncValueTaskMethodBuilder`1.StateMachineBox`1.System.Threading.Tasks.Sources.IValueTaskSource<TResult>.GetResult(Int16 token)
   at System.Net.Http.HttpConnection.SendAsync(HttpRequestMessage request, Boolean async, CancellationToken cancellationToken)
   --- End of inner exception stack trace ---
   at System.Net.Http.HttpConnection.SendAsync(HttpRequestMessage request, Boolean async, CancellationToken cancellationToken)
   at System.Net.Http.AuthenticationHelper.SendWithNtAuthAsync(HttpRequestMessage request, Uri authUri, Boolean async, ICredentials credentials, Boolean isProxyAuth, HttpConnection connection, HttpConnectionPool connectionPool, CancellationToken cancellationToken)
   at System.Net.Http.HttpConnectionPool.SendWithVersionDetectionAndRetryAsync(HttpRequestMessage request, Boolean async, Boolean doRequestAuth, CancellationToken cancellationToken)
   at System.Net.Http.AuthenticationHelper.SendWithAuthAsync(HttpRequestMessage request, Uri authUri, Boolean async, ICredentials credentials, Boolean preAuthenticate, Boolean isProxyAuth, Boolean doRequestAuth, HttpConnectionPool pool, CancellationToken cancellationToken)
   at System.Net.Http.RedirectHandler.SendAsync(HttpRequestMessage request, Boolean async, CancellationToken cancellationToken)
   at GitHub.Services.Common.RawHttpMessageHandler.SendAsync(HttpRequestMessage request, CancellationToken cancellationToken)
[2025-09-12 10:23:51Z ERR  BrokerServer] #####################################################
[2025-09-12 10:23:51Z ERR  BrokerServer] System.IO.IOException: Unable to read data from the transport connection: The I/O operation has been aborted because of either a thread exit or an application request..
 ---> System.Net.Sockets.SocketException (995): The I/O operation has been aborted because of either a thread exit or an application request.
   --- End of inner exception stack trace ---
   at System.Net.Sockets.Socket.AwaitableSocketAsyncEventArgs.ThrowException(SocketError error, CancellationToken cancellationToken)
   at System.Net.Sockets.Socket.AwaitableSocketAsyncEventArgs.System.Threading.Tasks.Sources.IValueTaskSource<System.Int32>.GetResult(Int16 token)
   at System.Net.Security.SslStream.EnsureFullTlsFrameAsync[TIOAdapter](CancellationToken cancellationToken, Int32 estimatedSize)
   at System.Runtime.CompilerServices.PoolingAsyncValueTaskMethodBuilder`1.StateMachineBox`1.System.Threading.Tasks.Sources.IValueTaskSource<TResult>.GetResult(Int16 token)
   at System.Net.Security.SslStream.ReadAsyncInternal[TIOAdapter](Memory`1 buffer, CancellationToken cancellationToken)
   at System.Runtime.CompilerServices.PoolingAsyncValueTaskMethodBuilder`1.StateMachineBox`1.System.Threading.Tasks.Sources.IValueTaskSource<TResult>.GetResult(Int16 token)
   at System.Net.Http.HttpConnection.SendAsync(HttpRequestMessage request, Boolean async, CancellationToken cancellationToken)
[2025-09-12 10:23:51Z ERR  BrokerServer] #####################################################
[2025-09-12 10:23:51Z ERR  BrokerServer] System.Net.Sockets.SocketException (995): The I/O operation has been aborted because of either a thread exit or an application request.
[2025-09-12 10:23:51Z WARN BrokerServer] Back off 13.124 seconds before next retry. 4 attempt left.
[2025-09-12 10:39:11Z INFO RSAEncryptedFileKeyManager] Loading RSA key parameters from file C:\laragon\www\sapapi\actions-runner\.credentials_rsaparams
[2025-09-12 10:39:12Z INFO GitHubActionsService] AAD Correlation ID for this token request: Unknown
[2025-09-12 11:29:30Z INFO RSAEncryptedFileKeyManager] Loading RSA key parameters from file C:\laragon\www\sapapi\actions-runner\.credentials_rsaparams
[2025-09-12 11:29:31Z INFO GitHubActionsService] AAD Correlation ID for this token request: Unknown
[2025-09-12 12:19:52Z INFO RSAEncryptedFileKeyManager] Loading RSA key parameters from file C:\laragon\www\sapapi\actions-runner\.credentials_rsaparams
[2025-09-12 12:19:53Z INFO GitHubActionsService] AAD Correlation ID for this token request: Unknown
[2025-09-12 13:10:13Z INFO RSAEncryptedFileKeyManager] Loading RSA key parameters from file C:\laragon\www\sapapi\actions-runner\.credentials_rsaparams
[2025-09-12 13:10:14Z INFO GitHubActionsService] AAD Correlation ID for this token request: Unknown
[2025-09-12 14:00:38Z INFO RSAEncryptedFileKeyManager] Loading RSA key parameters from file C:\laragon\www\sapapi\actions-runner\.credentials_rsaparams
[2025-09-12 14:00:39Z INFO GitHubActionsService] AAD Correlation ID for this token request: Unknown
[2025-09-12 14:50:57Z INFO RSAEncryptedFileKeyManager] Loading RSA key parameters from file C:\laragon\www\sapapi\actions-runner\.credentials_rsaparams
[2025-09-12 14:50:59Z INFO GitHubActionsService] AAD Correlation ID for this token request: Unknown
[2025-09-12 15:41:17Z INFO RSAEncryptedFileKeyManager] Loading RSA key parameters from file C:\laragon\www\sapapi\actions-runner\.credentials_rsaparams
[2025-09-12 15:41:18Z INFO GitHubActionsService] AAD Correlation ID for this token request: Unknown
[2025-09-12 16:31:36Z INFO RSAEncryptedFileKeyManager] Loading RSA key parameters from file C:\laragon\www\sapapi\actions-runner\.credentials_rsaparams
[2025-09-12 16:31:37Z INFO GitHubActionsService] AAD Correlation ID for this token request: Unknown
[2025-09-12 17:21:55Z INFO RSAEncryptedFileKeyManager] Loading RSA key parameters from file C:\laragon\www\sapapi\actions-runner\.credentials_rsaparams
[2025-09-12 17:21:56Z INFO GitHubActionsService] AAD Correlation ID for this token request: Unknown
[2025-09-12 18:12:18Z INFO RSAEncryptedFileKeyManager] Loading RSA key parameters from file C:\laragon\www\sapapi\actions-runner\.credentials_rsaparams
[2025-09-12 18:12:19Z INFO GitHubActionsService] AAD Correlation ID for this token request: Unknown
[2025-09-12 19:02:38Z INFO RSAEncryptedFileKeyManager] Loading RSA key parameters from file C:\laragon\www\sapapi\actions-runner\.credentials_rsaparams
[2025-09-12 19:02:38Z INFO GitHubActionsService] AAD Correlation ID for this token request: Unknown
[2025-09-12 19:52:56Z INFO RSAEncryptedFileKeyManager] Loading RSA key parameters from file C:\laragon\www\sapapi\actions-runner\.credentials_rsaparams
[2025-09-12 19:52:57Z INFO GitHubActionsService] AAD Correlation ID for this token request: Unknown
[2025-09-12 20:43:16Z INFO RSAEncryptedFileKeyManager] Loading RSA key parameters from file C:\laragon\www\sapapi\actions-runner\.credentials_rsaparams
[2025-09-12 20:43:17Z INFO GitHubActionsService] AAD Correlation ID for this token request: Unknown
[2025-09-12 21:33:34Z INFO RSAEncryptedFileKeyManager] Loading RSA key parameters from file C:\laragon\www\sapapi\actions-runner\.credentials_rsaparams
[2025-09-12 21:33:35Z INFO GitHubActionsService] AAD Correlation ID for this token request: Unknown
[2025-09-12 22:23:52Z INFO RSAEncryptedFileKeyManager] Loading RSA key parameters from file C:\laragon\www\sapapi\actions-runner\.credentials_rsaparams
[2025-09-12 22:23:53Z INFO GitHubActionsService] AAD Correlation ID for this token request: Unknown
[2025-09-12 22:53:34Z INFO Runner] Received RunnerRefreshConfigMessage for 'runner' config file
[2025-09-12 22:53:34Z INFO RunnerConfigUpdater] Verifying runner qualified id: U_kgDOAIytEA/R_kgDOPX5Qyg/self-hosted/22
[2025-09-12 22:53:34Z INFO HostContext] Well known directory 'Bin': 'C:\laragon\www\sapapi\actions-runner\bin'
[2025-09-12 22:53:34Z INFO HostContext] Well known directory 'Root': 'C:\laragon\www\sapapi\actions-runner'
[2025-09-12 22:53:34Z INFO HostContext] Well known config file 'Runner': 'C:\laragon\www\sapapi\actions-runner\.runner'
[2025-09-12 22:53:35Z INFO RSAEncryptedFileKeyManager] Loading RSA key parameters from file C:\laragon\www\sapapi\actions-runner\.credentials_rsaparams
[2025-09-12 22:53:36Z INFO GitHubActionsService] AAD Correlation ID for this token request: Unknown
[2025-09-12 22:53:36Z INFO ConfigurationStore] Saving runner migrated settings
[2025-09-12 22:53:36Z INFO ConfigurationStore] Delete exist runner migrated settings file.
[2025-09-12 22:53:36Z INFO ConfigurationStore] Migrated Settings Saved.
[2025-09-12 22:53:36Z INFO Runner] Runner configuration was updated. Session restart has been scheduled
[2025-09-12 22:53:36Z INFO Runner] Pending session restart detected and job dispatcher is not busy. Restarting session now.
[2025-09-12 22:53:36Z INFO JobDispatcher] Shutting down JobDispatcher. Make sure all WorkerDispatcher has finished.
[2025-09-12 22:53:36Z INFO Runner] Deleting Runner Session...
[2025-09-12 22:53:37Z INFO Runner] Restarting runner session after config update...
[2025-09-12 22:53:37Z INFO Runner] Runner configuration was refreshed, restarting session...
[2025-09-12 22:53:37Z INFO ConfigurationManager] LoadSettings
[2025-09-12 22:53:37Z INFO ConfigurationStore] IsConfigured()
[2025-09-12 22:53:37Z INFO ConfigurationStore] IsConfigured: True
[2025-09-12 22:53:37Z INFO ConfigurationManager] Is configured: True
[2025-09-12 22:53:37Z INFO ConfigurationManager] Settings Loaded
[2025-09-12 22:53:37Z INFO Runner] RunAsync
[2025-09-12 22:53:37Z INFO ConfigurationManager] LoadMigratedSettings
[2025-09-12 22:53:37Z INFO ConfigurationStore] IsMigratedConfigured()
[2025-09-12 22:53:37Z INFO ConfigurationStore] IsMigratedConfigured: True
[2025-09-12 22:53:37Z INFO ConfigurationManager] Migrated Settings Loaded
[2025-09-12 22:53:37Z INFO Runner] Loaded migrated settings from .runner_migrated file
[2025-09-12 22:53:37Z INFO Runner] {
  "AgentId": 22,
  "AgentName": "JO",
  "PoolId": 1,
  "PoolName": "Default",
  "ServerUrl": "https://pipelinesghubeus26.actions.githubusercontent.com/OTqsuixwcDOeboiI5ELPh9vt0loVA9erSQMzHOLYofkfIDGeBX/",
  "GitHubUrl": "https://github.com/jauharimalik/sapapi",
  "WorkFolder": "_work",
  "UseV2Flow": true,
  "ServerUrlV2": "https://broker.actions.githubusercontent.com/"
}
[2025-09-12 22:53:37Z INFO Runner] Attempting to create session using migrated settings
[2025-09-12 22:53:37Z INFO Runner] Using BrokerMessageListener
[2025-09-12 22:53:37Z INFO BrokerMessageListener] Using provided settings
[2025-09-12 22:53:37Z INFO BrokerMessageListener] Using migrated settings from .runner_migrated
[2025-09-12 22:53:37Z INFO BrokerMessageListener] {
  "AgentId": 22,
  "AgentName": "JO",
  "PoolId": 1,
  "PoolName": "Default",
  "ServerUrl": "https://pipelinesghubeus26.actions.githubusercontent.com/OTqsuixwcDOeboiI5ELPh9vt0loVA9erSQMzHOLYofkfIDGeBX/",
  "GitHubUrl": "https://github.com/jauharimalik/sapapi",
  "WorkFolder": "_work",
  "UseV2Flow": true,
  "ServerUrlV2": "https://broker.actions.githubusercontent.com/"
}
[2025-09-12 22:53:37Z INFO BrokerMessageListener] Loading Credentials
[2025-09-12 22:53:37Z INFO ConfigurationStore] HasCredentials()
[2025-09-12 22:53:37Z INFO ConfigurationStore] stored True
[2025-09-12 22:53:37Z INFO CredentialManager] GetCredentialProvider
[2025-09-12 22:53:37Z INFO CredentialManager] Creating type OAuth
[2025-09-12 22:53:37Z INFO CredentialManager] Creating credential type: OAuth
[2025-09-12 22:53:37Z INFO RSAEncryptedFileKeyManager] Loading RSA key parameters from file C:\laragon\www\sapapi\actions-runner\.credentials_rsaparams
[2025-09-12 22:53:37Z INFO BrokerMessageListener] Attempt to create session.
[2025-09-12 22:53:37Z INFO BrokerMessageListener] Connecting to the Broker Server...
[2025-09-12 22:53:37Z INFO ConfigurationStore] HasCredentials()
[2025-09-12 22:53:37Z INFO ConfigurationStore] stored True
[2025-09-12 22:53:37Z INFO CredentialManager] GetCredentialProvider
[2025-09-12 22:53:37Z INFO CredentialManager] Creating type OAuth
[2025-09-12 22:53:37Z INFO CredentialManager] Creating credential type: OAuth
[2025-09-12 22:53:37Z INFO RSAEncryptedFileKeyManager] Loading RSA key parameters from file C:\laragon\www\sapapi\actions-runner\.credentials_rsaparams
[2025-09-12 22:53:37Z INFO BrokerMessageListener] VssConnection created
[2025-09-12 22:53:37Z INFO BrokerMessageListener] Connecting to the Runner server...
[2025-09-12 22:53:37Z INFO RunnerServer] EstablishVssConnection
[2025-09-12 22:53:37Z INFO RunnerServer] Establish connection with 100 seconds timeout.
[2025-09-12 22:53:37Z INFO GitHubActionsService] Starting operation Location.GetConnectionData
[2025-09-12 22:53:37Z INFO RunnerServer] EstablishVssConnection
[2025-09-12 22:53:37Z INFO RunnerServer] Establish connection with 60 seconds timeout.
[2025-09-12 22:53:37Z INFO GitHubActionsService] Starting operation Location.GetConnectionData
[2025-09-12 22:53:37Z INFO RunnerServer] EstablishVssConnection
[2025-09-12 22:53:37Z INFO RunnerServer] Establish connection with 60 seconds timeout.
[2025-09-12 22:53:37Z INFO GitHubActionsService] Starting operation Location.GetConnectionData
[2025-09-12 22:53:38Z INFO GitHubActionsService] Finished operation Location.GetConnectionData
[2025-09-12 22:53:38Z INFO GitHubActionsService] Finished operation Location.GetConnectionData
[2025-09-12 22:53:38Z INFO GitHubActionsService] Finished operation Location.GetConnectionData
[2025-09-12 22:53:38Z INFO BrokerMessageListener] VssConnection created
[2025-09-12 22:53:38Z INFO Terminal] WRITE LINE: 
[2025-09-12 22:53:38Z INFO Terminal] WRITE LINE: 
[2025-09-12 22:53:38Z INFO RSAEncryptedFileKeyManager] Loading RSA key parameters from file C:\laragon\www\sapapi\actions-runner\.credentials_rsaparams
[2025-09-12 22:53:38Z INFO RSAEncryptedFileKeyManager] Loading RSA key parameters from file C:\laragon\www\sapapi\actions-runner\.credentials_rsaparams
[2025-09-12 22:53:39Z INFO GitHubActionsService] AAD Correlation ID for this token request: Unknown
[2025-09-12 22:53:40Z INFO BrokerMessageListener] Session created.
[2025-09-12 22:53:40Z INFO Runner] Successfully created session with migrated settings
[2025-09-12 22:53:40Z INFO Terminal] WRITE LINE: Current runner version: '2.328.0'
[2025-09-12 22:53:40Z INFO Terminal] WRITE LINE: 2025-09-12 22:53:40Z: Listening for Jobs
[2025-09-12 22:53:40Z INFO JobDispatcher] Set runner/worker IPC timeout to 30 seconds.
[2025-09-12 23:43:58Z INFO RSAEncryptedFileKeyManager] Loading RSA key parameters from file C:\laragon\www\sapapi\actions-runner\.credentials_rsaparams
[2025-09-12 23:43:59Z INFO GitHubActionsService] AAD Correlation ID for this token request: Unknown
[2025-09-13 00:34:19Z INFO RSAEncryptedFileKeyManager] Loading RSA key parameters from file C:\laragon\www\sapapi\actions-runner\.credentials_rsaparams
[2025-09-13 00:34:20Z INFO GitHubActionsService] AAD Correlation ID for this token request: Unknown
[2025-09-13 01:24:37Z INFO RSAEncryptedFileKeyManager] Loading RSA key parameters from file C:\laragon\www\sapapi\actions-runner\.credentials_rsaparams
[2025-09-13 01:24:38Z INFO GitHubActionsService] AAD Correlation ID for this token request: Unknown
[2025-09-13 02:14:57Z INFO RSAEncryptedFileKeyManager] Loading RSA key parameters from file C:\laragon\www\sapapi\actions-runner\.credentials_rsaparams
[2025-09-13 02:14:58Z INFO GitHubActionsService] AAD Correlation ID for this token request: Unknown
[2025-09-13 03:05:14Z INFO RSAEncryptedFileKeyManager] Loading RSA key parameters from file C:\laragon\www\sapapi\actions-runner\.credentials_rsaparams
[2025-09-13 03:05:15Z INFO GitHubActionsService] AAD Correlation ID for this token request: Unknown
[2025-09-13 03:23:41Z WARN GitHubActionsService] GET request to https://broker.actions.githubusercontent.com/message?sessionId=41a61568-3e3c-45f2-bf4b-20263580b4f6&status=Online&runnerVersion=2.328.0&os=Windows&architecture=X64&disableUpdate=false timed out after 100 seconds.
[2025-09-13 03:23:41Z ERR  BrokerServer] Catch exception during request
[2025-09-13 03:23:41Z ERR  BrokerServer] System.TimeoutException: The HTTP request timed out after 00:01:40.
 ---> System.Threading.Tasks.TaskCanceledException: The operation was canceled.
 ---> System.IO.IOException: Unable to read data from the transport connection: The I/O operation has been aborted because of either a thread exit or an application request..
 ---> System.Net.Sockets.SocketException (995): The I/O operation has been aborted because of either a thread exit or an application request.
   --- End of inner exception stack trace ---
   at System.Net.Sockets.Socket.AwaitableSocketAsyncEventArgs.ThrowException(SocketError error, CancellationToken cancellationToken)
   at System.Net.Sockets.Socket.AwaitableSocketAsyncEventArgs.System.Threading.Tasks.Sources.IValueTaskSource<System.Int32>.GetResult(Int16 token)
   at System.Net.Security.SslStream.EnsureFullTlsFrameAsync[TIOAdapter](CancellationToken cancellationToken, Int32 estimatedSize)
   at System.Runtime.CompilerServices.PoolingAsyncValueTaskMethodBuilder`1.StateMachineBox`1.System.Threading.Tasks.Sources.IValueTaskSource<TResult>.GetResult(Int16 token)
   at System.Net.Security.SslStream.ReadAsyncInternal[TIOAdapter](Memory`1 buffer, CancellationToken cancellationToken)
   at System.Runtime.CompilerServices.PoolingAsyncValueTaskMethodBuilder`1.StateMachineBox`1.System.Threading.Tasks.Sources.IValueTaskSource<TResult>.GetResult(Int16 token)
   at System.Net.Http.HttpConnection.SendAsync(HttpRequestMessage request, Boolean async, CancellationToken cancellationToken)
   --- End of inner exception stack trace ---
   at System.Net.Http.HttpConnection.SendAsync(HttpRequestMessage request, Boolean async, CancellationToken cancellationToken)
   at System.Net.Http.AuthenticationHelper.SendWithNtAuthAsync(HttpRequestMessage request, Uri authUri, Boolean async, ICredentials credentials, Boolean isProxyAuth, HttpConnection connection, HttpConnectionPool connectionPool, CancellationToken cancellationToken)
   at System.Net.Http.HttpConnectionPool.SendWithVersionDetectionAndRetryAsync(HttpRequestMessage request, Boolean async, Boolean doRequestAuth, CancellationToken cancellationToken)
   at System.Net.Http.AuthenticationHelper.SendWithAuthAsync(HttpRequestMessage request, Uri authUri, Boolean async, ICredentials credentials, Boolean preAuthenticate, Boolean isProxyAuth, Boolean doRequestAuth, HttpConnectionPool pool, CancellationToken cancellationToken)
   at System.Net.Http.RedirectHandler.SendAsync(HttpRequestMessage request, Boolean async, CancellationToken cancellationToken)
   at GitHub.Services.Common.RawHttpMessageHandler.SendAsync(HttpRequestMessage request, CancellationToken cancellationToken)
   --- End of inner exception stack trace ---
   at GitHub.Services.Common.RawHttpMessageHandler.SendAsync(HttpRequestMessage request, CancellationToken cancellationToken)
   at GitHub.Services.Common.VssHttpRetryMessageHandler.SendAsync(HttpRequestMessage request, CancellationToken cancellationToken)
   at System.Net.Http.HttpClient.<SendAsync>g__Core|83_0(HttpRequestMessage request, HttpCompletionOption completionOption, CancellationTokenSource cts, Boolean disposeCts, CancellationTokenSource pendingRequestsCts, CancellationToken originalCancellationToken)
   at Sdk.WebApi.WebApi.RawHttpClientBase.SendAsync(HttpRequestMessage message, HttpCompletionOption completionOption, Object userState, CancellationToken cancellationToken)
   at Sdk.WebApi.WebApi.RawHttpClientBase.SendAsync[T](HttpRequestMessage message, Boolean readErrorBody, Object userState, CancellationToken cancellationToken)
   at Sdk.WebApi.WebApi.RawHttpClientBase.SendAsync[T](HttpMethod method, IEnumerable`1 additionalHeaders, Uri requestUri, HttpContent content, IEnumerable`1 queryParameters, Boolean readErrorBody, Object userState, CancellationToken cancellationToken)
   at GitHub.Actions.RunService.WebApi.BrokerHttpClient.GetRunnerMessageAsync(Nullable`1 sessionId, String runnerVersion, Nullable`1 status, String os, String architecture, Nullable`1 disableUpdate, CancellationToken cancellationToken)
   at GitHub.Runner.Common.BrokerServer.<>c__DisplayClass7_0.<<GetRunnerMessageAsync>b__0>d.MoveNext()
--- End of stack trace from previous location ---
   at GitHub.Runner.Common.RunnerService.RetryRequest[T](Func`1 func, CancellationToken cancellationToken, Int32 maxRetryAttemptsCount, Func`2 shouldRetry)
[2025-09-13 03:23:41Z ERR  BrokerServer] #####################################################
[2025-09-13 03:23:41Z ERR  BrokerServer] System.Threading.Tasks.TaskCanceledException: The operation was canceled.
 ---> System.IO.IOException: Unable to read data from the transport connection: The I/O operation has been aborted because of either a thread exit or an application request..
 ---> System.Net.Sockets.SocketException (995): The I/O operation has been aborted because of either a thread exit or an application request.
   --- End of inner exception stack trace ---
   at System.Net.Sockets.Socket.AwaitableSocketAsyncEventArgs.ThrowException(SocketError error, CancellationToken cancellationToken)
   at System.Net.Sockets.Socket.AwaitableSocketAsyncEventArgs.System.Threading.Tasks.Sources.IValueTaskSource<System.Int32>.GetResult(Int16 token)
   at System.Net.Security.SslStream.EnsureFullTlsFrameAsync[TIOAdapter](CancellationToken cancellationToken, Int32 estimatedSize)
   at System.Runtime.CompilerServices.PoolingAsyncValueTaskMethodBuilder`1.StateMachineBox`1.System.Threading.Tasks.Sources.IValueTaskSource<TResult>.GetResult(Int16 token)
   at System.Net.Security.SslStream.ReadAsyncInternal[TIOAdapter](Memory`1 buffer, CancellationToken cancellationToken)
   at System.Runtime.CompilerServices.PoolingAsyncValueTaskMethodBuilder`1.StateMachineBox`1.System.Threading.Tasks.Sources.IValueTaskSource<TResult>.GetResult(Int16 token)
   at System.Net.Http.HttpConnection.SendAsync(HttpRequestMessage request, Boolean async, CancellationToken cancellationToken)
   --- End of inner exception stack trace ---
   at System.Net.Http.HttpConnection.SendAsync(HttpRequestMessage request, Boolean async, CancellationToken cancellationToken)
   at System.Net.Http.AuthenticationHelper.SendWithNtAuthAsync(HttpRequestMessage request, Uri authUri, Boolean async, ICredentials credentials, Boolean isProxyAuth, HttpConnection connection, HttpConnectionPool connectionPool, CancellationToken cancellationToken)
   at System.Net.Http.HttpConnectionPool.SendWithVersionDetectionAndRetryAsync(HttpRequestMessage request, Boolean async, Boolean doRequestAuth, CancellationToken cancellationToken)
   at System.Net.Http.AuthenticationHelper.SendWithAuthAsync(HttpRequestMessage request, Uri authUri, Boolean async, ICredentials credentials, Boolean preAuthenticate, Boolean isProxyAuth, Boolean doRequestAuth, HttpConnectionPool pool, CancellationToken cancellationToken)
   at System.Net.Http.RedirectHandler.SendAsync(HttpRequestMessage request, Boolean async, CancellationToken cancellationToken)
   at GitHub.Services.Common.RawHttpMessageHandler.SendAsync(HttpRequestMessage request, CancellationToken cancellationToken)
[2025-09-13 03:23:41Z ERR  BrokerServer] #####################################################
[2025-09-13 03:23:41Z ERR  BrokerServer] System.IO.IOException: Unable to read data from the transport connection: The I/O operation has been aborted because of either a thread exit or an application request..
 ---> System.Net.Sockets.SocketException (995): The I/O operation has been aborted because of either a thread exit or an application request.
   --- End of inner exception stack trace ---
   at System.Net.Sockets.Socket.AwaitableSocketAsyncEventArgs.ThrowException(SocketError error, CancellationToken cancellationToken)
   at System.Net.Sockets.Socket.AwaitableSocketAsyncEventArgs.System.Threading.Tasks.Sources.IValueTaskSource<System.Int32>.GetResult(Int16 token)
   at System.Net.Security.SslStream.EnsureFullTlsFrameAsync[TIOAdapter](CancellationToken cancellationToken, Int32 estimatedSize)
   at System.Runtime.CompilerServices.PoolingAsyncValueTaskMethodBuilder`1.StateMachineBox`1.System.Threading.Tasks.Sources.IValueTaskSource<TResult>.GetResult(Int16 token)
   at System.Net.Security.SslStream.ReadAsyncInternal[TIOAdapter](Memory`1 buffer, CancellationToken cancellationToken)
   at System.Runtime.CompilerServices.PoolingAsyncValueTaskMethodBuilder`1.StateMachineBox`1.System.Threading.Tasks.Sources.IValueTaskSource<TResult>.GetResult(Int16 token)
   at System.Net.Http.HttpConnection.SendAsync(HttpRequestMessage request, Boolean async, CancellationToken cancellationToken)
[2025-09-13 03:23:41Z ERR  BrokerServer] #####################################################
[2025-09-13 03:23:41Z ERR  BrokerServer] System.Net.Sockets.SocketException (995): The I/O operation has been aborted because of either a thread exit or an application request.
[2025-09-13 03:23:41Z WARN BrokerServer] Back off 14.263 seconds before next retry. 4 attempt left.
[2025-09-13 03:48:18Z INFO Runner] Refresh message received, kick-off selfupdate background process.
[2025-09-13 03:48:20Z INFO RSAEncryptedFileKeyManager] Loading RSA key parameters from file C:\laragon\www\sapapi\actions-runner\.credentials_rsaparams
[2025-09-13 03:48:20Z INFO RSAEncryptedFileKeyManager] Loading RSA key parameters from file C:\laragon\www\sapapi\actions-runner\.credentials_rsaparams
[2025-09-13 03:48:21Z INFO GitHubActionsService] AAD Correlation ID for this token request: Unknown
[2025-09-13 03:48:21Z INFO SelfUpdater] Version '2.328.0' of 'agent' package available in server.
[2025-09-13 03:48:21Z INFO SelfUpdater] Current running runner version is 2.328.0
[2025-09-13 03:48:21Z INFO SelfUpdater] Can't find available update package.
[2025-09-13 03:48:21Z INFO Terminal] WRITE LINE: Runner update process finished.
[2025-09-13 03:48:21Z INFO Runner] Auto update task finished at backend, there is no available runner update needs to apply, continue message queue looping.
[2025-09-13 03:55:51Z INFO RSAEncryptedFileKeyManager] Loading RSA key parameters from file C:\laragon\www\sapapi\actions-runner\.credentials_rsaparams
[2025-09-13 03:55:52Z INFO GitHubActionsService] AAD Correlation ID for this token request: Unknown
[2025-09-13 04:20:30Z WARN GitHubActionsService] Attempt 1 of GET request to https://broker.actions.githubusercontent.com/message?sessionId=41a61568-3e3c-45f2-bf4b-20263580b4f6&status=Online&runnerVersion=2.328.0&os=Windows&architecture=X64&disableUpdate=false failed (Socket Error: ConnectionReset). The operation will be retried in 11.117 seconds.
[2025-09-13 04:21:02Z WARN GitHubActionsService] Attempt 2 of GET request to https://broker.actions.githubusercontent.com/message?sessionId=41a61568-3e3c-45f2-bf4b-20263580b4f6&status=Online&runnerVersion=2.328.0&os=Windows&architecture=X64&disableUpdate=false failed (Socket Error: TimedOut). The operation will be retried in 12.583 seconds.
[2025-09-13 04:21:35Z WARN GitHubActionsService] Attempt 3 of GET request to https://broker.actions.githubusercontent.com/message?sessionId=41a61568-3e3c-45f2-bf4b-20263580b4f6&status=Online&runnerVersion=2.328.0&os=Windows&architecture=X64&disableUpdate=false failed (Socket Error: TimedOut). The operation will be retried in 17.973 seconds.
[2025-09-13 04:22:15Z ERR  GitHubActionsService] Attempt 4 of GET request to https://broker.actions.githubusercontent.com/message?sessionId=41a61568-3e3c-45f2-bf4b-20263580b4f6&status=Online&runnerVersion=2.328.0&os=Windows&architecture=X64&disableUpdate=false failed (Socket Error: TimedOut). The maximum number of attempts has been reached.
[2025-09-13 04:22:15Z ERR  BrokerServer] Catch exception during request
[2025-09-13 04:22:15Z ERR  BrokerServer] System.Net.Http.HttpRequestException: A connection attempt failed because the connected party did not properly respond after a period of time, or established connection failed because connected host has failed to respond. (broker.actions.githubusercontent.com:443)
 ---> System.Net.Sockets.SocketException (10060): A connection attempt failed because the connected party did not properly respond after a period of time, or established connection failed because connected host has failed to respond.
   at System.Net.Sockets.Socket.AwaitableSocketAsyncEventArgs.ThrowException(SocketError error, CancellationToken cancellationToken)
   at System.Net.Sockets.Socket.AwaitableSocketAsyncEventArgs.System.Threading.Tasks.Sources.IValueTaskSource.GetResult(Int16 token)
   at System.Net.Sockets.Socket.<ConnectAsync>g__WaitForConnectWithCancellation|285_0(AwaitableSocketAsyncEventArgs saea, ValueTask connectTask, CancellationToken cancellationToken)
   at System.Net.Http.HttpConnectionPool.ConnectToTcpHostAsync(String host, Int32 port, HttpRequestMessage initialRequest, Boolean async, CancellationToken cancellationToken)
   --- End of inner exception stack trace ---
   at GitHub.Services.Common.VssHttpRetryMessageHandler.SendAsync(HttpRequestMessage request, CancellationToken cancellationToken)
   at System.Net.Http.HttpClient.<SendAsync>g__Core|83_0(HttpRequestMessage request, HttpCompletionOption completionOption, CancellationTokenSource cts, Boolean disposeCts, CancellationTokenSource pendingRequestsCts, CancellationToken originalCancellationToken)
   at Sdk.WebApi.WebApi.RawHttpClientBase.SendAsync(HttpRequestMessage message, HttpCompletionOption completionOption, Object userState, CancellationToken cancellationToken)
   at Sdk.WebApi.WebApi.RawHttpClientBase.SendAsync[T](HttpRequestMessage message, Boolean readErrorBody, Object userState, CancellationToken cancellationToken)
   at Sdk.WebApi.WebApi.RawHttpClientBase.SendAsync[T](HttpMethod method, IEnumerable`1 additionalHeaders, Uri requestUri, HttpContent content, IEnumerable`1 queryParameters, Boolean readErrorBody, Object userState, CancellationToken cancellationToken)
   at GitHub.Actions.RunService.WebApi.BrokerHttpClient.GetRunnerMessageAsync(Nullable`1 sessionId, String runnerVersion, Nullable`1 status, String os, String architecture, Nullable`1 disableUpdate, CancellationToken cancellationToken)
   at GitHub.Runner.Common.BrokerServer.<>c__DisplayClass7_0.<<GetRunnerMessageAsync>b__0>d.MoveNext()
--- End of stack trace from previous location ---
   at GitHub.Runner.Common.RunnerService.RetryRequest[T](Func`1 func, CancellationToken cancellationToken, Int32 maxRetryAttemptsCount, Func`2 shouldRetry)
[2025-09-13 04:22:15Z ERR  BrokerServer] #####################################################
[2025-09-13 04:22:15Z ERR  BrokerServer] System.Net.Sockets.SocketException (10060): A connection attempt failed because the connected party did not properly respond after a period of time, or established connection failed because connected host has failed to respond.
   at System.Net.Sockets.Socket.AwaitableSocketAsyncEventArgs.ThrowException(SocketError error, CancellationToken cancellationToken)
   at System.Net.Sockets.Socket.AwaitableSocketAsyncEventArgs.System.Threading.Tasks.Sources.IValueTaskSource.GetResult(Int16 token)
   at System.Net.Sockets.Socket.<ConnectAsync>g__WaitForConnectWithCancellation|285_0(AwaitableSocketAsyncEventArgs saea, ValueTask connectTask, CancellationToken cancellationToken)
   at System.Net.Http.HttpConnectionPool.ConnectToTcpHostAsync(String host, Int32 port, HttpRequestMessage initialRequest, Boolean async, CancellationToken cancellationToken)
[2025-09-13 04:22:15Z WARN BrokerServer] Back off 12.799 seconds before next retry. 4 attempt left.
[2025-09-13 04:45:56Z INFO RSAEncryptedFileKeyManager] Loading RSA key parameters from file C:\laragon\www\sapapi\actions-runner\.credentials_rsaparams
[2025-09-13 04:45:57Z INFO GitHubActionsService] AAD Correlation ID for this token request: Unknown
[2025-09-13 05:36:16Z INFO RSAEncryptedFileKeyManager] Loading RSA key parameters from file C:\laragon\www\sapapi\actions-runner\.credentials_rsaparams
[2025-09-13 05:36:17Z INFO GitHubActionsService] AAD Correlation ID for this token request: Unknown
[2025-09-13 06:26:34Z INFO RSAEncryptedFileKeyManager] Loading RSA key parameters from file C:\laragon\www\sapapi\actions-runner\.credentials_rsaparams
[2025-09-13 06:26:35Z INFO GitHubActionsService] AAD Correlation ID for this token request: Unknown
[2025-09-13 07:16:52Z INFO RSAEncryptedFileKeyManager] Loading RSA key parameters from file C:\laragon\www\sapapi\actions-runner\.credentials_rsaparams
[2025-09-13 07:16:53Z INFO GitHubActionsService] AAD Correlation ID for this token request: Unknown
[2025-09-13 08:07:11Z INFO RSAEncryptedFileKeyManager] Loading RSA key parameters from file C:\laragon\www\sapapi\actions-runner\.credentials_rsaparams
[2025-09-13 08:07:12Z INFO GitHubActionsService] AAD Correlation ID for this token request: Unknown
[2025-09-13 08:57:29Z INFO RSAEncryptedFileKeyManager] Loading RSA key parameters from file C:\laragon\www\sapapi\actions-runner\.credentials_rsaparams
[2025-09-13 08:57:30Z INFO GitHubActionsService] AAD Correlation ID for this token request: Unknown
[2025-09-13 09:47:49Z INFO RSAEncryptedFileKeyManager] Loading RSA key parameters from file C:\laragon\www\sapapi\actions-runner\.credentials_rsaparams
[2025-09-13 09:47:50Z INFO GitHubActionsService] AAD Correlation ID for this token request: Unknown
[2025-09-13 10:38:07Z INFO RSAEncryptedFileKeyManager] Loading RSA key parameters from file C:\laragon\www\sapapi\actions-runner\.credentials_rsaparams
[2025-09-13 10:38:09Z INFO GitHubActionsService] AAD Correlation ID for this token request: Unknown
[2025-09-13 11:01:08Z WARN GitHubActionsService] Attempt 1 of GET request to https://broker.actions.githubusercontent.com/message?sessionId=41a61568-3e3c-45f2-bf4b-20263580b4f6&status=Online&runnerVersion=2.328.0&os=Windows&architecture=X64&disableUpdate=false failed (Socket Error: ConnectionReset). The operation will be retried in 10.951 seconds.
[2025-09-13 11:29:00Z INFO RSAEncryptedFileKeyManager] Loading RSA key parameters from file C:\laragon\www\sapapi\actions-runner\.credentials_rsaparams
[2025-09-13 11:29:01Z INFO GitHubActionsService] AAD Correlation ID for this token request: Unknown
[2025-09-13 12:19:18Z INFO RSAEncryptedFileKeyManager] Loading RSA key parameters from file C:\laragon\www\sapapi\actions-runner\.credentials_rsaparams
[2025-09-13 12:19:19Z INFO GitHubActionsService] AAD Correlation ID for this token request: Unknown
[2025-09-13 13:09:36Z INFO RSAEncryptedFileKeyManager] Loading RSA key parameters from file C:\laragon\www\sapapi\actions-runner\.credentials_rsaparams
[2025-09-13 13:09:37Z INFO GitHubActionsService] AAD Correlation ID for this token request: Unknown
[2025-09-13 13:59:55Z INFO RSAEncryptedFileKeyManager] Loading RSA key parameters from file C:\laragon\www\sapapi\actions-runner\.credentials_rsaparams
[2025-09-13 13:59:56Z INFO GitHubActionsService] AAD Correlation ID for this token request: Unknown
[2025-09-13 14:50:13Z INFO RSAEncryptedFileKeyManager] Loading RSA key parameters from file C:\laragon\www\sapapi\actions-runner\.credentials_rsaparams
[2025-09-13 14:50:14Z INFO GitHubActionsService] AAD Correlation ID for this token request: Unknown
[2025-09-13 15:40:32Z INFO RSAEncryptedFileKeyManager] Loading RSA key parameters from file C:\laragon\www\sapapi\actions-runner\.credentials_rsaparams
[2025-09-13 15:40:33Z INFO GitHubActionsService] AAD Correlation ID for this token request: Unknown
[2025-09-13 16:30:50Z INFO RSAEncryptedFileKeyManager] Loading RSA key parameters from file C:\laragon\www\sapapi\actions-runner\.credentials_rsaparams
[2025-09-13 16:30:51Z INFO GitHubActionsService] AAD Correlation ID for this token request: Unknown
[2025-09-13 17:21:08Z INFO RSAEncryptedFileKeyManager] Loading RSA key parameters from file C:\laragon\www\sapapi\actions-runner\.credentials_rsaparams
[2025-09-13 17:21:09Z INFO GitHubActionsService] AAD Correlation ID for this token request: Unknown
[2025-09-13 18:11:26Z INFO RSAEncryptedFileKeyManager] Loading RSA key parameters from file C:\laragon\www\sapapi\actions-runner\.credentials_rsaparams
[2025-09-13 18:11:27Z INFO GitHubActionsService] AAD Correlation ID for this token request: Unknown
[2025-09-13 19:01:44Z INFO RSAEncryptedFileKeyManager] Loading RSA key parameters from file C:\laragon\www\sapapi\actions-runner\.credentials_rsaparams
[2025-09-13 19:01:45Z INFO GitHubActionsService] AAD Correlation ID for this token request: Unknown
[2025-09-13 19:52:02Z INFO RSAEncryptedFileKeyManager] Loading RSA key parameters from file C:\laragon\www\sapapi\actions-runner\.credentials_rsaparams
[2025-09-13 19:52:03Z INFO GitHubActionsService] AAD Correlation ID for this token request: Unknown
[2025-09-13 20:42:20Z INFO RSAEncryptedFileKeyManager] Loading RSA key parameters from file C:\laragon\www\sapapi\actions-runner\.credentials_rsaparams
[2025-09-13 20:42:21Z INFO GitHubActionsService] AAD Correlation ID for this token request: Unknown
[2025-09-13 21:32:39Z INFO RSAEncryptedFileKeyManager] Loading RSA key parameters from file C:\laragon\www\sapapi\actions-runner\.credentials_rsaparams
[2025-09-13 21:32:41Z INFO GitHubActionsService] AAD Correlation ID for this token request: Unknown
[2025-09-13 22:22:57Z INFO RSAEncryptedFileKeyManager] Loading RSA key parameters from file C:\laragon\www\sapapi\actions-runner\.credentials_rsaparams
[2025-09-13 22:22:58Z INFO GitHubActionsService] AAD Correlation ID for this token request: Unknown
[2025-09-13 22:53:34Z INFO Runner] Received RunnerRefreshConfigMessage for 'runner' config file
[2025-09-13 22:53:34Z INFO RunnerConfigUpdater] Verifying runner qualified id: U_kgDOAIytEA/R_kgDOPX5Qyg/self-hosted/22
[2025-09-13 22:53:34Z INFO HostContext] Well known directory 'Bin': 'C:\laragon\www\sapapi\actions-runner\bin'
[2025-09-13 22:53:34Z INFO HostContext] Well known directory 'Root': 'C:\laragon\www\sapapi\actions-runner'
[2025-09-13 22:53:34Z INFO HostContext] Well known config file 'Runner': 'C:\laragon\www\sapapi\actions-runner\.runner'
[2025-09-13 22:53:35Z INFO RSAEncryptedFileKeyManager] Loading RSA key parameters from file C:\laragon\www\sapapi\actions-runner\.credentials_rsaparams
[2025-09-13 22:53:36Z INFO GitHubActionsService] AAD Correlation ID for this token request: Unknown
[2025-09-13 22:53:36Z INFO ConfigurationStore] Saving runner migrated settings
[2025-09-13 22:53:36Z INFO ConfigurationStore] Delete exist runner migrated settings file.
[2025-09-13 22:53:36Z INFO ConfigurationStore] Migrated Settings Saved.
[2025-09-13 22:53:36Z INFO Runner] Runner configuration was updated. Session restart has been scheduled
[2025-09-13 22:53:36Z INFO Runner] Pending session restart detected and job dispatcher is not busy. Restarting session now.
[2025-09-13 22:53:36Z INFO JobDispatcher] Shutting down JobDispatcher. Make sure all WorkerDispatcher has finished.
[2025-09-13 22:53:36Z INFO Runner] Deleting Runner Session...
[2025-09-13 22:53:37Z INFO Runner] Restarting runner session after config update...
[2025-09-13 22:53:37Z INFO Runner] Runner configuration was refreshed, restarting session...
[2025-09-13 22:53:37Z INFO ConfigurationManager] LoadSettings
[2025-09-13 22:53:37Z INFO ConfigurationStore] IsConfigured()
[2025-09-13 22:53:37Z INFO ConfigurationStore] IsConfigured: True
[2025-09-13 22:53:37Z INFO ConfigurationManager] Is configured: True
[2025-09-13 22:53:37Z INFO ConfigurationManager] Settings Loaded
[2025-09-13 22:53:37Z INFO Runner] RunAsync
[2025-09-13 22:53:37Z INFO ConfigurationManager] LoadMigratedSettings
[2025-09-13 22:53:37Z INFO ConfigurationStore] IsMigratedConfigured()
[2025-09-13 22:53:37Z INFO ConfigurationStore] IsMigratedConfigured: True
[2025-09-13 22:53:37Z INFO ConfigurationManager] Migrated Settings Loaded
[2025-09-13 22:53:37Z INFO Runner] Loaded migrated settings from .runner_migrated file
[2025-09-13 22:53:37Z INFO Runner] {
  "AgentId": 22,
  "AgentName": "JO",
  "PoolId": 1,
  "PoolName": "Default",
  "ServerUrl": "https://pipelinesghubeus26.actions.githubusercontent.com/OTqsuixwcDOeboiI5ELPh9vt0loVA9erSQMzHOLYofkfIDGeBX/",
  "GitHubUrl": "https://github.com/jauharimalik/sapapi",
  "WorkFolder": "_work",
  "UseV2Flow": true,
  "ServerUrlV2": "https://broker.actions.githubusercontent.com/"
}
[2025-09-13 22:53:37Z INFO Runner] Attempting to create session using migrated settings
[2025-09-13 22:53:37Z INFO Runner] Using BrokerMessageListener
[2025-09-13 22:53:37Z INFO BrokerMessageListener] Using provided settings
[2025-09-13 22:53:37Z INFO BrokerMessageListener] Using migrated settings from .runner_migrated
[2025-09-13 22:53:37Z INFO BrokerMessageListener] {
  "AgentId": 22,
  "AgentName": "JO",
  "PoolId": 1,
  "PoolName": "Default",
  "ServerUrl": "https://pipelinesghubeus26.actions.githubusercontent.com/OTqsuixwcDOeboiI5ELPh9vt0loVA9erSQMzHOLYofkfIDGeBX/",
  "GitHubUrl": "https://github.com/jauharimalik/sapapi",
  "WorkFolder": "_work",
  "UseV2Flow": true,
  "ServerUrlV2": "https://broker.actions.githubusercontent.com/"
}
[2025-09-13 22:53:37Z INFO BrokerMessageListener] Loading Credentials
[2025-09-13 22:53:37Z INFO ConfigurationStore] HasCredentials()
[2025-09-13 22:53:37Z INFO ConfigurationStore] stored True
[2025-09-13 22:53:37Z INFO CredentialManager] GetCredentialProvider
[2025-09-13 22:53:37Z INFO CredentialManager] Creating type OAuth
[2025-09-13 22:53:37Z INFO CredentialManager] Creating credential type: OAuth
[2025-09-13 22:53:37Z INFO RSAEncryptedFileKeyManager] Loading RSA key parameters from file C:\laragon\www\sapapi\actions-runner\.credentials_rsaparams
[2025-09-13 22:53:37Z INFO BrokerMessageListener] Attempt to create session.
[2025-09-13 22:53:37Z INFO BrokerMessageListener] Connecting to the Broker Server...
[2025-09-13 22:53:37Z INFO ConfigurationStore] HasCredentials()
[2025-09-13 22:53:37Z INFO ConfigurationStore] stored True
[2025-09-13 22:53:37Z INFO CredentialManager] GetCredentialProvider
[2025-09-13 22:53:37Z INFO CredentialManager] Creating type OAuth
[2025-09-13 22:53:37Z INFO CredentialManager] Creating credential type: OAuth
[2025-09-13 22:53:37Z INFO RSAEncryptedFileKeyManager] Loading RSA key parameters from file C:\laragon\www\sapapi\actions-runner\.credentials_rsaparams
[2025-09-13 22:53:37Z INFO BrokerMessageListener] VssConnection created
[2025-09-13 22:53:37Z INFO BrokerMessageListener] Connecting to the Runner server...
[2025-09-13 22:53:37Z INFO RunnerServer] EstablishVssConnection
[2025-09-13 22:53:37Z INFO RunnerServer] Establish connection with 100 seconds timeout.
[2025-09-13 22:53:37Z INFO GitHubActionsService] Starting operation Location.GetConnectionData
[2025-09-13 22:53:37Z INFO RunnerServer] EstablishVssConnection
[2025-09-13 22:53:37Z INFO RunnerServer] Establish connection with 60 seconds timeout.
[2025-09-13 22:53:37Z INFO GitHubActionsService] Starting operation Location.GetConnectionData
[2025-09-13 22:53:37Z INFO RunnerServer] EstablishVssConnection
[2025-09-13 22:53:37Z INFO RunnerServer] Establish connection with 60 seconds timeout.
[2025-09-13 22:53:37Z INFO GitHubActionsService] Starting operation Location.GetConnectionData
[2025-09-13 22:53:38Z INFO GitHubActionsService] Finished operation Location.GetConnectionData
[2025-09-13 22:53:38Z INFO GitHubActionsService] Finished operation Location.GetConnectionData
[2025-09-13 22:53:38Z INFO GitHubActionsService] Finished operation Location.GetConnectionData
[2025-09-13 22:53:38Z INFO BrokerMessageListener] VssConnection created
[2025-09-13 22:53:38Z INFO Terminal] WRITE LINE: 
[2025-09-13 22:53:38Z INFO Terminal] WRITE LINE: 
[2025-09-13 22:53:38Z INFO RSAEncryptedFileKeyManager] Loading RSA key parameters from file C:\laragon\www\sapapi\actions-runner\.credentials_rsaparams
[2025-09-13 22:53:38Z INFO RSAEncryptedFileKeyManager] Loading RSA key parameters from file C:\laragon\www\sapapi\actions-runner\.credentials_rsaparams
[2025-09-13 22:53:39Z INFO GitHubActionsService] AAD Correlation ID for this token request: Unknown
[2025-09-13 22:53:40Z INFO BrokerMessageListener] Session created.
[2025-09-13 22:53:40Z INFO Runner] Successfully created session with migrated settings
[2025-09-13 22:53:40Z INFO Terminal] WRITE LINE: Current runner version: '2.328.0'
[2025-09-13 22:53:40Z INFO Terminal] WRITE LINE: 2025-09-13 22:53:40Z: Listening for Jobs
[2025-09-13 22:53:40Z INFO JobDispatcher] Set runner/worker IPC timeout to 30 seconds.
[2025-09-13 23:43:58Z INFO RSAEncryptedFileKeyManager] Loading RSA key parameters from file C:\laragon\www\sapapi\actions-runner\.credentials_rsaparams
[2025-09-13 23:44:00Z INFO GitHubActionsService] AAD Correlation ID for this token request: Unknown
[2025-09-14 00:34:17Z INFO RSAEncryptedFileKeyManager] Loading RSA key parameters from file C:\laragon\www\sapapi\actions-runner\.credentials_rsaparams
[2025-09-14 00:34:18Z INFO GitHubActionsService] AAD Correlation ID for this token request: Unknown
[2025-09-14 01:24:35Z INFO RSAEncryptedFileKeyManager] Loading RSA key parameters from file C:\laragon\www\sapapi\actions-runner\.credentials_rsaparams
[2025-09-14 01:24:36Z INFO GitHubActionsService] AAD Correlation ID for this token request: Unknown
[2025-09-14 02:14:53Z INFO RSAEncryptedFileKeyManager] Loading RSA key parameters from file C:\laragon\www\sapapi\actions-runner\.credentials_rsaparams
[2025-09-14 02:14:54Z INFO GitHubActionsService] AAD Correlation ID for this token request: Unknown
[2025-09-14 03:05:11Z INFO RSAEncryptedFileKeyManager] Loading RSA key parameters from file C:\laragon\www\sapapi\actions-runner\.credentials_rsaparams
[2025-09-14 03:05:12Z INFO GitHubActionsService] AAD Correlation ID for this token request: Unknown
[2025-09-14 03:48:18Z INFO Runner] Refresh message received, kick-off selfupdate background process.
[2025-09-14 03:48:19Z INFO RSAEncryptedFileKeyManager] Loading RSA key parameters from file C:\laragon\www\sapapi\actions-runner\.credentials_rsaparams
[2025-09-14 03:48:19Z INFO RSAEncryptedFileKeyManager] Loading RSA key parameters from file C:\laragon\www\sapapi\actions-runner\.credentials_rsaparams
[2025-09-14 03:48:20Z INFO GitHubActionsService] AAD Correlation ID for this token request: Unknown
[2025-09-14 03:48:20Z INFO SelfUpdater] Version '2.328.0' of 'agent' package available in server.
[2025-09-14 03:48:20Z INFO SelfUpdater] Current running runner version is 2.328.0
[2025-09-14 03:48:20Z INFO SelfUpdater] Can't find available update package.
[2025-09-14 03:48:20Z INFO Terminal] WRITE LINE: Runner update process finished.
[2025-09-14 03:48:21Z INFO Runner] Auto update task finished at backend, there is no available runner update needs to apply, continue message queue looping.
[2025-09-14 03:55:51Z INFO RSAEncryptedFileKeyManager] Loading RSA key parameters from file C:\laragon\www\sapapi\actions-runner\.credentials_rsaparams
[2025-09-14 03:55:52Z INFO GitHubActionsService] AAD Correlation ID for this token request: Unknown
[2025-09-14 04:46:09Z INFO RSAEncryptedFileKeyManager] Loading RSA key parameters from file C:\laragon\www\sapapi\actions-runner\.credentials_rsaparams
[2025-09-14 04:46:10Z INFO GitHubActionsService] AAD Correlation ID for this token request: Unknown
[2025-09-14 05:36:29Z INFO RSAEncryptedFileKeyManager] Loading RSA key parameters from file C:\laragon\www\sapapi\actions-runner\.credentials_rsaparams
[2025-09-14 05:36:30Z INFO GitHubActionsService] AAD Correlation ID for this token request: Unknown
[2025-09-14 06:26:47Z INFO RSAEncryptedFileKeyManager] Loading RSA key parameters from file C:\laragon\www\sapapi\actions-runner\.credentials_rsaparams
[2025-09-14 06:26:48Z INFO GitHubActionsService] AAD Correlation ID for this token request: Unknown
[2025-09-14 07:17:05Z INFO RSAEncryptedFileKeyManager] Loading RSA key parameters from file C:\laragon\www\sapapi\actions-runner\.credentials_rsaparams
[2025-09-14 07:17:06Z INFO GitHubActionsService] AAD Correlation ID for this token request: Unknown
[2025-09-14 08:07:23Z INFO RSAEncryptedFileKeyManager] Loading RSA key parameters from file C:\laragon\www\sapapi\actions-runner\.credentials_rsaparams
[2025-09-14 08:07:24Z INFO GitHubActionsService] AAD Correlation ID for this token request: Unknown
[2025-09-14 08:57:42Z INFO RSAEncryptedFileKeyManager] Loading RSA key parameters from file C:\laragon\www\sapapi\actions-runner\.credentials_rsaparams
[2025-09-14 08:57:43Z INFO GitHubActionsService] AAD Correlation ID for this token request: Unknown
[2025-09-14 09:48:00Z INFO RSAEncryptedFileKeyManager] Loading RSA key parameters from file C:\laragon\www\sapapi\actions-runner\.credentials_rsaparams
[2025-09-14 09:48:01Z INFO GitHubActionsService] AAD Correlation ID for this token request: Unknown
[2025-09-14 10:38:18Z INFO RSAEncryptedFileKeyManager] Loading RSA key parameters from file C:\laragon\www\sapapi\actions-runner\.credentials_rsaparams
[2025-09-14 10:38:19Z INFO GitHubActionsService] AAD Correlation ID for this token request: Unknown
[2025-09-14 11:28:36Z INFO RSAEncryptedFileKeyManager] Loading RSA key parameters from file C:\laragon\www\sapapi\actions-runner\.credentials_rsaparams
[2025-09-14 11:28:37Z INFO GitHubActionsService] AAD Correlation ID for this token request: Unknown
[2025-09-14 12:18:58Z INFO RSAEncryptedFileKeyManager] Loading RSA key parameters from file C:\laragon\www\sapapi\actions-runner\.credentials_rsaparams
[2025-09-14 12:18:59Z INFO GitHubActionsService] AAD Correlation ID for this token request: Unknown
[2025-09-14 13:09:17Z INFO RSAEncryptedFileKeyManager] Loading RSA key parameters from file C:\laragon\www\sapapi\actions-runner\.credentials_rsaparams
[2025-09-14 13:09:18Z INFO GitHubActionsService] AAD Correlation ID for this token request: Unknown
[2025-09-14 13:59:35Z INFO RSAEncryptedFileKeyManager] Loading RSA key parameters from file C:\laragon\www\sapapi\actions-runner\.credentials_rsaparams
[2025-09-14 13:59:36Z INFO GitHubActionsService] AAD Correlation ID for this token request: Unknown
[2025-09-14 14:49:53Z INFO RSAEncryptedFileKeyManager] Loading RSA key parameters from file C:\laragon\www\sapapi\actions-runner\.credentials_rsaparams
[2025-09-14 14:49:54Z INFO GitHubActionsService] AAD Correlation ID for this token request: Unknown
[2025-09-14 15:40:12Z INFO RSAEncryptedFileKeyManager] Loading RSA key parameters from file C:\laragon\www\sapapi\actions-runner\.credentials_rsaparams
[2025-09-14 15:40:13Z INFO GitHubActionsService] AAD Correlation ID for this token request: Unknown
[2025-09-14 16:30:30Z INFO RSAEncryptedFileKeyManager] Loading RSA key parameters from file C:\laragon\www\sapapi\actions-runner\.credentials_rsaparams
[2025-09-14 16:30:31Z INFO GitHubActionsService] AAD Correlation ID for this token request: Unknown
[2025-09-14 17:20:48Z INFO RSAEncryptedFileKeyManager] Loading RSA key parameters from file C:\laragon\www\sapapi\actions-runner\.credentials_rsaparams
[2025-09-14 17:20:49Z INFO GitHubActionsService] AAD Correlation ID for this token request: Unknown
[2025-09-14 18:11:05Z INFO RSAEncryptedFileKeyManager] Loading RSA key parameters from file C:\laragon\www\sapapi\actions-runner\.credentials_rsaparams
[2025-09-14 18:11:07Z INFO GitHubActionsService] AAD Correlation ID for this token request: Unknown
[2025-09-14 19:01:23Z INFO RSAEncryptedFileKeyManager] Loading RSA key parameters from file C:\laragon\www\sapapi\actions-runner\.credentials_rsaparams
[2025-09-14 19:01:24Z INFO GitHubActionsService] AAD Correlation ID for this token request: Unknown
[2025-09-14 19:51:41Z INFO RSAEncryptedFileKeyManager] Loading RSA key parameters from file C:\laragon\www\sapapi\actions-runner\.credentials_rsaparams
[2025-09-14 19:51:42Z INFO GitHubActionsService] AAD Correlation ID for this token request: Unknown
[2025-09-14 20:41:58Z INFO RSAEncryptedFileKeyManager] Loading RSA key parameters from file C:\laragon\www\sapapi\actions-runner\.credentials_rsaparams
[2025-09-14 20:41:59Z INFO GitHubActionsService] AAD Correlation ID for this token request: Unknown
[2025-09-14 21:32:16Z INFO RSAEncryptedFileKeyManager] Loading RSA key parameters from file C:\laragon\www\sapapi\actions-runner\.credentials_rsaparams
[2025-09-14 21:32:17Z INFO GitHubActionsService] AAD Correlation ID for this token request: Unknown
[2025-09-14 22:22:34Z INFO RSAEncryptedFileKeyManager] Loading RSA key parameters from file C:\laragon\www\sapapi\actions-runner\.credentials_rsaparams
[2025-09-14 22:22:35Z INFO GitHubActionsService] AAD Correlation ID for this token request: Unknown
[2025-09-14 22:53:34Z INFO Runner] Received RunnerRefreshConfigMessage for 'runner' config file
[2025-09-14 22:53:34Z INFO RunnerConfigUpdater] Verifying runner qualified id: U_kgDOAIytEA/R_kgDOPX5Qyg/self-hosted/22
[2025-09-14 22:53:34Z INFO HostContext] Well known directory 'Bin': 'C:\laragon\www\sapapi\actions-runner\bin'
[2025-09-14 22:53:34Z INFO HostContext] Well known directory 'Root': 'C:\laragon\www\sapapi\actions-runner'
[2025-09-14 22:53:34Z INFO HostContext] Well known config file 'Runner': 'C:\laragon\www\sapapi\actions-runner\.runner'
[2025-09-14 22:53:35Z INFO RSAEncryptedFileKeyManager] Loading RSA key parameters from file C:\laragon\www\sapapi\actions-runner\.credentials_rsaparams
[2025-09-14 22:53:36Z INFO GitHubActionsService] AAD Correlation ID for this token request: Unknown
[2025-09-14 22:53:36Z INFO ConfigurationStore] Saving runner migrated settings
[2025-09-14 22:53:36Z INFO ConfigurationStore] Delete exist runner migrated settings file.
[2025-09-14 22:53:36Z INFO ConfigurationStore] Migrated Settings Saved.
[2025-09-14 22:53:36Z INFO Runner] Runner configuration was updated. Session restart has been scheduled
[2025-09-14 22:53:36Z INFO Runner] Pending session restart detected and job dispatcher is not busy. Restarting session now.
[2025-09-14 22:53:36Z INFO JobDispatcher] Shutting down JobDispatcher. Make sure all WorkerDispatcher has finished.
[2025-09-14 22:53:36Z INFO Runner] Deleting Runner Session...
[2025-09-14 22:53:36Z INFO Runner] Restarting runner session after config update...
[2025-09-14 22:53:36Z INFO Runner] Runner configuration was refreshed, restarting session...
[2025-09-14 22:53:36Z INFO ConfigurationManager] LoadSettings
[2025-09-14 22:53:36Z INFO ConfigurationStore] IsConfigured()
[2025-09-14 22:53:36Z INFO ConfigurationStore] IsConfigured: True
[2025-09-14 22:53:36Z INFO ConfigurationManager] Is configured: True
[2025-09-14 22:53:36Z INFO ConfigurationManager] Settings Loaded
[2025-09-14 22:53:36Z INFO Runner] RunAsync
[2025-09-14 22:53:36Z INFO ConfigurationManager] LoadMigratedSettings
[2025-09-14 22:53:36Z INFO ConfigurationStore] IsMigratedConfigured()
[2025-09-14 22:53:36Z INFO ConfigurationStore] IsMigratedConfigured: True
[2025-09-14 22:53:36Z INFO ConfigurationManager] Migrated Settings Loaded
[2025-09-14 22:53:36Z INFO Runner] Loaded migrated settings from .runner_migrated file
[2025-09-14 22:53:36Z INFO Runner] {
  "AgentId": 22,
  "AgentName": "JO",
  "PoolId": 1,
  "PoolName": "Default",
  "ServerUrl": "https://pipelinesghubeus26.actions.githubusercontent.com/OTqsuixwcDOeboiI5ELPh9vt0loVA9erSQMzHOLYofkfIDGeBX/",
  "GitHubUrl": "https://github.com/jauharimalik/sapapi",
  "WorkFolder": "_work",
  "UseV2Flow": true,
  "ServerUrlV2": "https://broker.actions.githubusercontent.com/"
}
[2025-09-14 22:53:36Z INFO Runner] Attempting to create session using migrated settings
[2025-09-14 22:53:36Z INFO Runner] Using BrokerMessageListener
[2025-09-14 22:53:36Z INFO BrokerMessageListener] Using provided settings
[2025-09-14 22:53:36Z INFO BrokerMessageListener] Using migrated settings from .runner_migrated
[2025-09-14 22:53:36Z INFO BrokerMessageListener] {
  "AgentId": 22,
  "AgentName": "JO",
  "PoolId": 1,
  "PoolName": "Default",
  "ServerUrl": "https://pipelinesghubeus26.actions.githubusercontent.com/OTqsuixwcDOeboiI5ELPh9vt0loVA9erSQMzHOLYofkfIDGeBX/",
  "GitHubUrl": "https://github.com/jauharimalik/sapapi",
  "WorkFolder": "_work",
  "UseV2Flow": true,
  "ServerUrlV2": "https://broker.actions.githubusercontent.com/"
}
[2025-09-14 22:53:36Z INFO BrokerMessageListener] Loading Credentials
[2025-09-14 22:53:36Z INFO ConfigurationStore] HasCredentials()
[2025-09-14 22:53:36Z INFO ConfigurationStore] stored True
[2025-09-14 22:53:36Z INFO CredentialManager] GetCredentialProvider
[2025-09-14 22:53:36Z INFO CredentialManager] Creating type OAuth
[2025-09-14 22:53:36Z INFO CredentialManager] Creating credential type: OAuth
[2025-09-14 22:53:36Z INFO RSAEncryptedFileKeyManager] Loading RSA key parameters from file C:\laragon\www\sapapi\actions-runner\.credentials_rsaparams
[2025-09-14 22:53:36Z INFO BrokerMessageListener] Attempt to create session.
[2025-09-14 22:53:36Z INFO BrokerMessageListener] Connecting to the Broker Server...
[2025-09-14 22:53:36Z INFO ConfigurationStore] HasCredentials()
[2025-09-14 22:53:36Z INFO ConfigurationStore] stored True
[2025-09-14 22:53:36Z INFO CredentialManager] GetCredentialProvider
[2025-09-14 22:53:36Z INFO CredentialManager] Creating type OAuth
[2025-09-14 22:53:36Z INFO CredentialManager] Creating credential type: OAuth
[2025-09-14 22:53:36Z INFO RSAEncryptedFileKeyManager] Loading RSA key parameters from file C:\laragon\www\sapapi\actions-runner\.credentials_rsaparams
[2025-09-14 22:53:36Z INFO BrokerMessageListener] VssConnection created
[2025-09-14 22:53:36Z INFO BrokerMessageListener] Connecting to the Runner server...
[2025-09-14 22:53:36Z INFO RunnerServer] EstablishVssConnection
[2025-09-14 22:53:36Z INFO RunnerServer] Establish connection with 100 seconds timeout.
[2025-09-14 22:53:36Z INFO GitHubActionsService] Starting operation Location.GetConnectionData
[2025-09-14 22:53:36Z INFO RunnerServer] EstablishVssConnection
[2025-09-14 22:53:36Z INFO RunnerServer] Establish connection with 60 seconds timeout.
[2025-09-14 22:53:36Z INFO GitHubActionsService] Starting operation Location.GetConnectionData
[2025-09-14 22:53:36Z INFO RunnerServer] EstablishVssConnection
[2025-09-14 22:53:36Z INFO RunnerServer] Establish connection with 60 seconds timeout.
[2025-09-14 22:53:36Z INFO GitHubActionsService] Starting operation Location.GetConnectionData
[2025-09-14 22:53:37Z INFO GitHubActionsService] Finished operation Location.GetConnectionData
[2025-09-14 22:53:37Z INFO GitHubActionsService] Finished operation Location.GetConnectionData
[2025-09-14 22:53:38Z INFO GitHubActionsService] Finished operation Location.GetConnectionData
[2025-09-14 22:53:38Z INFO BrokerMessageListener] VssConnection created
[2025-09-14 22:53:38Z INFO Terminal] WRITE LINE: 
[2025-09-14 22:53:38Z INFO Terminal] WRITE LINE: 
[2025-09-14 22:53:38Z INFO RSAEncryptedFileKeyManager] Loading RSA key parameters from file C:\laragon\www\sapapi\actions-runner\.credentials_rsaparams
[2025-09-14 22:53:38Z INFO RSAEncryptedFileKeyManager] Loading RSA key parameters from file C:\laragon\www\sapapi\actions-runner\.credentials_rsaparams
[2025-09-14 22:53:39Z INFO GitHubActionsService] AAD Correlation ID for this token request: Unknown
[2025-09-14 22:53:40Z INFO BrokerMessageListener] Session created.
[2025-09-14 22:53:40Z INFO Runner] Successfully created session with migrated settings
[2025-09-14 22:53:40Z INFO Terminal] WRITE LINE: Current runner version: '2.328.0'
[2025-09-14 22:53:40Z INFO Terminal] WRITE LINE: 2025-09-14 22:53:40Z: Listening for Jobs
[2025-09-14 22:53:40Z INFO JobDispatcher] Set runner/worker IPC timeout to 30 seconds.
[2025-09-14 23:43:57Z INFO RSAEncryptedFileKeyManager] Loading RSA key parameters from file C:\laragon\www\sapapi\actions-runner\.credentials_rsaparams
[2025-09-14 23:43:58Z INFO GitHubActionsService] AAD Correlation ID for this token request: Unknown
[2025-09-15 00:34:15Z INFO RSAEncryptedFileKeyManager] Loading RSA key parameters from file C:\laragon\www\sapapi\actions-runner\.credentials_rsaparams
[2025-09-15 00:34:16Z INFO GitHubActionsService] AAD Correlation ID for this token request: Unknown
[2025-09-15 01:24:33Z INFO RSAEncryptedFileKeyManager] Loading RSA key parameters from file C:\laragon\www\sapapi\actions-runner\.credentials_rsaparams
[2025-09-15 01:24:34Z INFO GitHubActionsService] AAD Correlation ID for this token request: Unknown
[2025-09-15 02:14:51Z INFO RSAEncryptedFileKeyManager] Loading RSA key parameters from file C:\laragon\www\sapapi\actions-runner\.credentials_rsaparams
[2025-09-15 02:14:52Z INFO GitHubActionsService] AAD Correlation ID for this token request: Unknown
[2025-09-15 03:05:10Z INFO RSAEncryptedFileKeyManager] Loading RSA key parameters from file C:\laragon\www\sapapi\actions-runner\.credentials_rsaparams
[2025-09-15 03:05:11Z INFO GitHubActionsService] AAD Correlation ID for this token request: Unknown
[2025-09-15 03:48:18Z INFO Runner] Refresh message received, kick-off selfupdate background process.
[2025-09-15 03:48:19Z INFO RSAEncryptedFileKeyManager] Loading RSA key parameters from file C:\laragon\www\sapapi\actions-runner\.credentials_rsaparams
[2025-09-15 03:48:19Z INFO RSAEncryptedFileKeyManager] Loading RSA key parameters from file C:\laragon\www\sapapi\actions-runner\.credentials_rsaparams
[2025-09-15 03:48:20Z INFO GitHubActionsService] AAD Correlation ID for this token request: Unknown
[2025-09-15 03:48:20Z INFO SelfUpdater] Version '2.328.0' of 'agent' package available in server.
[2025-09-15 03:48:20Z INFO SelfUpdater] Current running runner version is 2.328.0
[2025-09-15 03:48:20Z INFO SelfUpdater] Can't find available update package.
[2025-09-15 03:48:20Z INFO Terminal] WRITE LINE: Runner update process finished.
[2025-09-15 03:48:21Z INFO Runner] Auto update task finished at backend, there is no available runner update needs to apply, continue message queue looping.
[2025-09-15 03:55:51Z INFO RSAEncryptedFileKeyManager] Loading RSA key parameters from file C:\laragon\www\sapapi\actions-runner\.credentials_rsaparams
[2025-09-15 03:55:52Z INFO GitHubActionsService] AAD Correlation ID for this token request: Unknown
[2025-09-15 04:23:47Z WARN GitHubActionsService] GET request to https://broker.actions.githubusercontent.com/message?sessionId=b1bf8598-28ce-4045-9761-c256c7ef6c85&status=Online&runnerVersion=2.328.0&os=Windows&architecture=X64&disableUpdate=false timed out after 100 seconds.
[2025-09-15 04:23:47Z ERR  BrokerServer] Catch exception during request
[2025-09-15 04:23:47Z ERR  BrokerServer] System.TimeoutException: The HTTP request timed out after 00:01:40.
 ---> System.Threading.Tasks.TaskCanceledException: The operation was canceled.
 ---> System.IO.IOException: Unable to read data from the transport connection: The I/O operation has been aborted because of either a thread exit or an application request..
 ---> System.Net.Sockets.SocketException (995): The I/O operation has been aborted because of either a thread exit or an application request.
   --- End of inner exception stack trace ---
   at System.Net.Sockets.Socket.AwaitableSocketAsyncEventArgs.ThrowException(SocketError error, CancellationToken cancellationToken)
   at System.Net.Sockets.Socket.AwaitableSocketAsyncEventArgs.System.Threading.Tasks.Sources.IValueTaskSource<System.Int32>.GetResult(Int16 token)
   at System.Net.Security.SslStream.EnsureFullTlsFrameAsync[TIOAdapter](CancellationToken cancellationToken, Int32 estimatedSize)
   at System.Runtime.CompilerServices.PoolingAsyncValueTaskMethodBuilder`1.StateMachineBox`1.System.Threading.Tasks.Sources.IValueTaskSource<TResult>.GetResult(Int16 token)
   at System.Net.Security.SslStream.ReadAsyncInternal[TIOAdapter](Memory`1 buffer, CancellationToken cancellationToken)
   at System.Runtime.CompilerServices.PoolingAsyncValueTaskMethodBuilder`1.StateMachineBox`1.System.Threading.Tasks.Sources.IValueTaskSource<TResult>.GetResult(Int16 token)
   at System.Net.Http.HttpConnection.SendAsync(HttpRequestMessage request, Boolean async, CancellationToken cancellationToken)
   --- End of inner exception stack trace ---
   at System.Net.Http.HttpConnection.SendAsync(HttpRequestMessage request, Boolean async, CancellationToken cancellationToken)
   at System.Net.Http.AuthenticationHelper.SendWithNtAuthAsync(HttpRequestMessage request, Uri authUri, Boolean async, ICredentials credentials, Boolean isProxyAuth, HttpConnection connection, HttpConnectionPool connectionPool, CancellationToken cancellationToken)
   at System.Net.Http.HttpConnectionPool.SendWithVersionDetectionAndRetryAsync(HttpRequestMessage request, Boolean async, Boolean doRequestAuth, CancellationToken cancellationToken)
   at System.Net.Http.AuthenticationHelper.SendWithAuthAsync(HttpRequestMessage request, Uri authUri, Boolean async, ICredentials credentials, Boolean preAuthenticate, Boolean isProxyAuth, Boolean doRequestAuth, HttpConnectionPool pool, CancellationToken cancellationToken)
   at System.Net.Http.RedirectHandler.SendAsync(HttpRequestMessage request, Boolean async, CancellationToken cancellationToken)
   at GitHub.Services.Common.RawHttpMessageHandler.SendAsync(HttpRequestMessage request, CancellationToken cancellationToken)
   --- End of inner exception stack trace ---
   at GitHub.Services.Common.RawHttpMessageHandler.SendAsync(HttpRequestMessage request, CancellationToken cancellationToken)
   at GitHub.Services.Common.VssHttpRetryMessageHandler.SendAsync(HttpRequestMessage request, CancellationToken cancellationToken)
   at System.Net.Http.HttpClient.<SendAsync>g__Core|83_0(HttpRequestMessage request, HttpCompletionOption completionOption, CancellationTokenSource cts, Boolean disposeCts, CancellationTokenSource pendingRequestsCts, CancellationToken originalCancellationToken)
   at Sdk.WebApi.WebApi.RawHttpClientBase.SendAsync(HttpRequestMessage message, HttpCompletionOption completionOption, Object userState, CancellationToken cancellationToken)
   at Sdk.WebApi.WebApi.RawHttpClientBase.SendAsync[T](HttpRequestMessage message, Boolean readErrorBody, Object userState, CancellationToken cancellationToken)
   at Sdk.WebApi.WebApi.RawHttpClientBase.SendAsync[T](HttpMethod method, IEnumerable`1 additionalHeaders, Uri requestUri, HttpContent content, IEnumerable`1 queryParameters, Boolean readErrorBody, Object userState, CancellationToken cancellationToken)
   at GitHub.Actions.RunService.WebApi.BrokerHttpClient.GetRunnerMessageAsync(Nullable`1 sessionId, String runnerVersion, Nullable`1 status, String os, String architecture, Nullable`1 disableUpdate, CancellationToken cancellationToken)
   at GitHub.Runner.Common.BrokerServer.<>c__DisplayClass7_0.<<GetRunnerMessageAsync>b__0>d.MoveNext()
--- End of stack trace from previous location ---
   at GitHub.Runner.Common.RunnerService.RetryRequest[T](Func`1 func, CancellationToken cancellationToken, Int32 maxRetryAttemptsCount, Func`2 shouldRetry)
[2025-09-15 04:23:47Z ERR  BrokerServer] #####################################################
[2025-09-15 04:23:47Z ERR  BrokerServer] System.Threading.Tasks.TaskCanceledException: The operation was canceled.
 ---> System.IO.IOException: Unable to read data from the transport connection: The I/O operation has been aborted because of either a thread exit or an application request..
 ---> System.Net.Sockets.SocketException (995): The I/O operation has been aborted because of either a thread exit or an application request.
   --- End of inner exception stack trace ---
   at System.Net.Sockets.Socket.AwaitableSocketAsyncEventArgs.ThrowException(SocketError error, CancellationToken cancellationToken)
   at System.Net.Sockets.Socket.AwaitableSocketAsyncEventArgs.System.Threading.Tasks.Sources.IValueTaskSource<System.Int32>.GetResult(Int16 token)
   at System.Net.Security.SslStream.EnsureFullTlsFrameAsync[TIOAdapter](CancellationToken cancellationToken, Int32 estimatedSize)
   at System.Runtime.CompilerServices.PoolingAsyncValueTaskMethodBuilder`1.StateMachineBox`1.System.Threading.Tasks.Sources.IValueTaskSource<TResult>.GetResult(Int16 token)
   at System.Net.Security.SslStream.ReadAsyncInternal[TIOAdapter](Memory`1 buffer, CancellationToken cancellationToken)
   at System.Runtime.CompilerServices.PoolingAsyncValueTaskMethodBuilder`1.StateMachineBox`1.System.Threading.Tasks.Sources.IValueTaskSource<TResult>.GetResult(Int16 token)
   at System.Net.Http.HttpConnection.SendAsync(HttpRequestMessage request, Boolean async, CancellationToken cancellationToken)
   --- End of inner exception stack trace ---
   at System.Net.Http.HttpConnection.SendAsync(HttpRequestMessage request, Boolean async, CancellationToken cancellationToken)
   at System.Net.Http.AuthenticationHelper.SendWithNtAuthAsync(HttpRequestMessage request, Uri authUri, Boolean async, ICredentials credentials, Boolean isProxyAuth, HttpConnection connection, HttpConnectionPool connectionPool, CancellationToken cancellationToken)
   at System.Net.Http.HttpConnectionPool.SendWithVersionDetectionAndRetryAsync(HttpRequestMessage request, Boolean async, Boolean doRequestAuth, CancellationToken cancellationToken)
   at System.Net.Http.AuthenticationHelper.SendWithAuthAsync(HttpRequestMessage request, Uri authUri, Boolean async, ICredentials credentials, Boolean preAuthenticate, Boolean isProxyAuth, Boolean doRequestAuth, HttpConnectionPool pool, CancellationToken cancellationToken)
   at System.Net.Http.RedirectHandler.SendAsync(HttpRequestMessage request, Boolean async, CancellationToken cancellationToken)
   at GitHub.Services.Common.RawHttpMessageHandler.SendAsync(HttpRequestMessage request, CancellationToken cancellationToken)
[2025-09-15 04:23:47Z ERR  BrokerServer] #####################################################
[2025-09-15 04:23:47Z ERR  BrokerServer] System.IO.IOException: Unable to read data from the transport connection: The I/O operation has been aborted because of either a thread exit or an application request..
 ---> System.Net.Sockets.SocketException (995): The I/O operation has been aborted because of either a thread exit or an application request.
   --- End of inner exception stack trace ---
   at System.Net.Sockets.Socket.AwaitableSocketAsyncEventArgs.ThrowException(SocketError error, CancellationToken cancellationToken)
   at System.Net.Sockets.Socket.AwaitableSocketAsyncEventArgs.System.Threading.Tasks.Sources.IValueTaskSource<System.Int32>.GetResult(Int16 token)
   at System.Net.Security.SslStream.EnsureFullTlsFrameAsync[TIOAdapter](CancellationToken cancellationToken, Int32 estimatedSize)
   at System.Runtime.CompilerServices.PoolingAsyncValueTaskMethodBuilder`1.StateMachineBox`1.System.Threading.Tasks.Sources.IValueTaskSource<TResult>.GetResult(Int16 token)
   at System.Net.Security.SslStream.ReadAsyncInternal[TIOAdapter](Memory`1 buffer, CancellationToken cancellationToken)
   at System.Runtime.CompilerServices.PoolingAsyncValueTaskMethodBuilder`1.StateMachineBox`1.System.Threading.Tasks.Sources.IValueTaskSource<TResult>.GetResult(Int16 token)
   at System.Net.Http.HttpConnection.SendAsync(HttpRequestMessage request, Boolean async, CancellationToken cancellationToken)
[2025-09-15 04:23:47Z ERR  BrokerServer] #####################################################
[2025-09-15 04:23:47Z ERR  BrokerServer] System.Net.Sockets.SocketException (995): The I/O operation has been aborted because of either a thread exit or an application request.
[2025-09-15 04:23:47Z WARN BrokerServer] Back off 11.036 seconds before next retry. 4 attempt left.
[2025-09-15 04:46:23Z INFO RSAEncryptedFileKeyManager] Loading RSA key parameters from file C:\laragon\www\sapapi\actions-runner\.credentials_rsaparams
[2025-09-15 04:46:24Z INFO GitHubActionsService] AAD Correlation ID for this token request: Unknown
[2025-09-15 05:36:42Z INFO RSAEncryptedFileKeyManager] Loading RSA key parameters from file C:\laragon\www\sapapi\actions-runner\.credentials_rsaparams
[2025-09-15 05:36:43Z INFO GitHubActionsService] AAD Correlation ID for this token request: Unknown
[2025-09-15 06:27:01Z INFO RSAEncryptedFileKeyManager] Loading RSA key parameters from file C:\laragon\www\sapapi\actions-runner\.credentials_rsaparams
[2025-09-15 06:27:02Z INFO GitHubActionsService] AAD Correlation ID for this token request: Unknown
[2025-09-15 07:17:20Z INFO RSAEncryptedFileKeyManager] Loading RSA key parameters from file C:\laragon\www\sapapi\actions-runner\.credentials_rsaparams
[2025-09-15 07:17:21Z INFO GitHubActionsService] AAD Correlation ID for this token request: Unknown
[2025-09-15 08:07:39Z INFO RSAEncryptedFileKeyManager] Loading RSA key parameters from file C:\laragon\www\sapapi\actions-runner\.credentials_rsaparams
[2025-09-15 08:07:40Z INFO GitHubActionsService] AAD Correlation ID for this token request: Unknown
[2025-09-15 08:48:44Z WARN GitHubActionsService] Attempt 1 of GET request to https://broker.actions.githubusercontent.com/message?sessionId=b1bf8598-28ce-4045-9761-c256c7ef6c85&status=Online&runnerVersion=2.328.0&os=Windows&architecture=X64&disableUpdate=false failed (Socket Error: ConnectionReset). The operation will be retried in 11.057 seconds.
[2025-09-15 08:58:10Z INFO RSAEncryptedFileKeyManager] Loading RSA key parameters from file C:\laragon\www\sapapi\actions-runner\.credentials_rsaparams
[2025-09-15 08:58:12Z INFO GitHubActionsService] AAD Correlation ID for this token request: Unknown
[2025-09-15 09:48:33Z INFO RSAEncryptedFileKeyManager] Loading RSA key parameters from file C:\laragon\www\sapapi\actions-runner\.credentials_rsaparams
[2025-09-15 09:48:34Z INFO GitHubActionsService] AAD Correlation ID for this token request: Unknown
[2025-09-15 10:38:55Z INFO RSAEncryptedFileKeyManager] Loading RSA key parameters from file C:\laragon\www\sapapi\actions-runner\.credentials_rsaparams
[2025-09-15 10:38:56Z INFO GitHubActionsService] AAD Correlation ID for this token request: Unknown
[2025-09-15 11:29:17Z INFO RSAEncryptedFileKeyManager] Loading RSA key parameters from file C:\laragon\www\sapapi\actions-runner\.credentials_rsaparams
[2025-09-15 11:29:18Z INFO GitHubActionsService] AAD Correlation ID for this token request: Unknown
[2025-09-15 12:19:40Z INFO RSAEncryptedFileKeyManager] Loading RSA key parameters from file C:\laragon\www\sapapi\actions-runner\.credentials_rsaparams
[2025-09-15 12:19:41Z INFO GitHubActionsService] AAD Correlation ID for this token request: Unknown
[2025-09-15 13:10:01Z INFO RSAEncryptedFileKeyManager] Loading RSA key parameters from file C:\laragon\www\sapapi\actions-runner\.credentials_rsaparams
[2025-09-15 13:10:02Z INFO GitHubActionsService] AAD Correlation ID for this token request: Unknown
[2025-09-15 14:00:24Z INFO RSAEncryptedFileKeyManager] Loading RSA key parameters from file C:\laragon\www\sapapi\actions-runner\.credentials_rsaparams
[2025-09-15 14:00:25Z INFO GitHubActionsService] AAD Correlation ID for this token request: Unknown
[2025-09-15 14:50:48Z INFO RSAEncryptedFileKeyManager] Loading RSA key parameters from file C:\laragon\www\sapapi\actions-runner\.credentials_rsaparams
[2025-09-15 14:50:49Z INFO GitHubActionsService] AAD Correlation ID for this token request: Unknown
[2025-09-15 15:41:12Z INFO RSAEncryptedFileKeyManager] Loading RSA key parameters from file C:\laragon\www\sapapi\actions-runner\.credentials_rsaparams
[2025-09-15 15:41:13Z INFO GitHubActionsService] AAD Correlation ID for this token request: Unknown
[2025-09-15 16:31:35Z INFO RSAEncryptedFileKeyManager] Loading RSA key parameters from file C:\laragon\www\sapapi\actions-runner\.credentials_rsaparams
[2025-09-15 16:31:36Z INFO GitHubActionsService] AAD Correlation ID for this token request: Unknown
[2025-09-15 17:21:59Z INFO RSAEncryptedFileKeyManager] Loading RSA key parameters from file C:\laragon\www\sapapi\actions-runner\.credentials_rsaparams
[2025-09-15 17:22:01Z INFO GitHubActionsService] AAD Correlation ID for this token request: Unknown
[2025-09-15 18:12:24Z INFO RSAEncryptedFileKeyManager] Loading RSA key parameters from file C:\laragon\www\sapapi\actions-runner\.credentials_rsaparams
[2025-09-15 18:12:25Z INFO GitHubActionsService] AAD Correlation ID for this token request: Unknown
[2025-09-15 19:02:51Z INFO RSAEncryptedFileKeyManager] Loading RSA key parameters from file C:\laragon\www\sapapi\actions-runner\.credentials_rsaparams
[2025-09-15 19:02:52Z INFO GitHubActionsService] AAD Correlation ID for this token request: Unknown
[2025-09-15 19:53:13Z INFO RSAEncryptedFileKeyManager] Loading RSA key parameters from file C:\laragon\www\sapapi\actions-runner\.credentials_rsaparams
[2025-09-15 19:53:14Z INFO GitHubActionsService] AAD Correlation ID for this token request: Unknown
[2025-09-15 20:43:39Z INFO RSAEncryptedFileKeyManager] Loading RSA key parameters from file C:\laragon\www\sapapi\actions-runner\.credentials_rsaparams
[2025-09-15 20:43:40Z INFO GitHubActionsService] AAD Correlation ID for this token request: Unknown
[2025-09-15 21:34:04Z INFO RSAEncryptedFileKeyManager] Loading RSA key parameters from file C:\laragon\www\sapapi\actions-runner\.credentials_rsaparams
[2025-09-15 21:34:05Z INFO GitHubActionsService] AAD Correlation ID for this token request: Unknown
[2025-09-15 22:24:28Z INFO RSAEncryptedFileKeyManager] Loading RSA key parameters from file C:\laragon\www\sapapi\actions-runner\.credentials_rsaparams
[2025-09-15 22:24:29Z INFO GitHubActionsService] AAD Correlation ID for this token request: Unknown
[2025-09-15 22:53:31Z INFO Runner] Received RunnerRefreshConfigMessage for 'runner' config file
[2025-09-15 22:53:31Z INFO RunnerConfigUpdater] Verifying runner qualified id: U_kgDOAIytEA/R_kgDOPX5Qyg/self-hosted/22
[2025-09-15 22:53:31Z INFO HostContext] Well known directory 'Bin': 'C:\laragon\www\sapapi\actions-runner\bin'
[2025-09-15 22:53:31Z INFO HostContext] Well known directory 'Root': 'C:\laragon\www\sapapi\actions-runner'
[2025-09-15 22:53:31Z INFO HostContext] Well known config file 'Runner': 'C:\laragon\www\sapapi\actions-runner\.runner'
[2025-09-15 22:53:32Z INFO RSAEncryptedFileKeyManager] Loading RSA key parameters from file C:\laragon\www\sapapi\actions-runner\.credentials_rsaparams
[2025-09-15 22:53:34Z INFO GitHubActionsService] AAD Correlation ID for this token request: Unknown
[2025-09-15 22:53:34Z INFO ConfigurationStore] Saving runner migrated settings
[2025-09-15 22:53:34Z INFO ConfigurationStore] Delete exist runner migrated settings file.
[2025-09-15 22:53:34Z INFO ConfigurationStore] Migrated Settings Saved.
[2025-09-15 22:53:34Z INFO Runner] Runner configuration was updated. Session restart has been scheduled
[2025-09-15 22:53:34Z INFO Runner] Pending session restart detected and job dispatcher is not busy. Restarting session now.
[2025-09-15 22:53:34Z INFO JobDispatcher] Shutting down JobDispatcher. Make sure all WorkerDispatcher has finished.
[2025-09-15 22:53:34Z INFO Runner] Deleting Runner Session...
[2025-09-15 22:53:35Z INFO Runner] Restarting runner session after config update...
[2025-09-15 22:53:35Z INFO Runner] Runner configuration was refreshed, restarting session...
[2025-09-15 22:53:35Z INFO ConfigurationManager] LoadSettings
[2025-09-15 22:53:35Z INFO ConfigurationStore] IsConfigured()
[2025-09-15 22:53:35Z INFO ConfigurationStore] IsConfigured: True
[2025-09-15 22:53:35Z INFO ConfigurationManager] Is configured: True
[2025-09-15 22:53:35Z INFO ConfigurationManager] Settings Loaded
[2025-09-15 22:53:35Z INFO Runner] RunAsync
[2025-09-15 22:53:35Z INFO ConfigurationManager] LoadMigratedSettings
[2025-09-15 22:53:35Z INFO ConfigurationStore] IsMigratedConfigured()
[2025-09-15 22:53:35Z INFO ConfigurationStore] IsMigratedConfigured: True
[2025-09-15 22:53:35Z INFO ConfigurationManager] Migrated Settings Loaded
[2025-09-15 22:53:35Z INFO Runner] Loaded migrated settings from .runner_migrated file
[2025-09-15 22:53:35Z INFO Runner] {
  "AgentId": 22,
  "AgentName": "JO",
  "PoolId": 1,
  "PoolName": "Default",
  "ServerUrl": "https://pipelinesghubeus26.actions.githubusercontent.com/OTqsuixwcDOeboiI5ELPh9vt0loVA9erSQMzHOLYofkfIDGeBX/",
  "GitHubUrl": "https://github.com/jauharimalik/sapapi",
  "WorkFolder": "_work",
  "UseV2Flow": true,
  "ServerUrlV2": "https://broker.actions.githubusercontent.com/"
}
[2025-09-15 22:53:35Z INFO Runner] Attempting to create session using migrated settings
[2025-09-15 22:53:35Z INFO Runner] Using BrokerMessageListener
[2025-09-15 22:53:35Z INFO BrokerMessageListener] Using provided settings
[2025-09-15 22:53:35Z INFO BrokerMessageListener] Using migrated settings from .runner_migrated
[2025-09-15 22:53:35Z INFO BrokerMessageListener] {
  "AgentId": 22,
  "AgentName": "JO",
  "PoolId": 1,
  "PoolName": "Default",
  "ServerUrl": "https://pipelinesghubeus26.actions.githubusercontent.com/OTqsuixwcDOeboiI5ELPh9vt0loVA9erSQMzHOLYofkfIDGeBX/",
  "GitHubUrl": "https://github.com/jauharimalik/sapapi",
  "WorkFolder": "_work",
  "UseV2Flow": true,
  "ServerUrlV2": "https://broker.actions.githubusercontent.com/"
}
[2025-09-15 22:53:35Z INFO BrokerMessageListener] Loading Credentials
[2025-09-15 22:53:35Z INFO ConfigurationStore] HasCredentials()
[2025-09-15 22:53:35Z INFO ConfigurationStore] stored True
[2025-09-15 22:53:35Z INFO CredentialManager] GetCredentialProvider
[2025-09-15 22:53:35Z INFO CredentialManager] Creating type OAuth
[2025-09-15 22:53:35Z INFO CredentialManager] Creating credential type: OAuth
[2025-09-15 22:53:35Z INFO RSAEncryptedFileKeyManager] Loading RSA key parameters from file C:\laragon\www\sapapi\actions-runner\.credentials_rsaparams
[2025-09-15 22:53:35Z INFO BrokerMessageListener] Attempt to create session.
[2025-09-15 22:53:35Z INFO BrokerMessageListener] Connecting to the Broker Server...
[2025-09-15 22:53:35Z INFO ConfigurationStore] HasCredentials()
[2025-09-15 22:53:35Z INFO ConfigurationStore] stored True
[2025-09-15 22:53:35Z INFO CredentialManager] GetCredentialProvider
[2025-09-15 22:53:35Z INFO CredentialManager] Creating type OAuth
[2025-09-15 22:53:35Z INFO CredentialManager] Creating credential type: OAuth
[2025-09-15 22:53:35Z INFO RSAEncryptedFileKeyManager] Loading RSA key parameters from file C:\laragon\www\sapapi\actions-runner\.credentials_rsaparams
[2025-09-15 22:53:35Z INFO BrokerMessageListener] VssConnection created
[2025-09-15 22:53:35Z INFO BrokerMessageListener] Connecting to the Runner server...
[2025-09-15 22:53:35Z INFO RunnerServer] EstablishVssConnection
[2025-09-15 22:53:35Z INFO RunnerServer] Establish connection with 100 seconds timeout.
[2025-09-15 22:53:35Z INFO GitHubActionsService] Starting operation Location.GetConnectionData
[2025-09-15 22:53:35Z INFO RunnerServer] EstablishVssConnection
[2025-09-15 22:53:35Z INFO RunnerServer] Establish connection with 60 seconds timeout.
[2025-09-15 22:53:35Z INFO GitHubActionsService] Starting operation Location.GetConnectionData
[2025-09-15 22:53:35Z INFO RunnerServer] EstablishVssConnection
[2025-09-15 22:53:35Z INFO RunnerServer] Establish connection with 60 seconds timeout.
[2025-09-15 22:53:35Z INFO GitHubActionsService] Starting operation Location.GetConnectionData
[2025-09-15 22:53:36Z INFO GitHubActionsService] Finished operation Location.GetConnectionData
[2025-09-15 22:53:36Z INFO GitHubActionsService] Finished operation Location.GetConnectionData
[2025-09-15 22:53:36Z INFO GitHubActionsService] Finished operation Location.GetConnectionData
[2025-09-15 22:53:36Z INFO BrokerMessageListener] VssConnection created
[2025-09-15 22:53:36Z INFO Terminal] WRITE LINE: 
[2025-09-15 22:53:36Z INFO Terminal] WRITE LINE: 
[2025-09-15 22:53:36Z INFO RSAEncryptedFileKeyManager] Loading RSA key parameters from file C:\laragon\www\sapapi\actions-runner\.credentials_rsaparams
[2025-09-15 22:53:36Z INFO RSAEncryptedFileKeyManager] Loading RSA key parameters from file C:\laragon\www\sapapi\actions-runner\.credentials_rsaparams
[2025-09-15 22:53:37Z INFO GitHubActionsService] AAD Correlation ID for this token request: Unknown
[2025-09-15 22:53:38Z INFO BrokerMessageListener] Session created.
[2025-09-15 22:53:38Z INFO Runner] Successfully created session with migrated settings
[2025-09-15 22:53:38Z INFO Terminal] WRITE LINE: Current runner version: '2.328.0'
[2025-09-15 22:53:38Z INFO Terminal] WRITE LINE: 2025-09-15 22:53:38Z: Listening for Jobs
[2025-09-15 22:53:38Z INFO JobDispatcher] Set runner/worker IPC timeout to 30 seconds.
[2025-09-15 23:44:03Z INFO RSAEncryptedFileKeyManager] Loading RSA key parameters from file C:\laragon\www\sapapi\actions-runner\.credentials_rsaparams
[2025-09-15 23:44:04Z INFO GitHubActionsService] AAD Correlation ID for this token request: Unknown
[2025-09-16 00:34:27Z INFO RSAEncryptedFileKeyManager] Loading RSA key parameters from file C:\laragon\www\sapapi\actions-runner\.credentials_rsaparams
[2025-09-16 00:34:28Z INFO GitHubActionsService] AAD Correlation ID for this token request: Unknown
[2025-09-16 01:24:50Z INFO RSAEncryptedFileKeyManager] Loading RSA key parameters from file C:\laragon\www\sapapi\actions-runner\.credentials_rsaparams
[2025-09-16 01:24:51Z INFO GitHubActionsService] AAD Correlation ID for this token request: Unknown
