[2025-08-19 02:36:13Z INFO HostContext] No proxy settings were found based on environmental variables (http_proxy/https_proxy/HTTP_PROXY/HTTPS_PROXY)
[2025-08-19 02:36:13Z INFO HostContext] Well known directory 'Bin': 'C:\laragon\www\sapapi\actions-runner\bin'
[2025-08-19 02:36:13Z INFO HostContext] Well known directory 'Root': 'C:\laragon\www\sapapi\actions-runner'
[2025-08-19 02:36:13Z INFO HostContext] Well known config file 'Credentials': 'C:\laragon\www\sapapi\actions-runner\.credentials'
[2025-08-19 02:36:14Z INFO HostContext] Well known directory 'Bin': 'C:\laragon\www\sapapi\actions-runner\bin'
[2025-08-19 02:36:14Z INFO HostContext] Well known directory 'Root': 'C:\laragon\www\sapapi\actions-runner'
[2025-08-19 02:36:14Z INFO HostContext] Well known config file 'Runner': 'C:\laragon\www\sapapi\actions-runner\.runner'
[2025-08-19 02:36:14Z INFO Listener] Runner is built for Windows (X64) - win-x64.
[2025-08-19 02:36:14Z INFO Listener] RuntimeInformation: Microsoft Windows 10.0.19045.
[2025-08-19 02:36:14Z INFO Listener] Version: 2.328.0
[2025-08-19 02:36:14Z INFO Listener] Commit: 6f9a9110adce65f44ca6f7c0ae142b9cc6af937b
[2025-08-19 02:36:14Z INFO Listener] Culture: en-US
[2025-08-19 02:36:14Z INFO Listener] UI Culture: en-US
[2025-08-19 02:36:14Z INFO HostContext] Well known directory 'Bin': 'C:\laragon\www\sapapi\actions-runner\bin'
[2025-08-19 02:36:14Z INFO HostContext] Well known directory 'Root': 'C:\laragon\www\sapapi\actions-runner'
[2025-08-19 02:36:14Z INFO Listener] Validating directory permissions for: 'C:\laragon\www\sapapi\actions-runner'
[2025-08-19 02:36:14Z INFO CommandLineParser] Parse
[2025-08-19 02:36:14Z INFO CommandLineParser] Parsing 3 args
[2025-08-19 02:36:14Z INFO CommandLineParser] parsing argument
[2025-08-19 02:36:14Z INFO CommandLineParser] HasArgs: False
[2025-08-19 02:36:14Z INFO CommandLineParser] Adding Command: run
[2025-08-19 02:36:14Z INFO CommandLineParser] parsing argument
[2025-08-19 02:36:14Z INFO CommandLineParser] HasArgs: True
[2025-08-19 02:36:14Z INFO CommandLineParser] arg: startuptype
[2025-08-19 02:36:14Z INFO CommandLineParser] parsing argument
[2025-08-19 02:36:14Z INFO CommandLineParser] HasArgs: True
[2025-08-19 02:36:14Z INFO CommandLineParser] Adding option 'startuptype': 'service'
[2025-08-19 02:36:14Z INFO Listener] Arguments parsed
[2025-08-19 02:36:14Z INFO Runner] ExecuteCommand
[2025-08-19 02:36:14Z INFO ConfigurationStore] currentAssemblyLocation: C:\laragon\www\sapapi\actions-runner\bin\Runner.Listener.dll
[2025-08-19 02:36:14Z INFO HostContext] Well known directory 'Bin': 'C:\laragon\www\sapapi\actions-runner\bin'
[2025-08-19 02:36:14Z INFO ConfigurationStore] binPath: C:\laragon\www\sapapi\actions-runner\bin
[2025-08-19 02:36:14Z INFO HostContext] Well known directory 'Bin': 'C:\laragon\www\sapapi\actions-runner\bin'
[2025-08-19 02:36:14Z INFO HostContext] Well known directory 'Root': 'C:\laragon\www\sapapi\actions-runner'
[2025-08-19 02:36:14Z INFO ConfigurationStore] RootFolder: C:\laragon\www\sapapi\actions-runner
[2025-08-19 02:36:14Z INFO HostContext] Well known directory 'Bin': 'C:\laragon\www\sapapi\actions-runner\bin'
[2025-08-19 02:36:14Z INFO HostContext] Well known directory 'Root': 'C:\laragon\www\sapapi\actions-runner'
[2025-08-19 02:36:14Z INFO HostContext] Well known config file 'Runner': 'C:\laragon\www\sapapi\actions-runner\.runner'
[2025-08-19 02:36:14Z INFO ConfigurationStore] ConfigFilePath: C:\laragon\www\sapapi\actions-runner\.runner
[2025-08-19 02:36:14Z INFO HostContext] Well known directory 'Bin': 'C:\laragon\www\sapapi\actions-runner\bin'
[2025-08-19 02:36:14Z INFO HostContext] Well known directory 'Root': 'C:\laragon\www\sapapi\actions-runner'
[2025-08-19 02:36:14Z INFO HostContext] Well known config file 'MigratedRunner': 'C:\laragon\www\sapapi\actions-runner\.runner_migrated'
[2025-08-19 02:36:14Z INFO ConfigurationStore] MigratedConfigFilePath: C:\laragon\www\sapapi\actions-runner\.runner_migrated
[2025-08-19 02:36:14Z INFO HostContext] Well known directory 'Bin': 'C:\laragon\www\sapapi\actions-runner\bin'
[2025-08-19 02:36:14Z INFO HostContext] Well known directory 'Root': 'C:\laragon\www\sapapi\actions-runner'
[2025-08-19 02:36:14Z INFO HostContext] Well known config file 'Credentials': 'C:\laragon\www\sapapi\actions-runner\.credentials'
[2025-08-19 02:36:14Z INFO ConfigurationStore] CredFilePath: C:\laragon\www\sapapi\actions-runner\.credentials
[2025-08-19 02:36:14Z INFO HostContext] Well known directory 'Bin': 'C:\laragon\www\sapapi\actions-runner\bin'
[2025-08-19 02:36:14Z INFO HostContext] Well known directory 'Root': 'C:\laragon\www\sapapi\actions-runner'
[2025-08-19 02:36:14Z INFO HostContext] Well known config file 'MigratedCredentials': 'C:\laragon\www\sapapi\actions-runner\.credentials_migrated'
[2025-08-19 02:36:14Z INFO ConfigurationStore] MigratedCredFilePath: C:\laragon\www\sapapi\actions-runner\.credentials_migrated
[2025-08-19 02:36:14Z INFO HostContext] Well known directory 'Bin': 'C:\laragon\www\sapapi\actions-runner\bin'
[2025-08-19 02:36:14Z INFO HostContext] Well known directory 'Root': 'C:\laragon\www\sapapi\actions-runner'
[2025-08-19 02:36:14Z INFO HostContext] Well known config file 'Service': 'C:\laragon\www\sapapi\actions-runner\.service'
[2025-08-19 02:36:14Z INFO ConfigurationStore] ServiceConfigFilePath: C:\laragon\www\sapapi\actions-runner\.service
[2025-08-19 02:36:14Z INFO CommandSettings] Flag 'help': 'False'
[2025-08-19 02:36:14Z INFO CommandSettings] Flag 'version': 'False'
[2025-08-19 02:36:14Z INFO CommandSettings] Flag 'commit': 'False'
[2025-08-19 02:36:14Z INFO CommandSettings] Flag 'check': 'False'
[2025-08-19 02:36:14Z INFO CommandSettings] Command 'configure': 'False'
[2025-08-19 02:36:14Z INFO CommandSettings] Command 'remove': 'False'
[2025-08-19 02:36:14Z INFO CommandSettings] Command 'warmup': 'False'
[2025-08-19 02:36:14Z INFO ConfigurationManager] LoadSettings
[2025-08-19 02:36:14Z INFO ConfigurationStore] IsConfigured()
[2025-08-19 02:36:14Z INFO ConfigurationStore] IsConfigured: True
[2025-08-19 02:36:14Z INFO ConfigurationManager] Is configured: True
[2025-08-19 02:36:14Z INFO ConfigurationStore] Read setting file: 386 chars
[2025-08-19 02:36:14Z INFO ConfigurationManager] Settings Loaded
[2025-08-19 02:36:14Z INFO ConfigurationStore] IsServiceConfigured()
[2025-08-19 02:36:14Z INFO ConfigurationStore] IsServiceConfigured: True
[2025-08-19 02:36:14Z INFO CommandSettings] Command 'run': 'True'
[2025-08-19 02:36:14Z INFO ConfigurationStore] IsConfigured()
[2025-08-19 02:36:14Z INFO ConfigurationStore] IsConfigured: True
[2025-08-19 02:36:14Z INFO ConfigurationManager] Is configured: True
[2025-08-19 02:36:14Z INFO Runner] Set runner startup type - Service
[2025-08-19 02:36:14Z INFO CommandSettings] Flag 'once': 'False'
[2025-08-19 02:36:14Z INFO CommandSettings] Flag 'once': 'False'
[2025-08-19 02:36:14Z INFO Runner] RunAsync
[2025-08-19 02:36:14Z INFO ConfigurationManager] LoadMigratedSettings
[2025-08-19 02:36:14Z INFO ConfigurationStore] IsMigratedConfigured()
[2025-08-19 02:36:14Z INFO ConfigurationStore] IsMigratedConfigured: True
[2025-08-19 02:36:14Z INFO ConfigurationStore] Read migrated setting file: 386 chars
[2025-08-19 02:36:14Z INFO ConfigurationManager] Migrated Settings Loaded
[2025-08-19 02:36:14Z INFO Runner] Loaded migrated settings from .runner_migrated file
[2025-08-19 02:36:14Z INFO Runner] {
  "AgentId": 22,
  "AgentName": "JO",
  "PoolId": 1,
  "PoolName": "Default",
  "ServerUrl": "https://pipelinesghubeus26.actions.githubusercontent.com/OTqsuixwcDOeboiI5ELPh9vt0loVA9erSQMzHOLYofkfIDGeBX/",
  "GitHubUrl": "https://github.com/jauharimalik/sapapi",
  "WorkFolder": "_work",
  "UseV2Flow": true,
  "ServerUrlV2": "https://broker.actions.githubusercontent.com/"
}
[2025-08-19 02:36:14Z INFO Runner] Attempting to create session using migrated settings
[2025-08-19 02:36:14Z INFO Runner] Using BrokerMessageListener
[2025-08-19 02:36:14Z INFO BrokerMessageListener] Using provided settings
[2025-08-19 02:36:14Z INFO BrokerMessageListener] Using migrated settings from .runner_migrated
[2025-08-19 02:36:14Z INFO BrokerMessageListener] {
  "AgentId": 22,
  "AgentName": "JO",
  "PoolId": 1,
  "PoolName": "Default",
  "ServerUrl": "https://pipelinesghubeus26.actions.githubusercontent.com/OTqsuixwcDOeboiI5ELPh9vt0loVA9erSQMzHOLYofkfIDGeBX/",
  "GitHubUrl": "https://github.com/jauharimalik/sapapi",
  "WorkFolder": "_work",
  "UseV2Flow": true,
  "ServerUrlV2": "https://broker.actions.githubusercontent.com/"
}
[2025-08-19 02:36:14Z INFO BrokerMessageListener] Loading Credentials
[2025-08-19 02:36:14Z INFO ConfigurationStore] HasCredentials()
[2025-08-19 02:36:14Z INFO ConfigurationStore] stored True
[2025-08-19 02:36:14Z INFO CredentialManager] GetCredentialProvider
[2025-08-19 02:36:14Z INFO CredentialManager] Creating type OAuth
[2025-08-19 02:36:14Z INFO CredentialManager] Creating credential type: OAuth
[2025-08-19 02:36:14Z INFO HostContext] Well known directory 'Bin': 'C:\laragon\www\sapapi\actions-runner\bin'
[2025-08-19 02:36:14Z INFO HostContext] Well known directory 'Root': 'C:\laragon\www\sapapi\actions-runner'
[2025-08-19 02:36:14Z INFO HostContext] Well known config file 'RSACredentials': 'C:\laragon\www\sapapi\actions-runner\.credentials_rsaparams'
[2025-08-19 02:36:14Z INFO RSAEncryptedFileKeyManager] Loading RSA key parameters from file C:\laragon\www\sapapi\actions-runner\.credentials_rsaparams
[2025-08-19 02:36:14Z INFO BrokerMessageListener] Attempt to create session.
[2025-08-19 02:36:14Z INFO BrokerMessageListener] Connecting to the Broker Server...
[2025-08-19 02:36:14Z INFO ConfigurationStore] HasCredentials()
[2025-08-19 02:36:14Z INFO ConfigurationStore] stored True
[2025-08-19 02:36:14Z INFO CredentialManager] GetCredentialProvider
[2025-08-19 02:36:14Z INFO CredentialManager] Creating type OAuth
[2025-08-19 02:36:14Z INFO CredentialManager] Creating credential type: OAuth
[2025-08-19 02:36:14Z INFO RSAEncryptedFileKeyManager] Loading RSA key parameters from file C:\laragon\www\sapapi\actions-runner\.credentials_rsaparams
[2025-08-19 02:36:14Z INFO BrokerMessageListener] VssConnection created
[2025-08-19 02:36:14Z INFO BrokerMessageListener] Connecting to the Runner server...
[2025-08-19 02:36:14Z INFO RunnerServer] EstablishVssConnection
[2025-08-19 02:36:14Z INFO RunnerServer] Establish connection with 100 seconds timeout.
[2025-08-19 02:36:14Z INFO GitHubActionsService] Starting operation Location.GetConnectionData
[2025-08-19 02:36:15Z INFO RunnerServer] EstablishVssConnection
[2025-08-19 02:36:15Z INFO RunnerServer] Establish connection with 60 seconds timeout.
[2025-08-19 02:36:15Z INFO GitHubActionsService] Starting operation Location.GetConnectionData
[2025-08-19 02:36:15Z INFO RunnerServer] EstablishVssConnection
[2025-08-19 02:36:15Z INFO RunnerServer] Establish connection with 60 seconds timeout.
[2025-08-19 02:36:15Z INFO GitHubActionsService] Starting operation Location.GetConnectionData
[2025-08-19 02:36:16Z INFO GitHubActionsService] Finished operation Location.GetConnectionData
[2025-08-19 02:36:16Z INFO GitHubActionsService] Finished operation Location.GetConnectionData
[2025-08-19 02:36:17Z INFO GitHubActionsService] Finished operation Location.GetConnectionData
[2025-08-19 02:36:17Z INFO BrokerMessageListener] VssConnection created
[2025-08-19 02:36:17Z INFO Terminal] WRITE LINE: 
[2025-08-19 02:36:17Z INFO Terminal] WRITE LINE: 
[2025-08-19 02:36:18Z INFO RSAEncryptedFileKeyManager] Loading RSA key parameters from file C:\laragon\www\sapapi\actions-runner\.credentials_rsaparams
[2025-08-19 02:36:18Z INFO RSAEncryptedFileKeyManager] Loading RSA key parameters from file C:\laragon\www\sapapi\actions-runner\.credentials_rsaparams
[2025-08-19 02:36:20Z INFO GitHubActionsService] AAD Correlation ID for this token request: Unknown
[2025-08-19 02:36:20Z WARN GitHubActionsService] Retrieving an AAD auth token took a long time (2.2157243 seconds)
[2025-08-19 02:36:22Z INFO BrokerMessageListener] Session created.
[2025-08-19 02:36:22Z INFO Runner] Successfully created session with migrated settings
[2025-08-19 02:36:22Z INFO Terminal] WRITE LINE: Current runner version: '2.328.0'
[2025-08-19 02:36:22Z INFO Terminal] WRITE LINE: 2025-08-19 02:36:22Z: Listening for Jobs
[2025-08-19 02:36:22Z INFO JobDispatcher] Set runner/worker IPC timeout to 30 seconds.
[2025-08-19 02:39:00Z INFO Runner] Refresh message received, kick-off selfupdate background process.
[2025-08-19 02:39:02Z INFO RSAEncryptedFileKeyManager] Loading RSA key parameters from file C:\laragon\www\sapapi\actions-runner\.credentials_rsaparams
[2025-08-19 02:39:02Z INFO RSAEncryptedFileKeyManager] Loading RSA key parameters from file C:\laragon\www\sapapi\actions-runner\.credentials_rsaparams
[2025-08-19 02:39:03Z INFO GitHubActionsService] AAD Correlation ID for this token request: Unknown
[2025-08-19 02:39:04Z INFO SelfUpdater] Version '2.328.0' of 'agent' package available in server.
[2025-08-19 02:39:04Z INFO SelfUpdater] Current running runner version is 2.328.0
[2025-08-19 02:39:04Z INFO SelfUpdater] Can't find available update package.
[2025-08-19 02:39:04Z INFO Terminal] WRITE LINE: Runner update process finished.
[2025-08-19 02:39:05Z INFO Runner] Auto update task finished at backend, there is no available runner update needs to apply, continue message queue looping.
[2025-08-19 03:26:47Z INFO RSAEncryptedFileKeyManager] Loading RSA key parameters from file C:\laragon\www\sapapi\actions-runner\.credentials_rsaparams
[2025-08-19 03:26:48Z INFO GitHubActionsService] AAD Correlation ID for this token request: Unknown
[2025-08-19 03:48:19Z INFO Runner] Refresh message received, kick-off selfupdate background process.
[2025-08-19 03:48:20Z INFO RSAEncryptedFileKeyManager] Loading RSA key parameters from file C:\laragon\www\sapapi\actions-runner\.credentials_rsaparams
[2025-08-19 03:48:22Z INFO GitHubActionsService] AAD Correlation ID for this token request: Unknown
[2025-08-19 03:48:22Z INFO SelfUpdater] Version '2.328.0' of 'agent' package available in server.
[2025-08-19 03:48:22Z INFO SelfUpdater] Current running runner version is 2.328.0
[2025-08-19 03:48:22Z INFO SelfUpdater] Can't find available update package.
[2025-08-19 03:48:22Z INFO Terminal] WRITE LINE: Runner update process finished.
[2025-08-19 03:48:22Z INFO Runner] Auto update task finished at backend, there is no available runner update needs to apply, continue message queue looping.
[2025-08-19 04:16:49Z INFO RSAEncryptedFileKeyManager] Loading RSA key parameters from file C:\laragon\www\sapapi\actions-runner\.credentials_rsaparams
[2025-08-19 04:16:50Z INFO GitHubActionsService] AAD Correlation ID for this token request: Unknown
[2025-08-19 04:26:04Z WARN GitHubActionsService] Attempt 1 of GET request to https://broker.actions.githubusercontent.com/message?sessionId=08bd8b03-91d7-4727-b247-afcfa8e7b006&status=Online&runnerVersion=2.328.0&os=Windows&architecture=X64&disableUpdate=false failed (Socket Error: ConnectionReset). The operation will be retried in 11.063 seconds.
[2025-08-19 05:07:30Z INFO RSAEncryptedFileKeyManager] Loading RSA key parameters from file C:\laragon\www\sapapi\actions-runner\.credentials_rsaparams
[2025-08-19 05:07:31Z INFO GitHubActionsService] AAD Correlation ID for this token request: Unknown
[2025-08-19 05:58:01Z INFO RSAEncryptedFileKeyManager] Loading RSA key parameters from file C:\laragon\www\sapapi\actions-runner\.credentials_rsaparams
[2025-08-19 05:58:02Z INFO GitHubActionsService] AAD Correlation ID for this token request: Unknown
[2025-08-19 06:48:30Z INFO RSAEncryptedFileKeyManager] Loading RSA key parameters from file C:\laragon\www\sapapi\actions-runner\.credentials_rsaparams
[2025-08-19 06:48:31Z INFO GitHubActionsService] AAD Correlation ID for this token request: Unknown
[2025-08-19 07:15:26Z WARN GitHubActionsService] Attempt 1 of GET request to https://broker.actions.githubusercontent.com/message?sessionId=08bd8b03-91d7-4727-b247-afcfa8e7b006&status=Online&runnerVersion=2.328.0&os=Windows&architecture=X64&disableUpdate=false failed (Socket Error: ConnectionReset). The operation will be retried in 11.097 seconds.
[2025-08-19 07:39:07Z INFO RSAEncryptedFileKeyManager] Loading RSA key parameters from file C:\laragon\www\sapapi\actions-runner\.credentials_rsaparams
[2025-08-19 07:39:08Z INFO GitHubActionsService] AAD Correlation ID for this token request: Unknown
[2025-08-19 08:29:27Z INFO RSAEncryptedFileKeyManager] Loading RSA key parameters from file C:\laragon\www\sapapi\actions-runner\.credentials_rsaparams
[2025-08-19 08:29:27Z INFO GitHubActionsService] AAD Correlation ID for this token request: Unknown
[2025-08-19 09:19:46Z INFO RSAEncryptedFileKeyManager] Loading RSA key parameters from file C:\laragon\www\sapapi\actions-runner\.credentials_rsaparams
[2025-08-19 09:19:47Z INFO GitHubActionsService] AAD Correlation ID for this token request: Unknown
[2025-08-19 10:10:06Z INFO RSAEncryptedFileKeyManager] Loading RSA key parameters from file C:\laragon\www\sapapi\actions-runner\.credentials_rsaparams
[2025-08-19 10:10:07Z INFO GitHubActionsService] AAD Correlation ID for this token request: Unknown
[2025-08-19 11:00:25Z INFO RSAEncryptedFileKeyManager] Loading RSA key parameters from file C:\laragon\www\sapapi\actions-runner\.credentials_rsaparams
[2025-08-19 11:00:26Z INFO GitHubActionsService] AAD Correlation ID for this token request: Unknown
[2025-08-19 11:50:46Z INFO RSAEncryptedFileKeyManager] Loading RSA key parameters from file C:\laragon\www\sapapi\actions-runner\.credentials_rsaparams
[2025-08-19 11:50:48Z INFO GitHubActionsService] AAD Correlation ID for this token request: Unknown
[2025-08-19 12:41:06Z INFO RSAEncryptedFileKeyManager] Loading RSA key parameters from file C:\laragon\www\sapapi\actions-runner\.credentials_rsaparams
[2025-08-19 12:41:08Z INFO GitHubActionsService] AAD Correlation ID for this token request: Unknown
[2025-08-19 13:23:11Z INFO ConfigurationStore] HasCredentials()
[2025-08-19 13:23:11Z INFO ConfigurationStore] stored True
[2025-08-19 13:23:11Z INFO CredentialManager] GetCredentialProvider
[2025-08-19 13:23:11Z INFO CredentialManager] Creating type OAuth
[2025-08-19 13:23:11Z INFO CredentialManager] Creating credential type: OAuth
[2025-08-19 13:23:11Z INFO RSAEncryptedFileKeyManager] Loading RSA key parameters from file C:\laragon\www\sapapi\actions-runner\.credentials_rsaparams
[2025-08-19 13:23:11Z INFO RSAEncryptedFileKeyManager] Loading RSA key parameters from file C:\laragon\www\sapapi\actions-runner\.credentials_rsaparams
[2025-08-19 13:23:11Z INFO RSAEncryptedFileKeyManager] Loading RSA key parameters from file C:\laragon\www\sapapi\actions-runner\.credentials_rsaparams
[2025-08-19 13:23:12Z INFO GitHubActionsService] AAD Correlation ID for this token request: Unknown
[2025-08-19 13:23:14Z INFO JobDispatcher] Job request 0 for plan ef43a97d-e416-4f90-ad4e-269dba365941 job 8563a834-b48c-50c1-94d3-0a71df40cb68 received.
[2025-08-19 13:23:14Z INFO JobDispatcher] Pull OrchestrationId ef43a97d-e416-4f90-ad4e-269dba365941.deploy.__default from JWT claims
[2025-08-19 13:23:14Z INFO BrokerMessageListener] Received job status event. JobState: Busy
[2025-08-19 13:23:14Z INFO BrokerMessageListener] _getMessagesTokenSource is already disposed.
[2025-08-19 13:23:14Z INFO Terminal] WRITE LINE: 2025-08-19 13:23:14Z: Running job: deploy
[2025-08-19 13:23:14Z INFO JobDispatcher] Start renew job request 0 for job 8563a834-b48c-50c1-94d3-0a71df40cb68.
[2025-08-19 13:23:15Z INFO JobDispatcher] Successfully renew job 8563a834-b48c-50c1-94d3-0a71df40cb68, job is valid till 8/19/2025 1:33:15 PM
[2025-08-19 13:23:15Z INFO HostContext] Well known directory 'Bin': 'C:\laragon\www\sapapi\actions-runner\bin'
[2025-08-19 13:23:15Z INFO ProcessInvokerWrapper] Starting process:
[2025-08-19 13:23:15Z INFO ProcessInvokerWrapper]   File name: 'C:\laragon\www\sapapi\actions-runner\bin\Runner.Worker.exe'
[2025-08-19 13:23:15Z INFO ProcessInvokerWrapper]   Arguments: 'spawnclient 2088 2080'
[2025-08-19 13:23:15Z INFO ProcessInvokerWrapper]   Working directory: 'C:\laragon\www\sapapi\actions-runner\bin'
[2025-08-19 13:23:15Z INFO ProcessInvokerWrapper]   Require exit code zero: 'False'
[2025-08-19 13:23:15Z INFO ProcessInvokerWrapper]   Encoding web name:  ; code page: ''
[2025-08-19 13:23:15Z INFO ProcessInvokerWrapper]   Force kill process on cancellation: 'True'
[2025-08-19 13:23:15Z INFO ProcessInvokerWrapper]   Redirected STDIN: 'False'
[2025-08-19 13:23:15Z INFO ProcessInvokerWrapper]   Persist current code page: 'False'
[2025-08-19 13:23:15Z INFO ProcessInvokerWrapper]   Keep redirected STDIN open: 'False'
[2025-08-19 13:23:15Z INFO ProcessInvokerWrapper]   High priority process: 'True'
[2025-08-19 13:23:15Z INFO ProcessInvokerWrapper] Process started with process id 34176, waiting for process exit.
[2025-08-19 13:23:15Z INFO JobDispatcher] Send job request message to worker for job 8563a834-b48c-50c1-94d3-0a71df40cb68.
[2025-08-19 13:23:15Z INFO ProcessChannel] Sending message of length 22208, with hash '15d5fc5e8932e6eae6ea2405eec4870d8cd21b4123bd8fb311d938fd86c85f1f'
[2025-08-19 13:23:16Z INFO JobNotification] Entering JobStarted Notification
[2025-08-19 13:23:16Z INFO JobNotification] Entering StartMonitor
[2025-08-19 13:24:15Z INFO JobDispatcher] Successfully renew job 8563a834-b48c-50c1-94d3-0a71df40cb68, job is valid till 8/19/2025 1:34:15 PM
[2025-08-19 13:25:14Z INFO ProcessInvokerWrapper] STDOUT/STDERR stream read finished.
[2025-08-19 13:25:14Z INFO ProcessInvokerWrapper] STDOUT/STDERR stream read finished.
[2025-08-19 13:25:14Z INFO ProcessInvokerWrapper] Finished process 34176 with exit code 100, and elapsed time 00:01:58.7355961.
[2025-08-19 13:25:14Z INFO JobDispatcher] Worker finished for job 8563a834-b48c-50c1-94d3-0a71df40cb68. Code: 100
[2025-08-19 13:25:14Z INFO JobDispatcher] finish job request for job 8563a834-b48c-50c1-94d3-0a71df40cb68 with result: Succeeded
[2025-08-19 13:25:14Z INFO Terminal] WRITE LINE: 2025-08-19 13:25:14Z: Job deploy completed with result: Succeeded
[2025-08-19 13:25:14Z INFO JobDispatcher] Stop renew job request for job 8563a834-b48c-50c1-94d3-0a71df40cb68.
[2025-08-19 13:25:14Z INFO JobDispatcher] job renew has been cancelled, stop renew job 8563a834-b48c-50c1-94d3-0a71df40cb68.
[2025-08-19 13:25:14Z INFO JobNotification] Entering JobCompleted Notification
[2025-08-19 13:25:14Z INFO JobNotification] Entering EndMonitor
[2025-08-19 13:25:14Z INFO BrokerMessageListener] Received job status event. JobState: Online
[2025-08-19 13:25:14Z WARN GitHubActionsService] GET request to https://broker.actions.githubusercontent.com/message?sessionId=08bd8b03-91d7-4727-b247-afcfa8e7b006&status=Busy&runnerVersion=2.328.0&os=Windows&architecture=X64&disableUpdate=false has been cancelled.
[2025-08-19 13:25:14Z ERR  BrokerServer] Catch exception during request
[2025-08-19 13:25:14Z ERR  BrokerServer] System.Threading.Tasks.TaskCanceledException: The operation was canceled.
 ---> System.Threading.Tasks.TaskCanceledException: The operation was canceled.
 ---> System.IO.IOException: Unable to read data from the transport connection: The I/O operation has been aborted because of either a thread exit or an application request..
 ---> System.Net.Sockets.SocketException (995): The I/O operation has been aborted because of either a thread exit or an application request.
   --- End of inner exception stack trace ---
   at System.Net.Sockets.Socket.AwaitableSocketAsyncEventArgs.ThrowException(SocketError error, CancellationToken cancellationToken)
   at System.Net.Sockets.Socket.AwaitableSocketAsyncEventArgs.System.Threading.Tasks.Sources.IValueTaskSource<System.Int32>.GetResult(Int16 token)
   at System.Net.Security.SslStream.EnsureFullTlsFrameAsync[TIOAdapter](CancellationToken cancellationToken, Int32 estimatedSize)
   at System.Runtime.CompilerServices.PoolingAsyncValueTaskMethodBuilder`1.StateMachineBox`1.System.Threading.Tasks.Sources.IValueTaskSource<TResult>.GetResult(Int16 token)
   at System.Net.Security.SslStream.ReadAsyncInternal[TIOAdapter](Memory`1 buffer, CancellationToken cancellationToken)
   at System.Runtime.CompilerServices.PoolingAsyncValueTaskMethodBuilder`1.StateMachineBox`1.System.Threading.Tasks.Sources.IValueTaskSource<TResult>.GetResult(Int16 token)
   at System.Net.Http.HttpConnection.SendAsync(HttpRequestMessage request, Boolean async, CancellationToken cancellationToken)
   --- End of inner exception stack trace ---
   at System.Net.Http.HttpConnection.SendAsync(HttpRequestMessage request, Boolean async, CancellationToken cancellationToken)
   at System.Net.Http.AuthenticationHelper.SendWithNtAuthAsync(HttpRequestMessage request, Uri authUri, Boolean async, ICredentials credentials, Boolean isProxyAuth, HttpConnection connection, HttpConnectionPool connectionPool, CancellationToken cancellationToken)
   at System.Net.Http.HttpConnectionPool.SendWithVersionDetectionAndRetryAsync(HttpRequestMessage request, Boolean async, Boolean doRequestAuth, CancellationToken cancellationToken)
   at System.Net.Http.AuthenticationHelper.SendWithAuthAsync(HttpRequestMessage request, Uri authUri, Boolean async, ICredentials credentials, Boolean preAuthenticate, Boolean isProxyAuth, Boolean doRequestAuth, HttpConnectionPool pool, CancellationToken cancellationToken)
   at System.Net.Http.RedirectHandler.SendAsync(HttpRequestMessage request, Boolean async, CancellationToken cancellationToken)
   at GitHub.Services.Common.RawHttpMessageHandler.SendAsync(HttpRequestMessage request, CancellationToken cancellationToken)
   at GitHub.Services.Common.VssHttpRetryMessageHandler.SendAsync(HttpRequestMessage request, CancellationToken cancellationToken)
   at System.Net.Http.HttpClient.<SendAsync>g__Core|83_0(HttpRequestMessage request, HttpCompletionOption completionOption, CancellationTokenSource cts, Boolean disposeCts, CancellationTokenSource pendingRequestsCts, CancellationToken originalCancellationToken)
   --- End of inner exception stack trace ---
   at System.Net.Http.HttpClient.HandleFailure(Exception e, Boolean telemetryStarted, HttpResponseMessage response, CancellationTokenSource cts, CancellationToken cancellationToken, CancellationTokenSource pendingRequestsCts)
   at System.Net.Http.HttpClient.<SendAsync>g__Core|83_0(HttpRequestMessage request, HttpCompletionOption completionOption, CancellationTokenSource cts, Boolean disposeCts, CancellationTokenSource pendingRequestsCts, CancellationToken originalCancellationToken)
   at Sdk.WebApi.WebApi.RawHttpClientBase.SendAsync(HttpRequestMessage message, HttpCompletionOption completionOption, Object userState, CancellationToken cancellationToken)
   at Sdk.WebApi.WebApi.RawHttpClientBase.SendAsync[T](HttpRequestMessage message, Boolean readErrorBody, Object userState, CancellationToken cancellationToken)
   at Sdk.WebApi.WebApi.RawHttpClientBase.SendAsync[T](HttpMethod method, IEnumerable`1 additionalHeaders, Uri requestUri, HttpContent content, IEnumerable`1 queryParameters, Boolean readErrorBody, Object userState, CancellationToken cancellationToken)
   at GitHub.Actions.RunService.WebApi.BrokerHttpClient.GetRunnerMessageAsync(Nullable`1 sessionId, String runnerVersion, Nullable`1 status, String os, String architecture, Nullable`1 disableUpdate, CancellationToken cancellationToken)
   at GitHub.Runner.Common.BrokerServer.<>c__DisplayClass7_0.<<GetRunnerMessageAsync>b__0>d.MoveNext()
--- End of stack trace from previous location ---
   at GitHub.Runner.Common.RunnerService.RetryRequest[T](Func`1 func, CancellationToken cancellationToken, Int32 maxRetryAttemptsCount, Func`2 shouldRetry)
[2025-08-19 13:25:14Z ERR  BrokerServer] #####################################################
[2025-08-19 13:25:14Z ERR  BrokerServer] System.Threading.Tasks.TaskCanceledException: The operation was canceled.
 ---> System.IO.IOException: Unable to read data from the transport connection: The I/O operation has been aborted because of either a thread exit or an application request..
 ---> System.Net.Sockets.SocketException (995): The I/O operation has been aborted because of either a thread exit or an application request.
   --- End of inner exception stack trace ---
   at System.Net.Sockets.Socket.AwaitableSocketAsyncEventArgs.ThrowException(SocketError error, CancellationToken cancellationToken)
   at System.Net.Sockets.Socket.AwaitableSocketAsyncEventArgs.System.Threading.Tasks.Sources.IValueTaskSource<System.Int32>.GetResult(Int16 token)
   at System.Net.Security.SslStream.EnsureFullTlsFrameAsync[TIOAdapter](CancellationToken cancellationToken, Int32 estimatedSize)
   at System.Runtime.CompilerServices.PoolingAsyncValueTaskMethodBuilder`1.StateMachineBox`1.System.Threading.Tasks.Sources.IValueTaskSource<TResult>.GetResult(Int16 token)
   at System.Net.Security.SslStream.ReadAsyncInternal[TIOAdapter](Memory`1 buffer, CancellationToken cancellationToken)
   at System.Runtime.CompilerServices.PoolingAsyncValueTaskMethodBuilder`1.StateMachineBox`1.System.Threading.Tasks.Sources.IValueTaskSource<TResult>.GetResult(Int16 token)
   at System.Net.Http.HttpConnection.SendAsync(HttpRequestMessage request, Boolean async, CancellationToken cancellationToken)
   --- End of inner exception stack trace ---
   at System.Net.Http.HttpConnection.SendAsync(HttpRequestMessage request, Boolean async, CancellationToken cancellationToken)
   at System.Net.Http.AuthenticationHelper.SendWithNtAuthAsync(HttpRequestMessage request, Uri authUri, Boolean async, ICredentials credentials, Boolean isProxyAuth, HttpConnection connection, HttpConnectionPool connectionPool, CancellationToken cancellationToken)
   at System.Net.Http.HttpConnectionPool.SendWithVersionDetectionAndRetryAsync(HttpRequestMessage request, Boolean async, Boolean doRequestAuth, CancellationToken cancellationToken)
   at System.Net.Http.AuthenticationHelper.SendWithAuthAsync(HttpRequestMessage request, Uri authUri, Boolean async, ICredentials credentials, Boolean preAuthenticate, Boolean isProxyAuth, Boolean doRequestAuth, HttpConnectionPool pool, CancellationToken cancellationToken)
   at System.Net.Http.RedirectHandler.SendAsync(HttpRequestMessage request, Boolean async, CancellationToken cancellationToken)
   at GitHub.Services.Common.RawHttpMessageHandler.SendAsync(HttpRequestMessage request, CancellationToken cancellationToken)
   at GitHub.Services.Common.VssHttpRetryMessageHandler.SendAsync(HttpRequestMessage request, CancellationToken cancellationToken)
   at System.Net.Http.HttpClient.<SendAsync>g__Core|83_0(HttpRequestMessage request, HttpCompletionOption completionOption, CancellationTokenSource cts, Boolean disposeCts, CancellationTokenSource pendingRequestsCts, CancellationToken originalCancellationToken)
[2025-08-19 13:25:14Z ERR  BrokerServer] #####################################################
[2025-08-19 13:25:14Z ERR  BrokerServer] System.IO.IOException: Unable to read data from the transport connection: The I/O operation has been aborted because of either a thread exit or an application request..
 ---> System.Net.Sockets.SocketException (995): The I/O operation has been aborted because of either a thread exit or an application request.
   --- End of inner exception stack trace ---
   at System.Net.Sockets.Socket.AwaitableSocketAsyncEventArgs.ThrowException(SocketError error, CancellationToken cancellationToken)
   at System.Net.Sockets.Socket.AwaitableSocketAsyncEventArgs.System.Threading.Tasks.Sources.IValueTaskSource<System.Int32>.GetResult(Int16 token)
   at System.Net.Security.SslStream.EnsureFullTlsFrameAsync[TIOAdapter](CancellationToken cancellationToken, Int32 estimatedSize)
   at System.Runtime.CompilerServices.PoolingAsyncValueTaskMethodBuilder`1.StateMachineBox`1.System.Threading.Tasks.Sources.IValueTaskSource<TResult>.GetResult(Int16 token)
   at System.Net.Security.SslStream.ReadAsyncInternal[TIOAdapter](Memory`1 buffer, CancellationToken cancellationToken)
   at System.Runtime.CompilerServices.PoolingAsyncValueTaskMethodBuilder`1.StateMachineBox`1.System.Threading.Tasks.Sources.IValueTaskSource<TResult>.GetResult(Int16 token)
   at System.Net.Http.HttpConnection.SendAsync(HttpRequestMessage request, Boolean async, CancellationToken cancellationToken)
[2025-08-19 13:25:14Z ERR  BrokerServer] #####################################################
[2025-08-19 13:25:14Z ERR  BrokerServer] System.Net.Sockets.SocketException (995): The I/O operation has been aborted because of either a thread exit or an application request.
[2025-08-19 13:25:14Z WARN BrokerServer] Back off 7.801 seconds before next retry. 4 attempt left.
[2025-08-19 13:25:14Z INFO BrokerMessageListener] Get messages has been cancelled using local token source. Continue to get messages with new status.
[2025-08-19 13:28:28Z INFO ConfigurationStore] HasCredentials()
[2025-08-19 13:28:28Z INFO ConfigurationStore] stored True
[2025-08-19 13:28:28Z INFO CredentialManager] GetCredentialProvider
[2025-08-19 13:28:28Z INFO CredentialManager] Creating type OAuth
[2025-08-19 13:28:28Z INFO CredentialManager] Creating credential type: OAuth
[2025-08-19 13:28:28Z INFO RSAEncryptedFileKeyManager] Loading RSA key parameters from file C:\laragon\www\sapapi\actions-runner\.credentials_rsaparams
[2025-08-19 13:28:28Z INFO RSAEncryptedFileKeyManager] Loading RSA key parameters from file C:\laragon\www\sapapi\actions-runner\.credentials_rsaparams
[2025-08-19 13:28:28Z INFO RSAEncryptedFileKeyManager] Loading RSA key parameters from file C:\laragon\www\sapapi\actions-runner\.credentials_rsaparams
[2025-08-19 13:28:29Z INFO GitHubActionsService] AAD Correlation ID for this token request: Unknown
[2025-08-19 13:28:31Z INFO JobDispatcher] Job request 0 for plan 9ca6785c-2836-4979-9635-174b0e90af0a job 66bcbe26-2a8f-5eac-99ff-c25bc9a33d9f received.
[2025-08-19 13:28:31Z INFO JobDispatcher] Pull OrchestrationId 9ca6785c-2836-4979-9635-174b0e90af0a.deploy.__default from JWT claims
[2025-08-19 13:28:31Z INFO BrokerMessageListener] Received job status event. JobState: Busy
[2025-08-19 13:28:31Z INFO BrokerMessageListener] _getMessagesTokenSource is already disposed.
[2025-08-19 13:28:31Z INFO JobDispatcher] Job request 8563a834-b48c-50c1-94d3-0a71df40cb68 processed succeed.
[2025-08-19 13:28:31Z INFO Terminal] WRITE LINE: 2025-08-19 13:28:31Z: Running job: deploy
[2025-08-19 13:28:31Z INFO JobDispatcher] Start renew job request 0 for job 66bcbe26-2a8f-5eac-99ff-c25bc9a33d9f.
[2025-08-19 13:28:32Z INFO JobDispatcher] Successfully renew job 66bcbe26-2a8f-5eac-99ff-c25bc9a33d9f, job is valid till 8/19/2025 1:38:32 PM
[2025-08-19 13:28:32Z INFO HostContext] Well known directory 'Bin': 'C:\laragon\www\sapapi\actions-runner\bin'
[2025-08-19 13:28:32Z INFO ProcessInvokerWrapper] Starting process:
[2025-08-19 13:28:32Z INFO ProcessInvokerWrapper]   File name: 'C:\laragon\www\sapapi\actions-runner\bin\Runner.Worker.exe'
[2025-08-19 13:28:32Z INFO ProcessInvokerWrapper]   Arguments: 'spawnclient 2604 2820'
[2025-08-19 13:28:32Z INFO ProcessInvokerWrapper]   Working directory: 'C:\laragon\www\sapapi\actions-runner\bin'
[2025-08-19 13:28:32Z INFO ProcessInvokerWrapper]   Require exit code zero: 'False'
[2025-08-19 13:28:32Z INFO ProcessInvokerWrapper]   Encoding web name:  ; code page: ''
[2025-08-19 13:28:32Z INFO ProcessInvokerWrapper]   Force kill process on cancellation: 'True'
[2025-08-19 13:28:32Z INFO ProcessInvokerWrapper]   Redirected STDIN: 'False'
[2025-08-19 13:28:32Z INFO ProcessInvokerWrapper]   Persist current code page: 'False'
[2025-08-19 13:28:32Z INFO ProcessInvokerWrapper]   Keep redirected STDIN open: 'False'
[2025-08-19 13:28:32Z INFO ProcessInvokerWrapper]   High priority process: 'True'
[2025-08-19 13:28:32Z INFO ProcessInvokerWrapper] Process started with process id 24200, waiting for process exit.
[2025-08-19 13:28:32Z INFO JobDispatcher] Send job request message to worker for job 66bcbe26-2a8f-5eac-99ff-c25bc9a33d9f.
[2025-08-19 13:28:32Z INFO ProcessChannel] Sending message of length 22208, with hash '931c01601b25cceceae6611ab8dcd38526348d3a2d14da860dd4269336a319a6'
[2025-08-19 13:28:33Z INFO JobNotification] Entering JobStarted Notification
[2025-08-19 13:28:33Z INFO JobNotification] Entering StartMonitor
[2025-08-19 13:29:32Z INFO JobDispatcher] Successfully renew job 66bcbe26-2a8f-5eac-99ff-c25bc9a33d9f, job is valid till 8/19/2025 1:39:32 PM
[2025-08-19 13:30:28Z INFO ProcessInvokerWrapper] STDOUT/STDERR stream read finished.
[2025-08-19 13:30:28Z INFO ProcessInvokerWrapper] STDOUT/STDERR stream read finished.
[2025-08-19 13:30:28Z INFO ProcessInvokerWrapper] Finished process 24200 with exit code 100, and elapsed time 00:01:56.2357159.
[2025-08-19 13:30:28Z INFO JobDispatcher] Worker finished for job 66bcbe26-2a8f-5eac-99ff-c25bc9a33d9f. Code: 100
[2025-08-19 13:30:28Z INFO JobDispatcher] finish job request for job 66bcbe26-2a8f-5eac-99ff-c25bc9a33d9f with result: Succeeded
[2025-08-19 13:30:28Z INFO Terminal] WRITE LINE: 2025-08-19 13:30:28Z: Job deploy completed with result: Succeeded
[2025-08-19 13:30:28Z INFO JobDispatcher] Stop renew job request for job 66bcbe26-2a8f-5eac-99ff-c25bc9a33d9f.
[2025-08-19 13:30:28Z INFO JobDispatcher] job renew has been cancelled, stop renew job 66bcbe26-2a8f-5eac-99ff-c25bc9a33d9f.
[2025-08-19 13:30:28Z INFO JobNotification] Entering JobCompleted Notification
[2025-08-19 13:30:28Z INFO JobNotification] Entering EndMonitor
[2025-08-19 13:30:28Z INFO BrokerMessageListener] Received job status event. JobState: Online
[2025-08-19 13:30:28Z WARN GitHubActionsService] GET request to https://broker.actions.githubusercontent.com/message?sessionId=08bd8b03-91d7-4727-b247-afcfa8e7b006&status=Busy&runnerVersion=2.328.0&os=Windows&architecture=X64&disableUpdate=false has been cancelled.
[2025-08-19 13:30:28Z ERR  BrokerServer] Catch exception during request
[2025-08-19 13:30:28Z ERR  BrokerServer] System.Threading.Tasks.TaskCanceledException: The operation was canceled.
 ---> System.Threading.Tasks.TaskCanceledException: The operation was canceled.
 ---> System.IO.IOException: Unable to read data from the transport connection: The I/O operation has been aborted because of either a thread exit or an application request..
 ---> System.Net.Sockets.SocketException (995): The I/O operation has been aborted because of either a thread exit or an application request.
   --- End of inner exception stack trace ---
   at System.Net.Sockets.Socket.AwaitableSocketAsyncEventArgs.ThrowException(SocketError error, CancellationToken cancellationToken)
   at System.Net.Sockets.Socket.AwaitableSocketAsyncEventArgs.System.Threading.Tasks.Sources.IValueTaskSource<System.Int32>.GetResult(Int16 token)
   at System.Net.Security.SslStream.EnsureFullTlsFrameAsync[TIOAdapter](CancellationToken cancellationToken, Int32 estimatedSize)
   at System.Runtime.CompilerServices.PoolingAsyncValueTaskMethodBuilder`1.StateMachineBox`1.System.Threading.Tasks.Sources.IValueTaskSource<TResult>.GetResult(Int16 token)
   at System.Net.Security.SslStream.ReadAsyncInternal[TIOAdapter](Memory`1 buffer, CancellationToken cancellationToken)
   at System.Runtime.CompilerServices.PoolingAsyncValueTaskMethodBuilder`1.StateMachineBox`1.System.Threading.Tasks.Sources.IValueTaskSource<TResult>.GetResult(Int16 token)
   at System.Net.Http.HttpConnection.SendAsync(HttpRequestMessage request, Boolean async, CancellationToken cancellationToken)
   --- End of inner exception stack trace ---
   at System.Net.Http.HttpConnection.SendAsync(HttpRequestMessage request, Boolean async, CancellationToken cancellationToken)
   at System.Net.Http.AuthenticationHelper.SendWithNtAuthAsync(HttpRequestMessage request, Uri authUri, Boolean async, ICredentials credentials, Boolean isProxyAuth, HttpConnection connection, HttpConnectionPool connectionPool, CancellationToken cancellationToken)
   at System.Net.Http.HttpConnectionPool.SendWithVersionDetectionAndRetryAsync(HttpRequestMessage request, Boolean async, Boolean doRequestAuth, CancellationToken cancellationToken)
   at System.Net.Http.AuthenticationHelper.SendWithAuthAsync(HttpRequestMessage request, Uri authUri, Boolean async, ICredentials credentials, Boolean preAuthenticate, Boolean isProxyAuth, Boolean doRequestAuth, HttpConnectionPool pool, CancellationToken cancellationToken)
   at System.Net.Http.RedirectHandler.SendAsync(HttpRequestMessage request, Boolean async, CancellationToken cancellationToken)
   at GitHub.Services.Common.RawHttpMessageHandler.SendAsync(HttpRequestMessage request, CancellationToken cancellationToken)
   at GitHub.Services.Common.VssHttpRetryMessageHandler.SendAsync(HttpRequestMessage request, CancellationToken cancellationToken)
   at System.Net.Http.HttpClient.<SendAsync>g__Core|83_0(HttpRequestMessage request, HttpCompletionOption completionOption, CancellationTokenSource cts, Boolean disposeCts, CancellationTokenSource pendingRequestsCts, CancellationToken originalCancellationToken)
   --- End of inner exception stack trace ---
   at System.Net.Http.HttpClient.HandleFailure(Exception e, Boolean telemetryStarted, HttpResponseMessage response, CancellationTokenSource cts, CancellationToken cancellationToken, CancellationTokenSource pendingRequestsCts)
   at System.Net.Http.HttpClient.<SendAsync>g__Core|83_0(HttpRequestMessage request, HttpCompletionOption completionOption, CancellationTokenSource cts, Boolean disposeCts, CancellationTokenSource pendingRequestsCts, CancellationToken originalCancellationToken)
   at Sdk.WebApi.WebApi.RawHttpClientBase.SendAsync(HttpRequestMessage message, HttpCompletionOption completionOption, Object userState, CancellationToken cancellationToken)
   at Sdk.WebApi.WebApi.RawHttpClientBase.SendAsync[T](HttpRequestMessage message, Boolean readErrorBody, Object userState, CancellationToken cancellationToken)
   at Sdk.WebApi.WebApi.RawHttpClientBase.SendAsync[T](HttpMethod method, IEnumerable`1 additionalHeaders, Uri requestUri, HttpContent content, IEnumerable`1 queryParameters, Boolean readErrorBody, Object userState, CancellationToken cancellationToken)
   at GitHub.Actions.RunService.WebApi.BrokerHttpClient.GetRunnerMessageAsync(Nullable`1 sessionId, String runnerVersion, Nullable`1 status, String os, String architecture, Nullable`1 disableUpdate, CancellationToken cancellationToken)
   at GitHub.Runner.Common.BrokerServer.<>c__DisplayClass7_0.<<GetRunnerMessageAsync>b__0>d.MoveNext()
--- End of stack trace from previous location ---
   at GitHub.Runner.Common.RunnerService.RetryRequest[T](Func`1 func, CancellationToken cancellationToken, Int32 maxRetryAttemptsCount, Func`2 shouldRetry)
[2025-08-19 13:30:28Z ERR  BrokerServer] #####################################################
[2025-08-19 13:30:28Z ERR  BrokerServer] System.Threading.Tasks.TaskCanceledException: The operation was canceled.
 ---> System.IO.IOException: Unable to read data from the transport connection: The I/O operation has been aborted because of either a thread exit or an application request..
 ---> System.Net.Sockets.SocketException (995): The I/O operation has been aborted because of either a thread exit or an application request.
   --- End of inner exception stack trace ---
   at System.Net.Sockets.Socket.AwaitableSocketAsyncEventArgs.ThrowException(SocketError error, CancellationToken cancellationToken)
   at System.Net.Sockets.Socket.AwaitableSocketAsyncEventArgs.System.Threading.Tasks.Sources.IValueTaskSource<System.Int32>.GetResult(Int16 token)
   at System.Net.Security.SslStream.EnsureFullTlsFrameAsync[TIOAdapter](CancellationToken cancellationToken, Int32 estimatedSize)
   at System.Runtime.CompilerServices.PoolingAsyncValueTaskMethodBuilder`1.StateMachineBox`1.System.Threading.Tasks.Sources.IValueTaskSource<TResult>.GetResult(Int16 token)
   at System.Net.Security.SslStream.ReadAsyncInternal[TIOAdapter](Memory`1 buffer, CancellationToken cancellationToken)
   at System.Runtime.CompilerServices.PoolingAsyncValueTaskMethodBuilder`1.StateMachineBox`1.System.Threading.Tasks.Sources.IValueTaskSource<TResult>.GetResult(Int16 token)
   at System.Net.Http.HttpConnection.SendAsync(HttpRequestMessage request, Boolean async, CancellationToken cancellationToken)
   --- End of inner exception stack trace ---
   at System.Net.Http.HttpConnection.SendAsync(HttpRequestMessage request, Boolean async, CancellationToken cancellationToken)
   at System.Net.Http.AuthenticationHelper.SendWithNtAuthAsync(HttpRequestMessage request, Uri authUri, Boolean async, ICredentials credentials, Boolean isProxyAuth, HttpConnection connection, HttpConnectionPool connectionPool, CancellationToken cancellationToken)
   at System.Net.Http.HttpConnectionPool.SendWithVersionDetectionAndRetryAsync(HttpRequestMessage request, Boolean async, Boolean doRequestAuth, CancellationToken cancellationToken)
   at System.Net.Http.AuthenticationHelper.SendWithAuthAsync(HttpRequestMessage request, Uri authUri, Boolean async, ICredentials credentials, Boolean preAuthenticate, Boolean isProxyAuth, Boolean doRequestAuth, HttpConnectionPool pool, CancellationToken cancellationToken)
   at System.Net.Http.RedirectHandler.SendAsync(HttpRequestMessage request, Boolean async, CancellationToken cancellationToken)
   at GitHub.Services.Common.RawHttpMessageHandler.SendAsync(HttpRequestMessage request, CancellationToken cancellationToken)
   at GitHub.Services.Common.VssHttpRetryMessageHandler.SendAsync(HttpRequestMessage request, CancellationToken cancellationToken)
   at System.Net.Http.HttpClient.<SendAsync>g__Core|83_0(HttpRequestMessage request, HttpCompletionOption completionOption, CancellationTokenSource cts, Boolean disposeCts, CancellationTokenSource pendingRequestsCts, CancellationToken originalCancellationToken)
[2025-08-19 13:30:28Z ERR  BrokerServer] #####################################################
[2025-08-19 13:30:28Z ERR  BrokerServer] System.IO.IOException: Unable to read data from the transport connection: The I/O operation has been aborted because of either a thread exit or an application request..
 ---> System.Net.Sockets.SocketException (995): The I/O operation has been aborted because of either a thread exit or an application request.
   --- End of inner exception stack trace ---
   at System.Net.Sockets.Socket.AwaitableSocketAsyncEventArgs.ThrowException(SocketError error, CancellationToken cancellationToken)
   at System.Net.Sockets.Socket.AwaitableSocketAsyncEventArgs.System.Threading.Tasks.Sources.IValueTaskSource<System.Int32>.GetResult(Int16 token)
   at System.Net.Security.SslStream.EnsureFullTlsFrameAsync[TIOAdapter](CancellationToken cancellationToken, Int32 estimatedSize)
   at System.Runtime.CompilerServices.PoolingAsyncValueTaskMethodBuilder`1.StateMachineBox`1.System.Threading.Tasks.Sources.IValueTaskSource<TResult>.GetResult(Int16 token)
   at System.Net.Security.SslStream.ReadAsyncInternal[TIOAdapter](Memory`1 buffer, CancellationToken cancellationToken)
   at System.Runtime.CompilerServices.PoolingAsyncValueTaskMethodBuilder`1.StateMachineBox`1.System.Threading.Tasks.Sources.IValueTaskSource<TResult>.GetResult(Int16 token)
   at System.Net.Http.HttpConnection.SendAsync(HttpRequestMessage request, Boolean async, CancellationToken cancellationToken)
[2025-08-19 13:30:28Z ERR  BrokerServer] #####################################################
[2025-08-19 13:30:28Z ERR  BrokerServer] System.Net.Sockets.SocketException (995): The I/O operation has been aborted because of either a thread exit or an application request.
[2025-08-19 13:30:28Z WARN BrokerServer] Back off 10.994 seconds before next retry. 4 attempt left.
[2025-08-19 13:30:28Z INFO BrokerMessageListener] Get messages has been cancelled using local token source. Continue to get messages with new status.
[2025-08-19 13:31:20Z INFO RSAEncryptedFileKeyManager] Loading RSA key parameters from file C:\laragon\www\sapapi\actions-runner\.credentials_rsaparams
[2025-08-19 13:31:21Z INFO GitHubActionsService] AAD Correlation ID for this token request: Unknown
[2025-08-19 13:34:34Z INFO ConfigurationStore] HasCredentials()
[2025-08-19 13:34:34Z INFO ConfigurationStore] stored True
[2025-08-19 13:34:34Z INFO CredentialManager] GetCredentialProvider
[2025-08-19 13:34:34Z INFO CredentialManager] Creating type OAuth
[2025-08-19 13:34:34Z INFO CredentialManager] Creating credential type: OAuth
[2025-08-19 13:34:34Z INFO RSAEncryptedFileKeyManager] Loading RSA key parameters from file C:\laragon\www\sapapi\actions-runner\.credentials_rsaparams
[2025-08-19 13:34:34Z INFO RSAEncryptedFileKeyManager] Loading RSA key parameters from file C:\laragon\www\sapapi\actions-runner\.credentials_rsaparams
[2025-08-19 13:34:34Z INFO RSAEncryptedFileKeyManager] Loading RSA key parameters from file C:\laragon\www\sapapi\actions-runner\.credentials_rsaparams
[2025-08-19 13:34:36Z INFO GitHubActionsService] AAD Correlation ID for this token request: Unknown
[2025-08-19 13:34:38Z INFO JobDispatcher] Job request 0 for plan 220f690c-82d2-4888-afea-93e7d9e74509 job 668621dc-2cf0-5037-ac94-e4de91b41e64 received.
[2025-08-19 13:34:38Z INFO JobDispatcher] Pull OrchestrationId 220f690c-82d2-4888-afea-93e7d9e74509.deploy.__default from JWT claims
[2025-08-19 13:34:38Z INFO BrokerMessageListener] Received job status event. JobState: Busy
[2025-08-19 13:34:38Z INFO BrokerMessageListener] _getMessagesTokenSource is already disposed.
[2025-08-19 13:34:38Z INFO JobDispatcher] Job request 66bcbe26-2a8f-5eac-99ff-c25bc9a33d9f processed succeed.
[2025-08-19 13:34:38Z INFO Terminal] WRITE LINE: 2025-08-19 13:34:38Z: Running job: deploy
[2025-08-19 13:34:38Z INFO JobDispatcher] Start renew job request 0 for job 668621dc-2cf0-5037-ac94-e4de91b41e64.
[2025-08-19 13:34:39Z INFO JobDispatcher] Successfully renew job 668621dc-2cf0-5037-ac94-e4de91b41e64, job is valid till 8/19/2025 1:44:39 PM
[2025-08-19 13:34:39Z INFO HostContext] Well known directory 'Bin': 'C:\laragon\www\sapapi\actions-runner\bin'
[2025-08-19 13:34:39Z INFO ProcessInvokerWrapper] Starting process:
[2025-08-19 13:34:39Z INFO ProcessInvokerWrapper]   File name: 'C:\laragon\www\sapapi\actions-runner\bin\Runner.Worker.exe'
[2025-08-19 13:34:39Z INFO ProcessInvokerWrapper]   Arguments: 'spawnclient 3008 2336'
[2025-08-19 13:34:39Z INFO ProcessInvokerWrapper]   Working directory: 'C:\laragon\www\sapapi\actions-runner\bin'
[2025-08-19 13:34:39Z INFO ProcessInvokerWrapper]   Require exit code zero: 'False'
[2025-08-19 13:34:39Z INFO ProcessInvokerWrapper]   Encoding web name:  ; code page: ''
[2025-08-19 13:34:39Z INFO ProcessInvokerWrapper]   Force kill process on cancellation: 'True'
[2025-08-19 13:34:39Z INFO ProcessInvokerWrapper]   Redirected STDIN: 'False'
[2025-08-19 13:34:39Z INFO ProcessInvokerWrapper]   Persist current code page: 'False'
[2025-08-19 13:34:39Z INFO ProcessInvokerWrapper]   Keep redirected STDIN open: 'False'
[2025-08-19 13:34:39Z INFO ProcessInvokerWrapper]   High priority process: 'True'
[2025-08-19 13:34:39Z INFO ProcessInvokerWrapper] Process started with process id 28816, waiting for process exit.
[2025-08-19 13:34:39Z INFO JobDispatcher] Send job request message to worker for job 668621dc-2cf0-5037-ac94-e4de91b41e64.
[2025-08-19 13:34:39Z INFO ProcessChannel] Sending message of length 22209, with hash '29d6cd9545f5f10bbb9dfefaf880a613a36149e56c5e196ae4e24680000f7d07'
[2025-08-19 13:34:39Z INFO JobNotification] Entering JobStarted Notification
[2025-08-19 13:34:39Z INFO JobNotification] Entering StartMonitor
[2025-08-19 13:35:39Z INFO JobDispatcher] Successfully renew job 668621dc-2cf0-5037-ac94-e4de91b41e64, job is valid till 8/19/2025 1:45:39 PM
[2025-08-19 13:36:32Z INFO ProcessInvokerWrapper] STDOUT/STDERR stream read finished.
[2025-08-19 13:36:32Z INFO ProcessInvokerWrapper] STDOUT/STDERR stream read finished.
[2025-08-19 13:36:32Z INFO ProcessInvokerWrapper] Finished process 28816 with exit code 100, and elapsed time 00:01:52.9607569.
[2025-08-19 13:36:32Z INFO JobDispatcher] Worker finished for job 668621dc-2cf0-5037-ac94-e4de91b41e64. Code: 100
[2025-08-19 13:36:32Z INFO JobDispatcher] finish job request for job 668621dc-2cf0-5037-ac94-e4de91b41e64 with result: Succeeded
[2025-08-19 13:36:32Z INFO Terminal] WRITE LINE: 2025-08-19 13:36:32Z: Job deploy completed with result: Succeeded
[2025-08-19 13:36:32Z INFO JobDispatcher] Stop renew job request for job 668621dc-2cf0-5037-ac94-e4de91b41e64.
[2025-08-19 13:36:32Z INFO JobDispatcher] job renew has been cancelled, stop renew job 668621dc-2cf0-5037-ac94-e4de91b41e64.
[2025-08-19 13:36:32Z INFO JobNotification] Entering JobCompleted Notification
[2025-08-19 13:36:32Z INFO JobNotification] Entering EndMonitor
[2025-08-19 13:36:32Z INFO BrokerMessageListener] Received job status event. JobState: Online
[2025-08-19 13:36:32Z WARN GitHubActionsService] GET request to https://broker.actions.githubusercontent.com/message?sessionId=08bd8b03-91d7-4727-b247-afcfa8e7b006&status=Busy&runnerVersion=2.328.0&os=Windows&architecture=X64&disableUpdate=false has been cancelled.
[2025-08-19 13:36:32Z ERR  BrokerServer] Catch exception during request
[2025-08-19 13:36:32Z ERR  BrokerServer] System.Threading.Tasks.TaskCanceledException: The operation was canceled.
 ---> System.Threading.Tasks.TaskCanceledException: The operation was canceled.
 ---> System.IO.IOException: Unable to read data from the transport connection: The I/O operation has been aborted because of either a thread exit or an application request..
 ---> System.Net.Sockets.SocketException (995): The I/O operation has been aborted because of either a thread exit or an application request.
   --- End of inner exception stack trace ---
   at System.Net.Sockets.Socket.AwaitableSocketAsyncEventArgs.ThrowException(SocketError error, CancellationToken cancellationToken)
   at System.Net.Sockets.Socket.AwaitableSocketAsyncEventArgs.System.Threading.Tasks.Sources.IValueTaskSource<System.Int32>.GetResult(Int16 token)
   at System.Net.Security.SslStream.EnsureFullTlsFrameAsync[TIOAdapter](CancellationToken cancellationToken, Int32 estimatedSize)
   at System.Runtime.CompilerServices.PoolingAsyncValueTaskMethodBuilder`1.StateMachineBox`1.System.Threading.Tasks.Sources.IValueTaskSource<TResult>.GetResult(Int16 token)
   at System.Net.Security.SslStream.ReadAsyncInternal[TIOAdapter](Memory`1 buffer, CancellationToken cancellationToken)
   at System.Runtime.CompilerServices.PoolingAsyncValueTaskMethodBuilder`1.StateMachineBox`1.System.Threading.Tasks.Sources.IValueTaskSource<TResult>.GetResult(Int16 token)
   at System.Net.Http.HttpConnection.SendAsync(HttpRequestMessage request, Boolean async, CancellationToken cancellationToken)
   --- End of inner exception stack trace ---
   at System.Net.Http.HttpConnection.SendAsync(HttpRequestMessage request, Boolean async, CancellationToken cancellationToken)
   at System.Net.Http.AuthenticationHelper.SendWithNtAuthAsync(HttpRequestMessage request, Uri authUri, Boolean async, ICredentials credentials, Boolean isProxyAuth, HttpConnection connection, HttpConnectionPool connectionPool, CancellationToken cancellationToken)
   at System.Net.Http.HttpConnectionPool.SendWithVersionDetectionAndRetryAsync(HttpRequestMessage request, Boolean async, Boolean doRequestAuth, CancellationToken cancellationToken)
   at System.Net.Http.AuthenticationHelper.SendWithAuthAsync(HttpRequestMessage request, Uri authUri, Boolean async, ICredentials credentials, Boolean preAuthenticate, Boolean isProxyAuth, Boolean doRequestAuth, HttpConnectionPool pool, CancellationToken cancellationToken)
   at System.Net.Http.RedirectHandler.SendAsync(HttpRequestMessage request, Boolean async, CancellationToken cancellationToken)
   at GitHub.Services.Common.RawHttpMessageHandler.SendAsync(HttpRequestMessage request, CancellationToken cancellationToken)
   at GitHub.Services.Common.VssHttpRetryMessageHandler.SendAsync(HttpRequestMessage request, CancellationToken cancellationToken)
   at System.Net.Http.HttpClient.<SendAsync>g__Core|83_0(HttpRequestMessage request, HttpCompletionOption completionOption, CancellationTokenSource cts, Boolean disposeCts, CancellationTokenSource pendingRequestsCts, CancellationToken originalCancellationToken)
   --- End of inner exception stack trace ---
   at System.Net.Http.HttpClient.HandleFailure(Exception e, Boolean telemetryStarted, HttpResponseMessage response, CancellationTokenSource cts, CancellationToken cancellationToken, CancellationTokenSource pendingRequestsCts)
   at System.Net.Http.HttpClient.<SendAsync>g__Core|83_0(HttpRequestMessage request, HttpCompletionOption completionOption, CancellationTokenSource cts, Boolean disposeCts, CancellationTokenSource pendingRequestsCts, CancellationToken originalCancellationToken)
   at Sdk.WebApi.WebApi.RawHttpClientBase.SendAsync(HttpRequestMessage message, HttpCompletionOption completionOption, Object userState, CancellationToken cancellationToken)
   at Sdk.WebApi.WebApi.RawHttpClientBase.SendAsync[T](HttpRequestMessage message, Boolean readErrorBody, Object userState, CancellationToken cancellationToken)
   at Sdk.WebApi.WebApi.RawHttpClientBase.SendAsync[T](HttpMethod method, IEnumerable`1 additionalHeaders, Uri requestUri, HttpContent content, IEnumerable`1 queryParameters, Boolean readErrorBody, Object userState, CancellationToken cancellationToken)
   at GitHub.Actions.RunService.WebApi.BrokerHttpClient.GetRunnerMessageAsync(Nullable`1 sessionId, String runnerVersion, Nullable`1 status, String os, String architecture, Nullable`1 disableUpdate, CancellationToken cancellationToken)
   at GitHub.Runner.Common.BrokerServer.<>c__DisplayClass7_0.<<GetRunnerMessageAsync>b__0>d.MoveNext()
--- End of stack trace from previous location ---
   at GitHub.Runner.Common.RunnerService.RetryRequest[T](Func`1 func, CancellationToken cancellationToken, Int32 maxRetryAttemptsCount, Func`2 shouldRetry)
[2025-08-19 13:36:32Z ERR  BrokerServer] #####################################################
[2025-08-19 13:36:32Z ERR  BrokerServer] System.Threading.Tasks.TaskCanceledException: The operation was canceled.
 ---> System.IO.IOException: Unable to read data from the transport connection: The I/O operation has been aborted because of either a thread exit or an application request..
 ---> System.Net.Sockets.SocketException (995): The I/O operation has been aborted because of either a thread exit or an application request.
   --- End of inner exception stack trace ---
   at System.Net.Sockets.Socket.AwaitableSocketAsyncEventArgs.ThrowException(SocketError error, CancellationToken cancellationToken)
   at System.Net.Sockets.Socket.AwaitableSocketAsyncEventArgs.System.Threading.Tasks.Sources.IValueTaskSource<System.Int32>.GetResult(Int16 token)
   at System.Net.Security.SslStream.EnsureFullTlsFrameAsync[TIOAdapter](CancellationToken cancellationToken, Int32 estimatedSize)
   at System.Runtime.CompilerServices.PoolingAsyncValueTaskMethodBuilder`1.StateMachineBox`1.System.Threading.Tasks.Sources.IValueTaskSource<TResult>.GetResult(Int16 token)
   at System.Net.Security.SslStream.ReadAsyncInternal[TIOAdapter](Memory`1 buffer, CancellationToken cancellationToken)
   at System.Runtime.CompilerServices.PoolingAsyncValueTaskMethodBuilder`1.StateMachineBox`1.System.Threading.Tasks.Sources.IValueTaskSource<TResult>.GetResult(Int16 token)
   at System.Net.Http.HttpConnection.SendAsync(HttpRequestMessage request, Boolean async, CancellationToken cancellationToken)
   --- End of inner exception stack trace ---
   at System.Net.Http.HttpConnection.SendAsync(HttpRequestMessage request, Boolean async, CancellationToken cancellationToken)
   at System.Net.Http.AuthenticationHelper.SendWithNtAuthAsync(HttpRequestMessage request, Uri authUri, Boolean async, ICredentials credentials, Boolean isProxyAuth, HttpConnection connection, HttpConnectionPool connectionPool, CancellationToken cancellationToken)
   at System.Net.Http.HttpConnectionPool.SendWithVersionDetectionAndRetryAsync(HttpRequestMessage request, Boolean async, Boolean doRequestAuth, CancellationToken cancellationToken)
   at System.Net.Http.AuthenticationHelper.SendWithAuthAsync(HttpRequestMessage request, Uri authUri, Boolean async, ICredentials credentials, Boolean preAuthenticate, Boolean isProxyAuth, Boolean doRequestAuth, HttpConnectionPool pool, CancellationToken cancellationToken)
   at System.Net.Http.RedirectHandler.SendAsync(HttpRequestMessage request, Boolean async, CancellationToken cancellationToken)
   at GitHub.Services.Common.RawHttpMessageHandler.SendAsync(HttpRequestMessage request, CancellationToken cancellationToken)
   at GitHub.Services.Common.VssHttpRetryMessageHandler.SendAsync(HttpRequestMessage request, CancellationToken cancellationToken)
   at System.Net.Http.HttpClient.<SendAsync>g__Core|83_0(HttpRequestMessage request, HttpCompletionOption completionOption, CancellationTokenSource cts, Boolean disposeCts, CancellationTokenSource pendingRequestsCts, CancellationToken originalCancellationToken)
[2025-08-19 13:36:32Z ERR  BrokerServer] #####################################################
[2025-08-19 13:36:32Z ERR  BrokerServer] System.IO.IOException: Unable to read data from the transport connection: The I/O operation has been aborted because of either a thread exit or an application request..
 ---> System.Net.Sockets.SocketException (995): The I/O operation has been aborted because of either a thread exit or an application request.
   --- End of inner exception stack trace ---
   at System.Net.Sockets.Socket.AwaitableSocketAsyncEventArgs.ThrowException(SocketError error, CancellationToken cancellationToken)
   at System.Net.Sockets.Socket.AwaitableSocketAsyncEventArgs.System.Threading.Tasks.Sources.IValueTaskSource<System.Int32>.GetResult(Int16 token)
   at System.Net.Security.SslStream.EnsureFullTlsFrameAsync[TIOAdapter](CancellationToken cancellationToken, Int32 estimatedSize)
   at System.Runtime.CompilerServices.PoolingAsyncValueTaskMethodBuilder`1.StateMachineBox`1.System.Threading.Tasks.Sources.IValueTaskSource<TResult>.GetResult(Int16 token)
   at System.Net.Security.SslStream.ReadAsyncInternal[TIOAdapter](Memory`1 buffer, CancellationToken cancellationToken)
   at System.Runtime.CompilerServices.PoolingAsyncValueTaskMethodBuilder`1.StateMachineBox`1.System.Threading.Tasks.Sources.IValueTaskSource<TResult>.GetResult(Int16 token)
   at System.Net.Http.HttpConnection.SendAsync(HttpRequestMessage request, Boolean async, CancellationToken cancellationToken)
[2025-08-19 13:36:32Z ERR  BrokerServer] #####################################################
[2025-08-19 13:36:32Z ERR  BrokerServer] System.Net.Sockets.SocketException (995): The I/O operation has been aborted because of either a thread exit or an application request.
[2025-08-19 13:36:32Z WARN BrokerServer] Back off 8.581 seconds before next retry. 4 attempt left.
[2025-08-19 13:36:32Z INFO BrokerMessageListener] Get messages has been cancelled using local token source. Continue to get messages with new status.
[2025-08-19 14:21:49Z INFO RSAEncryptedFileKeyManager] Loading RSA key parameters from file C:\laragon\www\sapapi\actions-runner\.credentials_rsaparams
[2025-08-19 14:21:50Z INFO GitHubActionsService] AAD Correlation ID for this token request: Unknown
[2025-08-19 15:05:08Z WARN GitHubActionsService] Attempt 1 of GET request to https://broker.actions.githubusercontent.com/message?sessionId=08bd8b03-91d7-4727-b247-afcfa8e7b006&status=Online&runnerVersion=2.328.0&os=Windows&architecture=X64&disableUpdate=false failed (Socket Error: ConnectionReset). The operation will be retried in 11.187 seconds.
[2025-08-19 15:12:03Z INFO RSAEncryptedFileKeyManager] Loading RSA key parameters from file C:\laragon\www\sapapi\actions-runner\.credentials_rsaparams
[2025-08-19 15:12:04Z INFO GitHubActionsService] AAD Correlation ID for this token request: Unknown
[2025-08-19 15:16:16Z INFO ConfigurationStore] HasCredentials()
[2025-08-19 15:16:16Z INFO ConfigurationStore] stored True
[2025-08-19 15:16:16Z INFO CredentialManager] GetCredentialProvider
[2025-08-19 15:16:16Z INFO CredentialManager] Creating type OAuth
[2025-08-19 15:16:16Z INFO CredentialManager] Creating credential type: OAuth
[2025-08-19 15:16:16Z INFO RSAEncryptedFileKeyManager] Loading RSA key parameters from file C:\laragon\www\sapapi\actions-runner\.credentials_rsaparams
[2025-08-19 15:16:16Z INFO RSAEncryptedFileKeyManager] Loading RSA key parameters from file C:\laragon\www\sapapi\actions-runner\.credentials_rsaparams
[2025-08-19 15:16:16Z INFO RSAEncryptedFileKeyManager] Loading RSA key parameters from file C:\laragon\www\sapapi\actions-runner\.credentials_rsaparams
[2025-08-19 15:16:17Z INFO GitHubActionsService] AAD Correlation ID for this token request: Unknown
[2025-08-19 15:16:19Z INFO JobDispatcher] Job request 0 for plan 3a172dd8-7d02-4b19-8859-7c2ab35272c9 job 604e359f-63c9-5543-bbfb-85f74eb4f728 received.
[2025-08-19 15:16:19Z INFO JobDispatcher] Pull OrchestrationId 3a172dd8-7d02-4b19-8859-7c2ab35272c9.deploy.__default from JWT claims
[2025-08-19 15:16:19Z INFO BrokerMessageListener] Received job status event. JobState: Busy
[2025-08-19 15:16:19Z INFO BrokerMessageListener] _getMessagesTokenSource is already disposed.
[2025-08-19 15:16:19Z INFO JobDispatcher] Job request 668621dc-2cf0-5037-ac94-e4de91b41e64 processed succeed.
[2025-08-19 15:16:19Z INFO Terminal] WRITE LINE: 2025-08-19 15:16:19Z: Running job: deploy
[2025-08-19 15:16:19Z INFO JobDispatcher] Start renew job request 0 for job 604e359f-63c9-5543-bbfb-85f74eb4f728.
[2025-08-19 15:16:20Z INFO JobDispatcher] Successfully renew job 604e359f-63c9-5543-bbfb-85f74eb4f728, job is valid till 8/19/2025 3:26:20 PM
[2025-08-19 15:16:20Z INFO HostContext] Well known directory 'Bin': 'C:\laragon\www\sapapi\actions-runner\bin'
[2025-08-19 15:16:20Z INFO ProcessInvokerWrapper] Starting process:
[2025-08-19 15:16:20Z INFO ProcessInvokerWrapper]   File name: 'C:\laragon\www\sapapi\actions-runner\bin\Runner.Worker.exe'
[2025-08-19 15:16:20Z INFO ProcessInvokerWrapper]   Arguments: 'spawnclient 1372 2896'
[2025-08-19 15:16:20Z INFO ProcessInvokerWrapper]   Working directory: 'C:\laragon\www\sapapi\actions-runner\bin'
[2025-08-19 15:16:20Z INFO ProcessInvokerWrapper]   Require exit code zero: 'False'
[2025-08-19 15:16:20Z INFO ProcessInvokerWrapper]   Encoding web name:  ; code page: ''
[2025-08-19 15:16:20Z INFO ProcessInvokerWrapper]   Force kill process on cancellation: 'True'
[2025-08-19 15:16:20Z INFO ProcessInvokerWrapper]   Redirected STDIN: 'False'
[2025-08-19 15:16:20Z INFO ProcessInvokerWrapper]   Persist current code page: 'False'
[2025-08-19 15:16:20Z INFO ProcessInvokerWrapper]   Keep redirected STDIN open: 'False'
[2025-08-19 15:16:20Z INFO ProcessInvokerWrapper]   High priority process: 'True'
[2025-08-19 15:16:20Z INFO ProcessInvokerWrapper] Process started with process id 15480, waiting for process exit.
[2025-08-19 15:16:20Z INFO JobDispatcher] Send job request message to worker for job 604e359f-63c9-5543-bbfb-85f74eb4f728.
[2025-08-19 15:16:20Z INFO ProcessChannel] Sending message of length 22209, with hash '1308995b527c9548bf3bef071900f818a1fbd4ac5678eebc7dd3977fae5ac4aa'
[2025-08-19 15:16:20Z INFO JobNotification] Entering JobStarted Notification
[2025-08-19 15:16:20Z INFO JobNotification] Entering StartMonitor
[2025-08-19 15:17:21Z INFO JobDispatcher] Successfully renew job 604e359f-63c9-5543-bbfb-85f74eb4f728, job is valid till 8/19/2025 3:27:21 PM
[2025-08-19 15:18:20Z INFO ProcessInvokerWrapper] STDOUT/STDERR stream read finished.
[2025-08-19 15:18:20Z INFO ProcessInvokerWrapper] STDOUT/STDERR stream read finished.
[2025-08-19 15:18:20Z INFO ProcessInvokerWrapper] Finished process 15480 with exit code 100, and elapsed time 00:01:59.8837981.
[2025-08-19 15:18:20Z INFO JobDispatcher] Worker finished for job 604e359f-63c9-5543-bbfb-85f74eb4f728. Code: 100
[2025-08-19 15:18:20Z INFO JobDispatcher] finish job request for job 604e359f-63c9-5543-bbfb-85f74eb4f728 with result: Succeeded
[2025-08-19 15:18:20Z INFO Terminal] WRITE LINE: 2025-08-19 15:18:20Z: Job deploy completed with result: Succeeded
[2025-08-19 15:18:20Z INFO JobDispatcher] Stop renew job request for job 604e359f-63c9-5543-bbfb-85f74eb4f728.
[2025-08-19 15:18:20Z INFO JobDispatcher] job renew has been cancelled, stop renew job 604e359f-63c9-5543-bbfb-85f74eb4f728.
[2025-08-19 15:18:20Z INFO JobNotification] Entering JobCompleted Notification
[2025-08-19 15:18:20Z INFO JobNotification] Entering EndMonitor
[2025-08-19 15:18:20Z INFO BrokerMessageListener] Received job status event. JobState: Online
[2025-08-19 15:18:20Z WARN GitHubActionsService] GET request to https://broker.actions.githubusercontent.com/message?sessionId=08bd8b03-91d7-4727-b247-afcfa8e7b006&status=Busy&runnerVersion=2.328.0&os=Windows&architecture=X64&disableUpdate=false has been cancelled.
[2025-08-19 15:18:20Z ERR  BrokerServer] Catch exception during request
[2025-08-19 15:18:20Z ERR  BrokerServer] System.Threading.Tasks.TaskCanceledException: The operation was canceled.
 ---> System.Threading.Tasks.TaskCanceledException: The operation was canceled.
 ---> System.IO.IOException: Unable to read data from the transport connection: The I/O operation has been aborted because of either a thread exit or an application request..
 ---> System.Net.Sockets.SocketException (995): The I/O operation has been aborted because of either a thread exit or an application request.
   --- End of inner exception stack trace ---
   at System.Net.Sockets.Socket.AwaitableSocketAsyncEventArgs.ThrowException(SocketError error, CancellationToken cancellationToken)
   at System.Net.Sockets.Socket.AwaitableSocketAsyncEventArgs.System.Threading.Tasks.Sources.IValueTaskSource<System.Int32>.GetResult(Int16 token)
   at System.Net.Security.SslStream.EnsureFullTlsFrameAsync[TIOAdapter](CancellationToken cancellationToken, Int32 estimatedSize)
   at System.Runtime.CompilerServices.PoolingAsyncValueTaskMethodBuilder`1.StateMachineBox`1.System.Threading.Tasks.Sources.IValueTaskSource<TResult>.GetResult(Int16 token)
   at System.Net.Security.SslStream.ReadAsyncInternal[TIOAdapter](Memory`1 buffer, CancellationToken cancellationToken)
   at System.Runtime.CompilerServices.PoolingAsyncValueTaskMethodBuilder`1.StateMachineBox`1.System.Threading.Tasks.Sources.IValueTaskSource<TResult>.GetResult(Int16 token)
   at System.Net.Http.HttpConnection.SendAsync(HttpRequestMessage request, Boolean async, CancellationToken cancellationToken)
   --- End of inner exception stack trace ---
   at System.Net.Http.HttpConnection.SendAsync(HttpRequestMessage request, Boolean async, CancellationToken cancellationToken)
   at System.Net.Http.AuthenticationHelper.SendWithNtAuthAsync(HttpRequestMessage request, Uri authUri, Boolean async, ICredentials credentials, Boolean isProxyAuth, HttpConnection connection, HttpConnectionPool connectionPool, CancellationToken cancellationToken)
   at System.Net.Http.HttpConnectionPool.SendWithVersionDetectionAndRetryAsync(HttpRequestMessage request, Boolean async, Boolean doRequestAuth, CancellationToken cancellationToken)
   at System.Net.Http.AuthenticationHelper.SendWithAuthAsync(HttpRequestMessage request, Uri authUri, Boolean async, ICredentials credentials, Boolean preAuthenticate, Boolean isProxyAuth, Boolean doRequestAuth, HttpConnectionPool pool, CancellationToken cancellationToken)
   at System.Net.Http.RedirectHandler.SendAsync(HttpRequestMessage request, Boolean async, CancellationToken cancellationToken)
   at GitHub.Services.Common.RawHttpMessageHandler.SendAsync(HttpRequestMessage request, CancellationToken cancellationToken)
   at GitHub.Services.Common.VssHttpRetryMessageHandler.SendAsync(HttpRequestMessage request, CancellationToken cancellationToken)
   at System.Net.Http.HttpClient.<SendAsync>g__Core|83_0(HttpRequestMessage request, HttpCompletionOption completionOption, CancellationTokenSource cts, Boolean disposeCts, CancellationTokenSource pendingRequestsCts, CancellationToken originalCancellationToken)
   --- End of inner exception stack trace ---
   at System.Net.Http.HttpClient.HandleFailure(Exception e, Boolean telemetryStarted, HttpResponseMessage response, CancellationTokenSource cts, CancellationToken cancellationToken, CancellationTokenSource pendingRequestsCts)
   at System.Net.Http.HttpClient.<SendAsync>g__Core|83_0(HttpRequestMessage request, HttpCompletionOption completionOption, CancellationTokenSource cts, Boolean disposeCts, CancellationTokenSource pendingRequestsCts, CancellationToken originalCancellationToken)
   at Sdk.WebApi.WebApi.RawHttpClientBase.SendAsync(HttpRequestMessage message, HttpCompletionOption completionOption, Object userState, CancellationToken cancellationToken)
   at Sdk.WebApi.WebApi.RawHttpClientBase.SendAsync[T](HttpRequestMessage message, Boolean readErrorBody, Object userState, CancellationToken cancellationToken)
   at Sdk.WebApi.WebApi.RawHttpClientBase.SendAsync[T](HttpMethod method, IEnumerable`1 additionalHeaders, Uri requestUri, HttpContent content, IEnumerable`1 queryParameters, Boolean readErrorBody, Object userState, CancellationToken cancellationToken)
   at GitHub.Actions.RunService.WebApi.BrokerHttpClient.GetRunnerMessageAsync(Nullable`1 sessionId, String runnerVersion, Nullable`1 status, String os, String architecture, Nullable`1 disableUpdate, CancellationToken cancellationToken)
   at GitHub.Runner.Common.BrokerServer.<>c__DisplayClass7_0.<<GetRunnerMessageAsync>b__0>d.MoveNext()
--- End of stack trace from previous location ---
   at GitHub.Runner.Common.RunnerService.RetryRequest[T](Func`1 func, CancellationToken cancellationToken, Int32 maxRetryAttemptsCount, Func`2 shouldRetry)
[2025-08-19 15:18:20Z ERR  BrokerServer] #####################################################
[2025-08-19 15:18:20Z ERR  BrokerServer] System.Threading.Tasks.TaskCanceledException: The operation was canceled.
 ---> System.IO.IOException: Unable to read data from the transport connection: The I/O operation has been aborted because of either a thread exit or an application request..
 ---> System.Net.Sockets.SocketException (995): The I/O operation has been aborted because of either a thread exit or an application request.
   --- End of inner exception stack trace ---
   at System.Net.Sockets.Socket.AwaitableSocketAsyncEventArgs.ThrowException(SocketError error, CancellationToken cancellationToken)
   at System.Net.Sockets.Socket.AwaitableSocketAsyncEventArgs.System.Threading.Tasks.Sources.IValueTaskSource<System.Int32>.GetResult(Int16 token)
   at System.Net.Security.SslStream.EnsureFullTlsFrameAsync[TIOAdapter](CancellationToken cancellationToken, Int32 estimatedSize)
   at System.Runtime.CompilerServices.PoolingAsyncValueTaskMethodBuilder`1.StateMachineBox`1.System.Threading.Tasks.Sources.IValueTaskSource<TResult>.GetResult(Int16 token)
   at System.Net.Security.SslStream.ReadAsyncInternal[TIOAdapter](Memory`1 buffer, CancellationToken cancellationToken)
   at System.Runtime.CompilerServices.PoolingAsyncValueTaskMethodBuilder`1.StateMachineBox`1.System.Threading.Tasks.Sources.IValueTaskSource<TResult>.GetResult(Int16 token)
   at System.Net.Http.HttpConnection.SendAsync(HttpRequestMessage request, Boolean async, CancellationToken cancellationToken)
   --- End of inner exception stack trace ---
   at System.Net.Http.HttpConnection.SendAsync(HttpRequestMessage request, Boolean async, CancellationToken cancellationToken)
   at System.Net.Http.AuthenticationHelper.SendWithNtAuthAsync(HttpRequestMessage request, Uri authUri, Boolean async, ICredentials credentials, Boolean isProxyAuth, HttpConnection connection, HttpConnectionPool connectionPool, CancellationToken cancellationToken)
   at System.Net.Http.HttpConnectionPool.SendWithVersionDetectionAndRetryAsync(HttpRequestMessage request, Boolean async, Boolean doRequestAuth, CancellationToken cancellationToken)
   at System.Net.Http.AuthenticationHelper.SendWithAuthAsync(HttpRequestMessage request, Uri authUri, Boolean async, ICredentials credentials, Boolean preAuthenticate, Boolean isProxyAuth, Boolean doRequestAuth, HttpConnectionPool pool, CancellationToken cancellationToken)
   at System.Net.Http.RedirectHandler.SendAsync(HttpRequestMessage request, Boolean async, CancellationToken cancellationToken)
   at GitHub.Services.Common.RawHttpMessageHandler.SendAsync(HttpRequestMessage request, CancellationToken cancellationToken)
   at GitHub.Services.Common.VssHttpRetryMessageHandler.SendAsync(HttpRequestMessage request, CancellationToken cancellationToken)
   at System.Net.Http.HttpClient.<SendAsync>g__Core|83_0(HttpRequestMessage request, HttpCompletionOption completionOption, CancellationTokenSource cts, Boolean disposeCts, CancellationTokenSource pendingRequestsCts, CancellationToken originalCancellationToken)
[2025-08-19 15:18:20Z ERR  BrokerServer] #####################################################
[2025-08-19 15:18:20Z ERR  BrokerServer] System.IO.IOException: Unable to read data from the transport connection: The I/O operation has been aborted because of either a thread exit or an application request..
 ---> System.Net.Sockets.SocketException (995): The I/O operation has been aborted because of either a thread exit or an application request.
   --- End of inner exception stack trace ---
   at System.Net.Sockets.Socket.AwaitableSocketAsyncEventArgs.ThrowException(SocketError error, CancellationToken cancellationToken)
   at System.Net.Sockets.Socket.AwaitableSocketAsyncEventArgs.System.Threading.Tasks.Sources.IValueTaskSource<System.Int32>.GetResult(Int16 token)
   at System.Net.Security.SslStream.EnsureFullTlsFrameAsync[TIOAdapter](CancellationToken cancellationToken, Int32 estimatedSize)
   at System.Runtime.CompilerServices.PoolingAsyncValueTaskMethodBuilder`1.StateMachineBox`1.System.Threading.Tasks.Sources.IValueTaskSource<TResult>.GetResult(Int16 token)
   at System.Net.Security.SslStream.ReadAsyncInternal[TIOAdapter](Memory`1 buffer, CancellationToken cancellationToken)
   at System.Runtime.CompilerServices.PoolingAsyncValueTaskMethodBuilder`1.StateMachineBox`1.System.Threading.Tasks.Sources.IValueTaskSource<TResult>.GetResult(Int16 token)
   at System.Net.Http.HttpConnection.SendAsync(HttpRequestMessage request, Boolean async, CancellationToken cancellationToken)
[2025-08-19 15:18:20Z ERR  BrokerServer] #####################################################
[2025-08-19 15:18:20Z ERR  BrokerServer] System.Net.Sockets.SocketException (995): The I/O operation has been aborted because of either a thread exit or an application request.
[2025-08-19 15:18:20Z WARN BrokerServer] Back off 12.961 seconds before next retry. 4 attempt left.
[2025-08-19 15:18:20Z INFO BrokerMessageListener] Get messages has been cancelled using local token source. Continue to get messages with new status.
[2025-08-19 15:21:38Z INFO ConfigurationStore] HasCredentials()
[2025-08-19 15:21:38Z INFO ConfigurationStore] stored True
[2025-08-19 15:21:38Z INFO CredentialManager] GetCredentialProvider
[2025-08-19 15:21:38Z INFO CredentialManager] Creating type OAuth
[2025-08-19 15:21:38Z INFO CredentialManager] Creating credential type: OAuth
[2025-08-19 15:21:38Z INFO RSAEncryptedFileKeyManager] Loading RSA key parameters from file C:\laragon\www\sapapi\actions-runner\.credentials_rsaparams
[2025-08-19 15:21:38Z INFO RSAEncryptedFileKeyManager] Loading RSA key parameters from file C:\laragon\www\sapapi\actions-runner\.credentials_rsaparams
[2025-08-19 15:21:38Z INFO RSAEncryptedFileKeyManager] Loading RSA key parameters from file C:\laragon\www\sapapi\actions-runner\.credentials_rsaparams
[2025-08-19 15:21:39Z INFO GitHubActionsService] AAD Correlation ID for this token request: Unknown
[2025-08-19 15:21:42Z INFO JobDispatcher] Job request 0 for plan 1bd47679-d068-4f7b-a684-27e0f46b221d job 6c2daa31-93b0-57aa-a0d9-fd6b706338f8 received.
[2025-08-19 15:21:42Z INFO JobDispatcher] Pull OrchestrationId 1bd47679-d068-4f7b-a684-27e0f46b221d.deploy.__default from JWT claims
[2025-08-19 15:21:42Z INFO BrokerMessageListener] Received job status event. JobState: Busy
[2025-08-19 15:21:42Z INFO BrokerMessageListener] _getMessagesTokenSource is already disposed.
[2025-08-19 15:21:42Z INFO JobDispatcher] Job request 604e359f-63c9-5543-bbfb-85f74eb4f728 processed succeed.
[2025-08-19 15:21:42Z INFO Terminal] WRITE LINE: 2025-08-19 15:21:42Z: Running job: deploy
[2025-08-19 15:21:42Z INFO JobDispatcher] Start renew job request 0 for job 6c2daa31-93b0-57aa-a0d9-fd6b706338f8.
[2025-08-19 15:21:43Z INFO JobDispatcher] Successfully renew job 6c2daa31-93b0-57aa-a0d9-fd6b706338f8, job is valid till 8/19/2025 3:31:43 PM
[2025-08-19 15:21:43Z INFO HostContext] Well known directory 'Bin': 'C:\laragon\www\sapapi\actions-runner\bin'
[2025-08-19 15:21:43Z INFO ProcessInvokerWrapper] Starting process:
[2025-08-19 15:21:43Z INFO ProcessInvokerWrapper]   File name: 'C:\laragon\www\sapapi\actions-runner\bin\Runner.Worker.exe'
[2025-08-19 15:21:43Z INFO ProcessInvokerWrapper]   Arguments: 'spawnclient 2620 2648'
[2025-08-19 15:21:43Z INFO ProcessInvokerWrapper]   Working directory: 'C:\laragon\www\sapapi\actions-runner\bin'
[2025-08-19 15:21:43Z INFO ProcessInvokerWrapper]   Require exit code zero: 'False'
[2025-08-19 15:21:43Z INFO ProcessInvokerWrapper]   Encoding web name:  ; code page: ''
[2025-08-19 15:21:43Z INFO ProcessInvokerWrapper]   Force kill process on cancellation: 'True'
[2025-08-19 15:21:43Z INFO ProcessInvokerWrapper]   Redirected STDIN: 'False'
[2025-08-19 15:21:43Z INFO ProcessInvokerWrapper]   Persist current code page: 'False'
[2025-08-19 15:21:43Z INFO ProcessInvokerWrapper]   Keep redirected STDIN open: 'False'
[2025-08-19 15:21:43Z INFO ProcessInvokerWrapper]   High priority process: 'True'
[2025-08-19 15:21:43Z INFO ProcessInvokerWrapper] Process started with process id 31340, waiting for process exit.
[2025-08-19 15:21:43Z INFO JobDispatcher] Send job request message to worker for job 6c2daa31-93b0-57aa-a0d9-fd6b706338f8.
[2025-08-19 15:21:43Z INFO ProcessChannel] Sending message of length 22208, with hash 'b2b0ccaf7c04d815879d41c4aaaa4b658ca263f44dcf8e262bb3d761d664d6a2'
[2025-08-19 15:21:43Z INFO JobNotification] Entering JobStarted Notification
[2025-08-19 15:21:43Z INFO JobNotification] Entering StartMonitor
[2025-08-19 15:22:43Z INFO JobDispatcher] Successfully renew job 6c2daa31-93b0-57aa-a0d9-fd6b706338f8, job is valid till 8/19/2025 3:32:43 PM
[2025-08-19 15:23:30Z INFO ProcessInvokerWrapper] STDOUT/STDERR stream read finished.
[2025-08-19 15:23:30Z INFO ProcessInvokerWrapper] STDOUT/STDERR stream read finished.
[2025-08-19 15:23:30Z INFO ProcessInvokerWrapper] Finished process 31340 with exit code 100, and elapsed time 00:01:47.4352073.
[2025-08-19 15:23:30Z INFO JobDispatcher] Worker finished for job 6c2daa31-93b0-57aa-a0d9-fd6b706338f8. Code: 100
[2025-08-19 15:23:30Z INFO JobDispatcher] finish job request for job 6c2daa31-93b0-57aa-a0d9-fd6b706338f8 with result: Succeeded
[2025-08-19 15:23:30Z INFO Terminal] WRITE LINE: 2025-08-19 15:23:30Z: Job deploy completed with result: Succeeded
[2025-08-19 15:23:30Z INFO JobDispatcher] Stop renew job request for job 6c2daa31-93b0-57aa-a0d9-fd6b706338f8.
[2025-08-19 15:23:30Z INFO JobDispatcher] job renew has been cancelled, stop renew job 6c2daa31-93b0-57aa-a0d9-fd6b706338f8.
[2025-08-19 15:23:30Z INFO JobNotification] Entering JobCompleted Notification
[2025-08-19 15:23:30Z INFO JobNotification] Entering EndMonitor
[2025-08-19 15:23:30Z INFO BrokerMessageListener] Received job status event. JobState: Online
[2025-08-19 15:23:30Z WARN GitHubActionsService] GET request to https://broker.actions.githubusercontent.com/message?sessionId=08bd8b03-91d7-4727-b247-afcfa8e7b006&status=Busy&runnerVersion=2.328.0&os=Windows&architecture=X64&disableUpdate=false has been cancelled.
[2025-08-19 15:23:30Z ERR  BrokerServer] Catch exception during request
[2025-08-19 15:23:30Z ERR  BrokerServer] System.Threading.Tasks.TaskCanceledException: The operation was canceled.
 ---> System.Threading.Tasks.TaskCanceledException: The operation was canceled.
 ---> System.IO.IOException: Unable to read data from the transport connection: The I/O operation has been aborted because of either a thread exit or an application request..
 ---> System.Net.Sockets.SocketException (995): The I/O operation has been aborted because of either a thread exit or an application request.
   --- End of inner exception stack trace ---
   at System.Net.Sockets.Socket.AwaitableSocketAsyncEventArgs.ThrowException(SocketError error, CancellationToken cancellationToken)
   at System.Net.Sockets.Socket.AwaitableSocketAsyncEventArgs.System.Threading.Tasks.Sources.IValueTaskSource<System.Int32>.GetResult(Int16 token)
   at System.Net.Security.SslStream.EnsureFullTlsFrameAsync[TIOAdapter](CancellationToken cancellationToken, Int32 estimatedSize)
   at System.Runtime.CompilerServices.PoolingAsyncValueTaskMethodBuilder`1.StateMachineBox`1.System.Threading.Tasks.Sources.IValueTaskSource<TResult>.GetResult(Int16 token)
   at System.Net.Security.SslStream.ReadAsyncInternal[TIOAdapter](Memory`1 buffer, CancellationToken cancellationToken)
   at System.Runtime.CompilerServices.PoolingAsyncValueTaskMethodBuilder`1.StateMachineBox`1.System.Threading.Tasks.Sources.IValueTaskSource<TResult>.GetResult(Int16 token)
   at System.Net.Http.HttpConnection.SendAsync(HttpRequestMessage request, Boolean async, CancellationToken cancellationToken)
   --- End of inner exception stack trace ---
   at System.Net.Http.HttpConnection.SendAsync(HttpRequestMessage request, Boolean async, CancellationToken cancellationToken)
   at System.Net.Http.AuthenticationHelper.SendWithNtAuthAsync(HttpRequestMessage request, Uri authUri, Boolean async, ICredentials credentials, Boolean isProxyAuth, HttpConnection connection, HttpConnectionPool connectionPool, CancellationToken cancellationToken)
   at System.Net.Http.HttpConnectionPool.SendWithVersionDetectionAndRetryAsync(HttpRequestMessage request, Boolean async, Boolean doRequestAuth, CancellationToken cancellationToken)
   at System.Net.Http.AuthenticationHelper.SendWithAuthAsync(HttpRequestMessage request, Uri authUri, Boolean async, ICredentials credentials, Boolean preAuthenticate, Boolean isProxyAuth, Boolean doRequestAuth, HttpConnectionPool pool, CancellationToken cancellationToken)
   at System.Net.Http.RedirectHandler.SendAsync(HttpRequestMessage request, Boolean async, CancellationToken cancellationToken)
   at GitHub.Services.Common.RawHttpMessageHandler.SendAsync(HttpRequestMessage request, CancellationToken cancellationToken)
   at GitHub.Services.Common.VssHttpRetryMessageHandler.SendAsync(HttpRequestMessage request, CancellationToken cancellationToken)
   at System.Net.Http.HttpClient.<SendAsync>g__Core|83_0(HttpRequestMessage request, HttpCompletionOption completionOption, CancellationTokenSource cts, Boolean disposeCts, CancellationTokenSource pendingRequestsCts, CancellationToken originalCancellationToken)
   --- End of inner exception stack trace ---
   at System.Net.Http.HttpClient.HandleFailure(Exception e, Boolean telemetryStarted, HttpResponseMessage response, CancellationTokenSource cts, CancellationToken cancellationToken, CancellationTokenSource pendingRequestsCts)
   at System.Net.Http.HttpClient.<SendAsync>g__Core|83_0(HttpRequestMessage request, HttpCompletionOption completionOption, CancellationTokenSource cts, Boolean disposeCts, CancellationTokenSource pendingRequestsCts, CancellationToken originalCancellationToken)
   at Sdk.WebApi.WebApi.RawHttpClientBase.SendAsync(HttpRequestMessage message, HttpCompletionOption completionOption, Object userState, CancellationToken cancellationToken)
   at Sdk.WebApi.WebApi.RawHttpClientBase.SendAsync[T](HttpRequestMessage message, Boolean readErrorBody, Object userState, CancellationToken cancellationToken)
   at Sdk.WebApi.WebApi.RawHttpClientBase.SendAsync[T](HttpMethod method, IEnumerable`1 additionalHeaders, Uri requestUri, HttpContent content, IEnumerable`1 queryParameters, Boolean readErrorBody, Object userState, CancellationToken cancellationToken)
   at GitHub.Actions.RunService.WebApi.BrokerHttpClient.GetRunnerMessageAsync(Nullable`1 sessionId, String runnerVersion, Nullable`1 status, String os, String architecture, Nullable`1 disableUpdate, CancellationToken cancellationToken)
   at GitHub.Runner.Common.BrokerServer.<>c__DisplayClass7_0.<<GetRunnerMessageAsync>b__0>d.MoveNext()
--- End of stack trace from previous location ---
   at GitHub.Runner.Common.RunnerService.RetryRequest[T](Func`1 func, CancellationToken cancellationToken, Int32 maxRetryAttemptsCount, Func`2 shouldRetry)
[2025-08-19 15:23:30Z ERR  BrokerServer] #####################################################
[2025-08-19 15:23:30Z ERR  BrokerServer] System.Threading.Tasks.TaskCanceledException: The operation was canceled.
 ---> System.IO.IOException: Unable to read data from the transport connection: The I/O operation has been aborted because of either a thread exit or an application request..
 ---> System.Net.Sockets.SocketException (995): The I/O operation has been aborted because of either a thread exit or an application request.
   --- End of inner exception stack trace ---
   at System.Net.Sockets.Socket.AwaitableSocketAsyncEventArgs.ThrowException(SocketError error, CancellationToken cancellationToken)
   at System.Net.Sockets.Socket.AwaitableSocketAsyncEventArgs.System.Threading.Tasks.Sources.IValueTaskSource<System.Int32>.GetResult(Int16 token)
   at System.Net.Security.SslStream.EnsureFullTlsFrameAsync[TIOAdapter](CancellationToken cancellationToken, Int32 estimatedSize)
   at System.Runtime.CompilerServices.PoolingAsyncValueTaskMethodBuilder`1.StateMachineBox`1.System.Threading.Tasks.Sources.IValueTaskSource<TResult>.GetResult(Int16 token)
   at System.Net.Security.SslStream.ReadAsyncInternal[TIOAdapter](Memory`1 buffer, CancellationToken cancellationToken)
   at System.Runtime.CompilerServices.PoolingAsyncValueTaskMethodBuilder`1.StateMachineBox`1.System.Threading.Tasks.Sources.IValueTaskSource<TResult>.GetResult(Int16 token)
   at System.Net.Http.HttpConnection.SendAsync(HttpRequestMessage request, Boolean async, CancellationToken cancellationToken)
   --- End of inner exception stack trace ---
   at System.Net.Http.HttpConnection.SendAsync(HttpRequestMessage request, Boolean async, CancellationToken cancellationToken)
   at System.Net.Http.AuthenticationHelper.SendWithNtAuthAsync(HttpRequestMessage request, Uri authUri, Boolean async, ICredentials credentials, Boolean isProxyAuth, HttpConnection connection, HttpConnectionPool connectionPool, CancellationToken cancellationToken)
   at System.Net.Http.HttpConnectionPool.SendWithVersionDetectionAndRetryAsync(HttpRequestMessage request, Boolean async, Boolean doRequestAuth, CancellationToken cancellationToken)
   at System.Net.Http.AuthenticationHelper.SendWithAuthAsync(HttpRequestMessage request, Uri authUri, Boolean async, ICredentials credentials, Boolean preAuthenticate, Boolean isProxyAuth, Boolean doRequestAuth, HttpConnectionPool pool, CancellationToken cancellationToken)
   at System.Net.Http.RedirectHandler.SendAsync(HttpRequestMessage request, Boolean async, CancellationToken cancellationToken)
   at GitHub.Services.Common.RawHttpMessageHandler.SendAsync(HttpRequestMessage request, CancellationToken cancellationToken)
   at GitHub.Services.Common.VssHttpRetryMessageHandler.SendAsync(HttpRequestMessage request, CancellationToken cancellationToken)
   at System.Net.Http.HttpClient.<SendAsync>g__Core|83_0(HttpRequestMessage request, HttpCompletionOption completionOption, CancellationTokenSource cts, Boolean disposeCts, CancellationTokenSource pendingRequestsCts, CancellationToken originalCancellationToken)
[2025-08-19 15:23:30Z ERR  BrokerServer] #####################################################
[2025-08-19 15:23:30Z ERR  BrokerServer] System.IO.IOException: Unable to read data from the transport connection: The I/O operation has been aborted because of either a thread exit or an application request..
 ---> System.Net.Sockets.SocketException (995): The I/O operation has been aborted because of either a thread exit or an application request.
   --- End of inner exception stack trace ---
   at System.Net.Sockets.Socket.AwaitableSocketAsyncEventArgs.ThrowException(SocketError error, CancellationToken cancellationToken)
   at System.Net.Sockets.Socket.AwaitableSocketAsyncEventArgs.System.Threading.Tasks.Sources.IValueTaskSource<System.Int32>.GetResult(Int16 token)
   at System.Net.Security.SslStream.EnsureFullTlsFrameAsync[TIOAdapter](CancellationToken cancellationToken, Int32 estimatedSize)
   at System.Runtime.CompilerServices.PoolingAsyncValueTaskMethodBuilder`1.StateMachineBox`1.System.Threading.Tasks.Sources.IValueTaskSource<TResult>.GetResult(Int16 token)
   at System.Net.Security.SslStream.ReadAsyncInternal[TIOAdapter](Memory`1 buffer, CancellationToken cancellationToken)
   at System.Runtime.CompilerServices.PoolingAsyncValueTaskMethodBuilder`1.StateMachineBox`1.System.Threading.Tasks.Sources.IValueTaskSource<TResult>.GetResult(Int16 token)
   at System.Net.Http.HttpConnection.SendAsync(HttpRequestMessage request, Boolean async, CancellationToken cancellationToken)
[2025-08-19 15:23:30Z ERR  BrokerServer] #####################################################
[2025-08-19 15:23:30Z ERR  BrokerServer] System.Net.Sockets.SocketException (995): The I/O operation has been aborted because of either a thread exit or an application request.
[2025-08-19 15:23:30Z WARN BrokerServer] Back off 9.686 seconds before next retry. 4 attempt left.
[2025-08-19 15:23:30Z INFO BrokerMessageListener] Get messages has been cancelled using local token source. Continue to get messages with new status.
[2025-08-19 15:29:47Z INFO ConfigurationStore] HasCredentials()
[2025-08-19 15:29:47Z INFO ConfigurationStore] stored True
[2025-08-19 15:29:47Z INFO CredentialManager] GetCredentialProvider
[2025-08-19 15:29:47Z INFO CredentialManager] Creating type OAuth
[2025-08-19 15:29:47Z INFO CredentialManager] Creating credential type: OAuth
[2025-08-19 15:29:47Z INFO RSAEncryptedFileKeyManager] Loading RSA key parameters from file C:\laragon\www\sapapi\actions-runner\.credentials_rsaparams
[2025-08-19 15:29:47Z INFO RSAEncryptedFileKeyManager] Loading RSA key parameters from file C:\laragon\www\sapapi\actions-runner\.credentials_rsaparams
[2025-08-19 15:29:47Z INFO RSAEncryptedFileKeyManager] Loading RSA key parameters from file C:\laragon\www\sapapi\actions-runner\.credentials_rsaparams
[2025-08-19 15:29:48Z INFO GitHubActionsService] AAD Correlation ID for this token request: Unknown
[2025-08-19 15:29:50Z INFO JobDispatcher] Job request 0 for plan 50cb8582-5f04-44a7-8be0-54f64787ec75 job e2e45232-28d3-58e2-a399-40d538192ef0 received.
[2025-08-19 15:29:50Z INFO JobDispatcher] Pull OrchestrationId 50cb8582-5f04-44a7-8be0-54f64787ec75.deploy.__default from JWT claims
[2025-08-19 15:29:50Z INFO BrokerMessageListener] Received job status event. JobState: Busy
[2025-08-19 15:29:50Z INFO BrokerMessageListener] _getMessagesTokenSource is already disposed.
[2025-08-19 15:29:50Z INFO JobDispatcher] Job request 6c2daa31-93b0-57aa-a0d9-fd6b706338f8 processed succeed.
[2025-08-19 15:29:50Z INFO Terminal] WRITE LINE: 2025-08-19 15:29:50Z: Running job: deploy
[2025-08-19 15:29:50Z INFO JobDispatcher] Start renew job request 0 for job e2e45232-28d3-58e2-a399-40d538192ef0.
[2025-08-19 15:29:51Z INFO JobDispatcher] Successfully renew job e2e45232-28d3-58e2-a399-40d538192ef0, job is valid till 8/19/2025 3:39:51 PM
[2025-08-19 15:29:51Z INFO HostContext] Well known directory 'Bin': 'C:\laragon\www\sapapi\actions-runner\bin'
[2025-08-19 15:29:51Z INFO ProcessInvokerWrapper] Starting process:
[2025-08-19 15:29:51Z INFO ProcessInvokerWrapper]   File name: 'C:\laragon\www\sapapi\actions-runner\bin\Runner.Worker.exe'
[2025-08-19 15:29:51Z INFO ProcessInvokerWrapper]   Arguments: 'spawnclient 588 1284'
[2025-08-19 15:29:51Z INFO ProcessInvokerWrapper]   Working directory: 'C:\laragon\www\sapapi\actions-runner\bin'
[2025-08-19 15:29:51Z INFO ProcessInvokerWrapper]   Require exit code zero: 'False'
[2025-08-19 15:29:51Z INFO ProcessInvokerWrapper]   Encoding web name:  ; code page: ''
[2025-08-19 15:29:51Z INFO ProcessInvokerWrapper]   Force kill process on cancellation: 'True'
[2025-08-19 15:29:51Z INFO ProcessInvokerWrapper]   Redirected STDIN: 'False'
[2025-08-19 15:29:51Z INFO ProcessInvokerWrapper]   Persist current code page: 'False'
[2025-08-19 15:29:51Z INFO ProcessInvokerWrapper]   Keep redirected STDIN open: 'False'
[2025-08-19 15:29:51Z INFO ProcessInvokerWrapper]   High priority process: 'True'
[2025-08-19 15:29:51Z INFO ProcessInvokerWrapper] Process started with process id 31364, waiting for process exit.
[2025-08-19 15:29:51Z INFO JobDispatcher] Send job request message to worker for job e2e45232-28d3-58e2-a399-40d538192ef0.
[2025-08-19 15:29:51Z INFO ProcessChannel] Sending message of length 22225, with hash '8569269615a445d19ab73e74fb20496834212499c0c06ae63c09948c80ece37c'
[2025-08-19 15:29:51Z INFO JobNotification] Entering JobStarted Notification
[2025-08-19 15:29:51Z INFO JobNotification] Entering StartMonitor
[2025-08-19 15:30:51Z INFO JobDispatcher] Successfully renew job e2e45232-28d3-58e2-a399-40d538192ef0, job is valid till 8/19/2025 3:40:52 PM
[2025-08-19 15:31:08Z INFO ProcessInvokerWrapper] STDOUT/STDERR stream read finished.
[2025-08-19 15:31:08Z INFO ProcessInvokerWrapper] STDOUT/STDERR stream read finished.
[2025-08-19 15:31:08Z INFO ProcessInvokerWrapper] Finished process 31364 with exit code 100, and elapsed time 00:01:16.6796060.
[2025-08-19 15:31:08Z INFO JobDispatcher] Worker finished for job e2e45232-28d3-58e2-a399-40d538192ef0. Code: 100
[2025-08-19 15:31:08Z INFO JobDispatcher] finish job request for job e2e45232-28d3-58e2-a399-40d538192ef0 with result: Succeeded
[2025-08-19 15:31:08Z INFO Terminal] WRITE LINE: 2025-08-19 15:31:08Z: Job deploy completed with result: Succeeded
[2025-08-19 15:31:08Z INFO JobDispatcher] Stop renew job request for job e2e45232-28d3-58e2-a399-40d538192ef0.
[2025-08-19 15:31:08Z INFO JobDispatcher] job renew has been cancelled, stop renew job e2e45232-28d3-58e2-a399-40d538192ef0.
[2025-08-19 15:31:08Z INFO JobNotification] Entering JobCompleted Notification
[2025-08-19 15:31:08Z INFO JobNotification] Entering EndMonitor
[2025-08-19 15:31:08Z INFO BrokerMessageListener] Received job status event. JobState: Online
[2025-08-19 15:31:08Z WARN GitHubActionsService] GET request to https://broker.actions.githubusercontent.com/message?sessionId=08bd8b03-91d7-4727-b247-afcfa8e7b006&status=Busy&runnerVersion=2.328.0&os=Windows&architecture=X64&disableUpdate=false has been cancelled.
[2025-08-19 15:31:08Z ERR  BrokerServer] Catch exception during request
[2025-08-19 15:31:08Z ERR  BrokerServer] System.Threading.Tasks.TaskCanceledException: The operation was canceled.
 ---> System.Threading.Tasks.TaskCanceledException: The operation was canceled.
 ---> System.IO.IOException: Unable to read data from the transport connection: The I/O operation has been aborted because of either a thread exit or an application request..
 ---> System.Net.Sockets.SocketException (995): The I/O operation has been aborted because of either a thread exit or an application request.
   --- End of inner exception stack trace ---
   at System.Net.Sockets.Socket.AwaitableSocketAsyncEventArgs.ThrowException(SocketError error, CancellationToken cancellationToken)
   at System.Net.Sockets.Socket.AwaitableSocketAsyncEventArgs.System.Threading.Tasks.Sources.IValueTaskSource<System.Int32>.GetResult(Int16 token)
   at System.Net.Security.SslStream.EnsureFullTlsFrameAsync[TIOAdapter](CancellationToken cancellationToken, Int32 estimatedSize)
   at System.Runtime.CompilerServices.PoolingAsyncValueTaskMethodBuilder`1.StateMachineBox`1.System.Threading.Tasks.Sources.IValueTaskSource<TResult>.GetResult(Int16 token)
   at System.Net.Security.SslStream.ReadAsyncInternal[TIOAdapter](Memory`1 buffer, CancellationToken cancellationToken)
   at System.Runtime.CompilerServices.PoolingAsyncValueTaskMethodBuilder`1.StateMachineBox`1.System.Threading.Tasks.Sources.IValueTaskSource<TResult>.GetResult(Int16 token)
   at System.Net.Http.HttpConnection.SendAsync(HttpRequestMessage request, Boolean async, CancellationToken cancellationToken)
   --- End of inner exception stack trace ---
   at System.Net.Http.HttpConnection.SendAsync(HttpRequestMessage request, Boolean async, CancellationToken cancellationToken)
   at System.Net.Http.AuthenticationHelper.SendWithNtAuthAsync(HttpRequestMessage request, Uri authUri, Boolean async, ICredentials credentials, Boolean isProxyAuth, HttpConnection connection, HttpConnectionPool connectionPool, CancellationToken cancellationToken)
   at System.Net.Http.HttpConnectionPool.SendWithVersionDetectionAndRetryAsync(HttpRequestMessage request, Boolean async, Boolean doRequestAuth, CancellationToken cancellationToken)
   at System.Net.Http.AuthenticationHelper.SendWithAuthAsync(HttpRequestMessage request, Uri authUri, Boolean async, ICredentials credentials, Boolean preAuthenticate, Boolean isProxyAuth, Boolean doRequestAuth, HttpConnectionPool pool, CancellationToken cancellationToken)
   at System.Net.Http.RedirectHandler.SendAsync(HttpRequestMessage request, Boolean async, CancellationToken cancellationToken)
   at GitHub.Services.Common.RawHttpMessageHandler.SendAsync(HttpRequestMessage request, CancellationToken cancellationToken)
   at GitHub.Services.Common.VssHttpRetryMessageHandler.SendAsync(HttpRequestMessage request, CancellationToken cancellationToken)
   at System.Net.Http.HttpClient.<SendAsync>g__Core|83_0(HttpRequestMessage request, HttpCompletionOption completionOption, CancellationTokenSource cts, Boolean disposeCts, CancellationTokenSource pendingRequestsCts, CancellationToken originalCancellationToken)
   --- End of inner exception stack trace ---
   at System.Net.Http.HttpClient.HandleFailure(Exception e, Boolean telemetryStarted, HttpResponseMessage response, CancellationTokenSource cts, CancellationToken cancellationToken, CancellationTokenSource pendingRequestsCts)
   at System.Net.Http.HttpClient.<SendAsync>g__Core|83_0(HttpRequestMessage request, HttpCompletionOption completionOption, CancellationTokenSource cts, Boolean disposeCts, CancellationTokenSource pendingRequestsCts, CancellationToken originalCancellationToken)
   at Sdk.WebApi.WebApi.RawHttpClientBase.SendAsync(HttpRequestMessage message, HttpCompletionOption completionOption, Object userState, CancellationToken cancellationToken)
   at Sdk.WebApi.WebApi.RawHttpClientBase.SendAsync[T](HttpRequestMessage message, Boolean readErrorBody, Object userState, CancellationToken cancellationToken)
   at Sdk.WebApi.WebApi.RawHttpClientBase.SendAsync[T](HttpMethod method, IEnumerable`1 additionalHeaders, Uri requestUri, HttpContent content, IEnumerable`1 queryParameters, Boolean readErrorBody, Object userState, CancellationToken cancellationToken)
   at GitHub.Actions.RunService.WebApi.BrokerHttpClient.GetRunnerMessageAsync(Nullable`1 sessionId, String runnerVersion, Nullable`1 status, String os, String architecture, Nullable`1 disableUpdate, CancellationToken cancellationToken)
   at GitHub.Runner.Common.BrokerServer.<>c__DisplayClass7_0.<<GetRunnerMessageAsync>b__0>d.MoveNext()
--- End of stack trace from previous location ---
   at GitHub.Runner.Common.RunnerService.RetryRequest[T](Func`1 func, CancellationToken cancellationToken, Int32 maxRetryAttemptsCount, Func`2 shouldRetry)
[2025-08-19 15:31:08Z ERR  BrokerServer] #####################################################
[2025-08-19 15:31:08Z ERR  BrokerServer] System.Threading.Tasks.TaskCanceledException: The operation was canceled.
 ---> System.IO.IOException: Unable to read data from the transport connection: The I/O operation has been aborted because of either a thread exit or an application request..
 ---> System.Net.Sockets.SocketException (995): The I/O operation has been aborted because of either a thread exit or an application request.
   --- End of inner exception stack trace ---
   at System.Net.Sockets.Socket.AwaitableSocketAsyncEventArgs.ThrowException(SocketError error, CancellationToken cancellationToken)
   at System.Net.Sockets.Socket.AwaitableSocketAsyncEventArgs.System.Threading.Tasks.Sources.IValueTaskSource<System.Int32>.GetResult(Int16 token)
   at System.Net.Security.SslStream.EnsureFullTlsFrameAsync[TIOAdapter](CancellationToken cancellationToken, Int32 estimatedSize)
   at System.Runtime.CompilerServices.PoolingAsyncValueTaskMethodBuilder`1.StateMachineBox`1.System.Threading.Tasks.Sources.IValueTaskSource<TResult>.GetResult(Int16 token)
   at System.Net.Security.SslStream.ReadAsyncInternal[TIOAdapter](Memory`1 buffer, CancellationToken cancellationToken)
   at System.Runtime.CompilerServices.PoolingAsyncValueTaskMethodBuilder`1.StateMachineBox`1.System.Threading.Tasks.Sources.IValueTaskSource<TResult>.GetResult(Int16 token)
   at System.Net.Http.HttpConnection.SendAsync(HttpRequestMessage request, Boolean async, CancellationToken cancellationToken)
   --- End of inner exception stack trace ---
   at System.Net.Http.HttpConnection.SendAsync(HttpRequestMessage request, Boolean async, CancellationToken cancellationToken)
   at System.Net.Http.AuthenticationHelper.SendWithNtAuthAsync(HttpRequestMessage request, Uri authUri, Boolean async, ICredentials credentials, Boolean isProxyAuth, HttpConnection connection, HttpConnectionPool connectionPool, CancellationToken cancellationToken)
   at System.Net.Http.HttpConnectionPool.SendWithVersionDetectionAndRetryAsync(HttpRequestMessage request, Boolean async, Boolean doRequestAuth, CancellationToken cancellationToken)
   at System.Net.Http.AuthenticationHelper.SendWithAuthAsync(HttpRequestMessage request, Uri authUri, Boolean async, ICredentials credentials, Boolean preAuthenticate, Boolean isProxyAuth, Boolean doRequestAuth, HttpConnectionPool pool, CancellationToken cancellationToken)
   at System.Net.Http.RedirectHandler.SendAsync(HttpRequestMessage request, Boolean async, CancellationToken cancellationToken)
   at GitHub.Services.Common.RawHttpMessageHandler.SendAsync(HttpRequestMessage request, CancellationToken cancellationToken)
   at GitHub.Services.Common.VssHttpRetryMessageHandler.SendAsync(HttpRequestMessage request, CancellationToken cancellationToken)
   at System.Net.Http.HttpClient.<SendAsync>g__Core|83_0(HttpRequestMessage request, HttpCompletionOption completionOption, CancellationTokenSource cts, Boolean disposeCts, CancellationTokenSource pendingRequestsCts, CancellationToken originalCancellationToken)
[2025-08-19 15:31:08Z ERR  BrokerServer] #####################################################
[2025-08-19 15:31:08Z ERR  BrokerServer] System.IO.IOException: Unable to read data from the transport connection: The I/O operation has been aborted because of either a thread exit or an application request..
 ---> System.Net.Sockets.SocketException (995): The I/O operation has been aborted because of either a thread exit or an application request.
   --- End of inner exception stack trace ---
   at System.Net.Sockets.Socket.AwaitableSocketAsyncEventArgs.ThrowException(SocketError error, CancellationToken cancellationToken)
   at System.Net.Sockets.Socket.AwaitableSocketAsyncEventArgs.System.Threading.Tasks.Sources.IValueTaskSource<System.Int32>.GetResult(Int16 token)
   at System.Net.Security.SslStream.EnsureFullTlsFrameAsync[TIOAdapter](CancellationToken cancellationToken, Int32 estimatedSize)
   at System.Runtime.CompilerServices.PoolingAsyncValueTaskMethodBuilder`1.StateMachineBox`1.System.Threading.Tasks.Sources.IValueTaskSource<TResult>.GetResult(Int16 token)
   at System.Net.Security.SslStream.ReadAsyncInternal[TIOAdapter](Memory`1 buffer, CancellationToken cancellationToken)
   at System.Runtime.CompilerServices.PoolingAsyncValueTaskMethodBuilder`1.StateMachineBox`1.System.Threading.Tasks.Sources.IValueTaskSource<TResult>.GetResult(Int16 token)
   at System.Net.Http.HttpConnection.SendAsync(HttpRequestMessage request, Boolean async, CancellationToken cancellationToken)
[2025-08-19 15:31:08Z ERR  BrokerServer] #####################################################
[2025-08-19 15:31:08Z ERR  BrokerServer] System.Net.Sockets.SocketException (995): The I/O operation has been aborted because of either a thread exit or an application request.
[2025-08-19 15:31:08Z WARN BrokerServer] Back off 13.908 seconds before next retry. 4 attempt left.
[2025-08-19 15:31:08Z INFO BrokerMessageListener] Get messages has been cancelled using local token source. Continue to get messages with new status.
[2025-08-19 15:35:07Z INFO ConfigurationStore] HasCredentials()
[2025-08-19 15:35:07Z INFO ConfigurationStore] stored True
[2025-08-19 15:35:07Z INFO CredentialManager] GetCredentialProvider
[2025-08-19 15:35:07Z INFO CredentialManager] Creating type OAuth
[2025-08-19 15:35:07Z INFO CredentialManager] Creating credential type: OAuth
[2025-08-19 15:35:07Z INFO RSAEncryptedFileKeyManager] Loading RSA key parameters from file C:\laragon\www\sapapi\actions-runner\.credentials_rsaparams
[2025-08-19 15:35:07Z INFO RSAEncryptedFileKeyManager] Loading RSA key parameters from file C:\laragon\www\sapapi\actions-runner\.credentials_rsaparams
[2025-08-19 15:35:07Z INFO RSAEncryptedFileKeyManager] Loading RSA key parameters from file C:\laragon\www\sapapi\actions-runner\.credentials_rsaparams
[2025-08-19 15:35:09Z INFO GitHubActionsService] AAD Correlation ID for this token request: Unknown
[2025-08-19 15:35:11Z INFO JobDispatcher] Job request 0 for plan 98a5350a-94c2-4060-8472-35f4ec7dd85b job 126c0f48-b152-59bd-85ce-ed5917a5c892 received.
[2025-08-19 15:35:11Z INFO JobDispatcher] Pull OrchestrationId 98a5350a-94c2-4060-8472-35f4ec7dd85b.deploy.__default from JWT claims
[2025-08-19 15:35:11Z INFO BrokerMessageListener] Received job status event. JobState: Busy
[2025-08-19 15:35:11Z INFO BrokerMessageListener] _getMessagesTokenSource is already disposed.
[2025-08-19 15:35:11Z INFO JobDispatcher] Job request e2e45232-28d3-58e2-a399-40d538192ef0 processed succeed.
[2025-08-19 15:35:11Z INFO Terminal] WRITE LINE: 2025-08-19 15:35:11Z: Running job: deploy
[2025-08-19 15:35:11Z INFO JobDispatcher] Start renew job request 0 for job 126c0f48-b152-59bd-85ce-ed5917a5c892.
[2025-08-19 15:35:12Z INFO JobDispatcher] Successfully renew job 126c0f48-b152-59bd-85ce-ed5917a5c892, job is valid till 8/19/2025 3:45:12 PM
[2025-08-19 15:35:12Z INFO HostContext] Well known directory 'Bin': 'C:\laragon\www\sapapi\actions-runner\bin'
[2025-08-19 15:35:12Z INFO ProcessInvokerWrapper] Starting process:
[2025-08-19 15:35:12Z INFO ProcessInvokerWrapper]   File name: 'C:\laragon\www\sapapi\actions-runner\bin\Runner.Worker.exe'
[2025-08-19 15:35:12Z INFO ProcessInvokerWrapper]   Arguments: 'spawnclient 2904 2288'
[2025-08-19 15:35:12Z INFO ProcessInvokerWrapper]   Working directory: 'C:\laragon\www\sapapi\actions-runner\bin'
[2025-08-19 15:35:12Z INFO ProcessInvokerWrapper]   Require exit code zero: 'False'
[2025-08-19 15:35:12Z INFO ProcessInvokerWrapper]   Encoding web name:  ; code page: ''
[2025-08-19 15:35:12Z INFO ProcessInvokerWrapper]   Force kill process on cancellation: 'True'
[2025-08-19 15:35:12Z INFO ProcessInvokerWrapper]   Redirected STDIN: 'False'
[2025-08-19 15:35:12Z INFO ProcessInvokerWrapper]   Persist current code page: 'False'
[2025-08-19 15:35:12Z INFO ProcessInvokerWrapper]   Keep redirected STDIN open: 'False'
[2025-08-19 15:35:12Z INFO ProcessInvokerWrapper]   High priority process: 'True'
[2025-08-19 15:35:12Z INFO ProcessInvokerWrapper] Process started with process id 22776, waiting for process exit.
[2025-08-19 15:35:12Z INFO JobDispatcher] Send job request message to worker for job 126c0f48-b152-59bd-85ce-ed5917a5c892.
[2025-08-19 15:35:12Z INFO ProcessChannel] Sending message of length 22208, with hash '5e428b846e7218249c696878f75ca3a7da3a7c5278e13155482849ba4e934632'
[2025-08-19 15:35:12Z INFO JobNotification] Entering JobStarted Notification
[2025-08-19 15:35:12Z INFO JobNotification] Entering StartMonitor
[2025-08-19 15:36:12Z INFO JobDispatcher] Successfully renew job 126c0f48-b152-59bd-85ce-ed5917a5c892, job is valid till 8/19/2025 3:46:13 PM
[2025-08-19 15:37:08Z INFO ProcessInvokerWrapper] STDOUT/STDERR stream read finished.
[2025-08-19 15:37:08Z INFO ProcessInvokerWrapper] STDOUT/STDERR stream read finished.
[2025-08-19 15:37:08Z INFO ProcessInvokerWrapper] Finished process 22776 with exit code 100, and elapsed time 00:01:56.1403706.
[2025-08-19 15:37:08Z INFO JobDispatcher] Worker finished for job 126c0f48-b152-59bd-85ce-ed5917a5c892. Code: 100
[2025-08-19 15:37:08Z INFO JobDispatcher] finish job request for job 126c0f48-b152-59bd-85ce-ed5917a5c892 with result: Succeeded
[2025-08-19 15:37:08Z INFO Terminal] WRITE LINE: 2025-08-19 15:37:08Z: Job deploy completed with result: Succeeded
[2025-08-19 15:37:08Z INFO JobDispatcher] Stop renew job request for job 126c0f48-b152-59bd-85ce-ed5917a5c892.
[2025-08-19 15:37:08Z INFO JobDispatcher] job renew has been cancelled, stop renew job 126c0f48-b152-59bd-85ce-ed5917a5c892.
[2025-08-19 15:37:08Z INFO JobNotification] Entering JobCompleted Notification
[2025-08-19 15:37:08Z INFO JobNotification] Entering EndMonitor
[2025-08-19 15:37:08Z INFO BrokerMessageListener] Received job status event. JobState: Online
[2025-08-19 15:37:08Z WARN GitHubActionsService] GET request to https://broker.actions.githubusercontent.com/message?sessionId=08bd8b03-91d7-4727-b247-afcfa8e7b006&status=Busy&runnerVersion=2.328.0&os=Windows&architecture=X64&disableUpdate=false has been cancelled.
[2025-08-19 15:37:08Z ERR  BrokerServer] Catch exception during request
[2025-08-19 15:37:08Z ERR  BrokerServer] System.Threading.Tasks.TaskCanceledException: The operation was canceled.
 ---> System.Threading.Tasks.TaskCanceledException: The operation was canceled.
 ---> System.IO.IOException: Unable to read data from the transport connection: The I/O operation has been aborted because of either a thread exit or an application request..
 ---> System.Net.Sockets.SocketException (995): The I/O operation has been aborted because of either a thread exit or an application request.
   --- End of inner exception stack trace ---
   at System.Net.Sockets.Socket.AwaitableSocketAsyncEventArgs.ThrowException(SocketError error, CancellationToken cancellationToken)
   at System.Net.Sockets.Socket.AwaitableSocketAsyncEventArgs.System.Threading.Tasks.Sources.IValueTaskSource<System.Int32>.GetResult(Int16 token)
   at System.Net.Security.SslStream.EnsureFullTlsFrameAsync[TIOAdapter](CancellationToken cancellationToken, Int32 estimatedSize)
   at System.Runtime.CompilerServices.PoolingAsyncValueTaskMethodBuilder`1.StateMachineBox`1.System.Threading.Tasks.Sources.IValueTaskSource<TResult>.GetResult(Int16 token)
   at System.Net.Security.SslStream.ReadAsyncInternal[TIOAdapter](Memory`1 buffer, CancellationToken cancellationToken)
   at System.Runtime.CompilerServices.PoolingAsyncValueTaskMethodBuilder`1.StateMachineBox`1.System.Threading.Tasks.Sources.IValueTaskSource<TResult>.GetResult(Int16 token)
   at System.Net.Http.HttpConnection.SendAsync(HttpRequestMessage request, Boolean async, CancellationToken cancellationToken)
   --- End of inner exception stack trace ---
   at System.Net.Http.HttpConnection.SendAsync(HttpRequestMessage request, Boolean async, CancellationToken cancellationToken)
   at System.Net.Http.AuthenticationHelper.SendWithNtAuthAsync(HttpRequestMessage request, Uri authUri, Boolean async, ICredentials credentials, Boolean isProxyAuth, HttpConnection connection, HttpConnectionPool connectionPool, CancellationToken cancellationToken)
   at System.Net.Http.HttpConnectionPool.SendWithVersionDetectionAndRetryAsync(HttpRequestMessage request, Boolean async, Boolean doRequestAuth, CancellationToken cancellationToken)
   at System.Net.Http.AuthenticationHelper.SendWithAuthAsync(HttpRequestMessage request, Uri authUri, Boolean async, ICredentials credentials, Boolean preAuthenticate, Boolean isProxyAuth, Boolean doRequestAuth, HttpConnectionPool pool, CancellationToken cancellationToken)
   at System.Net.Http.RedirectHandler.SendAsync(HttpRequestMessage request, Boolean async, CancellationToken cancellationToken)
   at GitHub.Services.Common.RawHttpMessageHandler.SendAsync(HttpRequestMessage request, CancellationToken cancellationToken)
   at GitHub.Services.Common.VssHttpRetryMessageHandler.SendAsync(HttpRequestMessage request, CancellationToken cancellationToken)
   at System.Net.Http.HttpClient.<SendAsync>g__Core|83_0(HttpRequestMessage request, HttpCompletionOption completionOption, CancellationTokenSource cts, Boolean disposeCts, CancellationTokenSource pendingRequestsCts, CancellationToken originalCancellationToken)
   --- End of inner exception stack trace ---
   at System.Net.Http.HttpClient.HandleFailure(Exception e, Boolean telemetryStarted, HttpResponseMessage response, CancellationTokenSource cts, CancellationToken cancellationToken, CancellationTokenSource pendingRequestsCts)
   at System.Net.Http.HttpClient.<SendAsync>g__Core|83_0(HttpRequestMessage request, HttpCompletionOption completionOption, CancellationTokenSource cts, Boolean disposeCts, CancellationTokenSource pendingRequestsCts, CancellationToken originalCancellationToken)
   at Sdk.WebApi.WebApi.RawHttpClientBase.SendAsync(HttpRequestMessage message, HttpCompletionOption completionOption, Object userState, CancellationToken cancellationToken)
   at Sdk.WebApi.WebApi.RawHttpClientBase.SendAsync[T](HttpRequestMessage message, Boolean readErrorBody, Object userState, CancellationToken cancellationToken)
   at Sdk.WebApi.WebApi.RawHttpClientBase.SendAsync[T](HttpMethod method, IEnumerable`1 additionalHeaders, Uri requestUri, HttpContent content, IEnumerable`1 queryParameters, Boolean readErrorBody, Object userState, CancellationToken cancellationToken)
   at GitHub.Actions.RunService.WebApi.BrokerHttpClient.GetRunnerMessageAsync(Nullable`1 sessionId, String runnerVersion, Nullable`1 status, String os, String architecture, Nullable`1 disableUpdate, CancellationToken cancellationToken)
   at GitHub.Runner.Common.BrokerServer.<>c__DisplayClass7_0.<<GetRunnerMessageAsync>b__0>d.MoveNext()
--- End of stack trace from previous location ---
   at GitHub.Runner.Common.RunnerService.RetryRequest[T](Func`1 func, CancellationToken cancellationToken, Int32 maxRetryAttemptsCount, Func`2 shouldRetry)
[2025-08-19 15:37:08Z ERR  BrokerServer] #####################################################
[2025-08-19 15:37:08Z ERR  BrokerServer] System.Threading.Tasks.TaskCanceledException: The operation was canceled.
 ---> System.IO.IOException: Unable to read data from the transport connection: The I/O operation has been aborted because of either a thread exit or an application request..
 ---> System.Net.Sockets.SocketException (995): The I/O operation has been aborted because of either a thread exit or an application request.
   --- End of inner exception stack trace ---
   at System.Net.Sockets.Socket.AwaitableSocketAsyncEventArgs.ThrowException(SocketError error, CancellationToken cancellationToken)
   at System.Net.Sockets.Socket.AwaitableSocketAsyncEventArgs.System.Threading.Tasks.Sources.IValueTaskSource<System.Int32>.GetResult(Int16 token)
   at System.Net.Security.SslStream.EnsureFullTlsFrameAsync[TIOAdapter](CancellationToken cancellationToken, Int32 estimatedSize)
   at System.Runtime.CompilerServices.PoolingAsyncValueTaskMethodBuilder`1.StateMachineBox`1.System.Threading.Tasks.Sources.IValueTaskSource<TResult>.GetResult(Int16 token)
   at System.Net.Security.SslStream.ReadAsyncInternal[TIOAdapter](Memory`1 buffer, CancellationToken cancellationToken)
   at System.Runtime.CompilerServices.PoolingAsyncValueTaskMethodBuilder`1.StateMachineBox`1.System.Threading.Tasks.Sources.IValueTaskSource<TResult>.GetResult(Int16 token)
   at System.Net.Http.HttpConnection.SendAsync(HttpRequestMessage request, Boolean async, CancellationToken cancellationToken)
   --- End of inner exception stack trace ---
   at System.Net.Http.HttpConnection.SendAsync(HttpRequestMessage request, Boolean async, CancellationToken cancellationToken)
   at System.Net.Http.AuthenticationHelper.SendWithNtAuthAsync(HttpRequestMessage request, Uri authUri, Boolean async, ICredentials credentials, Boolean isProxyAuth, HttpConnection connection, HttpConnectionPool connectionPool, CancellationToken cancellationToken)
   at System.Net.Http.HttpConnectionPool.SendWithVersionDetectionAndRetryAsync(HttpRequestMessage request, Boolean async, Boolean doRequestAuth, CancellationToken cancellationToken)
   at System.Net.Http.AuthenticationHelper.SendWithAuthAsync(HttpRequestMessage request, Uri authUri, Boolean async, ICredentials credentials, Boolean preAuthenticate, Boolean isProxyAuth, Boolean doRequestAuth, HttpConnectionPool pool, CancellationToken cancellationToken)
   at System.Net.Http.RedirectHandler.SendAsync(HttpRequestMessage request, Boolean async, CancellationToken cancellationToken)
   at GitHub.Services.Common.RawHttpMessageHandler.SendAsync(HttpRequestMessage request, CancellationToken cancellationToken)
   at GitHub.Services.Common.VssHttpRetryMessageHandler.SendAsync(HttpRequestMessage request, CancellationToken cancellationToken)
   at System.Net.Http.HttpClient.<SendAsync>g__Core|83_0(HttpRequestMessage request, HttpCompletionOption completionOption, CancellationTokenSource cts, Boolean disposeCts, CancellationTokenSource pendingRequestsCts, CancellationToken originalCancellationToken)
[2025-08-19 15:37:08Z ERR  BrokerServer] #####################################################
[2025-08-19 15:37:08Z ERR  BrokerServer] System.IO.IOException: Unable to read data from the transport connection: The I/O operation has been aborted because of either a thread exit or an application request..
 ---> System.Net.Sockets.SocketException (995): The I/O operation has been aborted because of either a thread exit or an application request.
   --- End of inner exception stack trace ---
   at System.Net.Sockets.Socket.AwaitableSocketAsyncEventArgs.ThrowException(SocketError error, CancellationToken cancellationToken)
   at System.Net.Sockets.Socket.AwaitableSocketAsyncEventArgs.System.Threading.Tasks.Sources.IValueTaskSource<System.Int32>.GetResult(Int16 token)
   at System.Net.Security.SslStream.EnsureFullTlsFrameAsync[TIOAdapter](CancellationToken cancellationToken, Int32 estimatedSize)
   at System.Runtime.CompilerServices.PoolingAsyncValueTaskMethodBuilder`1.StateMachineBox`1.System.Threading.Tasks.Sources.IValueTaskSource<TResult>.GetResult(Int16 token)
   at System.Net.Security.SslStream.ReadAsyncInternal[TIOAdapter](Memory`1 buffer, CancellationToken cancellationToken)
   at System.Runtime.CompilerServices.PoolingAsyncValueTaskMethodBuilder`1.StateMachineBox`1.System.Threading.Tasks.Sources.IValueTaskSource<TResult>.GetResult(Int16 token)
   at System.Net.Http.HttpConnection.SendAsync(HttpRequestMessage request, Boolean async, CancellationToken cancellationToken)
[2025-08-19 15:37:08Z ERR  BrokerServer] #####################################################
[2025-08-19 15:37:08Z ERR  BrokerServer] System.Net.Sockets.SocketException (995): The I/O operation has been aborted because of either a thread exit or an application request.
[2025-08-19 15:37:08Z WARN BrokerServer] Back off 7.959 seconds before next retry. 4 attempt left.
[2025-08-19 15:37:08Z INFO BrokerMessageListener] Get messages has been cancelled using local token source. Continue to get messages with new status.
[2025-08-19 15:42:13Z INFO ConfigurationStore] HasCredentials()
[2025-08-19 15:42:13Z INFO ConfigurationStore] stored True
[2025-08-19 15:42:13Z INFO CredentialManager] GetCredentialProvider
[2025-08-19 15:42:13Z INFO CredentialManager] Creating type OAuth
[2025-08-19 15:42:13Z INFO CredentialManager] Creating credential type: OAuth
[2025-08-19 15:42:13Z INFO RSAEncryptedFileKeyManager] Loading RSA key parameters from file C:\laragon\www\sapapi\actions-runner\.credentials_rsaparams
[2025-08-19 15:42:13Z INFO RSAEncryptedFileKeyManager] Loading RSA key parameters from file C:\laragon\www\sapapi\actions-runner\.credentials_rsaparams
[2025-08-19 15:42:13Z INFO RSAEncryptedFileKeyManager] Loading RSA key parameters from file C:\laragon\www\sapapi\actions-runner\.credentials_rsaparams
[2025-08-19 15:42:14Z INFO GitHubActionsService] AAD Correlation ID for this token request: Unknown
[2025-08-19 15:42:16Z INFO JobDispatcher] Job request 0 for plan 6173ccc2-e708-4505-a146-6f527c2a45fc job 0ddff194-c62e-51eb-a61b-c60a8fc729cf received.
[2025-08-19 15:42:16Z INFO JobDispatcher] Pull OrchestrationId 6173ccc2-e708-4505-a146-6f527c2a45fc.deploy.__default from JWT claims
[2025-08-19 15:42:16Z INFO BrokerMessageListener] Received job status event. JobState: Busy
[2025-08-19 15:42:16Z INFO BrokerMessageListener] _getMessagesTokenSource is already disposed.
[2025-08-19 15:42:16Z INFO JobDispatcher] Job request 126c0f48-b152-59bd-85ce-ed5917a5c892 processed succeed.
[2025-08-19 15:42:16Z INFO Terminal] WRITE LINE: 2025-08-19 15:42:16Z: Running job: deploy
[2025-08-19 15:42:16Z INFO JobDispatcher] Start renew job request 0 for job 0ddff194-c62e-51eb-a61b-c60a8fc729cf.
[2025-08-19 15:42:17Z INFO JobDispatcher] Successfully renew job 0ddff194-c62e-51eb-a61b-c60a8fc729cf, job is valid till 8/19/2025 3:52:18 PM
[2025-08-19 15:42:17Z INFO HostContext] Well known directory 'Bin': 'C:\laragon\www\sapapi\actions-runner\bin'
[2025-08-19 15:42:17Z INFO ProcessInvokerWrapper] Starting process:
[2025-08-19 15:42:17Z INFO ProcessInvokerWrapper]   File name: 'C:\laragon\www\sapapi\actions-runner\bin\Runner.Worker.exe'
[2025-08-19 15:42:17Z INFO ProcessInvokerWrapper]   Arguments: 'spawnclient 2572 2560'
[2025-08-19 15:42:17Z INFO ProcessInvokerWrapper]   Working directory: 'C:\laragon\www\sapapi\actions-runner\bin'
[2025-08-19 15:42:17Z INFO ProcessInvokerWrapper]   Require exit code zero: 'False'
[2025-08-19 15:42:17Z INFO ProcessInvokerWrapper]   Encoding web name:  ; code page: ''
[2025-08-19 15:42:17Z INFO ProcessInvokerWrapper]   Force kill process on cancellation: 'True'
[2025-08-19 15:42:17Z INFO ProcessInvokerWrapper]   Redirected STDIN: 'False'
[2025-08-19 15:42:17Z INFO ProcessInvokerWrapper]   Persist current code page: 'False'
[2025-08-19 15:42:17Z INFO ProcessInvokerWrapper]   Keep redirected STDIN open: 'False'
[2025-08-19 15:42:17Z INFO ProcessInvokerWrapper]   High priority process: 'True'
[2025-08-19 15:42:17Z INFO ProcessInvokerWrapper] Process started with process id 33944, waiting for process exit.
[2025-08-19 15:42:17Z INFO JobDispatcher] Send job request message to worker for job 0ddff194-c62e-51eb-a61b-c60a8fc729cf.
[2025-08-19 15:42:17Z INFO ProcessChannel] Sending message of length 22208, with hash 'f983dcb5a7c342a4a4557f69d24384fb37285f3794f803aed4414fdddd52dbb3'
[2025-08-19 15:42:18Z INFO JobNotification] Entering JobStarted Notification
[2025-08-19 15:42:18Z INFO JobNotification] Entering StartMonitor
[2025-08-19 15:43:18Z INFO JobDispatcher] Successfully renew job 0ddff194-c62e-51eb-a61b-c60a8fc729cf, job is valid till 8/19/2025 3:53:18 PM
[2025-08-19 15:43:34Z INFO ProcessInvokerWrapper] STDOUT/STDERR stream read finished.
[2025-08-19 15:43:34Z INFO ProcessInvokerWrapper] STDOUT/STDERR stream read finished.
[2025-08-19 15:43:34Z INFO ProcessInvokerWrapper] Finished process 33944 with exit code 100, and elapsed time 00:01:16.9796915.
[2025-08-19 15:43:34Z INFO JobDispatcher] Worker finished for job 0ddff194-c62e-51eb-a61b-c60a8fc729cf. Code: 100
[2025-08-19 15:43:34Z INFO JobDispatcher] finish job request for job 0ddff194-c62e-51eb-a61b-c60a8fc729cf with result: Succeeded
[2025-08-19 15:43:34Z INFO Terminal] WRITE LINE: 2025-08-19 15:43:34Z: Job deploy completed with result: Succeeded
[2025-08-19 15:43:34Z INFO JobDispatcher] Stop renew job request for job 0ddff194-c62e-51eb-a61b-c60a8fc729cf.
[2025-08-19 15:43:34Z INFO JobDispatcher] job renew has been cancelled, stop renew job 0ddff194-c62e-51eb-a61b-c60a8fc729cf.
[2025-08-19 15:43:34Z INFO JobNotification] Entering JobCompleted Notification
[2025-08-19 15:43:34Z INFO JobNotification] Entering EndMonitor
[2025-08-19 15:43:34Z INFO BrokerMessageListener] Received job status event. JobState: Online
[2025-08-19 15:43:34Z WARN GitHubActionsService] GET request to https://broker.actions.githubusercontent.com/message?sessionId=08bd8b03-91d7-4727-b247-afcfa8e7b006&status=Busy&runnerVersion=2.328.0&os=Windows&architecture=X64&disableUpdate=false has been cancelled.
[2025-08-19 15:43:34Z ERR  BrokerServer] Catch exception during request
[2025-08-19 15:43:34Z ERR  BrokerServer] System.Threading.Tasks.TaskCanceledException: The operation was canceled.
 ---> System.Threading.Tasks.TaskCanceledException: The operation was canceled.
 ---> System.IO.IOException: Unable to read data from the transport connection: The I/O operation has been aborted because of either a thread exit or an application request..
 ---> System.Net.Sockets.SocketException (995): The I/O operation has been aborted because of either a thread exit or an application request.
   --- End of inner exception stack trace ---
   at System.Net.Sockets.Socket.AwaitableSocketAsyncEventArgs.ThrowException(SocketError error, CancellationToken cancellationToken)
   at System.Net.Sockets.Socket.AwaitableSocketAsyncEventArgs.System.Threading.Tasks.Sources.IValueTaskSource<System.Int32>.GetResult(Int16 token)
   at System.Net.Security.SslStream.EnsureFullTlsFrameAsync[TIOAdapter](CancellationToken cancellationToken, Int32 estimatedSize)
   at System.Runtime.CompilerServices.PoolingAsyncValueTaskMethodBuilder`1.StateMachineBox`1.System.Threading.Tasks.Sources.IValueTaskSource<TResult>.GetResult(Int16 token)
   at System.Net.Security.SslStream.ReadAsyncInternal[TIOAdapter](Memory`1 buffer, CancellationToken cancellationToken)
   at System.Runtime.CompilerServices.PoolingAsyncValueTaskMethodBuilder`1.StateMachineBox`1.System.Threading.Tasks.Sources.IValueTaskSource<TResult>.GetResult(Int16 token)
   at System.Net.Http.HttpConnection.SendAsync(HttpRequestMessage request, Boolean async, CancellationToken cancellationToken)
   --- End of inner exception stack trace ---
   at System.Net.Http.HttpConnection.SendAsync(HttpRequestMessage request, Boolean async, CancellationToken cancellationToken)
   at System.Net.Http.AuthenticationHelper.SendWithNtAuthAsync(HttpRequestMessage request, Uri authUri, Boolean async, ICredentials credentials, Boolean isProxyAuth, HttpConnection connection, HttpConnectionPool connectionPool, CancellationToken cancellationToken)
   at System.Net.Http.HttpConnectionPool.SendWithVersionDetectionAndRetryAsync(HttpRequestMessage request, Boolean async, Boolean doRequestAuth, CancellationToken cancellationToken)
   at System.Net.Http.AuthenticationHelper.SendWithAuthAsync(HttpRequestMessage request, Uri authUri, Boolean async, ICredentials credentials, Boolean preAuthenticate, Boolean isProxyAuth, Boolean doRequestAuth, HttpConnectionPool pool, CancellationToken cancellationToken)
   at System.Net.Http.RedirectHandler.SendAsync(HttpRequestMessage request, Boolean async, CancellationToken cancellationToken)
   at GitHub.Services.Common.RawHttpMessageHandler.SendAsync(HttpRequestMessage request, CancellationToken cancellationToken)
   at GitHub.Services.Common.VssHttpRetryMessageHandler.SendAsync(HttpRequestMessage request, CancellationToken cancellationToken)
   at System.Net.Http.HttpClient.<SendAsync>g__Core|83_0(HttpRequestMessage request, HttpCompletionOption completionOption, CancellationTokenSource cts, Boolean disposeCts, CancellationTokenSource pendingRequestsCts, CancellationToken originalCancellationToken)
   --- End of inner exception stack trace ---
   at System.Net.Http.HttpClient.HandleFailure(Exception e, Boolean telemetryStarted, HttpResponseMessage response, CancellationTokenSource cts, CancellationToken cancellationToken, CancellationTokenSource pendingRequestsCts)
   at System.Net.Http.HttpClient.<SendAsync>g__Core|83_0(HttpRequestMessage request, HttpCompletionOption completionOption, CancellationTokenSource cts, Boolean disposeCts, CancellationTokenSource pendingRequestsCts, CancellationToken originalCancellationToken)
   at Sdk.WebApi.WebApi.RawHttpClientBase.SendAsync(HttpRequestMessage message, HttpCompletionOption completionOption, Object userState, CancellationToken cancellationToken)
   at Sdk.WebApi.WebApi.RawHttpClientBase.SendAsync[T](HttpRequestMessage message, Boolean readErrorBody, Object userState, CancellationToken cancellationToken)
   at Sdk.WebApi.WebApi.RawHttpClientBase.SendAsync[T](HttpMethod method, IEnumerable`1 additionalHeaders, Uri requestUri, HttpContent content, IEnumerable`1 queryParameters, Boolean readErrorBody, Object userState, CancellationToken cancellationToken)
   at GitHub.Actions.RunService.WebApi.BrokerHttpClient.GetRunnerMessageAsync(Nullable`1 sessionId, String runnerVersion, Nullable`1 status, String os, String architecture, Nullable`1 disableUpdate, CancellationToken cancellationToken)
   at GitHub.Runner.Common.BrokerServer.<>c__DisplayClass7_0.<<GetRunnerMessageAsync>b__0>d.MoveNext()
--- End of stack trace from previous location ---
   at GitHub.Runner.Common.RunnerService.RetryRequest[T](Func`1 func, CancellationToken cancellationToken, Int32 maxRetryAttemptsCount, Func`2 shouldRetry)
[2025-08-19 15:43:34Z ERR  BrokerServer] #####################################################
[2025-08-19 15:43:34Z ERR  BrokerServer] System.Threading.Tasks.TaskCanceledException: The operation was canceled.
 ---> System.IO.IOException: Unable to read data from the transport connection: The I/O operation has been aborted because of either a thread exit or an application request..
 ---> System.Net.Sockets.SocketException (995): The I/O operation has been aborted because of either a thread exit or an application request.
   --- End of inner exception stack trace ---
   at System.Net.Sockets.Socket.AwaitableSocketAsyncEventArgs.ThrowException(SocketError error, CancellationToken cancellationToken)
   at System.Net.Sockets.Socket.AwaitableSocketAsyncEventArgs.System.Threading.Tasks.Sources.IValueTaskSource<System.Int32>.GetResult(Int16 token)
   at System.Net.Security.SslStream.EnsureFullTlsFrameAsync[TIOAdapter](CancellationToken cancellationToken, Int32 estimatedSize)
   at System.Runtime.CompilerServices.PoolingAsyncValueTaskMethodBuilder`1.StateMachineBox`1.System.Threading.Tasks.Sources.IValueTaskSource<TResult>.GetResult(Int16 token)
   at System.Net.Security.SslStream.ReadAsyncInternal[TIOAdapter](Memory`1 buffer, CancellationToken cancellationToken)
   at System.Runtime.CompilerServices.PoolingAsyncValueTaskMethodBuilder`1.StateMachineBox`1.System.Threading.Tasks.Sources.IValueTaskSource<TResult>.GetResult(Int16 token)
   at System.Net.Http.HttpConnection.SendAsync(HttpRequestMessage request, Boolean async, CancellationToken cancellationToken)
   --- End of inner exception stack trace ---
   at System.Net.Http.HttpConnection.SendAsync(HttpRequestMessage request, Boolean async, CancellationToken cancellationToken)
   at System.Net.Http.AuthenticationHelper.SendWithNtAuthAsync(HttpRequestMessage request, Uri authUri, Boolean async, ICredentials credentials, Boolean isProxyAuth, HttpConnection connection, HttpConnectionPool connectionPool, CancellationToken cancellationToken)
   at System.Net.Http.HttpConnectionPool.SendWithVersionDetectionAndRetryAsync(HttpRequestMessage request, Boolean async, Boolean doRequestAuth, CancellationToken cancellationToken)
   at System.Net.Http.AuthenticationHelper.SendWithAuthAsync(HttpRequestMessage request, Uri authUri, Boolean async, ICredentials credentials, Boolean preAuthenticate, Boolean isProxyAuth, Boolean doRequestAuth, HttpConnectionPool pool, CancellationToken cancellationToken)
   at System.Net.Http.RedirectHandler.SendAsync(HttpRequestMessage request, Boolean async, CancellationToken cancellationToken)
   at GitHub.Services.Common.RawHttpMessageHandler.SendAsync(HttpRequestMessage request, CancellationToken cancellationToken)
   at GitHub.Services.Common.VssHttpRetryMessageHandler.SendAsync(HttpRequestMessage request, CancellationToken cancellationToken)
   at System.Net.Http.HttpClient.<SendAsync>g__Core|83_0(HttpRequestMessage request, HttpCompletionOption completionOption, CancellationTokenSource cts, Boolean disposeCts, CancellationTokenSource pendingRequestsCts, CancellationToken originalCancellationToken)
[2025-08-19 15:43:34Z ERR  BrokerServer] #####################################################
[2025-08-19 15:43:34Z ERR  BrokerServer] System.IO.IOException: Unable to read data from the transport connection: The I/O operation has been aborted because of either a thread exit or an application request..
 ---> System.Net.Sockets.SocketException (995): The I/O operation has been aborted because of either a thread exit or an application request.
   --- End of inner exception stack trace ---
   at System.Net.Sockets.Socket.AwaitableSocketAsyncEventArgs.ThrowException(SocketError error, CancellationToken cancellationToken)
   at System.Net.Sockets.Socket.AwaitableSocketAsyncEventArgs.System.Threading.Tasks.Sources.IValueTaskSource<System.Int32>.GetResult(Int16 token)
   at System.Net.Security.SslStream.EnsureFullTlsFrameAsync[TIOAdapter](CancellationToken cancellationToken, Int32 estimatedSize)
   at System.Runtime.CompilerServices.PoolingAsyncValueTaskMethodBuilder`1.StateMachineBox`1.System.Threading.Tasks.Sources.IValueTaskSource<TResult>.GetResult(Int16 token)
   at System.Net.Security.SslStream.ReadAsyncInternal[TIOAdapter](Memory`1 buffer, CancellationToken cancellationToken)
   at System.Runtime.CompilerServices.PoolingAsyncValueTaskMethodBuilder`1.StateMachineBox`1.System.Threading.Tasks.Sources.IValueTaskSource<TResult>.GetResult(Int16 token)
   at System.Net.Http.HttpConnection.SendAsync(HttpRequestMessage request, Boolean async, CancellationToken cancellationToken)
[2025-08-19 15:43:34Z ERR  BrokerServer] #####################################################
[2025-08-19 15:43:34Z ERR  BrokerServer] System.Net.Sockets.SocketException (995): The I/O operation has been aborted because of either a thread exit or an application request.
[2025-08-19 15:43:34Z WARN BrokerServer] Back off 11.066 seconds before next retry. 4 attempt left.
[2025-08-19 15:43:34Z INFO BrokerMessageListener] Get messages has been cancelled using local token source. Continue to get messages with new status.
[2025-08-19 15:51:18Z INFO ConfigurationStore] HasCredentials()
[2025-08-19 15:51:18Z INFO ConfigurationStore] stored True
[2025-08-19 15:51:18Z INFO CredentialManager] GetCredentialProvider
[2025-08-19 15:51:18Z INFO CredentialManager] Creating type OAuth
[2025-08-19 15:51:18Z INFO CredentialManager] Creating credential type: OAuth
[2025-08-19 15:51:18Z INFO RSAEncryptedFileKeyManager] Loading RSA key parameters from file C:\laragon\www\sapapi\actions-runner\.credentials_rsaparams
[2025-08-19 15:51:18Z INFO RSAEncryptedFileKeyManager] Loading RSA key parameters from file C:\laragon\www\sapapi\actions-runner\.credentials_rsaparams
[2025-08-19 15:51:18Z INFO RSAEncryptedFileKeyManager] Loading RSA key parameters from file C:\laragon\www\sapapi\actions-runner\.credentials_rsaparams
[2025-08-19 15:51:19Z INFO GitHubActionsService] AAD Correlation ID for this token request: Unknown
[2025-08-19 15:51:21Z INFO JobDispatcher] Job request 0 for plan f3345342-d7de-4f8d-8704-29d9ebe9af9e job bbf590d1-d860-5a3d-9983-6563a2c272f9 received.
[2025-08-19 15:51:21Z INFO JobDispatcher] Pull OrchestrationId f3345342-d7de-4f8d-8704-29d9ebe9af9e.deploy.__default from JWT claims
[2025-08-19 15:51:21Z INFO BrokerMessageListener] Received job status event. JobState: Busy
[2025-08-19 15:51:21Z INFO BrokerMessageListener] _getMessagesTokenSource is already disposed.
[2025-08-19 15:51:21Z INFO JobDispatcher] Job request 0ddff194-c62e-51eb-a61b-c60a8fc729cf processed succeed.
[2025-08-19 15:51:21Z INFO Terminal] WRITE LINE: 2025-08-19 15:51:21Z: Running job: deploy
[2025-08-19 15:51:21Z INFO JobDispatcher] Start renew job request 0 for job bbf590d1-d860-5a3d-9983-6563a2c272f9.
[2025-08-19 15:51:22Z INFO JobDispatcher] Successfully renew job bbf590d1-d860-5a3d-9983-6563a2c272f9, job is valid till 8/19/2025 4:01:23 PM
[2025-08-19 15:51:22Z INFO HostContext] Well known directory 'Bin': 'C:\laragon\www\sapapi\actions-runner\bin'
[2025-08-19 15:51:22Z INFO ProcessInvokerWrapper] Starting process:
[2025-08-19 15:51:22Z INFO ProcessInvokerWrapper]   File name: 'C:\laragon\www\sapapi\actions-runner\bin\Runner.Worker.exe'
[2025-08-19 15:51:22Z INFO ProcessInvokerWrapper]   Arguments: 'spawnclient 2260 1240'
[2025-08-19 15:51:22Z INFO ProcessInvokerWrapper]   Working directory: 'C:\laragon\www\sapapi\actions-runner\bin'
[2025-08-19 15:51:22Z INFO ProcessInvokerWrapper]   Require exit code zero: 'False'
[2025-08-19 15:51:22Z INFO ProcessInvokerWrapper]   Encoding web name:  ; code page: ''
[2025-08-19 15:51:22Z INFO ProcessInvokerWrapper]   Force kill process on cancellation: 'True'
[2025-08-19 15:51:22Z INFO ProcessInvokerWrapper]   Redirected STDIN: 'False'
[2025-08-19 15:51:22Z INFO ProcessInvokerWrapper]   Persist current code page: 'False'
[2025-08-19 15:51:22Z INFO ProcessInvokerWrapper]   Keep redirected STDIN open: 'False'
[2025-08-19 15:51:22Z INFO ProcessInvokerWrapper]   High priority process: 'True'
[2025-08-19 15:51:22Z INFO ProcessInvokerWrapper] Process started with process id 19924, waiting for process exit.
[2025-08-19 15:51:22Z INFO JobDispatcher] Send job request message to worker for job bbf590d1-d860-5a3d-9983-6563a2c272f9.
[2025-08-19 15:51:22Z INFO ProcessChannel] Sending message of length 22208, with hash 'b4d83f5b778ce725e315c1a3d38b96244e5863e7fdf111a54895e8086b16339f'
[2025-08-19 15:51:23Z INFO JobNotification] Entering JobStarted Notification
[2025-08-19 15:51:23Z INFO JobNotification] Entering StartMonitor
[2025-08-19 15:52:23Z INFO JobDispatcher] Successfully renew job bbf590d1-d860-5a3d-9983-6563a2c272f9, job is valid till 8/19/2025 4:02:23 PM
[2025-08-19 15:52:44Z INFO ProcessInvokerWrapper] STDOUT/STDERR stream read finished.
[2025-08-19 15:52:44Z INFO ProcessInvokerWrapper] STDOUT/STDERR stream read finished.
[2025-08-19 15:52:44Z INFO ProcessInvokerWrapper] Finished process 19924 with exit code 100, and elapsed time 00:01:21.8504143.
[2025-08-19 15:52:44Z INFO JobDispatcher] Worker finished for job bbf590d1-d860-5a3d-9983-6563a2c272f9. Code: 100
[2025-08-19 15:52:44Z INFO JobDispatcher] finish job request for job bbf590d1-d860-5a3d-9983-6563a2c272f9 with result: Succeeded
[2025-08-19 15:52:44Z INFO Terminal] WRITE LINE: 2025-08-19 15:52:44Z: Job deploy completed with result: Succeeded
[2025-08-19 15:52:44Z INFO JobDispatcher] Stop renew job request for job bbf590d1-d860-5a3d-9983-6563a2c272f9.
[2025-08-19 15:52:44Z INFO JobDispatcher] job renew has been cancelled, stop renew job bbf590d1-d860-5a3d-9983-6563a2c272f9.
[2025-08-19 15:52:44Z INFO JobNotification] Entering JobCompleted Notification
[2025-08-19 15:52:44Z INFO JobNotification] Entering EndMonitor
[2025-08-19 15:52:44Z INFO BrokerMessageListener] Received job status event. JobState: Online
[2025-08-19 15:52:44Z WARN GitHubActionsService] GET request to https://broker.actions.githubusercontent.com/message?sessionId=08bd8b03-91d7-4727-b247-afcfa8e7b006&status=Busy&runnerVersion=2.328.0&os=Windows&architecture=X64&disableUpdate=false has been cancelled.
[2025-08-19 15:52:44Z ERR  BrokerServer] Catch exception during request
[2025-08-19 15:52:44Z ERR  BrokerServer] System.Threading.Tasks.TaskCanceledException: The operation was canceled.
 ---> System.Threading.Tasks.TaskCanceledException: The operation was canceled.
 ---> System.IO.IOException: Unable to read data from the transport connection: The I/O operation has been aborted because of either a thread exit or an application request..
 ---> System.Net.Sockets.SocketException (995): The I/O operation has been aborted because of either a thread exit or an application request.
   --- End of inner exception stack trace ---
   at System.Net.Sockets.Socket.AwaitableSocketAsyncEventArgs.ThrowException(SocketError error, CancellationToken cancellationToken)
   at System.Net.Sockets.Socket.AwaitableSocketAsyncEventArgs.System.Threading.Tasks.Sources.IValueTaskSource<System.Int32>.GetResult(Int16 token)
   at System.Net.Security.SslStream.EnsureFullTlsFrameAsync[TIOAdapter](CancellationToken cancellationToken, Int32 estimatedSize)
   at System.Runtime.CompilerServices.PoolingAsyncValueTaskMethodBuilder`1.StateMachineBox`1.System.Threading.Tasks.Sources.IValueTaskSource<TResult>.GetResult(Int16 token)
   at System.Net.Security.SslStream.ReadAsyncInternal[TIOAdapter](Memory`1 buffer, CancellationToken cancellationToken)
   at System.Runtime.CompilerServices.PoolingAsyncValueTaskMethodBuilder`1.StateMachineBox`1.System.Threading.Tasks.Sources.IValueTaskSource<TResult>.GetResult(Int16 token)
   at System.Net.Http.HttpConnection.SendAsync(HttpRequestMessage request, Boolean async, CancellationToken cancellationToken)
   --- End of inner exception stack trace ---
   at System.Net.Http.HttpConnection.SendAsync(HttpRequestMessage request, Boolean async, CancellationToken cancellationToken)
   at System.Net.Http.AuthenticationHelper.SendWithNtAuthAsync(HttpRequestMessage request, Uri authUri, Boolean async, ICredentials credentials, Boolean isProxyAuth, HttpConnection connection, HttpConnectionPool connectionPool, CancellationToken cancellationToken)
   at System.Net.Http.HttpConnectionPool.SendWithVersionDetectionAndRetryAsync(HttpRequestMessage request, Boolean async, Boolean doRequestAuth, CancellationToken cancellationToken)
   at System.Net.Http.AuthenticationHelper.SendWithAuthAsync(HttpRequestMessage request, Uri authUri, Boolean async, ICredentials credentials, Boolean preAuthenticate, Boolean isProxyAuth, Boolean doRequestAuth, HttpConnectionPool pool, CancellationToken cancellationToken)
   at System.Net.Http.RedirectHandler.SendAsync(HttpRequestMessage request, Boolean async, CancellationToken cancellationToken)
   at GitHub.Services.Common.RawHttpMessageHandler.SendAsync(HttpRequestMessage request, CancellationToken cancellationToken)
   at GitHub.Services.Common.VssHttpRetryMessageHandler.SendAsync(HttpRequestMessage request, CancellationToken cancellationToken)
   at System.Net.Http.HttpClient.<SendAsync>g__Core|83_0(HttpRequestMessage request, HttpCompletionOption completionOption, CancellationTokenSource cts, Boolean disposeCts, CancellationTokenSource pendingRequestsCts, CancellationToken originalCancellationToken)
   --- End of inner exception stack trace ---
   at System.Net.Http.HttpClient.HandleFailure(Exception e, Boolean telemetryStarted, HttpResponseMessage response, CancellationTokenSource cts, CancellationToken cancellationToken, CancellationTokenSource pendingRequestsCts)
   at System.Net.Http.HttpClient.<SendAsync>g__Core|83_0(HttpRequestMessage request, HttpCompletionOption completionOption, CancellationTokenSource cts, Boolean disposeCts, CancellationTokenSource pendingRequestsCts, CancellationToken originalCancellationToken)
   at Sdk.WebApi.WebApi.RawHttpClientBase.SendAsync(HttpRequestMessage message, HttpCompletionOption completionOption, Object userState, CancellationToken cancellationToken)
   at Sdk.WebApi.WebApi.RawHttpClientBase.SendAsync[T](HttpRequestMessage message, Boolean readErrorBody, Object userState, CancellationToken cancellationToken)
   at Sdk.WebApi.WebApi.RawHttpClientBase.SendAsync[T](HttpMethod method, IEnumerable`1 additionalHeaders, Uri requestUri, HttpContent content, IEnumerable`1 queryParameters, Boolean readErrorBody, Object userState, CancellationToken cancellationToken)
   at GitHub.Actions.RunService.WebApi.BrokerHttpClient.GetRunnerMessageAsync(Nullable`1 sessionId, String runnerVersion, Nullable`1 status, String os, String architecture, Nullable`1 disableUpdate, CancellationToken cancellationToken)
   at GitHub.Runner.Common.BrokerServer.<>c__DisplayClass7_0.<<GetRunnerMessageAsync>b__0>d.MoveNext()
--- End of stack trace from previous location ---
   at GitHub.Runner.Common.RunnerService.RetryRequest[T](Func`1 func, CancellationToken cancellationToken, Int32 maxRetryAttemptsCount, Func`2 shouldRetry)
[2025-08-19 15:52:44Z ERR  BrokerServer] #####################################################
[2025-08-19 15:52:44Z ERR  BrokerServer] System.Threading.Tasks.TaskCanceledException: The operation was canceled.
 ---> System.IO.IOException: Unable to read data from the transport connection: The I/O operation has been aborted because of either a thread exit or an application request..
 ---> System.Net.Sockets.SocketException (995): The I/O operation has been aborted because of either a thread exit or an application request.
   --- End of inner exception stack trace ---
   at System.Net.Sockets.Socket.AwaitableSocketAsyncEventArgs.ThrowException(SocketError error, CancellationToken cancellationToken)
   at System.Net.Sockets.Socket.AwaitableSocketAsyncEventArgs.System.Threading.Tasks.Sources.IValueTaskSource<System.Int32>.GetResult(Int16 token)
   at System.Net.Security.SslStream.EnsureFullTlsFrameAsync[TIOAdapter](CancellationToken cancellationToken, Int32 estimatedSize)
   at System.Runtime.CompilerServices.PoolingAsyncValueTaskMethodBuilder`1.StateMachineBox`1.System.Threading.Tasks.Sources.IValueTaskSource<TResult>.GetResult(Int16 token)
   at System.Net.Security.SslStream.ReadAsyncInternal[TIOAdapter](Memory`1 buffer, CancellationToken cancellationToken)
   at System.Runtime.CompilerServices.PoolingAsyncValueTaskMethodBuilder`1.StateMachineBox`1.System.Threading.Tasks.Sources.IValueTaskSource<TResult>.GetResult(Int16 token)
   at System.Net.Http.HttpConnection.SendAsync(HttpRequestMessage request, Boolean async, CancellationToken cancellationToken)
   --- End of inner exception stack trace ---
   at System.Net.Http.HttpConnection.SendAsync(HttpRequestMessage request, Boolean async, CancellationToken cancellationToken)
   at System.Net.Http.AuthenticationHelper.SendWithNtAuthAsync(HttpRequestMessage request, Uri authUri, Boolean async, ICredentials credentials, Boolean isProxyAuth, HttpConnection connection, HttpConnectionPool connectionPool, CancellationToken cancellationToken)
   at System.Net.Http.HttpConnectionPool.SendWithVersionDetectionAndRetryAsync(HttpRequestMessage request, Boolean async, Boolean doRequestAuth, CancellationToken cancellationToken)
   at System.Net.Http.AuthenticationHelper.SendWithAuthAsync(HttpRequestMessage request, Uri authUri, Boolean async, ICredentials credentials, Boolean preAuthenticate, Boolean isProxyAuth, Boolean doRequestAuth, HttpConnectionPool pool, CancellationToken cancellationToken)
   at System.Net.Http.RedirectHandler.SendAsync(HttpRequestMessage request, Boolean async, CancellationToken cancellationToken)
   at GitHub.Services.Common.RawHttpMessageHandler.SendAsync(HttpRequestMessage request, CancellationToken cancellationToken)
   at GitHub.Services.Common.VssHttpRetryMessageHandler.SendAsync(HttpRequestMessage request, CancellationToken cancellationToken)
   at System.Net.Http.HttpClient.<SendAsync>g__Core|83_0(HttpRequestMessage request, HttpCompletionOption completionOption, CancellationTokenSource cts, Boolean disposeCts, CancellationTokenSource pendingRequestsCts, CancellationToken originalCancellationToken)
[2025-08-19 15:52:44Z ERR  BrokerServer] #####################################################
[2025-08-19 15:52:44Z ERR  BrokerServer] System.IO.IOException: Unable to read data from the transport connection: The I/O operation has been aborted because of either a thread exit or an application request..
 ---> System.Net.Sockets.SocketException (995): The I/O operation has been aborted because of either a thread exit or an application request.
   --- End of inner exception stack trace ---
   at System.Net.Sockets.Socket.AwaitableSocketAsyncEventArgs.ThrowException(SocketError error, CancellationToken cancellationToken)
   at System.Net.Sockets.Socket.AwaitableSocketAsyncEventArgs.System.Threading.Tasks.Sources.IValueTaskSource<System.Int32>.GetResult(Int16 token)
   at System.Net.Security.SslStream.EnsureFullTlsFrameAsync[TIOAdapter](CancellationToken cancellationToken, Int32 estimatedSize)
   at System.Runtime.CompilerServices.PoolingAsyncValueTaskMethodBuilder`1.StateMachineBox`1.System.Threading.Tasks.Sources.IValueTaskSource<TResult>.GetResult(Int16 token)
   at System.Net.Security.SslStream.ReadAsyncInternal[TIOAdapter](Memory`1 buffer, CancellationToken cancellationToken)
   at System.Runtime.CompilerServices.PoolingAsyncValueTaskMethodBuilder`1.StateMachineBox`1.System.Threading.Tasks.Sources.IValueTaskSource<TResult>.GetResult(Int16 token)
   at System.Net.Http.HttpConnection.SendAsync(HttpRequestMessage request, Boolean async, CancellationToken cancellationToken)
[2025-08-19 15:52:44Z ERR  BrokerServer] #####################################################
[2025-08-19 15:52:44Z ERR  BrokerServer] System.Net.Sockets.SocketException (995): The I/O operation has been aborted because of either a thread exit or an application request.
[2025-08-19 15:52:44Z WARN BrokerServer] Back off 10.502 seconds before next retry. 4 attempt left.
[2025-08-19 15:52:44Z INFO BrokerMessageListener] Get messages has been cancelled using local token source. Continue to get messages with new status.
[2025-08-19 16:02:49Z INFO RSAEncryptedFileKeyManager] Loading RSA key parameters from file C:\laragon\www\sapapi\actions-runner\.credentials_rsaparams
[2025-08-19 16:02:50Z INFO GitHubActionsService] AAD Correlation ID for this token request: Unknown
[2025-08-19 16:34:32Z INFO ConfigurationStore] HasCredentials()
[2025-08-19 16:34:32Z INFO ConfigurationStore] stored True
[2025-08-19 16:34:32Z INFO CredentialManager] GetCredentialProvider
[2025-08-19 16:34:32Z INFO CredentialManager] Creating type OAuth
[2025-08-19 16:34:32Z INFO CredentialManager] Creating credential type: OAuth
[2025-08-19 16:34:32Z INFO RSAEncryptedFileKeyManager] Loading RSA key parameters from file C:\laragon\www\sapapi\actions-runner\.credentials_rsaparams
[2025-08-19 16:34:32Z INFO RSAEncryptedFileKeyManager] Loading RSA key parameters from file C:\laragon\www\sapapi\actions-runner\.credentials_rsaparams
[2025-08-19 16:34:32Z INFO RSAEncryptedFileKeyManager] Loading RSA key parameters from file C:\laragon\www\sapapi\actions-runner\.credentials_rsaparams
[2025-08-19 16:34:34Z INFO GitHubActionsService] AAD Correlation ID for this token request: Unknown
[2025-08-19 16:34:36Z INFO JobDispatcher] Job request 0 for plan cff06691-136f-400c-83fe-a48cb9c67ada job 044df860-3db9-5e7f-8057-d40d9240ac56 received.
[2025-08-19 16:34:36Z INFO JobDispatcher] Pull OrchestrationId cff06691-136f-400c-83fe-a48cb9c67ada.deploy.__default from JWT claims
[2025-08-19 16:34:36Z INFO BrokerMessageListener] Received job status event. JobState: Busy
[2025-08-19 16:34:36Z INFO BrokerMessageListener] _getMessagesTokenSource is already disposed.
[2025-08-19 16:34:36Z INFO JobDispatcher] Job request bbf590d1-d860-5a3d-9983-6563a2c272f9 processed succeed.
[2025-08-19 16:34:36Z INFO Terminal] WRITE LINE: 2025-08-19 16:34:36Z: Running job: deploy
[2025-08-19 16:34:36Z INFO JobDispatcher] Start renew job request 0 for job 044df860-3db9-5e7f-8057-d40d9240ac56.
[2025-08-19 16:34:37Z INFO JobDispatcher] Successfully renew job 044df860-3db9-5e7f-8057-d40d9240ac56, job is valid till 8/19/2025 4:44:37 PM
[2025-08-19 16:34:37Z INFO HostContext] Well known directory 'Bin': 'C:\laragon\www\sapapi\actions-runner\bin'
[2025-08-19 16:34:37Z INFO ProcessInvokerWrapper] Starting process:
[2025-08-19 16:34:37Z INFO ProcessInvokerWrapper]   File name: 'C:\laragon\www\sapapi\actions-runner\bin\Runner.Worker.exe'
[2025-08-19 16:34:37Z INFO ProcessInvokerWrapper]   Arguments: 'spawnclient 2172 2152'
[2025-08-19 16:34:37Z INFO ProcessInvokerWrapper]   Working directory: 'C:\laragon\www\sapapi\actions-runner\bin'
[2025-08-19 16:34:37Z INFO ProcessInvokerWrapper]   Require exit code zero: 'False'
[2025-08-19 16:34:37Z INFO ProcessInvokerWrapper]   Encoding web name:  ; code page: ''
[2025-08-19 16:34:37Z INFO ProcessInvokerWrapper]   Force kill process on cancellation: 'True'
[2025-08-19 16:34:37Z INFO ProcessInvokerWrapper]   Redirected STDIN: 'False'
[2025-08-19 16:34:37Z INFO ProcessInvokerWrapper]   Persist current code page: 'False'
[2025-08-19 16:34:37Z INFO ProcessInvokerWrapper]   Keep redirected STDIN open: 'False'
[2025-08-19 16:34:37Z INFO ProcessInvokerWrapper]   High priority process: 'True'
[2025-08-19 16:34:37Z INFO ProcessInvokerWrapper] Process started with process id 26308, waiting for process exit.
[2025-08-19 16:34:37Z INFO JobDispatcher] Send job request message to worker for job 044df860-3db9-5e7f-8057-d40d9240ac56.
[2025-08-19 16:34:37Z INFO ProcessChannel] Sending message of length 22227, with hash '98f95e82ea2f951b6762703a377ef7ccc142a751a79ec6c2d7e9b0d8d0865894'
[2025-08-19 16:34:37Z INFO JobNotification] Entering JobStarted Notification
[2025-08-19 16:34:37Z INFO JobNotification] Entering StartMonitor
[2025-08-19 16:35:37Z INFO JobDispatcher] Successfully renew job 044df860-3db9-5e7f-8057-d40d9240ac56, job is valid till 8/19/2025 4:45:37 PM
[2025-08-19 16:35:54Z INFO ProcessInvokerWrapper] STDOUT/STDERR stream read finished.
[2025-08-19 16:35:54Z INFO ProcessInvokerWrapper] STDOUT/STDERR stream read finished.
[2025-08-19 16:35:54Z INFO ProcessInvokerWrapper] Finished process 26308 with exit code 100, and elapsed time 00:01:17.3401526.
[2025-08-19 16:35:54Z INFO JobDispatcher] Worker finished for job 044df860-3db9-5e7f-8057-d40d9240ac56. Code: 100
[2025-08-19 16:35:54Z INFO JobDispatcher] finish job request for job 044df860-3db9-5e7f-8057-d40d9240ac56 with result: Succeeded
[2025-08-19 16:35:54Z INFO Terminal] WRITE LINE: 2025-08-19 16:35:54Z: Job deploy completed with result: Succeeded
[2025-08-19 16:35:54Z INFO JobDispatcher] Stop renew job request for job 044df860-3db9-5e7f-8057-d40d9240ac56.
[2025-08-19 16:35:54Z INFO JobDispatcher] job renew has been cancelled, stop renew job 044df860-3db9-5e7f-8057-d40d9240ac56.
[2025-08-19 16:35:54Z INFO JobNotification] Entering JobCompleted Notification
[2025-08-19 16:35:54Z INFO JobNotification] Entering EndMonitor
[2025-08-19 16:35:54Z INFO BrokerMessageListener] Received job status event. JobState: Online
[2025-08-19 16:35:54Z WARN GitHubActionsService] GET request to https://broker.actions.githubusercontent.com/message?sessionId=08bd8b03-91d7-4727-b247-afcfa8e7b006&status=Busy&runnerVersion=2.328.0&os=Windows&architecture=X64&disableUpdate=false has been cancelled.
[2025-08-19 16:35:54Z ERR  BrokerServer] Catch exception during request
[2025-08-19 16:35:54Z ERR  BrokerServer] System.Threading.Tasks.TaskCanceledException: The operation was canceled.
 ---> System.Threading.Tasks.TaskCanceledException: The operation was canceled.
 ---> System.IO.IOException: Unable to read data from the transport connection: The I/O operation has been aborted because of either a thread exit or an application request..
 ---> System.Net.Sockets.SocketException (995): The I/O operation has been aborted because of either a thread exit or an application request.
   --- End of inner exception stack trace ---
   at System.Net.Sockets.Socket.AwaitableSocketAsyncEventArgs.ThrowException(SocketError error, CancellationToken cancellationToken)
   at System.Net.Sockets.Socket.AwaitableSocketAsyncEventArgs.System.Threading.Tasks.Sources.IValueTaskSource<System.Int32>.GetResult(Int16 token)
   at System.Net.Security.SslStream.EnsureFullTlsFrameAsync[TIOAdapter](CancellationToken cancellationToken, Int32 estimatedSize)
   at System.Runtime.CompilerServices.PoolingAsyncValueTaskMethodBuilder`1.StateMachineBox`1.System.Threading.Tasks.Sources.IValueTaskSource<TResult>.GetResult(Int16 token)
   at System.Net.Security.SslStream.ReadAsyncInternal[TIOAdapter](Memory`1 buffer, CancellationToken cancellationToken)
   at System.Runtime.CompilerServices.PoolingAsyncValueTaskMethodBuilder`1.StateMachineBox`1.System.Threading.Tasks.Sources.IValueTaskSource<TResult>.GetResult(Int16 token)
   at System.Net.Http.HttpConnection.SendAsync(HttpRequestMessage request, Boolean async, CancellationToken cancellationToken)
   --- End of inner exception stack trace ---
   at System.Net.Http.HttpConnection.SendAsync(HttpRequestMessage request, Boolean async, CancellationToken cancellationToken)
   at System.Net.Http.AuthenticationHelper.SendWithNtAuthAsync(HttpRequestMessage request, Uri authUri, Boolean async, ICredentials credentials, Boolean isProxyAuth, HttpConnection connection, HttpConnectionPool connectionPool, CancellationToken cancellationToken)
   at System.Net.Http.HttpConnectionPool.SendWithVersionDetectionAndRetryAsync(HttpRequestMessage request, Boolean async, Boolean doRequestAuth, CancellationToken cancellationToken)
   at System.Net.Http.AuthenticationHelper.SendWithAuthAsync(HttpRequestMessage request, Uri authUri, Boolean async, ICredentials credentials, Boolean preAuthenticate, Boolean isProxyAuth, Boolean doRequestAuth, HttpConnectionPool pool, CancellationToken cancellationToken)
   at System.Net.Http.RedirectHandler.SendAsync(HttpRequestMessage request, Boolean async, CancellationToken cancellationToken)
   at GitHub.Services.Common.RawHttpMessageHandler.SendAsync(HttpRequestMessage request, CancellationToken cancellationToken)
   at GitHub.Services.Common.VssHttpRetryMessageHandler.SendAsync(HttpRequestMessage request, CancellationToken cancellationToken)
   at System.Net.Http.HttpClient.<SendAsync>g__Core|83_0(HttpRequestMessage request, HttpCompletionOption completionOption, CancellationTokenSource cts, Boolean disposeCts, CancellationTokenSource pendingRequestsCts, CancellationToken originalCancellationToken)
   --- End of inner exception stack trace ---
   at System.Net.Http.HttpClient.HandleFailure(Exception e, Boolean telemetryStarted, HttpResponseMessage response, CancellationTokenSource cts, CancellationToken cancellationToken, CancellationTokenSource pendingRequestsCts)
   at System.Net.Http.HttpClient.<SendAsync>g__Core|83_0(HttpRequestMessage request, HttpCompletionOption completionOption, CancellationTokenSource cts, Boolean disposeCts, CancellationTokenSource pendingRequestsCts, CancellationToken originalCancellationToken)
   at Sdk.WebApi.WebApi.RawHttpClientBase.SendAsync(HttpRequestMessage message, HttpCompletionOption completionOption, Object userState, CancellationToken cancellationToken)
   at Sdk.WebApi.WebApi.RawHttpClientBase.SendAsync[T](HttpRequestMessage message, Boolean readErrorBody, Object userState, CancellationToken cancellationToken)
   at Sdk.WebApi.WebApi.RawHttpClientBase.SendAsync[T](HttpMethod method, IEnumerable`1 additionalHeaders, Uri requestUri, HttpContent content, IEnumerable`1 queryParameters, Boolean readErrorBody, Object userState, CancellationToken cancellationToken)
   at GitHub.Actions.RunService.WebApi.BrokerHttpClient.GetRunnerMessageAsync(Nullable`1 sessionId, String runnerVersion, Nullable`1 status, String os, String architecture, Nullable`1 disableUpdate, CancellationToken cancellationToken)
   at GitHub.Runner.Common.BrokerServer.<>c__DisplayClass7_0.<<GetRunnerMessageAsync>b__0>d.MoveNext()
--- End of stack trace from previous location ---
   at GitHub.Runner.Common.RunnerService.RetryRequest[T](Func`1 func, CancellationToken cancellationToken, Int32 maxRetryAttemptsCount, Func`2 shouldRetry)
[2025-08-19 16:35:54Z ERR  BrokerServer] #####################################################
[2025-08-19 16:35:54Z ERR  BrokerServer] System.Threading.Tasks.TaskCanceledException: The operation was canceled.
 ---> System.IO.IOException: Unable to read data from the transport connection: The I/O operation has been aborted because of either a thread exit or an application request..
 ---> System.Net.Sockets.SocketException (995): The I/O operation has been aborted because of either a thread exit or an application request.
   --- End of inner exception stack trace ---
   at System.Net.Sockets.Socket.AwaitableSocketAsyncEventArgs.ThrowException(SocketError error, CancellationToken cancellationToken)
   at System.Net.Sockets.Socket.AwaitableSocketAsyncEventArgs.System.Threading.Tasks.Sources.IValueTaskSource<System.Int32>.GetResult(Int16 token)
   at System.Net.Security.SslStream.EnsureFullTlsFrameAsync[TIOAdapter](CancellationToken cancellationToken, Int32 estimatedSize)
   at System.Runtime.CompilerServices.PoolingAsyncValueTaskMethodBuilder`1.StateMachineBox`1.System.Threading.Tasks.Sources.IValueTaskSource<TResult>.GetResult(Int16 token)
   at System.Net.Security.SslStream.ReadAsyncInternal[TIOAdapter](Memory`1 buffer, CancellationToken cancellationToken)
   at System.Runtime.CompilerServices.PoolingAsyncValueTaskMethodBuilder`1.StateMachineBox`1.System.Threading.Tasks.Sources.IValueTaskSource<TResult>.GetResult(Int16 token)
   at System.Net.Http.HttpConnection.SendAsync(HttpRequestMessage request, Boolean async, CancellationToken cancellationToken)
   --- End of inner exception stack trace ---
   at System.Net.Http.HttpConnection.SendAsync(HttpRequestMessage request, Boolean async, CancellationToken cancellationToken)
   at System.Net.Http.AuthenticationHelper.SendWithNtAuthAsync(HttpRequestMessage request, Uri authUri, Boolean async, ICredentials credentials, Boolean isProxyAuth, HttpConnection connection, HttpConnectionPool connectionPool, CancellationToken cancellationToken)
   at System.Net.Http.HttpConnectionPool.SendWithVersionDetectionAndRetryAsync(HttpRequestMessage request, Boolean async, Boolean doRequestAuth, CancellationToken cancellationToken)
   at System.Net.Http.AuthenticationHelper.SendWithAuthAsync(HttpRequestMessage request, Uri authUri, Boolean async, ICredentials credentials, Boolean preAuthenticate, Boolean isProxyAuth, Boolean doRequestAuth, HttpConnectionPool pool, CancellationToken cancellationToken)
   at System.Net.Http.RedirectHandler.SendAsync(HttpRequestMessage request, Boolean async, CancellationToken cancellationToken)
   at GitHub.Services.Common.RawHttpMessageHandler.SendAsync(HttpRequestMessage request, CancellationToken cancellationToken)
   at GitHub.Services.Common.VssHttpRetryMessageHandler.SendAsync(HttpRequestMessage request, CancellationToken cancellationToken)
   at System.Net.Http.HttpClient.<SendAsync>g__Core|83_0(HttpRequestMessage request, HttpCompletionOption completionOption, CancellationTokenSource cts, Boolean disposeCts, CancellationTokenSource pendingRequestsCts, CancellationToken originalCancellationToken)
[2025-08-19 16:35:54Z ERR  BrokerServer] #####################################################
[2025-08-19 16:35:54Z ERR  BrokerServer] System.IO.IOException: Unable to read data from the transport connection: The I/O operation has been aborted because of either a thread exit or an application request..
 ---> System.Net.Sockets.SocketException (995): The I/O operation has been aborted because of either a thread exit or an application request.
   --- End of inner exception stack trace ---
   at System.Net.Sockets.Socket.AwaitableSocketAsyncEventArgs.ThrowException(SocketError error, CancellationToken cancellationToken)
   at System.Net.Sockets.Socket.AwaitableSocketAsyncEventArgs.System.Threading.Tasks.Sources.IValueTaskSource<System.Int32>.GetResult(Int16 token)
   at System.Net.Security.SslStream.EnsureFullTlsFrameAsync[TIOAdapter](CancellationToken cancellationToken, Int32 estimatedSize)
   at System.Runtime.CompilerServices.PoolingAsyncValueTaskMethodBuilder`1.StateMachineBox`1.System.Threading.Tasks.Sources.IValueTaskSource<TResult>.GetResult(Int16 token)
   at System.Net.Security.SslStream.ReadAsyncInternal[TIOAdapter](Memory`1 buffer, CancellationToken cancellationToken)
   at System.Runtime.CompilerServices.PoolingAsyncValueTaskMethodBuilder`1.StateMachineBox`1.System.Threading.Tasks.Sources.IValueTaskSource<TResult>.GetResult(Int16 token)
   at System.Net.Http.HttpConnection.SendAsync(HttpRequestMessage request, Boolean async, CancellationToken cancellationToken)
[2025-08-19 16:35:54Z ERR  BrokerServer] #####################################################
[2025-08-19 16:35:54Z ERR  BrokerServer] System.Net.Sockets.SocketException (995): The I/O operation has been aborted because of either a thread exit or an application request.
[2025-08-19 16:35:54Z WARN BrokerServer] Back off 6.12 seconds before next retry. 4 attempt left.
[2025-08-19 16:35:54Z INFO BrokerMessageListener] Get messages has been cancelled using local token source. Continue to get messages with new status.
[2025-08-19 16:36:50Z INFO ConfigurationStore] HasCredentials()
[2025-08-19 16:36:50Z INFO ConfigurationStore] stored True
[2025-08-19 16:36:50Z INFO CredentialManager] GetCredentialProvider
[2025-08-19 16:36:50Z INFO CredentialManager] Creating type OAuth
[2025-08-19 16:36:50Z INFO CredentialManager] Creating credential type: OAuth
[2025-08-19 16:36:50Z INFO RSAEncryptedFileKeyManager] Loading RSA key parameters from file C:\laragon\www\sapapi\actions-runner\.credentials_rsaparams
[2025-08-19 16:36:50Z INFO RSAEncryptedFileKeyManager] Loading RSA key parameters from file C:\laragon\www\sapapi\actions-runner\.credentials_rsaparams
[2025-08-19 16:36:50Z INFO RSAEncryptedFileKeyManager] Loading RSA key parameters from file C:\laragon\www\sapapi\actions-runner\.credentials_rsaparams
[2025-08-19 16:36:51Z INFO GitHubActionsService] AAD Correlation ID for this token request: Unknown
[2025-08-19 16:36:53Z INFO JobDispatcher] Job request 0 for plan 558bcf61-cea6-4e6c-8100-90a7c9e4ed86 job d7149994-8717-5493-aed3-755058c1bc42 received.
[2025-08-19 16:36:53Z INFO JobDispatcher] Pull OrchestrationId 558bcf61-cea6-4e6c-8100-90a7c9e4ed86.deploy.__default from JWT claims
[2025-08-19 16:36:53Z INFO BrokerMessageListener] Received job status event. JobState: Busy
[2025-08-19 16:36:53Z INFO BrokerMessageListener] _getMessagesTokenSource is already disposed.
[2025-08-19 16:36:53Z INFO JobDispatcher] Job request 044df860-3db9-5e7f-8057-d40d9240ac56 processed succeed.
[2025-08-19 16:36:53Z INFO Terminal] WRITE LINE: 2025-08-19 16:36:53Z: Running job: deploy
[2025-08-19 16:36:53Z INFO JobDispatcher] Start renew job request 0 for job d7149994-8717-5493-aed3-755058c1bc42.
[2025-08-19 16:36:54Z INFO JobDispatcher] Successfully renew job d7149994-8717-5493-aed3-755058c1bc42, job is valid till 8/19/2025 4:46:54 PM
[2025-08-19 16:36:54Z INFO HostContext] Well known directory 'Bin': 'C:\laragon\www\sapapi\actions-runner\bin'
[2025-08-19 16:36:54Z INFO ProcessInvokerWrapper] Starting process:
[2025-08-19 16:36:54Z INFO ProcessInvokerWrapper]   File name: 'C:\laragon\www\sapapi\actions-runner\bin\Runner.Worker.exe'
[2025-08-19 16:36:54Z INFO ProcessInvokerWrapper]   Arguments: 'spawnclient 2960 1652'
[2025-08-19 16:36:54Z INFO ProcessInvokerWrapper]   Working directory: 'C:\laragon\www\sapapi\actions-runner\bin'
[2025-08-19 16:36:54Z INFO ProcessInvokerWrapper]   Require exit code zero: 'False'
[2025-08-19 16:36:54Z INFO ProcessInvokerWrapper]   Encoding web name:  ; code page: ''
[2025-08-19 16:36:54Z INFO ProcessInvokerWrapper]   Force kill process on cancellation: 'True'
[2025-08-19 16:36:54Z INFO ProcessInvokerWrapper]   Redirected STDIN: 'False'
[2025-08-19 16:36:54Z INFO ProcessInvokerWrapper]   Persist current code page: 'False'
[2025-08-19 16:36:54Z INFO ProcessInvokerWrapper]   Keep redirected STDIN open: 'False'
[2025-08-19 16:36:54Z INFO ProcessInvokerWrapper]   High priority process: 'True'
[2025-08-19 16:36:54Z INFO ProcessInvokerWrapper] Process started with process id 19176, waiting for process exit.
[2025-08-19 16:36:54Z INFO JobDispatcher] Send job request message to worker for job d7149994-8717-5493-aed3-755058c1bc42.
[2025-08-19 16:36:54Z INFO ProcessChannel] Sending message of length 22210, with hash '5a16244440045472acb8165d9f7ff38fec2b29ddb0f733024213b242af8b2aff'
[2025-08-19 16:36:54Z INFO JobNotification] Entering JobStarted Notification
[2025-08-19 16:36:54Z INFO JobNotification] Entering StartMonitor
[2025-08-19 16:37:54Z INFO JobDispatcher] Successfully renew job d7149994-8717-5493-aed3-755058c1bc42, job is valid till 8/19/2025 4:47:54 PM
[2025-08-19 16:38:10Z INFO ProcessInvokerWrapper] STDOUT/STDERR stream read finished.
[2025-08-19 16:38:10Z INFO ProcessInvokerWrapper] STDOUT/STDERR stream read finished.
[2025-08-19 16:38:10Z INFO ProcessInvokerWrapper] Finished process 19176 with exit code 100, and elapsed time 00:01:16.6751339.
[2025-08-19 16:38:10Z INFO JobDispatcher] Worker finished for job d7149994-8717-5493-aed3-755058c1bc42. Code: 100
[2025-08-19 16:38:10Z INFO JobDispatcher] finish job request for job d7149994-8717-5493-aed3-755058c1bc42 with result: Succeeded
[2025-08-19 16:38:10Z INFO Terminal] WRITE LINE: 2025-08-19 16:38:10Z: Job deploy completed with result: Succeeded
[2025-08-19 16:38:10Z INFO JobDispatcher] Stop renew job request for job d7149994-8717-5493-aed3-755058c1bc42.
[2025-08-19 16:38:10Z INFO JobDispatcher] job renew has been cancelled, stop renew job d7149994-8717-5493-aed3-755058c1bc42.
[2025-08-19 16:38:10Z INFO JobNotification] Entering JobCompleted Notification
[2025-08-19 16:38:10Z INFO JobNotification] Entering EndMonitor
[2025-08-19 16:38:10Z INFO BrokerMessageListener] Received job status event. JobState: Online
[2025-08-19 16:38:10Z WARN GitHubActionsService] GET request to https://broker.actions.githubusercontent.com/message?sessionId=08bd8b03-91d7-4727-b247-afcfa8e7b006&status=Busy&runnerVersion=2.328.0&os=Windows&architecture=X64&disableUpdate=false has been cancelled.
[2025-08-19 16:38:10Z ERR  BrokerServer] Catch exception during request
[2025-08-19 16:38:10Z ERR  BrokerServer] System.Threading.Tasks.TaskCanceledException: The operation was canceled.
 ---> System.Threading.Tasks.TaskCanceledException: The operation was canceled.
 ---> System.IO.IOException: Unable to read data from the transport connection: The I/O operation has been aborted because of either a thread exit or an application request..
 ---> System.Net.Sockets.SocketException (995): The I/O operation has been aborted because of either a thread exit or an application request.
   --- End of inner exception stack trace ---
   at System.Net.Sockets.Socket.AwaitableSocketAsyncEventArgs.ThrowException(SocketError error, CancellationToken cancellationToken)
   at System.Net.Sockets.Socket.AwaitableSocketAsyncEventArgs.System.Threading.Tasks.Sources.IValueTaskSource<System.Int32>.GetResult(Int16 token)
   at System.Net.Security.SslStream.EnsureFullTlsFrameAsync[TIOAdapter](CancellationToken cancellationToken, Int32 estimatedSize)
   at System.Runtime.CompilerServices.PoolingAsyncValueTaskMethodBuilder`1.StateMachineBox`1.System.Threading.Tasks.Sources.IValueTaskSource<TResult>.GetResult(Int16 token)
   at System.Net.Security.SslStream.ReadAsyncInternal[TIOAdapter](Memory`1 buffer, CancellationToken cancellationToken)
   at System.Runtime.CompilerServices.PoolingAsyncValueTaskMethodBuilder`1.StateMachineBox`1.System.Threading.Tasks.Sources.IValueTaskSource<TResult>.GetResult(Int16 token)
   at System.Net.Http.HttpConnection.SendAsync(HttpRequestMessage request, Boolean async, CancellationToken cancellationToken)
   --- End of inner exception stack trace ---
   at System.Net.Http.HttpConnection.SendAsync(HttpRequestMessage request, Boolean async, CancellationToken cancellationToken)
   at System.Net.Http.AuthenticationHelper.SendWithNtAuthAsync(HttpRequestMessage request, Uri authUri, Boolean async, ICredentials credentials, Boolean isProxyAuth, HttpConnection connection, HttpConnectionPool connectionPool, CancellationToken cancellationToken)
   at System.Net.Http.HttpConnectionPool.SendWithVersionDetectionAndRetryAsync(HttpRequestMessage request, Boolean async, Boolean doRequestAuth, CancellationToken cancellationToken)
   at System.Net.Http.AuthenticationHelper.SendWithAuthAsync(HttpRequestMessage request, Uri authUri, Boolean async, ICredentials credentials, Boolean preAuthenticate, Boolean isProxyAuth, Boolean doRequestAuth, HttpConnectionPool pool, CancellationToken cancellationToken)
   at System.Net.Http.RedirectHandler.SendAsync(HttpRequestMessage request, Boolean async, CancellationToken cancellationToken)
   at GitHub.Services.Common.RawHttpMessageHandler.SendAsync(HttpRequestMessage request, CancellationToken cancellationToken)
   at GitHub.Services.Common.VssHttpRetryMessageHandler.SendAsync(HttpRequestMessage request, CancellationToken cancellationToken)
   at System.Net.Http.HttpClient.<SendAsync>g__Core|83_0(HttpRequestMessage request, HttpCompletionOption completionOption, CancellationTokenSource cts, Boolean disposeCts, CancellationTokenSource pendingRequestsCts, CancellationToken originalCancellationToken)
   --- End of inner exception stack trace ---
   at System.Net.Http.HttpClient.HandleFailure(Exception e, Boolean telemetryStarted, HttpResponseMessage response, CancellationTokenSource cts, CancellationToken cancellationToken, CancellationTokenSource pendingRequestsCts)
   at System.Net.Http.HttpClient.<SendAsync>g__Core|83_0(HttpRequestMessage request, HttpCompletionOption completionOption, CancellationTokenSource cts, Boolean disposeCts, CancellationTokenSource pendingRequestsCts, CancellationToken originalCancellationToken)
   at Sdk.WebApi.WebApi.RawHttpClientBase.SendAsync(HttpRequestMessage message, HttpCompletionOption completionOption, Object userState, CancellationToken cancellationToken)
   at Sdk.WebApi.WebApi.RawHttpClientBase.SendAsync[T](HttpRequestMessage message, Boolean readErrorBody, Object userState, CancellationToken cancellationToken)
   at Sdk.WebApi.WebApi.RawHttpClientBase.SendAsync[T](HttpMethod method, IEnumerable`1 additionalHeaders, Uri requestUri, HttpContent content, IEnumerable`1 queryParameters, Boolean readErrorBody, Object userState, CancellationToken cancellationToken)
   at GitHub.Actions.RunService.WebApi.BrokerHttpClient.GetRunnerMessageAsync(Nullable`1 sessionId, String runnerVersion, Nullable`1 status, String os, String architecture, Nullable`1 disableUpdate, CancellationToken cancellationToken)
   at GitHub.Runner.Common.BrokerServer.<>c__DisplayClass7_0.<<GetRunnerMessageAsync>b__0>d.MoveNext()
--- End of stack trace from previous location ---
   at GitHub.Runner.Common.RunnerService.RetryRequest[T](Func`1 func, CancellationToken cancellationToken, Int32 maxRetryAttemptsCount, Func`2 shouldRetry)
[2025-08-19 16:38:10Z ERR  BrokerServer] #####################################################
[2025-08-19 16:38:10Z ERR  BrokerServer] System.Threading.Tasks.TaskCanceledException: The operation was canceled.
 ---> System.IO.IOException: Unable to read data from the transport connection: The I/O operation has been aborted because of either a thread exit or an application request..
 ---> System.Net.Sockets.SocketException (995): The I/O operation has been aborted because of either a thread exit or an application request.
   --- End of inner exception stack trace ---
   at System.Net.Sockets.Socket.AwaitableSocketAsyncEventArgs.ThrowException(SocketError error, CancellationToken cancellationToken)
   at System.Net.Sockets.Socket.AwaitableSocketAsyncEventArgs.System.Threading.Tasks.Sources.IValueTaskSource<System.Int32>.GetResult(Int16 token)
   at System.Net.Security.SslStream.EnsureFullTlsFrameAsync[TIOAdapter](CancellationToken cancellationToken, Int32 estimatedSize)
   at System.Runtime.CompilerServices.PoolingAsyncValueTaskMethodBuilder`1.StateMachineBox`1.System.Threading.Tasks.Sources.IValueTaskSource<TResult>.GetResult(Int16 token)
   at System.Net.Security.SslStream.ReadAsyncInternal[TIOAdapter](Memory`1 buffer, CancellationToken cancellationToken)
   at System.Runtime.CompilerServices.PoolingAsyncValueTaskMethodBuilder`1.StateMachineBox`1.System.Threading.Tasks.Sources.IValueTaskSource<TResult>.GetResult(Int16 token)
   at System.Net.Http.HttpConnection.SendAsync(HttpRequestMessage request, Boolean async, CancellationToken cancellationToken)
   --- End of inner exception stack trace ---
   at System.Net.Http.HttpConnection.SendAsync(HttpRequestMessage request, Boolean async, CancellationToken cancellationToken)
   at System.Net.Http.AuthenticationHelper.SendWithNtAuthAsync(HttpRequestMessage request, Uri authUri, Boolean async, ICredentials credentials, Boolean isProxyAuth, HttpConnection connection, HttpConnectionPool connectionPool, CancellationToken cancellationToken)
   at System.Net.Http.HttpConnectionPool.SendWithVersionDetectionAndRetryAsync(HttpRequestMessage request, Boolean async, Boolean doRequestAuth, CancellationToken cancellationToken)
   at System.Net.Http.AuthenticationHelper.SendWithAuthAsync(HttpRequestMessage request, Uri authUri, Boolean async, ICredentials credentials, Boolean preAuthenticate, Boolean isProxyAuth, Boolean doRequestAuth, HttpConnectionPool pool, CancellationToken cancellationToken)
   at System.Net.Http.RedirectHandler.SendAsync(HttpRequestMessage request, Boolean async, CancellationToken cancellationToken)
   at GitHub.Services.Common.RawHttpMessageHandler.SendAsync(HttpRequestMessage request, CancellationToken cancellationToken)
   at GitHub.Services.Common.VssHttpRetryMessageHandler.SendAsync(HttpRequestMessage request, CancellationToken cancellationToken)
   at System.Net.Http.HttpClient.<SendAsync>g__Core|83_0(HttpRequestMessage request, HttpCompletionOption completionOption, CancellationTokenSource cts, Boolean disposeCts, CancellationTokenSource pendingRequestsCts, CancellationToken originalCancellationToken)
[2025-08-19 16:38:10Z ERR  BrokerServer] #####################################################
[2025-08-19 16:38:10Z ERR  BrokerServer] System.IO.IOException: Unable to read data from the transport connection: The I/O operation has been aborted because of either a thread exit or an application request..
 ---> System.Net.Sockets.SocketException (995): The I/O operation has been aborted because of either a thread exit or an application request.
   --- End of inner exception stack trace ---
   at System.Net.Sockets.Socket.AwaitableSocketAsyncEventArgs.ThrowException(SocketError error, CancellationToken cancellationToken)
   at System.Net.Sockets.Socket.AwaitableSocketAsyncEventArgs.System.Threading.Tasks.Sources.IValueTaskSource<System.Int32>.GetResult(Int16 token)
   at System.Net.Security.SslStream.EnsureFullTlsFrameAsync[TIOAdapter](CancellationToken cancellationToken, Int32 estimatedSize)
   at System.Runtime.CompilerServices.PoolingAsyncValueTaskMethodBuilder`1.StateMachineBox`1.System.Threading.Tasks.Sources.IValueTaskSource<TResult>.GetResult(Int16 token)
   at System.Net.Security.SslStream.ReadAsyncInternal[TIOAdapter](Memory`1 buffer, CancellationToken cancellationToken)
   at System.Runtime.CompilerServices.PoolingAsyncValueTaskMethodBuilder`1.StateMachineBox`1.System.Threading.Tasks.Sources.IValueTaskSource<TResult>.GetResult(Int16 token)
   at System.Net.Http.HttpConnection.SendAsync(HttpRequestMessage request, Boolean async, CancellationToken cancellationToken)
[2025-08-19 16:38:10Z ERR  BrokerServer] #####################################################
[2025-08-19 16:38:10Z ERR  BrokerServer] System.Net.Sockets.SocketException (995): The I/O operation has been aborted because of either a thread exit or an application request.
[2025-08-19 16:38:10Z WARN BrokerServer] Back off 14.554 seconds before next retry. 4 attempt left.
[2025-08-19 16:38:10Z INFO BrokerMessageListener] Get messages has been cancelled using local token source. Continue to get messages with new status.
[2025-08-19 16:53:17Z INFO RSAEncryptedFileKeyManager] Loading RSA key parameters from file C:\laragon\www\sapapi\actions-runner\.credentials_rsaparams
[2025-08-19 16:53:18Z INFO GitHubActionsService] AAD Correlation ID for this token request: Unknown
[2025-08-19 17:43:42Z INFO RSAEncryptedFileKeyManager] Loading RSA key parameters from file C:\laragon\www\sapapi\actions-runner\.credentials_rsaparams
[2025-08-19 17:43:44Z INFO GitHubActionsService] AAD Correlation ID for this token request: Unknown
[2025-08-19 18:34:02Z INFO RSAEncryptedFileKeyManager] Loading RSA key parameters from file C:\laragon\www\sapapi\actions-runner\.credentials_rsaparams
[2025-08-19 18:34:03Z INFO GitHubActionsService] AAD Correlation ID for this token request: Unknown
[2025-08-19 19:24:22Z INFO RSAEncryptedFileKeyManager] Loading RSA key parameters from file C:\laragon\www\sapapi\actions-runner\.credentials_rsaparams
[2025-08-19 19:24:23Z INFO GitHubActionsService] AAD Correlation ID for this token request: Unknown
[2025-08-19 20:14:41Z INFO RSAEncryptedFileKeyManager] Loading RSA key parameters from file C:\laragon\www\sapapi\actions-runner\.credentials_rsaparams
[2025-08-19 20:14:43Z INFO GitHubActionsService] AAD Correlation ID for this token request: Unknown
[2025-08-19 21:05:01Z INFO RSAEncryptedFileKeyManager] Loading RSA key parameters from file C:\laragon\www\sapapi\actions-runner\.credentials_rsaparams
[2025-08-19 21:05:03Z INFO GitHubActionsService] AAD Correlation ID for this token request: Unknown
[2025-08-19 21:55:21Z INFO RSAEncryptedFileKeyManager] Loading RSA key parameters from file C:\laragon\www\sapapi\actions-runner\.credentials_rsaparams
[2025-08-19 21:55:22Z INFO GitHubActionsService] AAD Correlation ID for this token request: Unknown
[2025-08-19 22:45:43Z INFO RSAEncryptedFileKeyManager] Loading RSA key parameters from file C:\laragon\www\sapapi\actions-runner\.credentials_rsaparams
[2025-08-19 22:45:44Z INFO GitHubActionsService] AAD Correlation ID for this token request: Unknown
[2025-08-19 22:53:34Z INFO Runner] Received RunnerRefreshConfigMessage for 'runner' config file
[2025-08-19 22:53:34Z INFO RunnerConfigUpdater] Verifying runner qualified id: U_kgDOAIytEA/R_kgDOPX5Qyg/self-hosted/22
[2025-08-19 22:53:34Z INFO HostContext] Well known directory 'Bin': 'C:\laragon\www\sapapi\actions-runner\bin'
[2025-08-19 22:53:34Z INFO HostContext] Well known directory 'Root': 'C:\laragon\www\sapapi\actions-runner'
[2025-08-19 22:53:34Z INFO HostContext] Well known config file 'Runner': 'C:\laragon\www\sapapi\actions-runner\.runner'
[2025-08-19 22:53:35Z INFO RSAEncryptedFileKeyManager] Loading RSA key parameters from file C:\laragon\www\sapapi\actions-runner\.credentials_rsaparams
[2025-08-19 22:53:36Z INFO GitHubActionsService] AAD Correlation ID for this token request: Unknown
[2025-08-19 22:53:36Z INFO ConfigurationStore] Saving runner migrated settings
[2025-08-19 22:53:36Z INFO ConfigurationStore] Delete exist runner migrated settings file.
[2025-08-19 22:53:36Z INFO ConfigurationStore] Migrated Settings Saved.
[2025-08-19 22:53:36Z INFO Runner] Runner configuration was updated. Session restart has been scheduled
[2025-08-19 22:53:36Z INFO Runner] Pending session restart detected and job dispatcher is not busy. Restarting session now.
[2025-08-19 22:53:36Z INFO JobDispatcher] Shutting down JobDispatcher. Make sure all WorkerDispatcher has finished.
[2025-08-19 22:53:36Z INFO JobDispatcher] Ensure WorkerDispatcher for job d7149994-8717-5493-aed3-755058c1bc42 run to finish, cancel any running job.
[2025-08-19 22:53:36Z INFO JobDispatcher] Job request d7149994-8717-5493-aed3-755058c1bc42 processed succeed.
[2025-08-19 22:53:36Z INFO Runner] Deleting Runner Session...
[2025-08-19 22:53:37Z INFO Runner] Restarting runner session after config update...
[2025-08-19 22:53:37Z INFO Runner] Runner configuration was refreshed, restarting session...
[2025-08-19 22:53:37Z INFO ConfigurationManager] LoadSettings
[2025-08-19 22:53:37Z INFO ConfigurationStore] IsConfigured()
[2025-08-19 22:53:37Z INFO ConfigurationStore] IsConfigured: True
[2025-08-19 22:53:37Z INFO ConfigurationManager] Is configured: True
[2025-08-19 22:53:37Z INFO ConfigurationManager] Settings Loaded
[2025-08-19 22:53:37Z INFO Runner] RunAsync
[2025-08-19 22:53:37Z INFO ConfigurationManager] LoadMigratedSettings
[2025-08-19 22:53:37Z INFO ConfigurationStore] IsMigratedConfigured()
[2025-08-19 22:53:37Z INFO ConfigurationStore] IsMigratedConfigured: True
[2025-08-19 22:53:37Z INFO ConfigurationManager] Migrated Settings Loaded
[2025-08-19 22:53:37Z INFO Runner] Loaded migrated settings from .runner_migrated file
[2025-08-19 22:53:37Z INFO Runner] {
  "AgentId": 22,
  "AgentName": "JO",
  "PoolId": 1,
  "PoolName": "Default",
  "ServerUrl": "https://pipelinesghubeus26.actions.githubusercontent.com/OTqsuixwcDOeboiI5ELPh9vt0loVA9erSQMzHOLYofkfIDGeBX/",
  "GitHubUrl": "https://github.com/jauharimalik/sapapi",
  "WorkFolder": "_work",
  "UseV2Flow": true,
  "ServerUrlV2": "https://broker.actions.githubusercontent.com/"
}
[2025-08-19 22:53:37Z INFO Runner] Attempting to create session using migrated settings
[2025-08-19 22:53:37Z INFO Runner] Using BrokerMessageListener
[2025-08-19 22:53:37Z INFO BrokerMessageListener] Using provided settings
[2025-08-19 22:53:37Z INFO BrokerMessageListener] Using migrated settings from .runner_migrated
[2025-08-19 22:53:37Z INFO BrokerMessageListener] {
  "AgentId": 22,
  "AgentName": "JO",
  "PoolId": 1,
  "PoolName": "Default",
  "ServerUrl": "https://pipelinesghubeus26.actions.githubusercontent.com/OTqsuixwcDOeboiI5ELPh9vt0loVA9erSQMzHOLYofkfIDGeBX/",
  "GitHubUrl": "https://github.com/jauharimalik/sapapi",
  "WorkFolder": "_work",
  "UseV2Flow": true,
  "ServerUrlV2": "https://broker.actions.githubusercontent.com/"
}
[2025-08-19 22:53:37Z INFO BrokerMessageListener] Loading Credentials
[2025-08-19 22:53:37Z INFO ConfigurationStore] HasCredentials()
[2025-08-19 22:53:37Z INFO ConfigurationStore] stored True
[2025-08-19 22:53:37Z INFO CredentialManager] GetCredentialProvider
[2025-08-19 22:53:37Z INFO CredentialManager] Creating type OAuth
[2025-08-19 22:53:37Z INFO CredentialManager] Creating credential type: OAuth
[2025-08-19 22:53:37Z INFO RSAEncryptedFileKeyManager] Loading RSA key parameters from file C:\laragon\www\sapapi\actions-runner\.credentials_rsaparams
[2025-08-19 22:53:37Z INFO BrokerMessageListener] Attempt to create session.
[2025-08-19 22:53:37Z INFO BrokerMessageListener] Connecting to the Broker Server...
[2025-08-19 22:53:37Z INFO ConfigurationStore] HasCredentials()
[2025-08-19 22:53:37Z INFO ConfigurationStore] stored True
[2025-08-19 22:53:37Z INFO CredentialManager] GetCredentialProvider
[2025-08-19 22:53:37Z INFO CredentialManager] Creating type OAuth
[2025-08-19 22:53:37Z INFO CredentialManager] Creating credential type: OAuth
[2025-08-19 22:53:37Z INFO RSAEncryptedFileKeyManager] Loading RSA key parameters from file C:\laragon\www\sapapi\actions-runner\.credentials_rsaparams
[2025-08-19 22:53:37Z INFO BrokerMessageListener] VssConnection created
[2025-08-19 22:53:37Z INFO BrokerMessageListener] Connecting to the Runner server...
[2025-08-19 22:53:37Z INFO RunnerServer] EstablishVssConnection
[2025-08-19 22:53:37Z INFO RunnerServer] Establish connection with 100 seconds timeout.
[2025-08-19 22:53:37Z INFO GitHubActionsService] Starting operation Location.GetConnectionData
[2025-08-19 22:53:37Z INFO RunnerServer] EstablishVssConnection
[2025-08-19 22:53:37Z INFO RunnerServer] Establish connection with 60 seconds timeout.
[2025-08-19 22:53:37Z INFO GitHubActionsService] Starting operation Location.GetConnectionData
[2025-08-19 22:53:37Z INFO RunnerServer] EstablishVssConnection
[2025-08-19 22:53:37Z INFO RunnerServer] Establish connection with 60 seconds timeout.
[2025-08-19 22:53:37Z INFO GitHubActionsService] Starting operation Location.GetConnectionData
[2025-08-19 22:53:38Z INFO GitHubActionsService] Finished operation Location.GetConnectionData
[2025-08-19 22:53:38Z INFO GitHubActionsService] Finished operation Location.GetConnectionData
[2025-08-19 22:53:38Z INFO GitHubActionsService] Finished operation Location.GetConnectionData
[2025-08-19 22:53:38Z INFO BrokerMessageListener] VssConnection created
[2025-08-19 22:53:38Z INFO Terminal] WRITE LINE: 
[2025-08-19 22:53:38Z INFO Terminal] WRITE LINE: 
[2025-08-19 22:53:38Z INFO RSAEncryptedFileKeyManager] Loading RSA key parameters from file C:\laragon\www\sapapi\actions-runner\.credentials_rsaparams
[2025-08-19 22:53:38Z INFO RSAEncryptedFileKeyManager] Loading RSA key parameters from file C:\laragon\www\sapapi\actions-runner\.credentials_rsaparams
[2025-08-19 22:53:39Z INFO GitHubActionsService] AAD Correlation ID for this token request: Unknown
[2025-08-19 22:53:41Z INFO BrokerMessageListener] Session created.
[2025-08-19 22:53:41Z INFO Runner] Successfully created session with migrated settings
[2025-08-19 22:53:41Z INFO Terminal] WRITE LINE: Current runner version: '2.328.0'
[2025-08-19 22:53:41Z INFO Terminal] WRITE LINE: 2025-08-19 22:53:41Z: Listening for Jobs
[2025-08-19 22:53:41Z INFO JobDispatcher] Set runner/worker IPC timeout to 30 seconds.
[2025-08-19 23:43:59Z INFO RSAEncryptedFileKeyManager] Loading RSA key parameters from file C:\laragon\www\sapapi\actions-runner\.credentials_rsaparams
[2025-08-19 23:44:00Z INFO GitHubActionsService] AAD Correlation ID for this token request: Unknown
[2025-08-20 00:34:17Z INFO RSAEncryptedFileKeyManager] Loading RSA key parameters from file C:\laragon\www\sapapi\actions-runner\.credentials_rsaparams
[2025-08-20 00:34:19Z INFO GitHubActionsService] AAD Correlation ID for this token request: Unknown
[2025-08-20 01:24:36Z INFO RSAEncryptedFileKeyManager] Loading RSA key parameters from file C:\laragon\www\sapapi\actions-runner\.credentials_rsaparams
[2025-08-20 01:24:38Z INFO GitHubActionsService] AAD Correlation ID for this token request: Unknown
[2025-08-20 02:14:56Z INFO RSAEncryptedFileKeyManager] Loading RSA key parameters from file C:\laragon\www\sapapi\actions-runner\.credentials_rsaparams
[2025-08-20 02:14:57Z INFO GitHubActionsService] AAD Correlation ID for this token request: Unknown
[2025-08-20 03:05:15Z INFO RSAEncryptedFileKeyManager] Loading RSA key parameters from file C:\laragon\www\sapapi\actions-runner\.credentials_rsaparams
[2025-08-20 03:05:17Z INFO GitHubActionsService] AAD Correlation ID for this token request: Unknown
[2025-08-20 03:48:18Z INFO Runner] Refresh message received, kick-off selfupdate background process.
[2025-08-20 03:48:19Z INFO RSAEncryptedFileKeyManager] Loading RSA key parameters from file C:\laragon\www\sapapi\actions-runner\.credentials_rsaparams
[2025-08-20 03:48:19Z INFO RSAEncryptedFileKeyManager] Loading RSA key parameters from file C:\laragon\www\sapapi\actions-runner\.credentials_rsaparams
[2025-08-20 03:48:21Z INFO GitHubActionsService] AAD Correlation ID for this token request: Unknown
[2025-08-20 03:48:21Z INFO SelfUpdater] Version '2.328.0' of 'agent' package available in server.
[2025-08-20 03:48:21Z INFO SelfUpdater] Current running runner version is 2.328.0
[2025-08-20 03:48:21Z INFO SelfUpdater] Can't find available update package.
[2025-08-20 03:48:21Z INFO Terminal] WRITE LINE: Runner update process finished.
[2025-08-20 03:48:21Z INFO Runner] Auto update task finished at backend, there is no available runner update needs to apply, continue message queue looping.
[2025-08-20 03:55:51Z INFO RSAEncryptedFileKeyManager] Loading RSA key parameters from file C:\laragon\www\sapapi\actions-runner\.credentials_rsaparams
[2025-08-20 03:55:52Z INFO GitHubActionsService] AAD Correlation ID for this token request: Unknown
[2025-08-20 04:27:44Z WARN GitHubActionsService] Attempt 1 of GET request to https://broker.actions.githubusercontent.com/message?sessionId=e0eb5c7a-c284-4c5b-911f-e88f87787095&status=Online&runnerVersion=2.328.0&os=Windows&architecture=X64&disableUpdate=false failed (Socket Error: ConnectionReset). The operation will be retried in 11.016 seconds.
[2025-08-20 04:46:26Z INFO RSAEncryptedFileKeyManager] Loading RSA key parameters from file C:\laragon\www\sapapi\actions-runner\.credentials_rsaparams
[2025-08-20 04:46:27Z INFO GitHubActionsService] AAD Correlation ID for this token request: Unknown
[2025-08-20 05:36:51Z INFO RSAEncryptedFileKeyManager] Loading RSA key parameters from file C:\laragon\www\sapapi\actions-runner\.credentials_rsaparams
[2025-08-20 05:36:52Z INFO GitHubActionsService] AAD Correlation ID for this token request: Unknown
[2025-08-20 06:01:34Z WARN GitHubActionsService] Attempt 1 of GET request to https://broker.actions.githubusercontent.com/message?sessionId=e0eb5c7a-c284-4c5b-911f-e88f87787095&status=Online&runnerVersion=2.328.0&os=Windows&architecture=X64&disableUpdate=false failed (Socket Error: ConnectionReset). The operation will be retried in 11.039 seconds.
[2025-08-20 06:01:48Z ERR  GitHubActionsService] GET request to https://broker.actions.githubusercontent.com/message?sessionId=e0eb5c7a-c284-4c5b-911f-e88f87787095&status=Online&runnerVersion=2.328.0&os=Windows&architecture=X64&disableUpdate=false failed. System.Net.Http.HttpRequestException: No such host is known. (broker.actions.githubusercontent.com:443)
 ---> System.Net.Sockets.SocketException (11001): No such host is known.
   at System.Net.Sockets.Socket.AwaitableSocketAsyncEventArgs.ThrowException(SocketError error, CancellationToken cancellationToken)
   at System.Net.Sockets.Socket.AwaitableSocketAsyncEventArgs.System.Threading.Tasks.Sources.IValueTaskSource.GetResult(Int16 token)
   at System.Net.Sockets.Socket.<ConnectAsync>g__WaitForConnectWithCancellation|285_0(AwaitableSocketAsyncEventArgs saea, ValueTask connectTask, CancellationToken cancellationToken)
   at System.Net.Http.HttpConnectionPool.ConnectToTcpHostAsync(String host, Int32 port, HttpRequestMessage initialRequest, Boolean async, CancellationToken cancellationToken)
   --- End of inner exception stack trace ---
   at System.Net.Http.HttpConnectionPool.ConnectToTcpHostAsync(String host, Int32 port, HttpRequestMessage initialRequest, Boolean async, CancellationToken cancellationToken)
   at System.Net.Http.HttpConnectionPool.ConnectAsync(HttpRequestMessage request, Boolean async, CancellationToken cancellationToken)
   at System.Net.Http.HttpConnectionPool.CreateHttp11ConnectionAsync(HttpRequestMessage request, Boolean async, CancellationToken cancellationToken)
   at System.Net.Http.HttpConnectionPool.AddHttp11ConnectionAsync(QueueItem queueItem)
   at System.Threading.Tasks.TaskCompletionSourceWithCancellation`1.WaitWithCancellationAsync(CancellationToken cancellationToken)
   at System.Net.Http.HttpConnectionPool.SendWithVersionDetectionAndRetryAsync(HttpRequestMessage request, Boolean async, Boolean doRequestAuth, CancellationToken cancellationToken)
   at System.Net.Http.AuthenticationHelper.SendWithAuthAsync(HttpRequestMessage request, Uri authUri, Boolean async, ICredentials credentials, Boolean preAuthenticate, Boolean isProxyAuth, Boolean doRequestAuth, HttpConnectionPool pool, CancellationToken cancellationToken)
   at System.Net.Http.RedirectHandler.SendAsync(HttpRequestMessage request, Boolean async, CancellationToken cancellationToken)
   at GitHub.Services.Common.RawHttpMessageHandler.SendAsync(HttpRequestMessage request, CancellationToken cancellationToken)
   at GitHub.Services.Common.VssHttpRetryMessageHandler.SendAsync(HttpRequestMessage request, CancellationToken cancellationToken)
[2025-08-20 06:01:48Z ERR  BrokerServer] Catch exception during request
[2025-08-20 06:01:48Z ERR  BrokerServer] System.Net.Http.HttpRequestException: No such host is known. (broker.actions.githubusercontent.com:443)
 ---> System.Net.Sockets.SocketException (11001): No such host is known.
   at System.Net.Sockets.Socket.AwaitableSocketAsyncEventArgs.ThrowException(SocketError error, CancellationToken cancellationToken)
   at System.Net.Sockets.Socket.AwaitableSocketAsyncEventArgs.System.Threading.Tasks.Sources.IValueTaskSource.GetResult(Int16 token)
   at System.Net.Sockets.Socket.<ConnectAsync>g__WaitForConnectWithCancellation|285_0(AwaitableSocketAsyncEventArgs saea, ValueTask connectTask, CancellationToken cancellationToken)
   at System.Net.Http.HttpConnectionPool.ConnectToTcpHostAsync(String host, Int32 port, HttpRequestMessage initialRequest, Boolean async, CancellationToken cancellationToken)
   --- End of inner exception stack trace ---
   at GitHub.Services.Common.VssHttpRetryMessageHandler.SendAsync(HttpRequestMessage request, CancellationToken cancellationToken)
   at System.Net.Http.HttpClient.<SendAsync>g__Core|83_0(HttpRequestMessage request, HttpCompletionOption completionOption, CancellationTokenSource cts, Boolean disposeCts, CancellationTokenSource pendingRequestsCts, CancellationToken originalCancellationToken)
   at Sdk.WebApi.WebApi.RawHttpClientBase.SendAsync(HttpRequestMessage message, HttpCompletionOption completionOption, Object userState, CancellationToken cancellationToken)
   at Sdk.WebApi.WebApi.RawHttpClientBase.SendAsync[T](HttpRequestMessage message, Boolean readErrorBody, Object userState, CancellationToken cancellationToken)
   at Sdk.WebApi.WebApi.RawHttpClientBase.SendAsync[T](HttpMethod method, IEnumerable`1 additionalHeaders, Uri requestUri, HttpContent content, IEnumerable`1 queryParameters, Boolean readErrorBody, Object userState, CancellationToken cancellationToken)
   at GitHub.Actions.RunService.WebApi.BrokerHttpClient.GetRunnerMessageAsync(Nullable`1 sessionId, String runnerVersion, Nullable`1 status, String os, String architecture, Nullable`1 disableUpdate, CancellationToken cancellationToken)
   at GitHub.Runner.Common.BrokerServer.<>c__DisplayClass7_0.<<GetRunnerMessageAsync>b__0>d.MoveNext()
--- End of stack trace from previous location ---
   at GitHub.Runner.Common.RunnerService.RetryRequest[T](Func`1 func, CancellationToken cancellationToken, Int32 maxRetryAttemptsCount, Func`2 shouldRetry)
[2025-08-20 06:01:48Z ERR  BrokerServer] #####################################################
[2025-08-20 06:01:48Z ERR  BrokerServer] System.Net.Sockets.SocketException (11001): No such host is known.
   at System.Net.Sockets.Socket.AwaitableSocketAsyncEventArgs.ThrowException(SocketError error, CancellationToken cancellationToken)
   at System.Net.Sockets.Socket.AwaitableSocketAsyncEventArgs.System.Threading.Tasks.Sources.IValueTaskSource.GetResult(Int16 token)
   at System.Net.Sockets.Socket.<ConnectAsync>g__WaitForConnectWithCancellation|285_0(AwaitableSocketAsyncEventArgs saea, ValueTask connectTask, CancellationToken cancellationToken)
   at System.Net.Http.HttpConnectionPool.ConnectToTcpHostAsync(String host, Int32 port, HttpRequestMessage initialRequest, Boolean async, CancellationToken cancellationToken)
[2025-08-20 06:01:48Z WARN BrokerServer] Back off 6.605 seconds before next retry. 4 attempt left.
[2025-08-20 06:01:58Z ERR  GitHubActionsService] GET request to https://broker.actions.githubusercontent.com/message?sessionId=e0eb5c7a-c284-4c5b-911f-e88f87787095&status=Online&runnerVersion=2.328.0&os=Windows&architecture=X64&disableUpdate=false failed. System.Net.Http.HttpRequestException: No such host is known. (broker.actions.githubusercontent.com:443)
 ---> System.Net.Sockets.SocketException (11001): No such host is known.
   at System.Net.Sockets.Socket.AwaitableSocketAsyncEventArgs.ThrowException(SocketError error, CancellationToken cancellationToken)
   at System.Net.Sockets.Socket.AwaitableSocketAsyncEventArgs.System.Threading.Tasks.Sources.IValueTaskSource.GetResult(Int16 token)
   at System.Net.Sockets.Socket.<ConnectAsync>g__WaitForConnectWithCancellation|285_0(AwaitableSocketAsyncEventArgs saea, ValueTask connectTask, CancellationToken cancellationToken)
   at System.Net.Http.HttpConnectionPool.ConnectToTcpHostAsync(String host, Int32 port, HttpRequestMessage initialRequest, Boolean async, CancellationToken cancellationToken)
   --- End of inner exception stack trace ---
   at System.Net.Http.HttpConnectionPool.ConnectToTcpHostAsync(String host, Int32 port, HttpRequestMessage initialRequest, Boolean async, CancellationToken cancellationToken)
   at System.Net.Http.HttpConnectionPool.ConnectAsync(HttpRequestMessage request, Boolean async, CancellationToken cancellationToken)
   at System.Net.Http.HttpConnectionPool.CreateHttp11ConnectionAsync(HttpRequestMessage request, Boolean async, CancellationToken cancellationToken)
   at System.Net.Http.HttpConnectionPool.AddHttp11ConnectionAsync(QueueItem queueItem)
   at System.Threading.Tasks.TaskCompletionSourceWithCancellation`1.WaitWithCancellationAsync(CancellationToken cancellationToken)
   at System.Net.Http.HttpConnectionPool.SendWithVersionDetectionAndRetryAsync(HttpRequestMessage request, Boolean async, Boolean doRequestAuth, CancellationToken cancellationToken)
   at System.Net.Http.AuthenticationHelper.SendWithAuthAsync(HttpRequestMessage request, Uri authUri, Boolean async, ICredentials credentials, Boolean preAuthenticate, Boolean isProxyAuth, Boolean doRequestAuth, HttpConnectionPool pool, CancellationToken cancellationToken)
   at System.Net.Http.RedirectHandler.SendAsync(HttpRequestMessage request, Boolean async, CancellationToken cancellationToken)
   at GitHub.Services.Common.RawHttpMessageHandler.SendAsync(HttpRequestMessage request, CancellationToken cancellationToken)
   at GitHub.Services.Common.VssHttpRetryMessageHandler.SendAsync(HttpRequestMessage request, CancellationToken cancellationToken)
[2025-08-20 06:01:58Z ERR  BrokerServer] Catch exception during request
[2025-08-20 06:01:58Z ERR  BrokerServer] System.Net.Http.HttpRequestException: No such host is known. (broker.actions.githubusercontent.com:443)
 ---> System.Net.Sockets.SocketException (11001): No such host is known.
   at System.Net.Sockets.Socket.AwaitableSocketAsyncEventArgs.ThrowException(SocketError error, CancellationToken cancellationToken)
   at System.Net.Sockets.Socket.AwaitableSocketAsyncEventArgs.System.Threading.Tasks.Sources.IValueTaskSource.GetResult(Int16 token)
   at System.Net.Sockets.Socket.<ConnectAsync>g__WaitForConnectWithCancellation|285_0(AwaitableSocketAsyncEventArgs saea, ValueTask connectTask, CancellationToken cancellationToken)
   at System.Net.Http.HttpConnectionPool.ConnectToTcpHostAsync(String host, Int32 port, HttpRequestMessage initialRequest, Boolean async, CancellationToken cancellationToken)
   --- End of inner exception stack trace ---
   at GitHub.Services.Common.VssHttpRetryMessageHandler.SendAsync(HttpRequestMessage request, CancellationToken cancellationToken)
   at System.Net.Http.HttpClient.<SendAsync>g__Core|83_0(HttpRequestMessage request, HttpCompletionOption completionOption, CancellationTokenSource cts, Boolean disposeCts, CancellationTokenSource pendingRequestsCts, CancellationToken originalCancellationToken)
   at Sdk.WebApi.WebApi.RawHttpClientBase.SendAsync(HttpRequestMessage message, HttpCompletionOption completionOption, Object userState, CancellationToken cancellationToken)
   at Sdk.WebApi.WebApi.RawHttpClientBase.SendAsync[T](HttpRequestMessage message, Boolean readErrorBody, Object userState, CancellationToken cancellationToken)
   at Sdk.WebApi.WebApi.RawHttpClientBase.SendAsync[T](HttpMethod method, IEnumerable`1 additionalHeaders, Uri requestUri, HttpContent content, IEnumerable`1 queryParameters, Boolean readErrorBody, Object userState, CancellationToken cancellationToken)
   at GitHub.Actions.RunService.WebApi.BrokerHttpClient.GetRunnerMessageAsync(Nullable`1 sessionId, String runnerVersion, Nullable`1 status, String os, String architecture, Nullable`1 disableUpdate, CancellationToken cancellationToken)
   at GitHub.Runner.Common.BrokerServer.<>c__DisplayClass7_0.<<GetRunnerMessageAsync>b__0>d.MoveNext()
--- End of stack trace from previous location ---
   at GitHub.Runner.Common.RunnerService.RetryRequest[T](Func`1 func, CancellationToken cancellationToken, Int32 maxRetryAttemptsCount, Func`2 shouldRetry)
[2025-08-20 06:01:58Z ERR  BrokerServer] #####################################################
[2025-08-20 06:01:58Z ERR  BrokerServer] System.Net.Sockets.SocketException (11001): No such host is known.
   at System.Net.Sockets.Socket.AwaitableSocketAsyncEventArgs.ThrowException(SocketError error, CancellationToken cancellationToken)
   at System.Net.Sockets.Socket.AwaitableSocketAsyncEventArgs.System.Threading.Tasks.Sources.IValueTaskSource.GetResult(Int16 token)
   at System.Net.Sockets.Socket.<ConnectAsync>g__WaitForConnectWithCancellation|285_0(AwaitableSocketAsyncEventArgs saea, ValueTask connectTask, CancellationToken cancellationToken)
   at System.Net.Http.HttpConnectionPool.ConnectToTcpHostAsync(String host, Int32 port, HttpRequestMessage initialRequest, Boolean async, CancellationToken cancellationToken)
[2025-08-20 06:01:58Z WARN BrokerServer] Back off 11.63 seconds before next retry. 3 attempt left.
[2025-08-20 06:02:10Z ERR  GitHubActionsService] GET request to https://broker.actions.githubusercontent.com/message?sessionId=e0eb5c7a-c284-4c5b-911f-e88f87787095&status=Online&runnerVersion=2.328.0&os=Windows&architecture=X64&disableUpdate=false failed. System.Net.Http.HttpRequestException: No such host is known. (broker.actions.githubusercontent.com:443)
 ---> System.Net.Sockets.SocketException (11001): No such host is known.
   at System.Net.Sockets.Socket.AwaitableSocketAsyncEventArgs.ThrowException(SocketError error, CancellationToken cancellationToken)
   at System.Net.Sockets.Socket.AwaitableSocketAsyncEventArgs.System.Threading.Tasks.Sources.IValueTaskSource.GetResult(Int16 token)
   at System.Net.Sockets.Socket.<ConnectAsync>g__WaitForConnectWithCancellation|285_0(AwaitableSocketAsyncEventArgs saea, ValueTask connectTask, CancellationToken cancellationToken)
   at System.Net.Http.HttpConnectionPool.ConnectToTcpHostAsync(String host, Int32 port, HttpRequestMessage initialRequest, Boolean async, CancellationToken cancellationToken)
   --- End of inner exception stack trace ---
   at System.Net.Http.HttpConnectionPool.ConnectToTcpHostAsync(String host, Int32 port, HttpRequestMessage initialRequest, Boolean async, CancellationToken cancellationToken)
   at System.Net.Http.HttpConnectionPool.ConnectAsync(HttpRequestMessage request, Boolean async, CancellationToken cancellationToken)
   at System.Net.Http.HttpConnectionPool.CreateHttp11ConnectionAsync(HttpRequestMessage request, Boolean async, CancellationToken cancellationToken)
   at System.Net.Http.HttpConnectionPool.AddHttp11ConnectionAsync(QueueItem queueItem)
   at System.Threading.Tasks.TaskCompletionSourceWithCancellation`1.WaitWithCancellationAsync(CancellationToken cancellationToken)
   at System.Net.Http.HttpConnectionPool.SendWithVersionDetectionAndRetryAsync(HttpRequestMessage request, Boolean async, Boolean doRequestAuth, CancellationToken cancellationToken)
   at System.Net.Http.AuthenticationHelper.SendWithAuthAsync(HttpRequestMessage request, Uri authUri, Boolean async, ICredentials credentials, Boolean preAuthenticate, Boolean isProxyAuth, Boolean doRequestAuth, HttpConnectionPool pool, CancellationToken cancellationToken)
   at System.Net.Http.RedirectHandler.SendAsync(HttpRequestMessage request, Boolean async, CancellationToken cancellationToken)
   at GitHub.Services.Common.RawHttpMessageHandler.SendAsync(HttpRequestMessage request, CancellationToken cancellationToken)
   at GitHub.Services.Common.VssHttpRetryMessageHandler.SendAsync(HttpRequestMessage request, CancellationToken cancellationToken)
[2025-08-20 06:02:10Z ERR  BrokerServer] Catch exception during request
[2025-08-20 06:02:10Z ERR  BrokerServer] System.Net.Http.HttpRequestException: No such host is known. (broker.actions.githubusercontent.com:443)
 ---> System.Net.Sockets.SocketException (11001): No such host is known.
   at System.Net.Sockets.Socket.AwaitableSocketAsyncEventArgs.ThrowException(SocketError error, CancellationToken cancellationToken)
   at System.Net.Sockets.Socket.AwaitableSocketAsyncEventArgs.System.Threading.Tasks.Sources.IValueTaskSource.GetResult(Int16 token)
   at System.Net.Sockets.Socket.<ConnectAsync>g__WaitForConnectWithCancellation|285_0(AwaitableSocketAsyncEventArgs saea, ValueTask connectTask, CancellationToken cancellationToken)
   at System.Net.Http.HttpConnectionPool.ConnectToTcpHostAsync(String host, Int32 port, HttpRequestMessage initialRequest, Boolean async, CancellationToken cancellationToken)
   --- End of inner exception stack trace ---
   at GitHub.Services.Common.VssHttpRetryMessageHandler.SendAsync(HttpRequestMessage request, CancellationToken cancellationToken)
   at System.Net.Http.HttpClient.<SendAsync>g__Core|83_0(HttpRequestMessage request, HttpCompletionOption completionOption, CancellationTokenSource cts, Boolean disposeCts, CancellationTokenSource pendingRequestsCts, CancellationToken originalCancellationToken)
   at Sdk.WebApi.WebApi.RawHttpClientBase.SendAsync(HttpRequestMessage message, HttpCompletionOption completionOption, Object userState, CancellationToken cancellationToken)
   at Sdk.WebApi.WebApi.RawHttpClientBase.SendAsync[T](HttpRequestMessage message, Boolean readErrorBody, Object userState, CancellationToken cancellationToken)
   at Sdk.WebApi.WebApi.RawHttpClientBase.SendAsync[T](HttpMethod method, IEnumerable`1 additionalHeaders, Uri requestUri, HttpContent content, IEnumerable`1 queryParameters, Boolean readErrorBody, Object userState, CancellationToken cancellationToken)
   at GitHub.Actions.RunService.WebApi.BrokerHttpClient.GetRunnerMessageAsync(Nullable`1 sessionId, String runnerVersion, Nullable`1 status, String os, String architecture, Nullable`1 disableUpdate, CancellationToken cancellationToken)
   at GitHub.Runner.Common.BrokerServer.<>c__DisplayClass7_0.<<GetRunnerMessageAsync>b__0>d.MoveNext()
--- End of stack trace from previous location ---
   at GitHub.Runner.Common.RunnerService.RetryRequest[T](Func`1 func, CancellationToken cancellationToken, Int32 maxRetryAttemptsCount, Func`2 shouldRetry)
[2025-08-20 06:02:10Z ERR  BrokerServer] #####################################################
[2025-08-20 06:02:10Z ERR  BrokerServer] System.Net.Sockets.SocketException (11001): No such host is known.
   at System.Net.Sockets.Socket.AwaitableSocketAsyncEventArgs.ThrowException(SocketError error, CancellationToken cancellationToken)
   at System.Net.Sockets.Socket.AwaitableSocketAsyncEventArgs.System.Threading.Tasks.Sources.IValueTaskSource.GetResult(Int16 token)
   at System.Net.Sockets.Socket.<ConnectAsync>g__WaitForConnectWithCancellation|285_0(AwaitableSocketAsyncEventArgs saea, ValueTask connectTask, CancellationToken cancellationToken)
   at System.Net.Http.HttpConnectionPool.ConnectToTcpHostAsync(String host, Int32 port, HttpRequestMessage initialRequest, Boolean async, CancellationToken cancellationToken)
[2025-08-20 06:02:10Z WARN BrokerServer] Back off 13.884 seconds before next retry. 2 attempt left.
[2025-08-20 06:02:28Z ERR  GitHubActionsService] GET request to https://broker.actions.githubusercontent.com/message?sessionId=e0eb5c7a-c284-4c5b-911f-e88f87787095&status=Online&runnerVersion=2.328.0&os=Windows&architecture=X64&disableUpdate=false failed. System.Net.Http.HttpRequestException: No such host is known. (broker.actions.githubusercontent.com:443)
 ---> System.Net.Sockets.SocketException (11001): No such host is known.
   at System.Net.Sockets.Socket.AwaitableSocketAsyncEventArgs.ThrowException(SocketError error, CancellationToken cancellationToken)
   at System.Net.Sockets.Socket.AwaitableSocketAsyncEventArgs.System.Threading.Tasks.Sources.IValueTaskSource.GetResult(Int16 token)
   at System.Net.Sockets.Socket.<ConnectAsync>g__WaitForConnectWithCancellation|285_0(AwaitableSocketAsyncEventArgs saea, ValueTask connectTask, CancellationToken cancellationToken)
   at System.Net.Http.HttpConnectionPool.ConnectToTcpHostAsync(String host, Int32 port, HttpRequestMessage initialRequest, Boolean async, CancellationToken cancellationToken)
   --- End of inner exception stack trace ---
   at System.Net.Http.HttpConnectionPool.ConnectToTcpHostAsync(String host, Int32 port, HttpRequestMessage initialRequest, Boolean async, CancellationToken cancellationToken)
   at System.Net.Http.HttpConnectionPool.ConnectAsync(HttpRequestMessage request, Boolean async, CancellationToken cancellationToken)
   at System.Net.Http.HttpConnectionPool.CreateHttp11ConnectionAsync(HttpRequestMessage request, Boolean async, CancellationToken cancellationToken)
   at System.Net.Http.HttpConnectionPool.AddHttp11ConnectionAsync(QueueItem queueItem)
   at System.Threading.Tasks.TaskCompletionSourceWithCancellation`1.WaitWithCancellationAsync(CancellationToken cancellationToken)
   at System.Net.Http.HttpConnectionPool.SendWithVersionDetectionAndRetryAsync(HttpRequestMessage request, Boolean async, Boolean doRequestAuth, CancellationToken cancellationToken)
   at System.Net.Http.AuthenticationHelper.SendWithAuthAsync(HttpRequestMessage request, Uri authUri, Boolean async, ICredentials credentials, Boolean preAuthenticate, Boolean isProxyAuth, Boolean doRequestAuth, HttpConnectionPool pool, CancellationToken cancellationToken)
   at System.Net.Http.RedirectHandler.SendAsync(HttpRequestMessage request, Boolean async, CancellationToken cancellationToken)
   at GitHub.Services.Common.RawHttpMessageHandler.SendAsync(HttpRequestMessage request, CancellationToken cancellationToken)
   at GitHub.Services.Common.VssHttpRetryMessageHandler.SendAsync(HttpRequestMessage request, CancellationToken cancellationToken)
[2025-08-20 06:02:28Z ERR  BrokerServer] Catch exception during request
[2025-08-20 06:02:28Z ERR  BrokerServer] System.Net.Http.HttpRequestException: No such host is known. (broker.actions.githubusercontent.com:443)
 ---> System.Net.Sockets.SocketException (11001): No such host is known.
   at System.Net.Sockets.Socket.AwaitableSocketAsyncEventArgs.ThrowException(SocketError error, CancellationToken cancellationToken)
   at System.Net.Sockets.Socket.AwaitableSocketAsyncEventArgs.System.Threading.Tasks.Sources.IValueTaskSource.GetResult(Int16 token)
   at System.Net.Sockets.Socket.<ConnectAsync>g__WaitForConnectWithCancellation|285_0(AwaitableSocketAsyncEventArgs saea, ValueTask connectTask, CancellationToken cancellationToken)
   at System.Net.Http.HttpConnectionPool.ConnectToTcpHostAsync(String host, Int32 port, HttpRequestMessage initialRequest, Boolean async, CancellationToken cancellationToken)
   --- End of inner exception stack trace ---
   at GitHub.Services.Common.VssHttpRetryMessageHandler.SendAsync(HttpRequestMessage request, CancellationToken cancellationToken)
   at System.Net.Http.HttpClient.<SendAsync>g__Core|83_0(HttpRequestMessage request, HttpCompletionOption completionOption, CancellationTokenSource cts, Boolean disposeCts, CancellationTokenSource pendingRequestsCts, CancellationToken originalCancellationToken)
   at Sdk.WebApi.WebApi.RawHttpClientBase.SendAsync(HttpRequestMessage message, HttpCompletionOption completionOption, Object userState, CancellationToken cancellationToken)
   at Sdk.WebApi.WebApi.RawHttpClientBase.SendAsync[T](HttpRequestMessage message, Boolean readErrorBody, Object userState, CancellationToken cancellationToken)
   at Sdk.WebApi.WebApi.RawHttpClientBase.SendAsync[T](HttpMethod method, IEnumerable`1 additionalHeaders, Uri requestUri, HttpContent content, IEnumerable`1 queryParameters, Boolean readErrorBody, Object userState, CancellationToken cancellationToken)
   at GitHub.Actions.RunService.WebApi.BrokerHttpClient.GetRunnerMessageAsync(Nullable`1 sessionId, String runnerVersion, Nullable`1 status, String os, String architecture, Nullable`1 disableUpdate, CancellationToken cancellationToken)
   at GitHub.Runner.Common.BrokerServer.<>c__DisplayClass7_0.<<GetRunnerMessageAsync>b__0>d.MoveNext()
--- End of stack trace from previous location ---
   at GitHub.Runner.Common.RunnerService.RetryRequest[T](Func`1 func, CancellationToken cancellationToken, Int32 maxRetryAttemptsCount, Func`2 shouldRetry)
[2025-08-20 06:02:28Z ERR  BrokerServer] #####################################################
[2025-08-20 06:02:28Z ERR  BrokerServer] System.Net.Sockets.SocketException (11001): No such host is known.
   at System.Net.Sockets.Socket.AwaitableSocketAsyncEventArgs.ThrowException(SocketError error, CancellationToken cancellationToken)
   at System.Net.Sockets.Socket.AwaitableSocketAsyncEventArgs.System.Threading.Tasks.Sources.IValueTaskSource.GetResult(Int16 token)
   at System.Net.Sockets.Socket.<ConnectAsync>g__WaitForConnectWithCancellation|285_0(AwaitableSocketAsyncEventArgs saea, ValueTask connectTask, CancellationToken cancellationToken)
   at System.Net.Http.HttpConnectionPool.ConnectToTcpHostAsync(String host, Int32 port, HttpRequestMessage initialRequest, Boolean async, CancellationToken cancellationToken)
[2025-08-20 06:02:28Z WARN BrokerServer] Back off 6.6 seconds before next retry. 1 attempt left.
[2025-08-20 06:02:38Z ERR  GitHubActionsService] GET request to https://broker.actions.githubusercontent.com/message?sessionId=e0eb5c7a-c284-4c5b-911f-e88f87787095&status=Online&runnerVersion=2.328.0&os=Windows&architecture=X64&disableUpdate=false failed. System.Net.Http.HttpRequestException: No such host is known. (broker.actions.githubusercontent.com:443)
 ---> System.Net.Sockets.SocketException (11001): No such host is known.
   at System.Net.Sockets.Socket.AwaitableSocketAsyncEventArgs.ThrowException(SocketError error, CancellationToken cancellationToken)
   at System.Net.Sockets.Socket.AwaitableSocketAsyncEventArgs.System.Threading.Tasks.Sources.IValueTaskSource.GetResult(Int16 token)
   at System.Net.Sockets.Socket.<ConnectAsync>g__WaitForConnectWithCancellation|285_0(AwaitableSocketAsyncEventArgs saea, ValueTask connectTask, CancellationToken cancellationToken)
   at System.Net.Http.HttpConnectionPool.ConnectToTcpHostAsync(String host, Int32 port, HttpRequestMessage initialRequest, Boolean async, CancellationToken cancellationToken)
   --- End of inner exception stack trace ---
   at System.Net.Http.HttpConnectionPool.ConnectToTcpHostAsync(String host, Int32 port, HttpRequestMessage initialRequest, Boolean async, CancellationToken cancellationToken)
   at System.Net.Http.HttpConnectionPool.ConnectAsync(HttpRequestMessage request, Boolean async, CancellationToken cancellationToken)
   at System.Net.Http.HttpConnectionPool.CreateHttp11ConnectionAsync(HttpRequestMessage request, Boolean async, CancellationToken cancellationToken)
   at System.Net.Http.HttpConnectionPool.AddHttp11ConnectionAsync(QueueItem queueItem)
   at System.Threading.Tasks.TaskCompletionSourceWithCancellation`1.WaitWithCancellationAsync(CancellationToken cancellationToken)
   at System.Net.Http.HttpConnectionPool.SendWithVersionDetectionAndRetryAsync(HttpRequestMessage request, Boolean async, Boolean doRequestAuth, CancellationToken cancellationToken)
   at System.Net.Http.AuthenticationHelper.SendWithAuthAsync(HttpRequestMessage request, Uri authUri, Boolean async, ICredentials credentials, Boolean preAuthenticate, Boolean isProxyAuth, Boolean doRequestAuth, HttpConnectionPool pool, CancellationToken cancellationToken)
   at System.Net.Http.RedirectHandler.SendAsync(HttpRequestMessage request, Boolean async, CancellationToken cancellationToken)
   at GitHub.Services.Common.RawHttpMessageHandler.SendAsync(HttpRequestMessage request, CancellationToken cancellationToken)
   at GitHub.Services.Common.VssHttpRetryMessageHandler.SendAsync(HttpRequestMessage request, CancellationToken cancellationToken)
[2025-08-20 06:02:38Z ERR  BrokerMessageListener] Catch exception during get next message.
[2025-08-20 06:02:38Z ERR  BrokerMessageListener] System.Net.Http.HttpRequestException: No such host is known. (broker.actions.githubusercontent.com:443)
 ---> System.Net.Sockets.SocketException (11001): No such host is known.
   at System.Net.Sockets.Socket.AwaitableSocketAsyncEventArgs.ThrowException(SocketError error, CancellationToken cancellationToken)
   at System.Net.Sockets.Socket.AwaitableSocketAsyncEventArgs.System.Threading.Tasks.Sources.IValueTaskSource.GetResult(Int16 token)
   at System.Net.Sockets.Socket.<ConnectAsync>g__WaitForConnectWithCancellation|285_0(AwaitableSocketAsyncEventArgs saea, ValueTask connectTask, CancellationToken cancellationToken)
   at System.Net.Http.HttpConnectionPool.ConnectToTcpHostAsync(String host, Int32 port, HttpRequestMessage initialRequest, Boolean async, CancellationToken cancellationToken)
   --- End of inner exception stack trace ---
   at GitHub.Services.Common.VssHttpRetryMessageHandler.SendAsync(HttpRequestMessage request, CancellationToken cancellationToken)
   at System.Net.Http.HttpClient.<SendAsync>g__Core|83_0(HttpRequestMessage request, HttpCompletionOption completionOption, CancellationTokenSource cts, Boolean disposeCts, CancellationTokenSource pendingRequestsCts, CancellationToken originalCancellationToken)
   at Sdk.WebApi.WebApi.RawHttpClientBase.SendAsync(HttpRequestMessage message, HttpCompletionOption completionOption, Object userState, CancellationToken cancellationToken)
   at Sdk.WebApi.WebApi.RawHttpClientBase.SendAsync[T](HttpRequestMessage message, Boolean readErrorBody, Object userState, CancellationToken cancellationToken)
   at Sdk.WebApi.WebApi.RawHttpClientBase.SendAsync[T](HttpMethod method, IEnumerable`1 additionalHeaders, Uri requestUri, HttpContent content, IEnumerable`1 queryParameters, Boolean readErrorBody, Object userState, CancellationToken cancellationToken)
   at GitHub.Actions.RunService.WebApi.BrokerHttpClient.GetRunnerMessageAsync(Nullable`1 sessionId, String runnerVersion, Nullable`1 status, String os, String architecture, Nullable`1 disableUpdate, CancellationToken cancellationToken)
   at GitHub.Runner.Common.BrokerServer.<>c__DisplayClass7_0.<<GetRunnerMessageAsync>b__0>d.MoveNext()
--- End of stack trace from previous location ---
   at GitHub.Runner.Common.RunnerService.RetryRequest[T](Func`1 func, CancellationToken cancellationToken, Int32 maxRetryAttemptsCount, Func`2 shouldRetry)
   at GitHub.Runner.Listener.BrokerMessageListener.GetNextMessageAsync(CancellationToken token)
[2025-08-20 06:02:38Z ERR  BrokerMessageListener] #####################################################
[2025-08-20 06:02:38Z ERR  BrokerMessageListener] System.Net.Sockets.SocketException (11001): No such host is known.
   at System.Net.Sockets.Socket.AwaitableSocketAsyncEventArgs.ThrowException(SocketError error, CancellationToken cancellationToken)
   at System.Net.Sockets.Socket.AwaitableSocketAsyncEventArgs.System.Threading.Tasks.Sources.IValueTaskSource.GetResult(Int16 token)
   at System.Net.Sockets.Socket.<ConnectAsync>g__WaitForConnectWithCancellation|285_0(AwaitableSocketAsyncEventArgs saea, ValueTask connectTask, CancellationToken cancellationToken)
   at System.Net.Http.HttpConnectionPool.ConnectToTcpHostAsync(String host, Int32 port, HttpRequestMessage initialRequest, Boolean async, CancellationToken cancellationToken)
[2025-08-20 06:02:38Z INFO BrokerMessageListener] Retriable exception: No such host is known. (broker.actions.githubusercontent.com:443)
[2025-08-20 06:02:38Z ERR  Terminal] WRITE ERROR: 2025-08-20 06:02:38Z: Runner connect error: No such host is known. (broker.actions.githubusercontent.com:443). Retrying until reconnected.
[2025-08-20 06:02:38Z INFO BrokerMessageListener] Reload credentials.
[2025-08-20 06:02:38Z INFO ConfigurationStore] HasCredentials()
[2025-08-20 06:02:38Z INFO ConfigurationStore] stored True
[2025-08-20 06:02:38Z INFO CredentialManager] GetCredentialProvider
[2025-08-20 06:02:38Z INFO CredentialManager] Creating type OAuth
[2025-08-20 06:02:38Z INFO CredentialManager] Creating credential type: OAuth
[2025-08-20 06:02:38Z INFO RSAEncryptedFileKeyManager] Loading RSA key parameters from file C:\laragon\www\sapapi\actions-runner\.credentials_rsaparams
[2025-08-20 06:02:38Z INFO BrokerMessageListener] Connection to Broker Server recreated.
[2025-08-20 06:02:38Z INFO BrokerMessageListener] Sleeping for 25.893 seconds before retrying.
[2025-08-20 06:03:04Z INFO BrokerMessageListener] No message retrieved within last 30 minutes.
[2025-08-20 06:03:04Z INFO RSAEncryptedFileKeyManager] Loading RSA key parameters from file C:\laragon\www\sapapi\actions-runner\.credentials_rsaparams
[2025-08-20 06:03:04Z INFO RSAEncryptedFileKeyManager] Loading RSA key parameters from file C:\laragon\www\sapapi\actions-runner\.credentials_rsaparams
[2025-08-20 06:03:05Z INFO GitHubActionsService] AAD Correlation ID for this token request: Unknown
[2025-08-20 06:19:22Z WARN GitHubActionsService] Attempt 1 of GET request to https://broker.actions.githubusercontent.com/message?sessionId=e0eb5c7a-c284-4c5b-911f-e88f87787095&status=Online&runnerVersion=2.328.0&os=Windows&architecture=X64&disableUpdate=false failed (Socket Error: ConnectionReset). The operation will be retried in 11.075 seconds.
[2025-08-20 06:19:38Z ERR  GitHubActionsService] GET request to https://broker.actions.githubusercontent.com/message?sessionId=e0eb5c7a-c284-4c5b-911f-e88f87787095&status=Online&runnerVersion=2.328.0&os=Windows&architecture=X64&disableUpdate=false failed. System.Net.Http.HttpRequestException: No such host is known. (broker.actions.githubusercontent.com:443)
 ---> System.Net.Sockets.SocketException (11001): No such host is known.
   at System.Net.Sockets.Socket.AwaitableSocketAsyncEventArgs.ThrowException(SocketError error, CancellationToken cancellationToken)
   at System.Net.Sockets.Socket.AwaitableSocketAsyncEventArgs.System.Threading.Tasks.Sources.IValueTaskSource.GetResult(Int16 token)
   at System.Net.Sockets.Socket.<ConnectAsync>g__WaitForConnectWithCancellation|285_0(AwaitableSocketAsyncEventArgs saea, ValueTask connectTask, CancellationToken cancellationToken)
   at System.Net.Http.HttpConnectionPool.ConnectToTcpHostAsync(String host, Int32 port, HttpRequestMessage initialRequest, Boolean async, CancellationToken cancellationToken)
   --- End of inner exception stack trace ---
   at System.Net.Http.HttpConnectionPool.ConnectToTcpHostAsync(String host, Int32 port, HttpRequestMessage initialRequest, Boolean async, CancellationToken cancellationToken)
   at System.Net.Http.HttpConnectionPool.ConnectAsync(HttpRequestMessage request, Boolean async, CancellationToken cancellationToken)
   at System.Net.Http.HttpConnectionPool.CreateHttp11ConnectionAsync(HttpRequestMessage request, Boolean async, CancellationToken cancellationToken)
   at System.Net.Http.HttpConnectionPool.AddHttp11ConnectionAsync(QueueItem queueItem)
   at System.Threading.Tasks.TaskCompletionSourceWithCancellation`1.WaitWithCancellationAsync(CancellationToken cancellationToken)
   at System.Net.Http.HttpConnectionPool.SendWithVersionDetectionAndRetryAsync(HttpRequestMessage request, Boolean async, Boolean doRequestAuth, CancellationToken cancellationToken)
   at System.Net.Http.AuthenticationHelper.SendWithAuthAsync(HttpRequestMessage request, Uri authUri, Boolean async, ICredentials credentials, Boolean preAuthenticate, Boolean isProxyAuth, Boolean doRequestAuth, HttpConnectionPool pool, CancellationToken cancellationToken)
   at System.Net.Http.RedirectHandler.SendAsync(HttpRequestMessage request, Boolean async, CancellationToken cancellationToken)
   at GitHub.Services.Common.RawHttpMessageHandler.SendAsync(HttpRequestMessage request, CancellationToken cancellationToken)
   at GitHub.Services.Common.VssHttpRetryMessageHandler.SendAsync(HttpRequestMessage request, CancellationToken cancellationToken)
[2025-08-20 06:19:38Z ERR  BrokerServer] Catch exception during request
[2025-08-20 06:19:38Z ERR  BrokerServer] System.Net.Http.HttpRequestException: No such host is known. (broker.actions.githubusercontent.com:443)
 ---> System.Net.Sockets.SocketException (11001): No such host is known.
   at System.Net.Sockets.Socket.AwaitableSocketAsyncEventArgs.ThrowException(SocketError error, CancellationToken cancellationToken)
   at System.Net.Sockets.Socket.AwaitableSocketAsyncEventArgs.System.Threading.Tasks.Sources.IValueTaskSource.GetResult(Int16 token)
   at System.Net.Sockets.Socket.<ConnectAsync>g__WaitForConnectWithCancellation|285_0(AwaitableSocketAsyncEventArgs saea, ValueTask connectTask, CancellationToken cancellationToken)
   at System.Net.Http.HttpConnectionPool.ConnectToTcpHostAsync(String host, Int32 port, HttpRequestMessage initialRequest, Boolean async, CancellationToken cancellationToken)
   --- End of inner exception stack trace ---
   at GitHub.Services.Common.VssHttpRetryMessageHandler.SendAsync(HttpRequestMessage request, CancellationToken cancellationToken)
   at System.Net.Http.HttpClient.<SendAsync>g__Core|83_0(HttpRequestMessage request, HttpCompletionOption completionOption, CancellationTokenSource cts, Boolean disposeCts, CancellationTokenSource pendingRequestsCts, CancellationToken originalCancellationToken)
   at Sdk.WebApi.WebApi.RawHttpClientBase.SendAsync(HttpRequestMessage message, HttpCompletionOption completionOption, Object userState, CancellationToken cancellationToken)
   at Sdk.WebApi.WebApi.RawHttpClientBase.SendAsync[T](HttpRequestMessage message, Boolean readErrorBody, Object userState, CancellationToken cancellationToken)
   at Sdk.WebApi.WebApi.RawHttpClientBase.SendAsync[T](HttpMethod method, IEnumerable`1 additionalHeaders, Uri requestUri, HttpContent content, IEnumerable`1 queryParameters, Boolean readErrorBody, Object userState, CancellationToken cancellationToken)
   at GitHub.Actions.RunService.WebApi.BrokerHttpClient.GetRunnerMessageAsync(Nullable`1 sessionId, String runnerVersion, Nullable`1 status, String os, String architecture, Nullable`1 disableUpdate, CancellationToken cancellationToken)
   at GitHub.Runner.Common.BrokerServer.<>c__DisplayClass7_0.<<GetRunnerMessageAsync>b__0>d.MoveNext()
--- End of stack trace from previous location ---
   at GitHub.Runner.Common.RunnerService.RetryRequest[T](Func`1 func, CancellationToken cancellationToken, Int32 maxRetryAttemptsCount, Func`2 shouldRetry)
[2025-08-20 06:19:38Z ERR  BrokerServer] #####################################################
[2025-08-20 06:19:38Z ERR  BrokerServer] System.Net.Sockets.SocketException (11001): No such host is known.
   at System.Net.Sockets.Socket.AwaitableSocketAsyncEventArgs.ThrowException(SocketError error, CancellationToken cancellationToken)
   at System.Net.Sockets.Socket.AwaitableSocketAsyncEventArgs.System.Threading.Tasks.Sources.IValueTaskSource.GetResult(Int16 token)
   at System.Net.Sockets.Socket.<ConnectAsync>g__WaitForConnectWithCancellation|285_0(AwaitableSocketAsyncEventArgs saea, ValueTask connectTask, CancellationToken cancellationToken)
   at System.Net.Http.HttpConnectionPool.ConnectToTcpHostAsync(String host, Int32 port, HttpRequestMessage initialRequest, Boolean async, CancellationToken cancellationToken)
[2025-08-20 06:19:38Z WARN BrokerServer] Back off 7.719 seconds before next retry. 4 attempt left.
[2025-08-20 06:20:37Z WARN GitHubActionsService] Attempt 1 of GET request to https://broker.actions.githubusercontent.com/message?sessionId=e0eb5c7a-c284-4c5b-911f-e88f87787095&status=Online&runnerVersion=2.328.0&os=Windows&architecture=X64&disableUpdate=false failed (Socket Error: ConnectionReset). The operation will be retried in 10.836 seconds.
[2025-08-20 06:53:41Z INFO RSAEncryptedFileKeyManager] Loading RSA key parameters from file C:\laragon\www\sapapi\actions-runner\.credentials_rsaparams
[2025-08-20 06:53:43Z INFO GitHubActionsService] AAD Correlation ID for this token request: Unknown
[2025-08-20 07:44:16Z INFO RSAEncryptedFileKeyManager] Loading RSA key parameters from file C:\laragon\www\sapapi\actions-runner\.credentials_rsaparams
[2025-08-20 07:44:17Z INFO GitHubActionsService] AAD Correlation ID for this token request: Unknown
[2025-08-20 08:06:14Z INFO ConfigurationStore] HasCredentials()
[2025-08-20 08:06:14Z INFO ConfigurationStore] stored True
[2025-08-20 08:06:14Z INFO CredentialManager] GetCredentialProvider
[2025-08-20 08:06:14Z INFO CredentialManager] Creating type OAuth
[2025-08-20 08:06:14Z INFO CredentialManager] Creating credential type: OAuth
[2025-08-20 08:06:14Z INFO RSAEncryptedFileKeyManager] Loading RSA key parameters from file C:\laragon\www\sapapi\actions-runner\.credentials_rsaparams
[2025-08-20 08:06:14Z INFO RSAEncryptedFileKeyManager] Loading RSA key parameters from file C:\laragon\www\sapapi\actions-runner\.credentials_rsaparams
[2025-08-20 08:06:14Z INFO RSAEncryptedFileKeyManager] Loading RSA key parameters from file C:\laragon\www\sapapi\actions-runner\.credentials_rsaparams
[2025-08-20 08:06:15Z INFO GitHubActionsService] AAD Correlation ID for this token request: Unknown
[2025-08-20 08:06:18Z INFO JobDispatcher] Job request 0 for plan 516009eb-8ab1-4a17-80bd-c33d6e3ddd8e job e8bea3c7-37b7-56a9-9ff7-9d163c1d7723 received.
[2025-08-20 08:06:18Z INFO JobDispatcher] Pull OrchestrationId 516009eb-8ab1-4a17-80bd-c33d6e3ddd8e.deploy.__default from JWT claims
[2025-08-20 08:06:18Z INFO BrokerMessageListener] Received job status event. JobState: Busy
[2025-08-20 08:06:18Z INFO BrokerMessageListener] _getMessagesTokenSource is already disposed.
[2025-08-20 08:06:18Z INFO Terminal] WRITE LINE: 2025-08-20 08:06:18Z: Running job: deploy
[2025-08-20 08:06:18Z INFO JobDispatcher] Start renew job request 0 for job e8bea3c7-37b7-56a9-9ff7-9d163c1d7723.
[2025-08-20 08:06:19Z INFO JobDispatcher] Successfully renew job e8bea3c7-37b7-56a9-9ff7-9d163c1d7723, job is valid till 8/20/2025 8:16:21 AM
[2025-08-20 08:06:19Z INFO HostContext] Well known directory 'Bin': 'C:\laragon\www\sapapi\actions-runner\bin'
[2025-08-20 08:06:19Z INFO ProcessInvokerWrapper] Starting process:
[2025-08-20 08:06:19Z INFO ProcessInvokerWrapper]   File name: 'C:\laragon\www\sapapi\actions-runner\bin\Runner.Worker.exe'
[2025-08-20 08:06:19Z INFO ProcessInvokerWrapper]   Arguments: 'spawnclient 2712 2964'
[2025-08-20 08:06:19Z INFO ProcessInvokerWrapper]   Working directory: 'C:\laragon\www\sapapi\actions-runner\bin'
[2025-08-20 08:06:19Z INFO ProcessInvokerWrapper]   Require exit code zero: 'False'
[2025-08-20 08:06:19Z INFO ProcessInvokerWrapper]   Encoding web name:  ; code page: ''
[2025-08-20 08:06:19Z INFO ProcessInvokerWrapper]   Force kill process on cancellation: 'True'
[2025-08-20 08:06:19Z INFO ProcessInvokerWrapper]   Redirected STDIN: 'False'
[2025-08-20 08:06:19Z INFO ProcessInvokerWrapper]   Persist current code page: 'False'
[2025-08-20 08:06:19Z INFO ProcessInvokerWrapper]   Keep redirected STDIN open: 'False'
[2025-08-20 08:06:19Z INFO ProcessInvokerWrapper]   High priority process: 'True'
[2025-08-20 08:06:19Z INFO ProcessInvokerWrapper] Process started with process id 26436, waiting for process exit.
[2025-08-20 08:06:19Z INFO JobDispatcher] Send job request message to worker for job e8bea3c7-37b7-56a9-9ff7-9d163c1d7723.
[2025-08-20 08:06:19Z INFO ProcessChannel] Sending message of length 22208, with hash 'c4d3faf86331daee5f6985f1c80a973d7e26e36b966eefa151b9e04bbd7ddbf4'
[2025-08-20 08:06:20Z INFO JobNotification] Entering JobStarted Notification
[2025-08-20 08:06:20Z INFO JobNotification] Entering StartMonitor
[2025-08-20 08:07:20Z INFO JobDispatcher] Successfully renew job e8bea3c7-37b7-56a9-9ff7-9d163c1d7723, job is valid till 8/20/2025 8:17:21 AM
[2025-08-20 08:07:53Z INFO ProcessInvokerWrapper] STDOUT/STDERR stream read finished.
[2025-08-20 08:07:53Z INFO ProcessInvokerWrapper] STDOUT/STDERR stream read finished.
[2025-08-20 08:07:53Z INFO ProcessInvokerWrapper] Finished process 26436 with exit code 100, and elapsed time 00:01:33.7557195.
[2025-08-20 08:07:53Z INFO JobDispatcher] Worker finished for job e8bea3c7-37b7-56a9-9ff7-9d163c1d7723. Code: 100
[2025-08-20 08:07:53Z INFO JobDispatcher] finish job request for job e8bea3c7-37b7-56a9-9ff7-9d163c1d7723 with result: Succeeded
[2025-08-20 08:07:53Z INFO Terminal] WRITE LINE: 2025-08-20 08:07:53Z: Job deploy completed with result: Succeeded
[2025-08-20 08:07:53Z INFO JobDispatcher] Stop renew job request for job e8bea3c7-37b7-56a9-9ff7-9d163c1d7723.
[2025-08-20 08:07:53Z INFO JobDispatcher] job renew has been cancelled, stop renew job e8bea3c7-37b7-56a9-9ff7-9d163c1d7723.
[2025-08-20 08:07:53Z INFO JobNotification] Entering JobCompleted Notification
[2025-08-20 08:07:53Z INFO JobNotification] Entering EndMonitor
[2025-08-20 08:07:53Z INFO BrokerMessageListener] Received job status event. JobState: Online
[2025-08-20 08:07:53Z WARN GitHubActionsService] GET request to https://broker.actions.githubusercontent.com/message?sessionId=e0eb5c7a-c284-4c5b-911f-e88f87787095&status=Busy&runnerVersion=2.328.0&os=Windows&architecture=X64&disableUpdate=false has been cancelled.
[2025-08-20 08:07:53Z ERR  BrokerServer] Catch exception during request
[2025-08-20 08:07:53Z ERR  BrokerServer] System.Threading.Tasks.TaskCanceledException: The operation was canceled.
 ---> System.Threading.Tasks.TaskCanceledException: The operation was canceled.
 ---> System.IO.IOException: Unable to read data from the transport connection: The I/O operation has been aborted because of either a thread exit or an application request..
 ---> System.Net.Sockets.SocketException (995): The I/O operation has been aborted because of either a thread exit or an application request.
   --- End of inner exception stack trace ---
   at System.Net.Sockets.Socket.AwaitableSocketAsyncEventArgs.ThrowException(SocketError error, CancellationToken cancellationToken)
   at System.Net.Sockets.Socket.AwaitableSocketAsyncEventArgs.System.Threading.Tasks.Sources.IValueTaskSource<System.Int32>.GetResult(Int16 token)
   at System.Net.Security.SslStream.EnsureFullTlsFrameAsync[TIOAdapter](CancellationToken cancellationToken, Int32 estimatedSize)
   at System.Runtime.CompilerServices.PoolingAsyncValueTaskMethodBuilder`1.StateMachineBox`1.System.Threading.Tasks.Sources.IValueTaskSource<TResult>.GetResult(Int16 token)
   at System.Net.Security.SslStream.ReadAsyncInternal[TIOAdapter](Memory`1 buffer, CancellationToken cancellationToken)
   at System.Runtime.CompilerServices.PoolingAsyncValueTaskMethodBuilder`1.StateMachineBox`1.System.Threading.Tasks.Sources.IValueTaskSource<TResult>.GetResult(Int16 token)
   at System.Net.Http.HttpConnection.SendAsync(HttpRequestMessage request, Boolean async, CancellationToken cancellationToken)
   --- End of inner exception stack trace ---
   at System.Net.Http.HttpConnection.SendAsync(HttpRequestMessage request, Boolean async, CancellationToken cancellationToken)
   at System.Net.Http.AuthenticationHelper.SendWithNtAuthAsync(HttpRequestMessage request, Uri authUri, Boolean async, ICredentials credentials, Boolean isProxyAuth, HttpConnection connection, HttpConnectionPool connectionPool, CancellationToken cancellationToken)
   at System.Net.Http.HttpConnectionPool.SendWithVersionDetectionAndRetryAsync(HttpRequestMessage request, Boolean async, Boolean doRequestAuth, CancellationToken cancellationToken)
   at System.Net.Http.AuthenticationHelper.SendWithAuthAsync(HttpRequestMessage request, Uri authUri, Boolean async, ICredentials credentials, Boolean preAuthenticate, Boolean isProxyAuth, Boolean doRequestAuth, HttpConnectionPool pool, CancellationToken cancellationToken)
   at System.Net.Http.RedirectHandler.SendAsync(HttpRequestMessage request, Boolean async, CancellationToken cancellationToken)
   at GitHub.Services.Common.RawHttpMessageHandler.SendAsync(HttpRequestMessage request, CancellationToken cancellationToken)
   at GitHub.Services.Common.VssHttpRetryMessageHandler.SendAsync(HttpRequestMessage request, CancellationToken cancellationToken)
   at System.Net.Http.HttpClient.<SendAsync>g__Core|83_0(HttpRequestMessage request, HttpCompletionOption completionOption, CancellationTokenSource cts, Boolean disposeCts, CancellationTokenSource pendingRequestsCts, CancellationToken originalCancellationToken)
   --- End of inner exception stack trace ---
   at System.Net.Http.HttpClient.HandleFailure(Exception e, Boolean telemetryStarted, HttpResponseMessage response, CancellationTokenSource cts, CancellationToken cancellationToken, CancellationTokenSource pendingRequestsCts)
   at System.Net.Http.HttpClient.<SendAsync>g__Core|83_0(HttpRequestMessage request, HttpCompletionOption completionOption, CancellationTokenSource cts, Boolean disposeCts, CancellationTokenSource pendingRequestsCts, CancellationToken originalCancellationToken)
   at Sdk.WebApi.WebApi.RawHttpClientBase.SendAsync(HttpRequestMessage message, HttpCompletionOption completionOption, Object userState, CancellationToken cancellationToken)
   at Sdk.WebApi.WebApi.RawHttpClientBase.SendAsync[T](HttpRequestMessage message, Boolean readErrorBody, Object userState, CancellationToken cancellationToken)
   at Sdk.WebApi.WebApi.RawHttpClientBase.SendAsync[T](HttpMethod method, IEnumerable`1 additionalHeaders, Uri requestUri, HttpContent content, IEnumerable`1 queryParameters, Boolean readErrorBody, Object userState, CancellationToken cancellationToken)
   at GitHub.Actions.RunService.WebApi.BrokerHttpClient.GetRunnerMessageAsync(Nullable`1 sessionId, String runnerVersion, Nullable`1 status, String os, String architecture, Nullable`1 disableUpdate, CancellationToken cancellationToken)
   at GitHub.Runner.Common.BrokerServer.<>c__DisplayClass7_0.<<GetRunnerMessageAsync>b__0>d.MoveNext()
--- End of stack trace from previous location ---
   at GitHub.Runner.Common.RunnerService.RetryRequest[T](Func`1 func, CancellationToken cancellationToken, Int32 maxRetryAttemptsCount, Func`2 shouldRetry)
[2025-08-20 08:07:53Z ERR  BrokerServer] #####################################################
[2025-08-20 08:07:53Z ERR  BrokerServer] System.Threading.Tasks.TaskCanceledException: The operation was canceled.
 ---> System.IO.IOException: Unable to read data from the transport connection: The I/O operation has been aborted because of either a thread exit or an application request..
 ---> System.Net.Sockets.SocketException (995): The I/O operation has been aborted because of either a thread exit or an application request.
   --- End of inner exception stack trace ---
   at System.Net.Sockets.Socket.AwaitableSocketAsyncEventArgs.ThrowException(SocketError error, CancellationToken cancellationToken)
   at System.Net.Sockets.Socket.AwaitableSocketAsyncEventArgs.System.Threading.Tasks.Sources.IValueTaskSource<System.Int32>.GetResult(Int16 token)
   at System.Net.Security.SslStream.EnsureFullTlsFrameAsync[TIOAdapter](CancellationToken cancellationToken, Int32 estimatedSize)
   at System.Runtime.CompilerServices.PoolingAsyncValueTaskMethodBuilder`1.StateMachineBox`1.System.Threading.Tasks.Sources.IValueTaskSource<TResult>.GetResult(Int16 token)
   at System.Net.Security.SslStream.ReadAsyncInternal[TIOAdapter](Memory`1 buffer, CancellationToken cancellationToken)
   at System.Runtime.CompilerServices.PoolingAsyncValueTaskMethodBuilder`1.StateMachineBox`1.System.Threading.Tasks.Sources.IValueTaskSource<TResult>.GetResult(Int16 token)
   at System.Net.Http.HttpConnection.SendAsync(HttpRequestMessage request, Boolean async, CancellationToken cancellationToken)
   --- End of inner exception stack trace ---
   at System.Net.Http.HttpConnection.SendAsync(HttpRequestMessage request, Boolean async, CancellationToken cancellationToken)
   at System.Net.Http.AuthenticationHelper.SendWithNtAuthAsync(HttpRequestMessage request, Uri authUri, Boolean async, ICredentials credentials, Boolean isProxyAuth, HttpConnection connection, HttpConnectionPool connectionPool, CancellationToken cancellationToken)
   at System.Net.Http.HttpConnectionPool.SendWithVersionDetectionAndRetryAsync(HttpRequestMessage request, Boolean async, Boolean doRequestAuth, CancellationToken cancellationToken)
   at System.Net.Http.AuthenticationHelper.SendWithAuthAsync(HttpRequestMessage request, Uri authUri, Boolean async, ICredentials credentials, Boolean preAuthenticate, Boolean isProxyAuth, Boolean doRequestAuth, HttpConnectionPool pool, CancellationToken cancellationToken)
   at System.Net.Http.RedirectHandler.SendAsync(HttpRequestMessage request, Boolean async, CancellationToken cancellationToken)
   at GitHub.Services.Common.RawHttpMessageHandler.SendAsync(HttpRequestMessage request, CancellationToken cancellationToken)
   at GitHub.Services.Common.VssHttpRetryMessageHandler.SendAsync(HttpRequestMessage request, CancellationToken cancellationToken)
   at System.Net.Http.HttpClient.<SendAsync>g__Core|83_0(HttpRequestMessage request, HttpCompletionOption completionOption, CancellationTokenSource cts, Boolean disposeCts, CancellationTokenSource pendingRequestsCts, CancellationToken originalCancellationToken)
[2025-08-20 08:07:53Z ERR  BrokerServer] #####################################################
[2025-08-20 08:07:53Z ERR  BrokerServer] System.IO.IOException: Unable to read data from the transport connection: The I/O operation has been aborted because of either a thread exit or an application request..
 ---> System.Net.Sockets.SocketException (995): The I/O operation has been aborted because of either a thread exit or an application request.
   --- End of inner exception stack trace ---
   at System.Net.Sockets.Socket.AwaitableSocketAsyncEventArgs.ThrowException(SocketError error, CancellationToken cancellationToken)
   at System.Net.Sockets.Socket.AwaitableSocketAsyncEventArgs.System.Threading.Tasks.Sources.IValueTaskSource<System.Int32>.GetResult(Int16 token)
   at System.Net.Security.SslStream.EnsureFullTlsFrameAsync[TIOAdapter](CancellationToken cancellationToken, Int32 estimatedSize)
   at System.Runtime.CompilerServices.PoolingAsyncValueTaskMethodBuilder`1.StateMachineBox`1.System.Threading.Tasks.Sources.IValueTaskSource<TResult>.GetResult(Int16 token)
   at System.Net.Security.SslStream.ReadAsyncInternal[TIOAdapter](Memory`1 buffer, CancellationToken cancellationToken)
   at System.Runtime.CompilerServices.PoolingAsyncValueTaskMethodBuilder`1.StateMachineBox`1.System.Threading.Tasks.Sources.IValueTaskSource<TResult>.GetResult(Int16 token)
   at System.Net.Http.HttpConnection.SendAsync(HttpRequestMessage request, Boolean async, CancellationToken cancellationToken)
[2025-08-20 08:07:53Z ERR  BrokerServer] #####################################################
[2025-08-20 08:07:53Z ERR  BrokerServer] System.Net.Sockets.SocketException (995): The I/O operation has been aborted because of either a thread exit or an application request.
[2025-08-20 08:07:53Z WARN BrokerServer] Back off 9.699 seconds before next retry. 4 attempt left.
[2025-08-20 08:07:53Z INFO BrokerMessageListener] Get messages has been cancelled using local token source. Continue to get messages with new status.
[2025-08-20 08:34:49Z INFO RSAEncryptedFileKeyManager] Loading RSA key parameters from file C:\laragon\www\sapapi\actions-runner\.credentials_rsaparams
[2025-08-20 08:34:51Z INFO GitHubActionsService] AAD Correlation ID for this token request: Unknown
[2025-08-20 08:34:51Z WARN GitHubActionsService] Retrieving an AAD auth token took a long time (2.358077 seconds)
[2025-08-20 09:25:18Z INFO RSAEncryptedFileKeyManager] Loading RSA key parameters from file C:\laragon\www\sapapi\actions-runner\.credentials_rsaparams
[2025-08-20 09:25:19Z INFO GitHubActionsService] AAD Correlation ID for this token request: Unknown
[2025-08-20 10:15:48Z INFO RSAEncryptedFileKeyManager] Loading RSA key parameters from file C:\laragon\www\sapapi\actions-runner\.credentials_rsaparams
[2025-08-20 10:15:49Z INFO GitHubActionsService] AAD Correlation ID for this token request: Unknown
[2025-08-20 11:06:21Z INFO RSAEncryptedFileKeyManager] Loading RSA key parameters from file C:\laragon\www\sapapi\actions-runner\.credentials_rsaparams
[2025-08-20 11:06:22Z INFO GitHubActionsService] AAD Correlation ID for this token request: Unknown
[2025-08-20 11:56:52Z INFO RSAEncryptedFileKeyManager] Loading RSA key parameters from file C:\laragon\www\sapapi\actions-runner\.credentials_rsaparams
[2025-08-20 11:56:54Z INFO GitHubActionsService] AAD Correlation ID for this token request: Unknown
[2025-08-20 12:47:28Z INFO RSAEncryptedFileKeyManager] Loading RSA key parameters from file C:\laragon\www\sapapi\actions-runner\.credentials_rsaparams
[2025-08-20 12:47:29Z INFO GitHubActionsService] AAD Correlation ID for this token request: Unknown
[2025-08-20 13:38:06Z INFO RSAEncryptedFileKeyManager] Loading RSA key parameters from file C:\laragon\www\sapapi\actions-runner\.credentials_rsaparams
[2025-08-20 13:38:09Z INFO GitHubActionsService] AAD Correlation ID for this token request: Unknown
[2025-08-20 13:38:09Z WARN GitHubActionsService] Retrieving an AAD auth token took a long time (2.8668359 seconds)
[2025-08-20 14:28:47Z INFO RSAEncryptedFileKeyManager] Loading RSA key parameters from file C:\laragon\www\sapapi\actions-runner\.credentials_rsaparams
[2025-08-20 14:28:49Z INFO GitHubActionsService] AAD Correlation ID for this token request: Unknown
[2025-08-20 14:28:49Z WARN GitHubActionsService] Retrieving an AAD auth token took a long time (2.6814735 seconds)
[2025-08-20 15:19:22Z INFO RSAEncryptedFileKeyManager] Loading RSA key parameters from file C:\laragon\www\sapapi\actions-runner\.credentials_rsaparams
[2025-08-20 15:19:26Z INFO GitHubActionsService] AAD Correlation ID for this token request: Unknown
[2025-08-20 15:19:26Z WARN GitHubActionsService] Retrieving an AAD auth token took a long time (3.6412916 seconds)
[2025-08-20 16:09:51Z INFO RSAEncryptedFileKeyManager] Loading RSA key parameters from file C:\laragon\www\sapapi\actions-runner\.credentials_rsaparams
[2025-08-20 16:09:54Z INFO GitHubActionsService] AAD Correlation ID for this token request: Unknown
[2025-08-20 16:09:54Z WARN GitHubActionsService] Retrieving an AAD auth token took a long time (3.0601556 seconds)
[2025-08-20 16:26:41Z WARN GitHubActionsService] GET request to https://broker.actions.githubusercontent.com/message?sessionId=e0eb5c7a-c284-4c5b-911f-e88f87787095&status=Online&runnerVersion=2.328.0&os=Windows&architecture=X64&disableUpdate=false timed out after 100 seconds.
[2025-08-20 16:26:41Z ERR  BrokerServer] Catch exception during request
[2025-08-20 16:26:41Z ERR  BrokerServer] System.TimeoutException: The HTTP request timed out after 00:01:40.
 ---> System.Threading.Tasks.TaskCanceledException: The operation was canceled.
 ---> System.IO.IOException: Unable to read data from the transport connection: The I/O operation has been aborted because of either a thread exit or an application request..
 ---> System.Net.Sockets.SocketException (995): The I/O operation has been aborted because of either a thread exit or an application request.
   --- End of inner exception stack trace ---
   at System.Net.Sockets.Socket.AwaitableSocketAsyncEventArgs.ThrowException(SocketError error, CancellationToken cancellationToken)
   at System.Net.Sockets.Socket.AwaitableSocketAsyncEventArgs.System.Threading.Tasks.Sources.IValueTaskSource<System.Int32>.GetResult(Int16 token)
   at System.Net.Security.SslStream.EnsureFullTlsFrameAsync[TIOAdapter](CancellationToken cancellationToken, Int32 estimatedSize)
   at System.Runtime.CompilerServices.PoolingAsyncValueTaskMethodBuilder`1.StateMachineBox`1.System.Threading.Tasks.Sources.IValueTaskSource<TResult>.GetResult(Int16 token)
   at System.Net.Security.SslStream.ReadAsyncInternal[TIOAdapter](Memory`1 buffer, CancellationToken cancellationToken)
   at System.Runtime.CompilerServices.PoolingAsyncValueTaskMethodBuilder`1.StateMachineBox`1.System.Threading.Tasks.Sources.IValueTaskSource<TResult>.GetResult(Int16 token)
   at System.Net.Http.HttpConnection.InitialFillAsync(Boolean async)
   at System.Net.Http.HttpConnection.SendAsync(HttpRequestMessage request, Boolean async, CancellationToken cancellationToken)
   --- End of inner exception stack trace ---
   at System.Net.Http.HttpConnection.SendAsync(HttpRequestMessage request, Boolean async, CancellationToken cancellationToken)
   at System.Net.Http.AuthenticationHelper.SendWithNtAuthAsync(HttpRequestMessage request, Uri authUri, Boolean async, ICredentials credentials, Boolean isProxyAuth, HttpConnection connection, HttpConnectionPool connectionPool, CancellationToken cancellationToken)
   at System.Net.Http.HttpConnectionPool.SendWithVersionDetectionAndRetryAsync(HttpRequestMessage request, Boolean async, Boolean doRequestAuth, CancellationToken cancellationToken)
   at System.Net.Http.AuthenticationHelper.SendWithAuthAsync(HttpRequestMessage request, Uri authUri, Boolean async, ICredentials credentials, Boolean preAuthenticate, Boolean isProxyAuth, Boolean doRequestAuth, HttpConnectionPool pool, CancellationToken cancellationToken)
   at System.Net.Http.RedirectHandler.SendAsync(HttpRequestMessage request, Boolean async, CancellationToken cancellationToken)
   at GitHub.Services.Common.RawHttpMessageHandler.SendAsync(HttpRequestMessage request, CancellationToken cancellationToken)
   --- End of inner exception stack trace ---
   at GitHub.Services.Common.RawHttpMessageHandler.SendAsync(HttpRequestMessage request, CancellationToken cancellationToken)
   at GitHub.Services.Common.VssHttpRetryMessageHandler.SendAsync(HttpRequestMessage request, CancellationToken cancellationToken)
   at System.Net.Http.HttpClient.<SendAsync>g__Core|83_0(HttpRequestMessage request, HttpCompletionOption completionOption, CancellationTokenSource cts, Boolean disposeCts, CancellationTokenSource pendingRequestsCts, CancellationToken originalCancellationToken)
   at Sdk.WebApi.WebApi.RawHttpClientBase.SendAsync(HttpRequestMessage message, HttpCompletionOption completionOption, Object userState, CancellationToken cancellationToken)
   at Sdk.WebApi.WebApi.RawHttpClientBase.SendAsync[T](HttpRequestMessage message, Boolean readErrorBody, Object userState, CancellationToken cancellationToken)
   at Sdk.WebApi.WebApi.RawHttpClientBase.SendAsync[T](HttpMethod method, IEnumerable`1 additionalHeaders, Uri requestUri, HttpContent content, IEnumerable`1 queryParameters, Boolean readErrorBody, Object userState, CancellationToken cancellationToken)
   at GitHub.Actions.RunService.WebApi.BrokerHttpClient.GetRunnerMessageAsync(Nullable`1 sessionId, String runnerVersion, Nullable`1 status, String os, String architecture, Nullable`1 disableUpdate, CancellationToken cancellationToken)
   at GitHub.Runner.Common.BrokerServer.<>c__DisplayClass7_0.<<GetRunnerMessageAsync>b__0>d.MoveNext()
--- End of stack trace from previous location ---
   at GitHub.Runner.Common.RunnerService.RetryRequest[T](Func`1 func, CancellationToken cancellationToken, Int32 maxRetryAttemptsCount, Func`2 shouldRetry)
[2025-08-20 16:26:41Z ERR  BrokerServer] #####################################################
[2025-08-20 16:26:41Z ERR  BrokerServer] System.Threading.Tasks.TaskCanceledException: The operation was canceled.
 ---> System.IO.IOException: Unable to read data from the transport connection: The I/O operation has been aborted because of either a thread exit or an application request..
 ---> System.Net.Sockets.SocketException (995): The I/O operation has been aborted because of either a thread exit or an application request.
   --- End of inner exception stack trace ---
   at System.Net.Sockets.Socket.AwaitableSocketAsyncEventArgs.ThrowException(SocketError error, CancellationToken cancellationToken)
   at System.Net.Sockets.Socket.AwaitableSocketAsyncEventArgs.System.Threading.Tasks.Sources.IValueTaskSource<System.Int32>.GetResult(Int16 token)
   at System.Net.Security.SslStream.EnsureFullTlsFrameAsync[TIOAdapter](CancellationToken cancellationToken, Int32 estimatedSize)
   at System.Runtime.CompilerServices.PoolingAsyncValueTaskMethodBuilder`1.StateMachineBox`1.System.Threading.Tasks.Sources.IValueTaskSource<TResult>.GetResult(Int16 token)
   at System.Net.Security.SslStream.ReadAsyncInternal[TIOAdapter](Memory`1 buffer, CancellationToken cancellationToken)
   at System.Runtime.CompilerServices.PoolingAsyncValueTaskMethodBuilder`1.StateMachineBox`1.System.Threading.Tasks.Sources.IValueTaskSource<TResult>.GetResult(Int16 token)
   at System.Net.Http.HttpConnection.InitialFillAsync(Boolean async)
   at System.Net.Http.HttpConnection.SendAsync(HttpRequestMessage request, Boolean async, CancellationToken cancellationToken)
   --- End of inner exception stack trace ---
   at System.Net.Http.HttpConnection.SendAsync(HttpRequestMessage request, Boolean async, CancellationToken cancellationToken)
   at System.Net.Http.AuthenticationHelper.SendWithNtAuthAsync(HttpRequestMessage request, Uri authUri, Boolean async, ICredentials credentials, Boolean isProxyAuth, HttpConnection connection, HttpConnectionPool connectionPool, CancellationToken cancellationToken)
   at System.Net.Http.HttpConnectionPool.SendWithVersionDetectionAndRetryAsync(HttpRequestMessage request, Boolean async, Boolean doRequestAuth, CancellationToken cancellationToken)
   at System.Net.Http.AuthenticationHelper.SendWithAuthAsync(HttpRequestMessage request, Uri authUri, Boolean async, ICredentials credentials, Boolean preAuthenticate, Boolean isProxyAuth, Boolean doRequestAuth, HttpConnectionPool pool, CancellationToken cancellationToken)
   at System.Net.Http.RedirectHandler.SendAsync(HttpRequestMessage request, Boolean async, CancellationToken cancellationToken)
   at GitHub.Services.Common.RawHttpMessageHandler.SendAsync(HttpRequestMessage request, CancellationToken cancellationToken)
[2025-08-20 16:26:41Z ERR  BrokerServer] #####################################################
[2025-08-20 16:26:41Z ERR  BrokerServer] System.IO.IOException: Unable to read data from the transport connection: The I/O operation has been aborted because of either a thread exit or an application request..
 ---> System.Net.Sockets.SocketException (995): The I/O operation has been aborted because of either a thread exit or an application request.
   --- End of inner exception stack trace ---
   at System.Net.Sockets.Socket.AwaitableSocketAsyncEventArgs.ThrowException(SocketError error, CancellationToken cancellationToken)
   at System.Net.Sockets.Socket.AwaitableSocketAsyncEventArgs.System.Threading.Tasks.Sources.IValueTaskSource<System.Int32>.GetResult(Int16 token)
   at System.Net.Security.SslStream.EnsureFullTlsFrameAsync[TIOAdapter](CancellationToken cancellationToken, Int32 estimatedSize)
   at System.Runtime.CompilerServices.PoolingAsyncValueTaskMethodBuilder`1.StateMachineBox`1.System.Threading.Tasks.Sources.IValueTaskSource<TResult>.GetResult(Int16 token)
   at System.Net.Security.SslStream.ReadAsyncInternal[TIOAdapter](Memory`1 buffer, CancellationToken cancellationToken)
   at System.Runtime.CompilerServices.PoolingAsyncValueTaskMethodBuilder`1.StateMachineBox`1.System.Threading.Tasks.Sources.IValueTaskSource<TResult>.GetResult(Int16 token)
   at System.Net.Http.HttpConnection.InitialFillAsync(Boolean async)
   at System.Net.Http.HttpConnection.SendAsync(HttpRequestMessage request, Boolean async, CancellationToken cancellationToken)
[2025-08-20 16:26:41Z ERR  BrokerServer] #####################################################
[2025-08-20 16:26:41Z ERR  BrokerServer] System.Net.Sockets.SocketException (995): The I/O operation has been aborted because of either a thread exit or an application request.
[2025-08-20 16:26:41Z WARN BrokerServer] Back off 14.759 seconds before next retry. 4 attempt left.
[2025-08-20 17:00:34Z INFO RSAEncryptedFileKeyManager] Loading RSA key parameters from file C:\laragon\www\sapapi\actions-runner\.credentials_rsaparams
[2025-08-20 17:00:35Z INFO GitHubActionsService] AAD Correlation ID for this token request: Unknown
[2025-08-20 17:51:01Z INFO RSAEncryptedFileKeyManager] Loading RSA key parameters from file C:\laragon\www\sapapi\actions-runner\.credentials_rsaparams
[2025-08-20 17:51:02Z INFO GitHubActionsService] AAD Correlation ID for this token request: Unknown
[2025-08-20 18:41:30Z INFO RSAEncryptedFileKeyManager] Loading RSA key parameters from file C:\laragon\www\sapapi\actions-runner\.credentials_rsaparams
[2025-08-20 18:41:31Z INFO GitHubActionsService] AAD Correlation ID for this token request: Unknown
[2025-08-20 19:31:58Z INFO RSAEncryptedFileKeyManager] Loading RSA key parameters from file C:\laragon\www\sapapi\actions-runner\.credentials_rsaparams
[2025-08-20 19:31:59Z INFO GitHubActionsService] AAD Correlation ID for this token request: Unknown
[2025-08-20 20:22:27Z INFO RSAEncryptedFileKeyManager] Loading RSA key parameters from file C:\laragon\www\sapapi\actions-runner\.credentials_rsaparams
[2025-08-20 20:22:28Z INFO GitHubActionsService] AAD Correlation ID for this token request: Unknown
[2025-08-20 21:12:57Z INFO RSAEncryptedFileKeyManager] Loading RSA key parameters from file C:\laragon\www\sapapi\actions-runner\.credentials_rsaparams
[2025-08-20 21:12:58Z INFO GitHubActionsService] AAD Correlation ID for this token request: Unknown
[2025-08-20 22:03:25Z INFO RSAEncryptedFileKeyManager] Loading RSA key parameters from file C:\laragon\www\sapapi\actions-runner\.credentials_rsaparams
[2025-08-20 22:03:26Z INFO GitHubActionsService] AAD Correlation ID for this token request: Unknown
[2025-08-20 22:53:34Z INFO Runner] Received RunnerRefreshConfigMessage for 'runner' config file
[2025-08-20 22:53:34Z INFO RunnerConfigUpdater] Verifying runner qualified id: U_kgDOAIytEA/R_kgDOPX5Qyg/self-hosted/22
[2025-08-20 22:53:34Z INFO HostContext] Well known directory 'Bin': 'C:\laragon\www\sapapi\actions-runner\bin'
[2025-08-20 22:53:34Z INFO HostContext] Well known directory 'Root': 'C:\laragon\www\sapapi\actions-runner'
[2025-08-20 22:53:34Z INFO HostContext] Well known config file 'Runner': 'C:\laragon\www\sapapi\actions-runner\.runner'
[2025-08-20 22:53:35Z INFO RSAEncryptedFileKeyManager] Loading RSA key parameters from file C:\laragon\www\sapapi\actions-runner\.credentials_rsaparams
[2025-08-20 22:53:36Z INFO GitHubActionsService] AAD Correlation ID for this token request: Unknown
[2025-08-20 22:53:37Z INFO ConfigurationStore] Saving runner migrated settings
[2025-08-20 22:53:37Z INFO ConfigurationStore] Delete exist runner migrated settings file.
[2025-08-20 22:53:37Z INFO ConfigurationStore] Migrated Settings Saved.
[2025-08-20 22:53:37Z INFO Runner] Runner configuration was updated. Session restart has been scheduled
[2025-08-20 22:53:37Z INFO Runner] Pending session restart detected and job dispatcher is not busy. Restarting session now.
[2025-08-20 22:53:37Z INFO JobDispatcher] Shutting down JobDispatcher. Make sure all WorkerDispatcher has finished.
[2025-08-20 22:53:37Z INFO JobDispatcher] Ensure WorkerDispatcher for job e8bea3c7-37b7-56a9-9ff7-9d163c1d7723 run to finish, cancel any running job.
[2025-08-20 22:53:37Z INFO JobDispatcher] Job request e8bea3c7-37b7-56a9-9ff7-9d163c1d7723 processed succeed.
[2025-08-20 22:53:37Z INFO Runner] Deleting Runner Session...
[2025-08-20 22:53:38Z INFO RSAEncryptedFileKeyManager] Loading RSA key parameters from file C:\laragon\www\sapapi\actions-runner\.credentials_rsaparams
[2025-08-20 22:53:39Z INFO GitHubActionsService] AAD Correlation ID for this token request: Unknown
[2025-08-20 22:53:39Z INFO Runner] Restarting runner session after config update...
[2025-08-20 22:53:39Z INFO Runner] Runner configuration was refreshed, restarting session...
[2025-08-20 22:53:39Z INFO ConfigurationManager] LoadSettings
[2025-08-20 22:53:39Z INFO ConfigurationStore] IsConfigured()
[2025-08-20 22:53:39Z INFO ConfigurationStore] IsConfigured: True
[2025-08-20 22:53:39Z INFO ConfigurationManager] Is configured: True
[2025-08-20 22:53:39Z INFO ConfigurationManager] Settings Loaded
[2025-08-20 22:53:39Z INFO Runner] RunAsync
[2025-08-20 22:53:39Z INFO ConfigurationManager] LoadMigratedSettings
[2025-08-20 22:53:39Z INFO ConfigurationStore] IsMigratedConfigured()
[2025-08-20 22:53:39Z INFO ConfigurationStore] IsMigratedConfigured: True
[2025-08-20 22:53:39Z INFO ConfigurationManager] Migrated Settings Loaded
[2025-08-20 22:53:39Z INFO Runner] Loaded migrated settings from .runner_migrated file
[2025-08-20 22:53:39Z INFO Runner] {
  "AgentId": 22,
  "AgentName": "JO",
  "PoolId": 1,
  "PoolName": "Default",
  "ServerUrl": "https://pipelinesghubeus26.actions.githubusercontent.com/OTqsuixwcDOeboiI5ELPh9vt0loVA9erSQMzHOLYofkfIDGeBX/",
  "GitHubUrl": "https://github.com/jauharimalik/sapapi",
  "WorkFolder": "_work",
  "UseV2Flow": true,
  "ServerUrlV2": "https://broker.actions.githubusercontent.com/"
}
[2025-08-20 22:53:39Z INFO Runner] Attempting to create session using migrated settings
[2025-08-20 22:53:39Z INFO Runner] Using BrokerMessageListener
[2025-08-20 22:53:39Z INFO BrokerMessageListener] Using provided settings
[2025-08-20 22:53:39Z INFO BrokerMessageListener] Using migrated settings from .runner_migrated
[2025-08-20 22:53:39Z INFO BrokerMessageListener] {
  "AgentId": 22,
  "AgentName": "JO",
  "PoolId": 1,
  "PoolName": "Default",
  "ServerUrl": "https://pipelinesghubeus26.actions.githubusercontent.com/OTqsuixwcDOeboiI5ELPh9vt0loVA9erSQMzHOLYofkfIDGeBX/",
  "GitHubUrl": "https://github.com/jauharimalik/sapapi",
  "WorkFolder": "_work",
  "UseV2Flow": true,
  "ServerUrlV2": "https://broker.actions.githubusercontent.com/"
}
[2025-08-20 22:53:39Z INFO BrokerMessageListener] Loading Credentials
[2025-08-20 22:53:39Z INFO ConfigurationStore] HasCredentials()
[2025-08-20 22:53:39Z INFO ConfigurationStore] stored True
[2025-08-20 22:53:39Z INFO CredentialManager] GetCredentialProvider
[2025-08-20 22:53:39Z INFO CredentialManager] Creating type OAuth
[2025-08-20 22:53:39Z INFO CredentialManager] Creating credential type: OAuth
[2025-08-20 22:53:39Z INFO RSAEncryptedFileKeyManager] Loading RSA key parameters from file C:\laragon\www\sapapi\actions-runner\.credentials_rsaparams
[2025-08-20 22:53:39Z INFO BrokerMessageListener] Attempt to create session.
[2025-08-20 22:53:39Z INFO BrokerMessageListener] Connecting to the Broker Server...
[2025-08-20 22:53:39Z INFO ConfigurationStore] HasCredentials()
[2025-08-20 22:53:39Z INFO ConfigurationStore] stored True
[2025-08-20 22:53:39Z INFO CredentialManager] GetCredentialProvider
[2025-08-20 22:53:39Z INFO CredentialManager] Creating type OAuth
[2025-08-20 22:53:39Z INFO CredentialManager] Creating credential type: OAuth
[2025-08-20 22:53:39Z INFO RSAEncryptedFileKeyManager] Loading RSA key parameters from file C:\laragon\www\sapapi\actions-runner\.credentials_rsaparams
[2025-08-20 22:53:39Z INFO BrokerMessageListener] VssConnection created
[2025-08-20 22:53:39Z INFO BrokerMessageListener] Connecting to the Runner server...
[2025-08-20 22:53:39Z INFO RunnerServer] EstablishVssConnection
[2025-08-20 22:53:39Z INFO RunnerServer] Establish connection with 100 seconds timeout.
[2025-08-20 22:53:39Z INFO GitHubActionsService] Starting operation Location.GetConnectionData
[2025-08-20 22:53:39Z INFO RunnerServer] EstablishVssConnection
[2025-08-20 22:53:39Z INFO RunnerServer] Establish connection with 60 seconds timeout.
[2025-08-20 22:53:39Z INFO GitHubActionsService] Starting operation Location.GetConnectionData
[2025-08-20 22:53:39Z INFO RunnerServer] EstablishVssConnection
[2025-08-20 22:53:39Z INFO RunnerServer] Establish connection with 60 seconds timeout.
[2025-08-20 22:53:39Z INFO GitHubActionsService] Starting operation Location.GetConnectionData
[2025-08-20 22:53:40Z INFO GitHubActionsService] Finished operation Location.GetConnectionData
[2025-08-20 22:53:41Z INFO GitHubActionsService] Finished operation Location.GetConnectionData
[2025-08-20 22:53:41Z INFO GitHubActionsService] Finished operation Location.GetConnectionData
[2025-08-20 22:53:41Z INFO BrokerMessageListener] VssConnection created
[2025-08-20 22:53:41Z INFO Terminal] WRITE LINE: 
[2025-08-20 22:53:41Z INFO Terminal] WRITE LINE: 
[2025-08-20 22:53:41Z INFO RSAEncryptedFileKeyManager] Loading RSA key parameters from file C:\laragon\www\sapapi\actions-runner\.credentials_rsaparams
[2025-08-20 22:53:41Z INFO RSAEncryptedFileKeyManager] Loading RSA key parameters from file C:\laragon\www\sapapi\actions-runner\.credentials_rsaparams
[2025-08-20 22:53:42Z INFO GitHubActionsService] AAD Correlation ID for this token request: Unknown
[2025-08-20 22:53:43Z INFO BrokerMessageListener] Session created.
[2025-08-20 22:53:43Z INFO Runner] Successfully created session with migrated settings
[2025-08-20 22:53:43Z INFO Terminal] WRITE LINE: Current runner version: '2.328.0'
[2025-08-20 22:53:43Z INFO Terminal] WRITE LINE: 2025-08-20 22:53:43Z: Listening for Jobs
[2025-08-20 22:53:43Z INFO JobDispatcher] Set runner/worker IPC timeout to 30 seconds.
[2025-08-20 23:44:09Z INFO RSAEncryptedFileKeyManager] Loading RSA key parameters from file C:\laragon\www\sapapi\actions-runner\.credentials_rsaparams
[2025-08-20 23:44:10Z INFO GitHubActionsService] AAD Correlation ID for this token request: Unknown
[2025-08-21 00:34:36Z INFO RSAEncryptedFileKeyManager] Loading RSA key parameters from file C:\laragon\www\sapapi\actions-runner\.credentials_rsaparams
[2025-08-21 00:34:37Z INFO GitHubActionsService] AAD Correlation ID for this token request: Unknown
[2025-08-21 01:25:03Z INFO RSAEncryptedFileKeyManager] Loading RSA key parameters from file C:\laragon\www\sapapi\actions-runner\.credentials_rsaparams
[2025-08-21 01:25:04Z INFO GitHubActionsService] AAD Correlation ID for this token request: Unknown
[2025-08-21 02:15:27Z INFO RSAEncryptedFileKeyManager] Loading RSA key parameters from file C:\laragon\www\sapapi\actions-runner\.credentials_rsaparams
[2025-08-21 02:15:28Z INFO GitHubActionsService] AAD Correlation ID for this token request: Unknown
[2025-08-21 02:54:33Z INFO ConfigurationStore] HasCredentials()
[2025-08-21 02:54:33Z INFO ConfigurationStore] stored True
[2025-08-21 02:54:33Z INFO CredentialManager] GetCredentialProvider
[2025-08-21 02:54:33Z INFO CredentialManager] Creating type OAuth
[2025-08-21 02:54:33Z INFO CredentialManager] Creating credential type: OAuth
[2025-08-21 02:54:33Z INFO RSAEncryptedFileKeyManager] Loading RSA key parameters from file C:\laragon\www\sapapi\actions-runner\.credentials_rsaparams
[2025-08-21 02:54:33Z INFO RSAEncryptedFileKeyManager] Loading RSA key parameters from file C:\laragon\www\sapapi\actions-runner\.credentials_rsaparams
[2025-08-21 02:54:33Z INFO RSAEncryptedFileKeyManager] Loading RSA key parameters from file C:\laragon\www\sapapi\actions-runner\.credentials_rsaparams
[2025-08-21 02:54:34Z INFO GitHubActionsService] AAD Correlation ID for this token request: Unknown
[2025-08-21 02:54:37Z INFO JobDispatcher] Job request 0 for plan 4a10f3dd-874f-4d8f-8e0c-1fb83f1fd80a job b17516d0-725e-5770-9320-e3567111376f received.
[2025-08-21 02:54:37Z INFO JobDispatcher] Pull OrchestrationId 4a10f3dd-874f-4d8f-8e0c-1fb83f1fd80a.deploy.__default from JWT claims
[2025-08-21 02:54:37Z INFO BrokerMessageListener] Received job status event. JobState: Busy
[2025-08-21 02:54:37Z INFO BrokerMessageListener] _getMessagesTokenSource is already disposed.
[2025-08-21 02:54:37Z INFO Terminal] WRITE LINE: 2025-08-21 02:54:37Z: Running job: deploy
[2025-08-21 02:54:37Z INFO JobDispatcher] Start renew job request 0 for job b17516d0-725e-5770-9320-e3567111376f.
[2025-08-21 02:54:38Z INFO JobDispatcher] Successfully renew job b17516d0-725e-5770-9320-e3567111376f, job is valid till 8/21/2025 3:04:39 AM
[2025-08-21 02:54:38Z INFO HostContext] Well known directory 'Bin': 'C:\laragon\www\sapapi\actions-runner\bin'
[2025-08-21 02:54:38Z INFO ProcessInvokerWrapper] Starting process:
[2025-08-21 02:54:38Z INFO ProcessInvokerWrapper]   File name: 'C:\laragon\www\sapapi\actions-runner\bin\Runner.Worker.exe'
[2025-08-21 02:54:38Z INFO ProcessInvokerWrapper]   Arguments: 'spawnclient 2492 2156'
[2025-08-21 02:54:38Z INFO ProcessInvokerWrapper]   Working directory: 'C:\laragon\www\sapapi\actions-runner\bin'
[2025-08-21 02:54:38Z INFO ProcessInvokerWrapper]   Require exit code zero: 'False'
[2025-08-21 02:54:38Z INFO ProcessInvokerWrapper]   Encoding web name:  ; code page: ''
[2025-08-21 02:54:38Z INFO ProcessInvokerWrapper]   Force kill process on cancellation: 'True'
[2025-08-21 02:54:38Z INFO ProcessInvokerWrapper]   Redirected STDIN: 'False'
[2025-08-21 02:54:38Z INFO ProcessInvokerWrapper]   Persist current code page: 'False'
[2025-08-21 02:54:38Z INFO ProcessInvokerWrapper]   Keep redirected STDIN open: 'False'
[2025-08-21 02:54:38Z INFO ProcessInvokerWrapper]   High priority process: 'True'
[2025-08-21 02:54:38Z INFO ProcessInvokerWrapper] Process started with process id 10320, waiting for process exit.
[2025-08-21 02:54:38Z INFO JobDispatcher] Send job request message to worker for job b17516d0-725e-5770-9320-e3567111376f.
[2025-08-21 02:54:38Z INFO ProcessChannel] Sending message of length 22208, with hash 'dcffcc312ea07d98f5b56f7bd4719e164f17911d734ffaca9c7aff83527d6f02'
[2025-08-21 02:54:39Z INFO JobNotification] Entering JobStarted Notification
[2025-08-21 02:54:39Z INFO JobNotification] Entering StartMonitor
[2025-08-21 02:55:38Z INFO JobDispatcher] Successfully renew job b17516d0-725e-5770-9320-e3567111376f, job is valid till 8/21/2025 3:05:39 AM
[2025-08-21 02:55:56Z INFO ProcessInvokerWrapper] STDOUT/STDERR stream read finished.
[2025-08-21 02:55:56Z INFO ProcessInvokerWrapper] STDOUT/STDERR stream read finished.
[2025-08-21 02:55:56Z INFO ProcessInvokerWrapper] Finished process 10320 with exit code 100, and elapsed time 00:01:17.9638299.
[2025-08-21 02:55:56Z INFO JobDispatcher] Worker finished for job b17516d0-725e-5770-9320-e3567111376f. Code: 100
[2025-08-21 02:55:56Z INFO JobDispatcher] finish job request for job b17516d0-725e-5770-9320-e3567111376f with result: Succeeded
[2025-08-21 02:55:56Z INFO Terminal] WRITE LINE: 2025-08-21 02:55:56Z: Job deploy completed with result: Succeeded
[2025-08-21 02:55:56Z INFO JobDispatcher] Stop renew job request for job b17516d0-725e-5770-9320-e3567111376f.
[2025-08-21 02:55:56Z INFO JobDispatcher] job renew has been cancelled, stop renew job b17516d0-725e-5770-9320-e3567111376f.
[2025-08-21 02:55:56Z INFO JobNotification] Entering JobCompleted Notification
[2025-08-21 02:55:56Z INFO JobNotification] Entering EndMonitor
[2025-08-21 02:55:56Z INFO BrokerMessageListener] Received job status event. JobState: Online
[2025-08-21 02:55:56Z WARN GitHubActionsService] GET request to https://broker.actions.githubusercontent.com/message?sessionId=a5b5b153-0ccc-4d70-ac7e-12429a89c47d&status=Busy&runnerVersion=2.328.0&os=Windows&architecture=X64&disableUpdate=false has been cancelled.
[2025-08-21 02:55:56Z ERR  BrokerServer] Catch exception during request
[2025-08-21 02:55:56Z ERR  BrokerServer] System.Threading.Tasks.TaskCanceledException: The operation was canceled.
 ---> System.Threading.Tasks.TaskCanceledException: The operation was canceled.
 ---> System.IO.IOException: Unable to read data from the transport connection: The I/O operation has been aborted because of either a thread exit or an application request..
 ---> System.Net.Sockets.SocketException (995): The I/O operation has been aborted because of either a thread exit or an application request.
   --- End of inner exception stack trace ---
   at System.Net.Sockets.Socket.AwaitableSocketAsyncEventArgs.ThrowException(SocketError error, CancellationToken cancellationToken)
   at System.Net.Sockets.Socket.AwaitableSocketAsyncEventArgs.System.Threading.Tasks.Sources.IValueTaskSource<System.Int32>.GetResult(Int16 token)
   at System.Net.Security.SslStream.EnsureFullTlsFrameAsync[TIOAdapter](CancellationToken cancellationToken, Int32 estimatedSize)
   at System.Runtime.CompilerServices.PoolingAsyncValueTaskMethodBuilder`1.StateMachineBox`1.System.Threading.Tasks.Sources.IValueTaskSource<TResult>.GetResult(Int16 token)
   at System.Net.Security.SslStream.ReadAsyncInternal[TIOAdapter](Memory`1 buffer, CancellationToken cancellationToken)
   at System.Runtime.CompilerServices.PoolingAsyncValueTaskMethodBuilder`1.StateMachineBox`1.System.Threading.Tasks.Sources.IValueTaskSource<TResult>.GetResult(Int16 token)
   at System.Net.Http.HttpConnection.SendAsync(HttpRequestMessage request, Boolean async, CancellationToken cancellationToken)
   --- End of inner exception stack trace ---
   at System.Net.Http.HttpConnection.SendAsync(HttpRequestMessage request, Boolean async, CancellationToken cancellationToken)
   at System.Net.Http.AuthenticationHelper.SendWithNtAuthAsync(HttpRequestMessage request, Uri authUri, Boolean async, ICredentials credentials, Boolean isProxyAuth, HttpConnection connection, HttpConnectionPool connectionPool, CancellationToken cancellationToken)
   at System.Net.Http.HttpConnectionPool.SendWithVersionDetectionAndRetryAsync(HttpRequestMessage request, Boolean async, Boolean doRequestAuth, CancellationToken cancellationToken)
   at System.Net.Http.AuthenticationHelper.SendWithAuthAsync(HttpRequestMessage request, Uri authUri, Boolean async, ICredentials credentials, Boolean preAuthenticate, Boolean isProxyAuth, Boolean doRequestAuth, HttpConnectionPool pool, CancellationToken cancellationToken)
   at System.Net.Http.RedirectHandler.SendAsync(HttpRequestMessage request, Boolean async, CancellationToken cancellationToken)
   at GitHub.Services.Common.RawHttpMessageHandler.SendAsync(HttpRequestMessage request, CancellationToken cancellationToken)
   at GitHub.Services.Common.VssHttpRetryMessageHandler.SendAsync(HttpRequestMessage request, CancellationToken cancellationToken)
   at System.Net.Http.HttpClient.<SendAsync>g__Core|83_0(HttpRequestMessage request, HttpCompletionOption completionOption, CancellationTokenSource cts, Boolean disposeCts, CancellationTokenSource pendingRequestsCts, CancellationToken originalCancellationToken)
   --- End of inner exception stack trace ---
   at System.Net.Http.HttpClient.HandleFailure(Exception e, Boolean telemetryStarted, HttpResponseMessage response, CancellationTokenSource cts, CancellationToken cancellationToken, CancellationTokenSource pendingRequestsCts)
   at System.Net.Http.HttpClient.<SendAsync>g__Core|83_0(HttpRequestMessage request, HttpCompletionOption completionOption, CancellationTokenSource cts, Boolean disposeCts, CancellationTokenSource pendingRequestsCts, CancellationToken originalCancellationToken)
   at Sdk.WebApi.WebApi.RawHttpClientBase.SendAsync(HttpRequestMessage message, HttpCompletionOption completionOption, Object userState, CancellationToken cancellationToken)
   at Sdk.WebApi.WebApi.RawHttpClientBase.SendAsync[T](HttpRequestMessage message, Boolean readErrorBody, Object userState, CancellationToken cancellationToken)
   at Sdk.WebApi.WebApi.RawHttpClientBase.SendAsync[T](HttpMethod method, IEnumerable`1 additionalHeaders, Uri requestUri, HttpContent content, IEnumerable`1 queryParameters, Boolean readErrorBody, Object userState, CancellationToken cancellationToken)
   at GitHub.Actions.RunService.WebApi.BrokerHttpClient.GetRunnerMessageAsync(Nullable`1 sessionId, String runnerVersion, Nullable`1 status, String os, String architecture, Nullable`1 disableUpdate, CancellationToken cancellationToken)
   at GitHub.Runner.Common.BrokerServer.<>c__DisplayClass7_0.<<GetRunnerMessageAsync>b__0>d.MoveNext()
--- End of stack trace from previous location ---
   at GitHub.Runner.Common.RunnerService.RetryRequest[T](Func`1 func, CancellationToken cancellationToken, Int32 maxRetryAttemptsCount, Func`2 shouldRetry)
[2025-08-21 02:55:56Z ERR  BrokerServer] #####################################################
[2025-08-21 02:55:56Z ERR  BrokerServer] System.Threading.Tasks.TaskCanceledException: The operation was canceled.
 ---> System.IO.IOException: Unable to read data from the transport connection: The I/O operation has been aborted because of either a thread exit or an application request..
 ---> System.Net.Sockets.SocketException (995): The I/O operation has been aborted because of either a thread exit or an application request.
   --- End of inner exception stack trace ---
   at System.Net.Sockets.Socket.AwaitableSocketAsyncEventArgs.ThrowException(SocketError error, CancellationToken cancellationToken)
   at System.Net.Sockets.Socket.AwaitableSocketAsyncEventArgs.System.Threading.Tasks.Sources.IValueTaskSource<System.Int32>.GetResult(Int16 token)
   at System.Net.Security.SslStream.EnsureFullTlsFrameAsync[TIOAdapter](CancellationToken cancellationToken, Int32 estimatedSize)
   at System.Runtime.CompilerServices.PoolingAsyncValueTaskMethodBuilder`1.StateMachineBox`1.System.Threading.Tasks.Sources.IValueTaskSource<TResult>.GetResult(Int16 token)
   at System.Net.Security.SslStream.ReadAsyncInternal[TIOAdapter](Memory`1 buffer, CancellationToken cancellationToken)
   at System.Runtime.CompilerServices.PoolingAsyncValueTaskMethodBuilder`1.StateMachineBox`1.System.Threading.Tasks.Sources.IValueTaskSource<TResult>.GetResult(Int16 token)
   at System.Net.Http.HttpConnection.SendAsync(HttpRequestMessage request, Boolean async, CancellationToken cancellationToken)
   --- End of inner exception stack trace ---
   at System.Net.Http.HttpConnection.SendAsync(HttpRequestMessage request, Boolean async, CancellationToken cancellationToken)
   at System.Net.Http.AuthenticationHelper.SendWithNtAuthAsync(HttpRequestMessage request, Uri authUri, Boolean async, ICredentials credentials, Boolean isProxyAuth, HttpConnection connection, HttpConnectionPool connectionPool, CancellationToken cancellationToken)
   at System.Net.Http.HttpConnectionPool.SendWithVersionDetectionAndRetryAsync(HttpRequestMessage request, Boolean async, Boolean doRequestAuth, CancellationToken cancellationToken)
   at System.Net.Http.AuthenticationHelper.SendWithAuthAsync(HttpRequestMessage request, Uri authUri, Boolean async, ICredentials credentials, Boolean preAuthenticate, Boolean isProxyAuth, Boolean doRequestAuth, HttpConnectionPool pool, CancellationToken cancellationToken)
   at System.Net.Http.RedirectHandler.SendAsync(HttpRequestMessage request, Boolean async, CancellationToken cancellationToken)
   at GitHub.Services.Common.RawHttpMessageHandler.SendAsync(HttpRequestMessage request, CancellationToken cancellationToken)
   at GitHub.Services.Common.VssHttpRetryMessageHandler.SendAsync(HttpRequestMessage request, CancellationToken cancellationToken)
   at System.Net.Http.HttpClient.<SendAsync>g__Core|83_0(HttpRequestMessage request, HttpCompletionOption completionOption, CancellationTokenSource cts, Boolean disposeCts, CancellationTokenSource pendingRequestsCts, CancellationToken originalCancellationToken)
[2025-08-21 02:55:56Z ERR  BrokerServer] #####################################################
[2025-08-21 02:55:56Z ERR  BrokerServer] System.IO.IOException: Unable to read data from the transport connection: The I/O operation has been aborted because of either a thread exit or an application request..
 ---> System.Net.Sockets.SocketException (995): The I/O operation has been aborted because of either a thread exit or an application request.
   --- End of inner exception stack trace ---
   at System.Net.Sockets.Socket.AwaitableSocketAsyncEventArgs.ThrowException(SocketError error, CancellationToken cancellationToken)
   at System.Net.Sockets.Socket.AwaitableSocketAsyncEventArgs.System.Threading.Tasks.Sources.IValueTaskSource<System.Int32>.GetResult(Int16 token)
   at System.Net.Security.SslStream.EnsureFullTlsFrameAsync[TIOAdapter](CancellationToken cancellationToken, Int32 estimatedSize)
   at System.Runtime.CompilerServices.PoolingAsyncValueTaskMethodBuilder`1.StateMachineBox`1.System.Threading.Tasks.Sources.IValueTaskSource<TResult>.GetResult(Int16 token)
   at System.Net.Security.SslStream.ReadAsyncInternal[TIOAdapter](Memory`1 buffer, CancellationToken cancellationToken)
   at System.Runtime.CompilerServices.PoolingAsyncValueTaskMethodBuilder`1.StateMachineBox`1.System.Threading.Tasks.Sources.IValueTaskSource<TResult>.GetResult(Int16 token)
   at System.Net.Http.HttpConnection.SendAsync(HttpRequestMessage request, Boolean async, CancellationToken cancellationToken)
[2025-08-21 02:55:56Z ERR  BrokerServer] #####################################################
[2025-08-21 02:55:56Z ERR  BrokerServer] System.Net.Sockets.SocketException (995): The I/O operation has been aborted because of either a thread exit or an application request.
[2025-08-21 02:55:56Z WARN BrokerServer] Back off 11.065 seconds before next retry. 4 attempt left.
[2025-08-21 02:55:56Z INFO BrokerMessageListener] Get messages has been cancelled using local token source. Continue to get messages with new status.
[2025-08-21 03:06:02Z INFO RSAEncryptedFileKeyManager] Loading RSA key parameters from file C:\laragon\www\sapapi\actions-runner\.credentials_rsaparams
[2025-08-21 03:06:03Z INFO GitHubActionsService] AAD Correlation ID for this token request: Unknown
[2025-08-21 03:48:18Z INFO Runner] Refresh message received, kick-off selfupdate background process.
[2025-08-21 03:48:19Z INFO RSAEncryptedFileKeyManager] Loading RSA key parameters from file C:\laragon\www\sapapi\actions-runner\.credentials_rsaparams
[2025-08-21 03:48:19Z INFO RSAEncryptedFileKeyManager] Loading RSA key parameters from file C:\laragon\www\sapapi\actions-runner\.credentials_rsaparams
[2025-08-21 03:48:21Z INFO GitHubActionsService] AAD Correlation ID for this token request: Unknown
[2025-08-21 03:48:21Z INFO SelfUpdater] Version '2.328.0' of 'agent' package available in server.
[2025-08-21 03:48:21Z INFO SelfUpdater] Current running runner version is 2.328.0
[2025-08-21 03:48:21Z INFO SelfUpdater] Can't find available update package.
[2025-08-21 03:48:21Z INFO Terminal] WRITE LINE: Runner update process finished.
[2025-08-21 03:48:22Z INFO Runner] Auto update task finished at backend, there is no available runner update needs to apply, continue message queue looping.
[2025-08-21 03:56:43Z INFO RSAEncryptedFileKeyManager] Loading RSA key parameters from file C:\laragon\www\sapapi\actions-runner\.credentials_rsaparams
[2025-08-21 03:56:44Z INFO GitHubActionsService] AAD Correlation ID for this token request: Unknown
[2025-08-21 04:47:06Z INFO RSAEncryptedFileKeyManager] Loading RSA key parameters from file C:\laragon\www\sapapi\actions-runner\.credentials_rsaparams
[2025-08-21 04:47:07Z INFO GitHubActionsService] AAD Correlation ID for this token request: Unknown
[2025-08-21 05:37:33Z INFO RSAEncryptedFileKeyManager] Loading RSA key parameters from file C:\laragon\www\sapapi\actions-runner\.credentials_rsaparams
[2025-08-21 05:37:34Z INFO GitHubActionsService] AAD Correlation ID for this token request: Unknown
[2025-08-21 06:28:01Z INFO RSAEncryptedFileKeyManager] Loading RSA key parameters from file C:\laragon\www\sapapi\actions-runner\.credentials_rsaparams
[2025-08-21 06:28:02Z INFO GitHubActionsService] AAD Correlation ID for this token request: Unknown
[2025-08-21 07:18:27Z INFO RSAEncryptedFileKeyManager] Loading RSA key parameters from file C:\laragon\www\sapapi\actions-runner\.credentials_rsaparams
[2025-08-21 07:18:28Z INFO GitHubActionsService] AAD Correlation ID for this token request: Unknown
[2025-08-21 08:08:55Z INFO RSAEncryptedFileKeyManager] Loading RSA key parameters from file C:\laragon\www\sapapi\actions-runner\.credentials_rsaparams
[2025-08-21 08:08:56Z INFO GitHubActionsService] AAD Correlation ID for this token request: Unknown
[2025-08-21 08:59:23Z INFO RSAEncryptedFileKeyManager] Loading RSA key parameters from file C:\laragon\www\sapapi\actions-runner\.credentials_rsaparams
[2025-08-21 08:59:24Z INFO GitHubActionsService] AAD Correlation ID for this token request: Unknown
[2025-08-21 09:49:54Z INFO RSAEncryptedFileKeyManager] Loading RSA key parameters from file C:\laragon\www\sapapi\actions-runner\.credentials_rsaparams
[2025-08-21 09:49:55Z INFO GitHubActionsService] AAD Correlation ID for this token request: Unknown
[2025-08-21 10:40:32Z INFO RSAEncryptedFileKeyManager] Loading RSA key parameters from file C:\laragon\www\sapapi\actions-runner\.credentials_rsaparams
[2025-08-21 10:40:33Z INFO GitHubActionsService] AAD Correlation ID for this token request: Unknown
[2025-08-21 10:56:50Z WARN GitHubActionsService] Attempt 1 of GET request to https://broker.actions.githubusercontent.com/message?sessionId=a5b5b153-0ccc-4d70-ac7e-12429a89c47d&status=Online&runnerVersion=2.328.0&os=Windows&architecture=X64&disableUpdate=false failed (Socket Error: ConnectionReset). The operation will be retried in 10.912 seconds.
[2025-08-21 11:30:42Z INFO RSAEncryptedFileKeyManager] Loading RSA key parameters from file C:\laragon\www\sapapi\actions-runner\.credentials_rsaparams
[2025-08-21 11:30:43Z INFO GitHubActionsService] AAD Correlation ID for this token request: Unknown
[2025-08-21 12:21:14Z INFO RSAEncryptedFileKeyManager] Loading RSA key parameters from file C:\laragon\www\sapapi\actions-runner\.credentials_rsaparams
[2025-08-21 12:21:15Z INFO GitHubActionsService] AAD Correlation ID for this token request: Unknown
[2025-08-21 13:11:40Z INFO RSAEncryptedFileKeyManager] Loading RSA key parameters from file C:\laragon\www\sapapi\actions-runner\.credentials_rsaparams
[2025-08-21 13:11:41Z INFO GitHubActionsService] AAD Correlation ID for this token request: Unknown
[2025-08-21 14:02:17Z INFO RSAEncryptedFileKeyManager] Loading RSA key parameters from file C:\laragon\www\sapapi\actions-runner\.credentials_rsaparams
[2025-08-21 14:02:21Z INFO GitHubActionsService] AAD Correlation ID for this token request: Unknown
[2025-08-21 14:02:21Z WARN GitHubActionsService] Retrieving an AAD auth token took a long time (3.7448918 seconds)
[2025-08-21 14:52:47Z INFO RSAEncryptedFileKeyManager] Loading RSA key parameters from file C:\laragon\www\sapapi\actions-runner\.credentials_rsaparams
[2025-08-21 14:52:48Z INFO GitHubActionsService] AAD Correlation ID for this token request: Unknown
[2025-08-21 15:43:21Z INFO RSAEncryptedFileKeyManager] Loading RSA key parameters from file C:\laragon\www\sapapi\actions-runner\.credentials_rsaparams
[2025-08-21 15:43:22Z INFO GitHubActionsService] AAD Correlation ID for this token request: Unknown
[2025-08-21 16:33:52Z INFO RSAEncryptedFileKeyManager] Loading RSA key parameters from file C:\laragon\www\sapapi\actions-runner\.credentials_rsaparams
[2025-08-21 16:33:53Z INFO GitHubActionsService] AAD Correlation ID for this token request: Unknown
[2025-08-21 17:24:15Z INFO RSAEncryptedFileKeyManager] Loading RSA key parameters from file C:\laragon\www\sapapi\actions-runner\.credentials_rsaparams
[2025-08-21 17:24:16Z INFO GitHubActionsService] AAD Correlation ID for this token request: Unknown
[2025-08-21 18:14:39Z INFO RSAEncryptedFileKeyManager] Loading RSA key parameters from file C:\laragon\www\sapapi\actions-runner\.credentials_rsaparams
[2025-08-21 18:14:40Z INFO GitHubActionsService] AAD Correlation ID for this token request: Unknown
[2025-08-21 19:05:08Z INFO RSAEncryptedFileKeyManager] Loading RSA key parameters from file C:\laragon\www\sapapi\actions-runner\.credentials_rsaparams
[2025-08-21 19:05:09Z INFO GitHubActionsService] AAD Correlation ID for this token request: Unknown
[2025-08-21 19:55:52Z INFO RSAEncryptedFileKeyManager] Loading RSA key parameters from file C:\laragon\www\sapapi\actions-runner\.credentials_rsaparams
[2025-08-21 19:55:53Z INFO GitHubActionsService] AAD Correlation ID for this token request: Unknown
[2025-08-21 20:46:18Z INFO RSAEncryptedFileKeyManager] Loading RSA key parameters from file C:\laragon\www\sapapi\actions-runner\.credentials_rsaparams
[2025-08-21 20:46:19Z INFO GitHubActionsService] AAD Correlation ID for this token request: Unknown
[2025-08-21 21:36:45Z INFO RSAEncryptedFileKeyManager] Loading RSA key parameters from file C:\laragon\www\sapapi\actions-runner\.credentials_rsaparams
[2025-08-21 21:36:46Z INFO GitHubActionsService] AAD Correlation ID for this token request: Unknown
[2025-08-21 22:27:19Z INFO RSAEncryptedFileKeyManager] Loading RSA key parameters from file C:\laragon\www\sapapi\actions-runner\.credentials_rsaparams
[2025-08-21 22:27:20Z INFO GitHubActionsService] AAD Correlation ID for this token request: Unknown
[2025-08-21 22:53:34Z INFO Runner] Received RunnerRefreshConfigMessage for 'runner' config file
[2025-08-21 22:53:34Z INFO RunnerConfigUpdater] Verifying runner qualified id: U_kgDOAIytEA/R_kgDOPX5Qyg/self-hosted/22
[2025-08-21 22:53:34Z INFO HostContext] Well known directory 'Bin': 'C:\laragon\www\sapapi\actions-runner\bin'
[2025-08-21 22:53:34Z INFO HostContext] Well known directory 'Root': 'C:\laragon\www\sapapi\actions-runner'
[2025-08-21 22:53:34Z INFO HostContext] Well known config file 'Runner': 'C:\laragon\www\sapapi\actions-runner\.runner'
[2025-08-21 22:53:36Z INFO RSAEncryptedFileKeyManager] Loading RSA key parameters from file C:\laragon\www\sapapi\actions-runner\.credentials_rsaparams
[2025-08-21 22:53:37Z INFO GitHubActionsService] AAD Correlation ID for this token request: Unknown
[2025-08-21 22:53:38Z INFO ConfigurationStore] Saving runner migrated settings
[2025-08-21 22:53:38Z INFO ConfigurationStore] Delete exist runner migrated settings file.
[2025-08-21 22:53:38Z INFO ConfigurationStore] Migrated Settings Saved.
[2025-08-21 22:53:38Z INFO Runner] Runner configuration was updated. Session restart has been scheduled
[2025-08-21 22:53:38Z INFO Runner] Pending session restart detected and job dispatcher is not busy. Restarting session now.
[2025-08-21 22:53:38Z INFO JobDispatcher] Shutting down JobDispatcher. Make sure all WorkerDispatcher has finished.
[2025-08-21 22:53:38Z INFO JobDispatcher] Ensure WorkerDispatcher for job b17516d0-725e-5770-9320-e3567111376f run to finish, cancel any running job.
[2025-08-21 22:53:38Z INFO JobDispatcher] Job request b17516d0-725e-5770-9320-e3567111376f processed succeed.
[2025-08-21 22:53:38Z INFO Runner] Deleting Runner Session...
[2025-08-21 22:53:39Z INFO Runner] Restarting runner session after config update...
[2025-08-21 22:53:39Z INFO Runner] Runner configuration was refreshed, restarting session...
[2025-08-21 22:53:39Z INFO ConfigurationManager] LoadSettings
[2025-08-21 22:53:39Z INFO ConfigurationStore] IsConfigured()
[2025-08-21 22:53:39Z INFO ConfigurationStore] IsConfigured: True
[2025-08-21 22:53:39Z INFO ConfigurationManager] Is configured: True
[2025-08-21 22:53:39Z INFO ConfigurationManager] Settings Loaded
[2025-08-21 22:53:39Z INFO Runner] RunAsync
[2025-08-21 22:53:39Z INFO ConfigurationManager] LoadMigratedSettings
[2025-08-21 22:53:39Z INFO ConfigurationStore] IsMigratedConfigured()
[2025-08-21 22:53:39Z INFO ConfigurationStore] IsMigratedConfigured: True
[2025-08-21 22:53:39Z INFO ConfigurationManager] Migrated Settings Loaded
[2025-08-21 22:53:39Z INFO Runner] Loaded migrated settings from .runner_migrated file
[2025-08-21 22:53:39Z INFO Runner] {
  "AgentId": 22,
  "AgentName": "JO",
  "PoolId": 1,
  "PoolName": "Default",
  "ServerUrl": "https://pipelinesghubeus26.actions.githubusercontent.com/OTqsuixwcDOeboiI5ELPh9vt0loVA9erSQMzHOLYofkfIDGeBX/",
  "GitHubUrl": "https://github.com/jauharimalik/sapapi",
  "WorkFolder": "_work",
  "UseV2Flow": true,
  "ServerUrlV2": "https://broker.actions.githubusercontent.com/"
}
[2025-08-21 22:53:39Z INFO Runner] Attempting to create session using migrated settings
[2025-08-21 22:53:39Z INFO Runner] Using BrokerMessageListener
[2025-08-21 22:53:39Z INFO BrokerMessageListener] Using provided settings
[2025-08-21 22:53:39Z INFO BrokerMessageListener] Using migrated settings from .runner_migrated
[2025-08-21 22:53:39Z INFO BrokerMessageListener] {
  "AgentId": 22,
  "AgentName": "JO",
  "PoolId": 1,
  "PoolName": "Default",
  "ServerUrl": "https://pipelinesghubeus26.actions.githubusercontent.com/OTqsuixwcDOeboiI5ELPh9vt0loVA9erSQMzHOLYofkfIDGeBX/",
  "GitHubUrl": "https://github.com/jauharimalik/sapapi",
  "WorkFolder": "_work",
  "UseV2Flow": true,
  "ServerUrlV2": "https://broker.actions.githubusercontent.com/"
}
[2025-08-21 22:53:39Z INFO BrokerMessageListener] Loading Credentials
[2025-08-21 22:53:39Z INFO ConfigurationStore] HasCredentials()
[2025-08-21 22:53:39Z INFO ConfigurationStore] stored True
[2025-08-21 22:53:39Z INFO CredentialManager] GetCredentialProvider
[2025-08-21 22:53:39Z INFO CredentialManager] Creating type OAuth
[2025-08-21 22:53:39Z INFO CredentialManager] Creating credential type: OAuth
[2025-08-21 22:53:39Z INFO RSAEncryptedFileKeyManager] Loading RSA key parameters from file C:\laragon\www\sapapi\actions-runner\.credentials_rsaparams
[2025-08-21 22:53:39Z INFO BrokerMessageListener] Attempt to create session.
[2025-08-21 22:53:39Z INFO BrokerMessageListener] Connecting to the Broker Server...
[2025-08-21 22:53:39Z INFO ConfigurationStore] HasCredentials()
[2025-08-21 22:53:39Z INFO ConfigurationStore] stored True
[2025-08-21 22:53:39Z INFO CredentialManager] GetCredentialProvider
[2025-08-21 22:53:39Z INFO CredentialManager] Creating type OAuth
[2025-08-21 22:53:39Z INFO CredentialManager] Creating credential type: OAuth
[2025-08-21 22:53:39Z INFO RSAEncryptedFileKeyManager] Loading RSA key parameters from file C:\laragon\www\sapapi\actions-runner\.credentials_rsaparams
[2025-08-21 22:53:39Z INFO BrokerMessageListener] VssConnection created
[2025-08-21 22:53:39Z INFO BrokerMessageListener] Connecting to the Runner server...
[2025-08-21 22:53:39Z INFO RunnerServer] EstablishVssConnection
[2025-08-21 22:53:39Z INFO RunnerServer] Establish connection with 100 seconds timeout.
[2025-08-21 22:53:39Z INFO GitHubActionsService] Starting operation Location.GetConnectionData
[2025-08-21 22:53:39Z INFO RunnerServer] EstablishVssConnection
[2025-08-21 22:53:39Z INFO RunnerServer] Establish connection with 60 seconds timeout.
[2025-08-21 22:53:39Z INFO GitHubActionsService] Starting operation Location.GetConnectionData
[2025-08-21 22:53:39Z INFO RunnerServer] EstablishVssConnection
[2025-08-21 22:53:39Z INFO RunnerServer] Establish connection with 60 seconds timeout.
[2025-08-21 22:53:39Z INFO GitHubActionsService] Starting operation Location.GetConnectionData
[2025-08-21 22:53:41Z INFO GitHubActionsService] Finished operation Location.GetConnectionData
[2025-08-21 22:53:41Z INFO GitHubActionsService] Finished operation Location.GetConnectionData
[2025-08-21 22:53:41Z INFO GitHubActionsService] Finished operation Location.GetConnectionData
[2025-08-21 22:53:41Z INFO BrokerMessageListener] VssConnection created
[2025-08-21 22:53:41Z INFO Terminal] WRITE LINE: 
[2025-08-21 22:53:41Z INFO Terminal] WRITE LINE: 
[2025-08-21 22:53:41Z INFO RSAEncryptedFileKeyManager] Loading RSA key parameters from file C:\laragon\www\sapapi\actions-runner\.credentials_rsaparams
[2025-08-21 22:53:41Z INFO RSAEncryptedFileKeyManager] Loading RSA key parameters from file C:\laragon\www\sapapi\actions-runner\.credentials_rsaparams
[2025-08-21 22:53:42Z INFO GitHubActionsService] AAD Correlation ID for this token request: Unknown
[2025-08-21 22:53:44Z INFO BrokerMessageListener] Session created.
[2025-08-21 22:53:44Z INFO Runner] Successfully created session with migrated settings
[2025-08-21 22:53:44Z INFO Terminal] WRITE LINE: Current runner version: '2.328.0'
[2025-08-21 22:53:44Z INFO Terminal] WRITE LINE: 2025-08-21 22:53:44Z: Listening for Jobs
[2025-08-21 22:53:44Z INFO JobDispatcher] Set runner/worker IPC timeout to 30 seconds.
[2025-08-21 23:44:07Z INFO RSAEncryptedFileKeyManager] Loading RSA key parameters from file C:\laragon\www\sapapi\actions-runner\.credentials_rsaparams
[2025-08-21 23:44:08Z INFO GitHubActionsService] AAD Correlation ID for this token request: Unknown
[2025-08-22 00:34:33Z INFO RSAEncryptedFileKeyManager] Loading RSA key parameters from file C:\laragon\www\sapapi\actions-runner\.credentials_rsaparams
[2025-08-22 00:34:34Z INFO GitHubActionsService] AAD Correlation ID for this token request: Unknown
[2025-08-22 01:25:01Z INFO RSAEncryptedFileKeyManager] Loading RSA key parameters from file C:\laragon\www\sapapi\actions-runner\.credentials_rsaparams
[2025-08-22 01:25:02Z INFO GitHubActionsService] AAD Correlation ID for this token request: Unknown
[2025-08-22 02:15:24Z INFO RSAEncryptedFileKeyManager] Loading RSA key parameters from file C:\laragon\www\sapapi\actions-runner\.credentials_rsaparams
[2025-08-22 02:15:25Z INFO GitHubActionsService] AAD Correlation ID for this token request: Unknown
[2025-08-22 03:05:51Z INFO RSAEncryptedFileKeyManager] Loading RSA key parameters from file C:\laragon\www\sapapi\actions-runner\.credentials_rsaparams
[2025-08-22 03:05:52Z INFO GitHubActionsService] AAD Correlation ID for this token request: Unknown
[2025-08-22 03:23:50Z WARN GitHubActionsService] Attempt 1 of GET request to https://broker.actions.githubusercontent.com/message?sessionId=f18c5211-d500-4baa-bc43-e44c51ed82a8&status=Online&runnerVersion=2.328.0&os=Windows&architecture=X64&disableUpdate=false failed (Socket Error: ConnectionReset). The operation will be retried in 10.941 seconds.
[2025-08-22 03:39:59Z WARN GitHubActionsService] GET request to https://broker.actions.githubusercontent.com/message?sessionId=f18c5211-d500-4baa-bc43-e44c51ed82a8&status=Online&runnerVersion=2.328.0&os=Windows&architecture=X64&disableUpdate=false timed out after 100 seconds.
[2025-08-22 03:39:59Z ERR  BrokerServer] Catch exception during request
[2025-08-22 03:39:59Z ERR  BrokerServer] System.TimeoutException: The HTTP request timed out after 00:01:40.
 ---> System.Threading.Tasks.TaskCanceledException: The operation was canceled.
 ---> System.IO.IOException: Unable to read data from the transport connection: The I/O operation has been aborted because of either a thread exit or an application request..
 ---> System.Net.Sockets.SocketException (995): The I/O operation has been aborted because of either a thread exit or an application request.
   --- End of inner exception stack trace ---
   at System.Net.Sockets.Socket.AwaitableSocketAsyncEventArgs.ThrowException(SocketError error, CancellationToken cancellationToken)
   at System.Net.Sockets.Socket.AwaitableSocketAsyncEventArgs.System.Threading.Tasks.Sources.IValueTaskSource<System.Int32>.GetResult(Int16 token)
   at System.Net.Security.SslStream.EnsureFullTlsFrameAsync[TIOAdapter](CancellationToken cancellationToken, Int32 estimatedSize)
   at System.Runtime.CompilerServices.PoolingAsyncValueTaskMethodBuilder`1.StateMachineBox`1.System.Threading.Tasks.Sources.IValueTaskSource<TResult>.GetResult(Int16 token)
   at System.Net.Security.SslStream.ReadAsyncInternal[TIOAdapter](Memory`1 buffer, CancellationToken cancellationToken)
   at System.Runtime.CompilerServices.PoolingAsyncValueTaskMethodBuilder`1.StateMachineBox`1.System.Threading.Tasks.Sources.IValueTaskSource<TResult>.GetResult(Int16 token)
   at System.Net.Http.HttpConnection.SendAsync(HttpRequestMessage request, Boolean async, CancellationToken cancellationToken)
   --- End of inner exception stack trace ---
   at System.Net.Http.HttpConnection.SendAsync(HttpRequestMessage request, Boolean async, CancellationToken cancellationToken)
   at System.Net.Http.AuthenticationHelper.SendWithNtAuthAsync(HttpRequestMessage request, Uri authUri, Boolean async, ICredentials credentials, Boolean isProxyAuth, HttpConnection connection, HttpConnectionPool connectionPool, CancellationToken cancellationToken)
   at System.Net.Http.HttpConnectionPool.SendWithVersionDetectionAndRetryAsync(HttpRequestMessage request, Boolean async, Boolean doRequestAuth, CancellationToken cancellationToken)
   at System.Net.Http.AuthenticationHelper.SendWithAuthAsync(HttpRequestMessage request, Uri authUri, Boolean async, ICredentials credentials, Boolean preAuthenticate, Boolean isProxyAuth, Boolean doRequestAuth, HttpConnectionPool pool, CancellationToken cancellationToken)
   at System.Net.Http.RedirectHandler.SendAsync(HttpRequestMessage request, Boolean async, CancellationToken cancellationToken)
   at GitHub.Services.Common.RawHttpMessageHandler.SendAsync(HttpRequestMessage request, CancellationToken cancellationToken)
   --- End of inner exception stack trace ---
   at GitHub.Services.Common.RawHttpMessageHandler.SendAsync(HttpRequestMessage request, CancellationToken cancellationToken)
   at GitHub.Services.Common.VssHttpRetryMessageHandler.SendAsync(HttpRequestMessage request, CancellationToken cancellationToken)
   at System.Net.Http.HttpClient.<SendAsync>g__Core|83_0(HttpRequestMessage request, HttpCompletionOption completionOption, CancellationTokenSource cts, Boolean disposeCts, CancellationTokenSource pendingRequestsCts, CancellationToken originalCancellationToken)
   at Sdk.WebApi.WebApi.RawHttpClientBase.SendAsync(HttpRequestMessage message, HttpCompletionOption completionOption, Object userState, CancellationToken cancellationToken)
   at Sdk.WebApi.WebApi.RawHttpClientBase.SendAsync[T](HttpRequestMessage message, Boolean readErrorBody, Object userState, CancellationToken cancellationToken)
   at Sdk.WebApi.WebApi.RawHttpClientBase.SendAsync[T](HttpMethod method, IEnumerable`1 additionalHeaders, Uri requestUri, HttpContent content, IEnumerable`1 queryParameters, Boolean readErrorBody, Object userState, CancellationToken cancellationToken)
   at GitHub.Actions.RunService.WebApi.BrokerHttpClient.GetRunnerMessageAsync(Nullable`1 sessionId, String runnerVersion, Nullable`1 status, String os, String architecture, Nullable`1 disableUpdate, CancellationToken cancellationToken)
   at GitHub.Runner.Common.BrokerServer.<>c__DisplayClass7_0.<<GetRunnerMessageAsync>b__0>d.MoveNext()
--- End of stack trace from previous location ---
   at GitHub.Runner.Common.RunnerService.RetryRequest[T](Func`1 func, CancellationToken cancellationToken, Int32 maxRetryAttemptsCount, Func`2 shouldRetry)
[2025-08-22 03:39:59Z ERR  BrokerServer] #####################################################
[2025-08-22 03:39:59Z ERR  BrokerServer] System.Threading.Tasks.TaskCanceledException: The operation was canceled.
 ---> System.IO.IOException: Unable to read data from the transport connection: The I/O operation has been aborted because of either a thread exit or an application request..
 ---> System.Net.Sockets.SocketException (995): The I/O operation has been aborted because of either a thread exit or an application request.
   --- End of inner exception stack trace ---
   at System.Net.Sockets.Socket.AwaitableSocketAsyncEventArgs.ThrowException(SocketError error, CancellationToken cancellationToken)
   at System.Net.Sockets.Socket.AwaitableSocketAsyncEventArgs.System.Threading.Tasks.Sources.IValueTaskSource<System.Int32>.GetResult(Int16 token)
   at System.Net.Security.SslStream.EnsureFullTlsFrameAsync[TIOAdapter](CancellationToken cancellationToken, Int32 estimatedSize)
   at System.Runtime.CompilerServices.PoolingAsyncValueTaskMethodBuilder`1.StateMachineBox`1.System.Threading.Tasks.Sources.IValueTaskSource<TResult>.GetResult(Int16 token)
   at System.Net.Security.SslStream.ReadAsyncInternal[TIOAdapter](Memory`1 buffer, CancellationToken cancellationToken)
   at System.Runtime.CompilerServices.PoolingAsyncValueTaskMethodBuilder`1.StateMachineBox`1.System.Threading.Tasks.Sources.IValueTaskSource<TResult>.GetResult(Int16 token)
   at System.Net.Http.HttpConnection.SendAsync(HttpRequestMessage request, Boolean async, CancellationToken cancellationToken)
   --- End of inner exception stack trace ---
   at System.Net.Http.HttpConnection.SendAsync(HttpRequestMessage request, Boolean async, CancellationToken cancellationToken)
   at System.Net.Http.AuthenticationHelper.SendWithNtAuthAsync(HttpRequestMessage request, Uri authUri, Boolean async, ICredentials credentials, Boolean isProxyAuth, HttpConnection connection, HttpConnectionPool connectionPool, CancellationToken cancellationToken)
   at System.Net.Http.HttpConnectionPool.SendWithVersionDetectionAndRetryAsync(HttpRequestMessage request, Boolean async, Boolean doRequestAuth, CancellationToken cancellationToken)
   at System.Net.Http.AuthenticationHelper.SendWithAuthAsync(HttpRequestMessage request, Uri authUri, Boolean async, ICredentials credentials, Boolean preAuthenticate, Boolean isProxyAuth, Boolean doRequestAuth, HttpConnectionPool pool, CancellationToken cancellationToken)
   at System.Net.Http.RedirectHandler.SendAsync(HttpRequestMessage request, Boolean async, CancellationToken cancellationToken)
   at GitHub.Services.Common.RawHttpMessageHandler.SendAsync(HttpRequestMessage request, CancellationToken cancellationToken)
[2025-08-22 03:39:59Z ERR  BrokerServer] #####################################################
[2025-08-22 03:39:59Z ERR  BrokerServer] System.IO.IOException: Unable to read data from the transport connection: The I/O operation has been aborted because of either a thread exit or an application request..
 ---> System.Net.Sockets.SocketException (995): The I/O operation has been aborted because of either a thread exit or an application request.
   --- End of inner exception stack trace ---
   at System.Net.Sockets.Socket.AwaitableSocketAsyncEventArgs.ThrowException(SocketError error, CancellationToken cancellationToken)
   at System.Net.Sockets.Socket.AwaitableSocketAsyncEventArgs.System.Threading.Tasks.Sources.IValueTaskSource<System.Int32>.GetResult(Int16 token)
   at System.Net.Security.SslStream.EnsureFullTlsFrameAsync[TIOAdapter](CancellationToken cancellationToken, Int32 estimatedSize)
   at System.Runtime.CompilerServices.PoolingAsyncValueTaskMethodBuilder`1.StateMachineBox`1.System.Threading.Tasks.Sources.IValueTaskSource<TResult>.GetResult(Int16 token)
   at System.Net.Security.SslStream.ReadAsyncInternal[TIOAdapter](Memory`1 buffer, CancellationToken cancellationToken)
   at System.Runtime.CompilerServices.PoolingAsyncValueTaskMethodBuilder`1.StateMachineBox`1.System.Threading.Tasks.Sources.IValueTaskSource<TResult>.GetResult(Int16 token)
   at System.Net.Http.HttpConnection.SendAsync(HttpRequestMessage request, Boolean async, CancellationToken cancellationToken)
[2025-08-22 03:39:59Z ERR  BrokerServer] #####################################################
[2025-08-22 03:39:59Z ERR  BrokerServer] System.Net.Sockets.SocketException (995): The I/O operation has been aborted because of either a thread exit or an application request.
[2025-08-22 03:39:59Z WARN BrokerServer] Back off 11.496 seconds before next retry. 4 attempt left.
[2025-08-22 03:48:18Z INFO Runner] Refresh message received, kick-off selfupdate background process.
[2025-08-22 03:48:19Z INFO RSAEncryptedFileKeyManager] Loading RSA key parameters from file C:\laragon\www\sapapi\actions-runner\.credentials_rsaparams
[2025-08-22 03:48:19Z INFO RSAEncryptedFileKeyManager] Loading RSA key parameters from file C:\laragon\www\sapapi\actions-runner\.credentials_rsaparams
[2025-08-22 03:48:20Z INFO GitHubActionsService] AAD Correlation ID for this token request: Unknown
[2025-08-22 03:48:21Z INFO SelfUpdater] Version '2.328.0' of 'agent' package available in server.
[2025-08-22 03:48:21Z INFO SelfUpdater] Current running runner version is 2.328.0
[2025-08-22 03:48:21Z INFO SelfUpdater] Can't find available update package.
[2025-08-22 03:48:21Z INFO Terminal] WRITE LINE: Runner update process finished.
[2025-08-22 03:48:21Z INFO Runner] Auto update task finished at backend, there is no available runner update needs to apply, continue message queue looping.
[2025-08-22 03:55:52Z INFO RSAEncryptedFileKeyManager] Loading RSA key parameters from file C:\laragon\www\sapapi\actions-runner\.credentials_rsaparams
[2025-08-22 03:55:53Z INFO GitHubActionsService] AAD Correlation ID for this token request: Unknown
[2025-08-22 04:46:18Z INFO RSAEncryptedFileKeyManager] Loading RSA key parameters from file C:\laragon\www\sapapi\actions-runner\.credentials_rsaparams
[2025-08-22 04:46:19Z INFO GitHubActionsService] AAD Correlation ID for this token request: Unknown
[2025-08-22 05:36:42Z INFO RSAEncryptedFileKeyManager] Loading RSA key parameters from file C:\laragon\www\sapapi\actions-runner\.credentials_rsaparams
[2025-08-22 05:36:43Z INFO GitHubActionsService] AAD Correlation ID for this token request: Unknown
[2025-08-22 06:27:06Z INFO RSAEncryptedFileKeyManager] Loading RSA key parameters from file C:\laragon\www\sapapi\actions-runner\.credentials_rsaparams
[2025-08-22 06:27:07Z INFO GitHubActionsService] AAD Correlation ID for this token request: Unknown
[2025-08-22 07:17:31Z INFO RSAEncryptedFileKeyManager] Loading RSA key parameters from file C:\laragon\www\sapapi\actions-runner\.credentials_rsaparams
[2025-08-22 07:17:32Z INFO GitHubActionsService] AAD Correlation ID for this token request: Unknown
[2025-08-22 08:07:55Z INFO RSAEncryptedFileKeyManager] Loading RSA key parameters from file C:\laragon\www\sapapi\actions-runner\.credentials_rsaparams
[2025-08-22 08:07:56Z INFO GitHubActionsService] AAD Correlation ID for this token request: Unknown
[2025-08-22 08:58:20Z INFO RSAEncryptedFileKeyManager] Loading RSA key parameters from file C:\laragon\www\sapapi\actions-runner\.credentials_rsaparams
[2025-08-22 08:58:21Z INFO GitHubActionsService] AAD Correlation ID for this token request: Unknown
[2025-08-22 09:48:45Z INFO RSAEncryptedFileKeyManager] Loading RSA key parameters from file C:\laragon\www\sapapi\actions-runner\.credentials_rsaparams
[2025-08-22 09:48:47Z INFO GitHubActionsService] AAD Correlation ID for this token request: Unknown
[2025-08-22 10:39:10Z INFO RSAEncryptedFileKeyManager] Loading RSA key parameters from file C:\laragon\www\sapapi\actions-runner\.credentials_rsaparams
[2025-08-22 10:39:11Z INFO GitHubActionsService] AAD Correlation ID for this token request: Unknown
[2025-08-22 11:29:36Z INFO RSAEncryptedFileKeyManager] Loading RSA key parameters from file C:\laragon\www\sapapi\actions-runner\.credentials_rsaparams
[2025-08-22 11:29:37Z INFO GitHubActionsService] AAD Correlation ID for this token request: Unknown
[2025-08-22 12:18:16Z WARN GitHubActionsService] Attempt 1 of GET request to https://broker.actions.githubusercontent.com/message?sessionId=f18c5211-d500-4baa-bc43-e44c51ed82a8&status=Online&runnerVersion=2.328.0&os=Windows&architecture=X64&disableUpdate=false failed (HTTP Status: ServiceUnavailable). The operation will be retried in 10.801 seconds.
[2025-08-22 12:20:08Z INFO RSAEncryptedFileKeyManager] Loading RSA key parameters from file C:\laragon\www\sapapi\actions-runner\.credentials_rsaparams
[2025-08-22 12:20:10Z INFO GitHubActionsService] AAD Correlation ID for this token request: Unknown
[2025-08-22 13:10:36Z INFO RSAEncryptedFileKeyManager] Loading RSA key parameters from file C:\laragon\www\sapapi\actions-runner\.credentials_rsaparams
[2025-08-22 13:10:37Z INFO GitHubActionsService] AAD Correlation ID for this token request: Unknown
[2025-08-22 14:01:05Z INFO RSAEncryptedFileKeyManager] Loading RSA key parameters from file C:\laragon\www\sapapi\actions-runner\.credentials_rsaparams
[2025-08-22 14:01:06Z INFO GitHubActionsService] AAD Correlation ID for this token request: Unknown
[2025-08-22 14:51:34Z INFO RSAEncryptedFileKeyManager] Loading RSA key parameters from file C:\laragon\www\sapapi\actions-runner\.credentials_rsaparams
[2025-08-22 14:51:35Z INFO GitHubActionsService] AAD Correlation ID for this token request: Unknown
[2025-08-22 15:42:02Z INFO RSAEncryptedFileKeyManager] Loading RSA key parameters from file C:\laragon\www\sapapi\actions-runner\.credentials_rsaparams
[2025-08-22 15:42:03Z INFO GitHubActionsService] AAD Correlation ID for this token request: Unknown
[2025-08-22 16:32:29Z INFO RSAEncryptedFileKeyManager] Loading RSA key parameters from file C:\laragon\www\sapapi\actions-runner\.credentials_rsaparams
[2025-08-22 16:32:30Z INFO GitHubActionsService] AAD Correlation ID for this token request: Unknown
[2025-08-22 17:22:56Z INFO RSAEncryptedFileKeyManager] Loading RSA key parameters from file C:\laragon\www\sapapi\actions-runner\.credentials_rsaparams
[2025-08-22 17:22:57Z INFO GitHubActionsService] AAD Correlation ID for this token request: Unknown
[2025-08-22 18:13:23Z INFO RSAEncryptedFileKeyManager] Loading RSA key parameters from file C:\laragon\www\sapapi\actions-runner\.credentials_rsaparams
[2025-08-22 18:13:24Z INFO GitHubActionsService] AAD Correlation ID for this token request: Unknown
[2025-08-22 19:03:51Z INFO RSAEncryptedFileKeyManager] Loading RSA key parameters from file C:\laragon\www\sapapi\actions-runner\.credentials_rsaparams
[2025-08-22 19:03:52Z INFO GitHubActionsService] AAD Correlation ID for this token request: Unknown
[2025-08-22 19:54:19Z INFO RSAEncryptedFileKeyManager] Loading RSA key parameters from file C:\laragon\www\sapapi\actions-runner\.credentials_rsaparams
[2025-08-22 19:54:20Z INFO GitHubActionsService] AAD Correlation ID for this token request: Unknown
[2025-08-22 20:44:47Z INFO RSAEncryptedFileKeyManager] Loading RSA key parameters from file C:\laragon\www\sapapi\actions-runner\.credentials_rsaparams
[2025-08-22 20:44:48Z INFO GitHubActionsService] AAD Correlation ID for this token request: Unknown
[2025-08-22 21:35:17Z INFO RSAEncryptedFileKeyManager] Loading RSA key parameters from file C:\laragon\www\sapapi\actions-runner\.credentials_rsaparams
[2025-08-22 21:35:18Z INFO GitHubActionsService] AAD Correlation ID for this token request: Unknown
[2025-08-22 22:25:46Z INFO RSAEncryptedFileKeyManager] Loading RSA key parameters from file C:\laragon\www\sapapi\actions-runner\.credentials_rsaparams
[2025-08-22 22:25:47Z INFO GitHubActionsService] AAD Correlation ID for this token request: Unknown
[2025-08-22 22:53:34Z INFO Runner] Received RunnerRefreshConfigMessage for 'runner' config file
[2025-08-22 22:53:34Z INFO RunnerConfigUpdater] Verifying runner qualified id: U_kgDOAIytEA/R_kgDOPX5Qyg/self-hosted/22
[2025-08-22 22:53:34Z INFO HostContext] Well known directory 'Bin': 'C:\laragon\www\sapapi\actions-runner\bin'
[2025-08-22 22:53:34Z INFO HostContext] Well known directory 'Root': 'C:\laragon\www\sapapi\actions-runner'
[2025-08-22 22:53:34Z INFO HostContext] Well known config file 'Runner': 'C:\laragon\www\sapapi\actions-runner\.runner'
[2025-08-22 22:53:35Z INFO RSAEncryptedFileKeyManager] Loading RSA key parameters from file C:\laragon\www\sapapi\actions-runner\.credentials_rsaparams
[2025-08-22 22:53:36Z INFO GitHubActionsService] AAD Correlation ID for this token request: Unknown
[2025-08-22 22:53:36Z INFO ConfigurationStore] Saving runner migrated settings
[2025-08-22 22:53:36Z INFO ConfigurationStore] Delete exist runner migrated settings file.
[2025-08-22 22:53:36Z INFO ConfigurationStore] Migrated Settings Saved.
[2025-08-22 22:53:37Z INFO Runner] Runner configuration was updated. Session restart has been scheduled
[2025-08-22 22:53:37Z INFO Runner] Pending session restart detected and job dispatcher is not busy. Restarting session now.
[2025-08-22 22:53:37Z INFO JobDispatcher] Shutting down JobDispatcher. Make sure all WorkerDispatcher has finished.
[2025-08-22 22:53:37Z INFO Runner] Deleting Runner Session...
[2025-08-22 22:53:37Z INFO Runner] Restarting runner session after config update...
[2025-08-22 22:53:37Z INFO Runner] Runner configuration was refreshed, restarting session...
[2025-08-22 22:53:37Z INFO ConfigurationManager] LoadSettings
[2025-08-22 22:53:37Z INFO ConfigurationStore] IsConfigured()
[2025-08-22 22:53:37Z INFO ConfigurationStore] IsConfigured: True
[2025-08-22 22:53:37Z INFO ConfigurationManager] Is configured: True
[2025-08-22 22:53:37Z INFO ConfigurationManager] Settings Loaded
[2025-08-22 22:53:37Z INFO Runner] RunAsync
[2025-08-22 22:53:37Z INFO ConfigurationManager] LoadMigratedSettings
[2025-08-22 22:53:37Z INFO ConfigurationStore] IsMigratedConfigured()
[2025-08-22 22:53:37Z INFO ConfigurationStore] IsMigratedConfigured: True
[2025-08-22 22:53:37Z INFO ConfigurationManager] Migrated Settings Loaded
[2025-08-22 22:53:37Z INFO Runner] Loaded migrated settings from .runner_migrated file
[2025-08-22 22:53:37Z INFO Runner] {
  "AgentId": 22,
  "AgentName": "JO",
  "PoolId": 1,
  "PoolName": "Default",
  "ServerUrl": "https://pipelinesghubeus26.actions.githubusercontent.com/OTqsuixwcDOeboiI5ELPh9vt0loVA9erSQMzHOLYofkfIDGeBX/",
  "GitHubUrl": "https://github.com/jauharimalik/sapapi",
  "WorkFolder": "_work",
  "UseV2Flow": true,
  "ServerUrlV2": "https://broker.actions.githubusercontent.com/"
}
[2025-08-22 22:53:37Z INFO Runner] Attempting to create session using migrated settings
[2025-08-22 22:53:37Z INFO Runner] Using BrokerMessageListener
[2025-08-22 22:53:37Z INFO BrokerMessageListener] Using provided settings
[2025-08-22 22:53:37Z INFO BrokerMessageListener] Using migrated settings from .runner_migrated
[2025-08-22 22:53:37Z INFO BrokerMessageListener] {
  "AgentId": 22,
  "AgentName": "JO",
  "PoolId": 1,
  "PoolName": "Default",
  "ServerUrl": "https://pipelinesghubeus26.actions.githubusercontent.com/OTqsuixwcDOeboiI5ELPh9vt0loVA9erSQMzHOLYofkfIDGeBX/",
  "GitHubUrl": "https://github.com/jauharimalik/sapapi",
  "WorkFolder": "_work",
  "UseV2Flow": true,
  "ServerUrlV2": "https://broker.actions.githubusercontent.com/"
}
[2025-08-22 22:53:37Z INFO BrokerMessageListener] Loading Credentials
[2025-08-22 22:53:37Z INFO ConfigurationStore] HasCredentials()
[2025-08-22 22:53:37Z INFO ConfigurationStore] stored True
[2025-08-22 22:53:37Z INFO CredentialManager] GetCredentialProvider
[2025-08-22 22:53:37Z INFO CredentialManager] Creating type OAuth
[2025-08-22 22:53:37Z INFO CredentialManager] Creating credential type: OAuth
[2025-08-22 22:53:37Z INFO RSAEncryptedFileKeyManager] Loading RSA key parameters from file C:\laragon\www\sapapi\actions-runner\.credentials_rsaparams
[2025-08-22 22:53:37Z INFO BrokerMessageListener] Attempt to create session.
[2025-08-22 22:53:37Z INFO BrokerMessageListener] Connecting to the Broker Server...
[2025-08-22 22:53:37Z INFO ConfigurationStore] HasCredentials()
[2025-08-22 22:53:37Z INFO ConfigurationStore] stored True
[2025-08-22 22:53:37Z INFO CredentialManager] GetCredentialProvider
[2025-08-22 22:53:37Z INFO CredentialManager] Creating type OAuth
[2025-08-22 22:53:37Z INFO CredentialManager] Creating credential type: OAuth
[2025-08-22 22:53:37Z INFO RSAEncryptedFileKeyManager] Loading RSA key parameters from file C:\laragon\www\sapapi\actions-runner\.credentials_rsaparams
[2025-08-22 22:53:37Z INFO BrokerMessageListener] VssConnection created
[2025-08-22 22:53:37Z INFO BrokerMessageListener] Connecting to the Runner server...
[2025-08-22 22:53:37Z INFO RunnerServer] EstablishVssConnection
[2025-08-22 22:53:37Z INFO RunnerServer] Establish connection with 100 seconds timeout.
[2025-08-22 22:53:37Z INFO GitHubActionsService] Starting operation Location.GetConnectionData
[2025-08-22 22:53:37Z INFO RunnerServer] EstablishVssConnection
[2025-08-22 22:53:37Z INFO RunnerServer] Establish connection with 60 seconds timeout.
[2025-08-22 22:53:37Z INFO GitHubActionsService] Starting operation Location.GetConnectionData
[2025-08-22 22:53:37Z INFO RunnerServer] EstablishVssConnection
[2025-08-22 22:53:37Z INFO RunnerServer] Establish connection with 60 seconds timeout.
[2025-08-22 22:53:37Z INFO GitHubActionsService] Starting operation Location.GetConnectionData
[2025-08-22 22:53:38Z INFO GitHubActionsService] Finished operation Location.GetConnectionData
[2025-08-22 22:53:38Z INFO GitHubActionsService] Finished operation Location.GetConnectionData
[2025-08-22 22:53:38Z INFO GitHubActionsService] Finished operation Location.GetConnectionData
[2025-08-22 22:53:38Z INFO BrokerMessageListener] VssConnection created
[2025-08-22 22:53:38Z INFO Terminal] WRITE LINE: 
[2025-08-22 22:53:38Z INFO Terminal] WRITE LINE: 
[2025-08-22 22:53:38Z INFO RSAEncryptedFileKeyManager] Loading RSA key parameters from file C:\laragon\www\sapapi\actions-runner\.credentials_rsaparams
[2025-08-22 22:53:38Z INFO RSAEncryptedFileKeyManager] Loading RSA key parameters from file C:\laragon\www\sapapi\actions-runner\.credentials_rsaparams
[2025-08-22 22:53:39Z INFO GitHubActionsService] AAD Correlation ID for this token request: Unknown
[2025-08-22 22:53:41Z INFO BrokerMessageListener] Session created.
[2025-08-22 22:53:41Z INFO Runner] Successfully created session with migrated settings
[2025-08-22 22:53:41Z INFO Terminal] WRITE LINE: Current runner version: '2.328.0'
[2025-08-22 22:53:41Z INFO Terminal] WRITE LINE: 2025-08-22 22:53:41Z: Listening for Jobs
[2025-08-22 22:53:41Z INFO JobDispatcher] Set runner/worker IPC timeout to 30 seconds.
[2025-08-22 23:44:06Z INFO RSAEncryptedFileKeyManager] Loading RSA key parameters from file C:\laragon\www\sapapi\actions-runner\.credentials_rsaparams
[2025-08-22 23:44:07Z INFO GitHubActionsService] AAD Correlation ID for this token request: Unknown
[2025-08-23 00:34:32Z INFO RSAEncryptedFileKeyManager] Loading RSA key parameters from file C:\laragon\www\sapapi\actions-runner\.credentials_rsaparams
[2025-08-23 00:34:33Z INFO GitHubActionsService] AAD Correlation ID for this token request: Unknown
[2025-08-23 01:24:57Z INFO RSAEncryptedFileKeyManager] Loading RSA key parameters from file C:\laragon\www\sapapi\actions-runner\.credentials_rsaparams
[2025-08-23 01:24:58Z INFO GitHubActionsService] AAD Correlation ID for this token request: Unknown
[2025-08-23 02:15:23Z INFO RSAEncryptedFileKeyManager] Loading RSA key parameters from file C:\laragon\www\sapapi\actions-runner\.credentials_rsaparams
[2025-08-23 02:15:24Z INFO GitHubActionsService] AAD Correlation ID for this token request: Unknown
[2025-08-23 03:05:49Z INFO RSAEncryptedFileKeyManager] Loading RSA key parameters from file C:\laragon\www\sapapi\actions-runner\.credentials_rsaparams
[2025-08-23 03:05:50Z INFO GitHubActionsService] AAD Correlation ID for this token request: Unknown
[2025-08-23 03:48:18Z INFO Runner] Refresh message received, kick-off selfupdate background process.
[2025-08-23 03:48:19Z INFO RSAEncryptedFileKeyManager] Loading RSA key parameters from file C:\laragon\www\sapapi\actions-runner\.credentials_rsaparams
[2025-08-23 03:48:19Z INFO RSAEncryptedFileKeyManager] Loading RSA key parameters from file C:\laragon\www\sapapi\actions-runner\.credentials_rsaparams
[2025-08-23 03:48:20Z INFO GitHubActionsService] AAD Correlation ID for this token request: Unknown
[2025-08-23 03:48:21Z INFO SelfUpdater] Version '2.328.0' of 'agent' package available in server.
[2025-08-23 03:48:21Z INFO SelfUpdater] Current running runner version is 2.328.0
[2025-08-23 03:48:21Z INFO SelfUpdater] Can't find available update package.
[2025-08-23 03:48:21Z INFO Terminal] WRITE LINE: Runner update process finished.
[2025-08-23 03:48:21Z INFO Runner] Auto update task finished at backend, there is no available runner update needs to apply, continue message queue looping.
[2025-08-23 03:55:52Z INFO RSAEncryptedFileKeyManager] Loading RSA key parameters from file C:\laragon\www\sapapi\actions-runner\.credentials_rsaparams
[2025-08-23 03:55:53Z INFO GitHubActionsService] AAD Correlation ID for this token request: Unknown
[2025-08-23 04:46:20Z INFO RSAEncryptedFileKeyManager] Loading RSA key parameters from file C:\laragon\www\sapapi\actions-runner\.credentials_rsaparams
[2025-08-23 04:46:21Z INFO GitHubActionsService] AAD Correlation ID for this token request: Unknown
[2025-08-23 05:36:48Z INFO RSAEncryptedFileKeyManager] Loading RSA key parameters from file C:\laragon\www\sapapi\actions-runner\.credentials_rsaparams
[2025-08-23 05:36:49Z INFO GitHubActionsService] AAD Correlation ID for this token request: Unknown
[2025-08-23 06:27:15Z INFO RSAEncryptedFileKeyManager] Loading RSA key parameters from file C:\laragon\www\sapapi\actions-runner\.credentials_rsaparams
[2025-08-23 06:27:16Z INFO GitHubActionsService] AAD Correlation ID for this token request: Unknown
[2025-08-23 06:41:18Z WARN GitHubActionsService] Attempt 1 of GET request to https://broker.actions.githubusercontent.com/message?sessionId=2cf646cc-ac66-4d4c-9afb-bacf3d116373&status=Online&runnerVersion=2.328.0&os=Windows&architecture=X64&disableUpdate=false failed (Socket Error: ConnectionReset). The operation will be retried in 10.942 seconds.
[2025-08-23 07:17:34Z INFO RSAEncryptedFileKeyManager] Loading RSA key parameters from file C:\laragon\www\sapapi\actions-runner\.credentials_rsaparams
[2025-08-23 07:17:35Z INFO GitHubActionsService] AAD Correlation ID for this token request: Unknown
[2025-08-23 08:07:54Z INFO RSAEncryptedFileKeyManager] Loading RSA key parameters from file C:\laragon\www\sapapi\actions-runner\.credentials_rsaparams
[2025-08-23 08:07:55Z INFO GitHubActionsService] AAD Correlation ID for this token request: Unknown
[2025-08-23 08:58:13Z INFO RSAEncryptedFileKeyManager] Loading RSA key parameters from file C:\laragon\www\sapapi\actions-runner\.credentials_rsaparams
[2025-08-23 08:58:14Z INFO GitHubActionsService] AAD Correlation ID for this token request: Unknown
[2025-08-23 09:48:32Z INFO RSAEncryptedFileKeyManager] Loading RSA key parameters from file C:\laragon\www\sapapi\actions-runner\.credentials_rsaparams
[2025-08-23 09:48:34Z INFO GitHubActionsService] AAD Correlation ID for this token request: Unknown
[2025-08-23 10:38:52Z INFO RSAEncryptedFileKeyManager] Loading RSA key parameters from file C:\laragon\www\sapapi\actions-runner\.credentials_rsaparams
[2025-08-23 10:38:53Z INFO GitHubActionsService] AAD Correlation ID for this token request: Unknown
[2025-08-23 11:29:11Z INFO RSAEncryptedFileKeyManager] Loading RSA key parameters from file C:\laragon\www\sapapi\actions-runner\.credentials_rsaparams
[2025-08-23 11:29:12Z INFO GitHubActionsService] AAD Correlation ID for this token request: Unknown
[2025-08-23 12:19:30Z INFO RSAEncryptedFileKeyManager] Loading RSA key parameters from file C:\laragon\www\sapapi\actions-runner\.credentials_rsaparams
[2025-08-23 12:19:32Z INFO GitHubActionsService] AAD Correlation ID for this token request: Unknown
[2025-08-23 13:09:53Z INFO RSAEncryptedFileKeyManager] Loading RSA key parameters from file C:\laragon\www\sapapi\actions-runner\.credentials_rsaparams
[2025-08-23 13:09:54Z INFO GitHubActionsService] AAD Correlation ID for this token request: Unknown
[2025-08-23 14:00:12Z INFO RSAEncryptedFileKeyManager] Loading RSA key parameters from file C:\laragon\www\sapapi\actions-runner\.credentials_rsaparams
[2025-08-23 14:00:13Z INFO GitHubActionsService] AAD Correlation ID for this token request: Unknown
[2025-08-23 14:50:32Z INFO RSAEncryptedFileKeyManager] Loading RSA key parameters from file C:\laragon\www\sapapi\actions-runner\.credentials_rsaparams
[2025-08-23 14:50:33Z INFO GitHubActionsService] AAD Correlation ID for this token request: Unknown
[2025-08-23 15:40:51Z INFO RSAEncryptedFileKeyManager] Loading RSA key parameters from file C:\laragon\www\sapapi\actions-runner\.credentials_rsaparams
[2025-08-23 15:40:52Z INFO GitHubActionsService] AAD Correlation ID for this token request: Unknown
[2025-08-23 16:31:11Z INFO RSAEncryptedFileKeyManager] Loading RSA key parameters from file C:\laragon\www\sapapi\actions-runner\.credentials_rsaparams
[2025-08-23 16:31:12Z INFO GitHubActionsService] AAD Correlation ID for this token request: Unknown
[2025-08-23 17:21:30Z INFO RSAEncryptedFileKeyManager] Loading RSA key parameters from file C:\laragon\www\sapapi\actions-runner\.credentials_rsaparams
[2025-08-23 17:21:31Z INFO GitHubActionsService] AAD Correlation ID for this token request: Unknown
[2025-08-23 18:11:49Z INFO RSAEncryptedFileKeyManager] Loading RSA key parameters from file C:\laragon\www\sapapi\actions-runner\.credentials_rsaparams
[2025-08-23 18:11:51Z INFO GitHubActionsService] AAD Correlation ID for this token request: Unknown
[2025-08-23 19:02:09Z INFO RSAEncryptedFileKeyManager] Loading RSA key parameters from file C:\laragon\www\sapapi\actions-runner\.credentials_rsaparams
[2025-08-23 19:02:10Z INFO GitHubActionsService] AAD Correlation ID for this token request: Unknown
[2025-08-23 19:52:40Z INFO RSAEncryptedFileKeyManager] Loading RSA key parameters from file C:\laragon\www\sapapi\actions-runner\.credentials_rsaparams
[2025-08-23 19:52:41Z INFO GitHubActionsService] AAD Correlation ID for this token request: Unknown
[2025-08-23 20:43:03Z INFO RSAEncryptedFileKeyManager] Loading RSA key parameters from file C:\laragon\www\sapapi\actions-runner\.credentials_rsaparams
[2025-08-23 20:43:04Z INFO GitHubActionsService] AAD Correlation ID for this token request: Unknown
[2025-08-23 21:33:22Z INFO RSAEncryptedFileKeyManager] Loading RSA key parameters from file C:\laragon\www\sapapi\actions-runner\.credentials_rsaparams
[2025-08-23 21:33:23Z INFO GitHubActionsService] AAD Correlation ID for this token request: Unknown
[2025-08-23 22:23:41Z INFO RSAEncryptedFileKeyManager] Loading RSA key parameters from file C:\laragon\www\sapapi\actions-runner\.credentials_rsaparams
[2025-08-23 22:23:42Z INFO GitHubActionsService] AAD Correlation ID for this token request: Unknown
[2025-08-23 22:53:34Z INFO Runner] Received RunnerRefreshConfigMessage for 'runner' config file
[2025-08-23 22:53:34Z INFO RunnerConfigUpdater] Verifying runner qualified id: U_kgDOAIytEA/R_kgDOPX5Qyg/self-hosted/22
[2025-08-23 22:53:34Z INFO HostContext] Well known directory 'Bin': 'C:\laragon\www\sapapi\actions-runner\bin'
[2025-08-23 22:53:34Z INFO HostContext] Well known directory 'Root': 'C:\laragon\www\sapapi\actions-runner'
[2025-08-23 22:53:34Z INFO HostContext] Well known config file 'Runner': 'C:\laragon\www\sapapi\actions-runner\.runner'
[2025-08-23 22:53:35Z INFO RSAEncryptedFileKeyManager] Loading RSA key parameters from file C:\laragon\www\sapapi\actions-runner\.credentials_rsaparams
[2025-08-23 22:53:37Z INFO GitHubActionsService] AAD Correlation ID for this token request: Unknown
[2025-08-23 22:53:37Z INFO ConfigurationStore] Saving runner migrated settings
[2025-08-23 22:53:37Z INFO ConfigurationStore] Delete exist runner migrated settings file.
[2025-08-23 22:53:37Z INFO ConfigurationStore] Migrated Settings Saved.
[2025-08-23 22:53:37Z INFO Runner] Runner configuration was updated. Session restart has been scheduled
[2025-08-23 22:53:37Z INFO Runner] Pending session restart detected and job dispatcher is not busy. Restarting session now.
[2025-08-23 22:53:37Z INFO JobDispatcher] Shutting down JobDispatcher. Make sure all WorkerDispatcher has finished.
[2025-08-23 22:53:37Z INFO Runner] Deleting Runner Session...
[2025-08-23 22:53:38Z INFO Runner] Restarting runner session after config update...
[2025-08-23 22:53:38Z INFO Runner] Runner configuration was refreshed, restarting session...
[2025-08-23 22:53:38Z INFO ConfigurationManager] LoadSettings
[2025-08-23 22:53:38Z INFO ConfigurationStore] IsConfigured()
[2025-08-23 22:53:38Z INFO ConfigurationStore] IsConfigured: True
[2025-08-23 22:53:38Z INFO ConfigurationManager] Is configured: True
[2025-08-23 22:53:38Z INFO ConfigurationManager] Settings Loaded
[2025-08-23 22:53:38Z INFO Runner] RunAsync
[2025-08-23 22:53:38Z INFO ConfigurationManager] LoadMigratedSettings
[2025-08-23 22:53:38Z INFO ConfigurationStore] IsMigratedConfigured()
[2025-08-23 22:53:38Z INFO ConfigurationStore] IsMigratedConfigured: True
[2025-08-23 22:53:38Z INFO ConfigurationManager] Migrated Settings Loaded
[2025-08-23 22:53:38Z INFO Runner] Loaded migrated settings from .runner_migrated file
[2025-08-23 22:53:38Z INFO Runner] {
  "AgentId": 22,
  "AgentName": "JO",
  "PoolId": 1,
  "PoolName": "Default",
  "ServerUrl": "https://pipelinesghubeus26.actions.githubusercontent.com/OTqsuixwcDOeboiI5ELPh9vt0loVA9erSQMzHOLYofkfIDGeBX/",
  "GitHubUrl": "https://github.com/jauharimalik/sapapi",
  "WorkFolder": "_work",
  "UseV2Flow": true,
  "ServerUrlV2": "https://broker.actions.githubusercontent.com/"
}
[2025-08-23 22:53:38Z INFO Runner] Attempting to create session using migrated settings
[2025-08-23 22:53:38Z INFO Runner] Using BrokerMessageListener
[2025-08-23 22:53:38Z INFO BrokerMessageListener] Using provided settings
[2025-08-23 22:53:38Z INFO BrokerMessageListener] Using migrated settings from .runner_migrated
[2025-08-23 22:53:38Z INFO BrokerMessageListener] {
  "AgentId": 22,
  "AgentName": "JO",
  "PoolId": 1,
  "PoolName": "Default",
  "ServerUrl": "https://pipelinesghubeus26.actions.githubusercontent.com/OTqsuixwcDOeboiI5ELPh9vt0loVA9erSQMzHOLYofkfIDGeBX/",
  "GitHubUrl": "https://github.com/jauharimalik/sapapi",
  "WorkFolder": "_work",
  "UseV2Flow": true,
  "ServerUrlV2": "https://broker.actions.githubusercontent.com/"
}
[2025-08-23 22:53:38Z INFO BrokerMessageListener] Loading Credentials
[2025-08-23 22:53:38Z INFO ConfigurationStore] HasCredentials()
[2025-08-23 22:53:38Z INFO ConfigurationStore] stored True
[2025-08-23 22:53:38Z INFO CredentialManager] GetCredentialProvider
[2025-08-23 22:53:38Z INFO CredentialManager] Creating type OAuth
[2025-08-23 22:53:38Z INFO CredentialManager] Creating credential type: OAuth
[2025-08-23 22:53:38Z INFO RSAEncryptedFileKeyManager] Loading RSA key parameters from file C:\laragon\www\sapapi\actions-runner\.credentials_rsaparams
[2025-08-23 22:53:38Z INFO BrokerMessageListener] Attempt to create session.
[2025-08-23 22:53:38Z INFO BrokerMessageListener] Connecting to the Broker Server...
[2025-08-23 22:53:38Z INFO ConfigurationStore] HasCredentials()
[2025-08-23 22:53:38Z INFO ConfigurationStore] stored True
[2025-08-23 22:53:38Z INFO CredentialManager] GetCredentialProvider
[2025-08-23 22:53:38Z INFO CredentialManager] Creating type OAuth
[2025-08-23 22:53:38Z INFO CredentialManager] Creating credential type: OAuth
[2025-08-23 22:53:38Z INFO RSAEncryptedFileKeyManager] Loading RSA key parameters from file C:\laragon\www\sapapi\actions-runner\.credentials_rsaparams
[2025-08-23 22:53:38Z INFO BrokerMessageListener] VssConnection created
[2025-08-23 22:53:38Z INFO BrokerMessageListener] Connecting to the Runner server...
[2025-08-23 22:53:38Z INFO RunnerServer] EstablishVssConnection
[2025-08-23 22:53:38Z INFO RunnerServer] Establish connection with 100 seconds timeout.
[2025-08-23 22:53:38Z INFO GitHubActionsService] Starting operation Location.GetConnectionData
[2025-08-23 22:53:38Z INFO RunnerServer] EstablishVssConnection
[2025-08-23 22:53:38Z INFO RunnerServer] Establish connection with 60 seconds timeout.
[2025-08-23 22:53:38Z INFO GitHubActionsService] Starting operation Location.GetConnectionData
[2025-08-23 22:53:38Z INFO RunnerServer] EstablishVssConnection
[2025-08-23 22:53:38Z INFO RunnerServer] Establish connection with 60 seconds timeout.
[2025-08-23 22:53:38Z INFO GitHubActionsService] Starting operation Location.GetConnectionData
[2025-08-23 22:53:39Z INFO GitHubActionsService] Finished operation Location.GetConnectionData
[2025-08-23 22:53:39Z INFO GitHubActionsService] Finished operation Location.GetConnectionData
[2025-08-23 22:53:39Z INFO GitHubActionsService] Finished operation Location.GetConnectionData
[2025-08-23 22:53:39Z INFO BrokerMessageListener] VssConnection created
[2025-08-23 22:53:39Z INFO Terminal] WRITE LINE: 
[2025-08-23 22:53:39Z INFO Terminal] WRITE LINE: 
[2025-08-23 22:53:39Z INFO RSAEncryptedFileKeyManager] Loading RSA key parameters from file C:\laragon\www\sapapi\actions-runner\.credentials_rsaparams
[2025-08-23 22:53:39Z INFO RSAEncryptedFileKeyManager] Loading RSA key parameters from file C:\laragon\www\sapapi\actions-runner\.credentials_rsaparams
[2025-08-23 22:53:40Z INFO GitHubActionsService] AAD Correlation ID for this token request: Unknown
[2025-08-23 22:53:41Z INFO BrokerMessageListener] Session created.
[2025-08-23 22:53:41Z INFO Runner] Successfully created session with migrated settings
[2025-08-23 22:53:41Z INFO Terminal] WRITE LINE: Current runner version: '2.328.0'
[2025-08-23 22:53:41Z INFO Terminal] WRITE LINE: 2025-08-23 22:53:41Z: Listening for Jobs
[2025-08-23 22:53:41Z INFO JobDispatcher] Set runner/worker IPC timeout to 30 seconds.
[2025-08-23 23:43:59Z INFO RSAEncryptedFileKeyManager] Loading RSA key parameters from file C:\laragon\www\sapapi\actions-runner\.credentials_rsaparams
[2025-08-23 23:44:01Z INFO GitHubActionsService] AAD Correlation ID for this token request: Unknown
[2025-08-24 00:34:19Z INFO RSAEncryptedFileKeyManager] Loading RSA key parameters from file C:\laragon\www\sapapi\actions-runner\.credentials_rsaparams
[2025-08-24 00:34:20Z INFO GitHubActionsService] AAD Correlation ID for this token request: Unknown
[2025-08-24 01:24:40Z INFO RSAEncryptedFileKeyManager] Loading RSA key parameters from file C:\laragon\www\sapapi\actions-runner\.credentials_rsaparams
[2025-08-24 01:24:41Z INFO GitHubActionsService] AAD Correlation ID for this token request: Unknown
[2025-08-24 02:15:00Z INFO RSAEncryptedFileKeyManager] Loading RSA key parameters from file C:\laragon\www\sapapi\actions-runner\.credentials_rsaparams
[2025-08-24 02:15:01Z INFO GitHubActionsService] AAD Correlation ID for this token request: Unknown
[2025-08-24 03:05:19Z INFO RSAEncryptedFileKeyManager] Loading RSA key parameters from file C:\laragon\www\sapapi\actions-runner\.credentials_rsaparams
[2025-08-24 03:05:21Z INFO GitHubActionsService] AAD Correlation ID for this token request: Unknown
[2025-08-24 03:48:18Z INFO Runner] Refresh message received, kick-off selfupdate background process.
[2025-08-24 03:48:20Z INFO RSAEncryptedFileKeyManager] Loading RSA key parameters from file C:\laragon\www\sapapi\actions-runner\.credentials_rsaparams
[2025-08-24 03:48:20Z INFO RSAEncryptedFileKeyManager] Loading RSA key parameters from file C:\laragon\www\sapapi\actions-runner\.credentials_rsaparams
[2025-08-24 03:48:21Z INFO GitHubActionsService] AAD Correlation ID for this token request: Unknown
[2025-08-24 03:48:21Z INFO SelfUpdater] Version '2.328.0' of 'agent' package available in server.
[2025-08-24 03:48:21Z INFO SelfUpdater] Current running runner version is 2.328.0
[2025-08-24 03:48:21Z INFO SelfUpdater] Can't find available update package.
[2025-08-24 03:48:21Z INFO Terminal] WRITE LINE: Runner update process finished.
[2025-08-24 03:48:22Z INFO Runner] Auto update task finished at backend, there is no available runner update needs to apply, continue message queue looping.
[2025-08-24 03:55:51Z INFO RSAEncryptedFileKeyManager] Loading RSA key parameters from file C:\laragon\www\sapapi\actions-runner\.credentials_rsaparams
[2025-08-24 03:55:52Z INFO GitHubActionsService] AAD Correlation ID for this token request: Unknown
[2025-08-24 04:46:11Z INFO RSAEncryptedFileKeyManager] Loading RSA key parameters from file C:\laragon\www\sapapi\actions-runner\.credentials_rsaparams
[2025-08-24 04:46:13Z INFO GitHubActionsService] AAD Correlation ID for this token request: Unknown
[2025-08-24 05:36:30Z INFO RSAEncryptedFileKeyManager] Loading RSA key parameters from file C:\laragon\www\sapapi\actions-runner\.credentials_rsaparams
[2025-08-24 05:36:32Z INFO GitHubActionsService] AAD Correlation ID for this token request: Unknown
[2025-08-24 06:26:49Z INFO RSAEncryptedFileKeyManager] Loading RSA key parameters from file C:\laragon\www\sapapi\actions-runner\.credentials_rsaparams
[2025-08-24 06:26:51Z INFO GitHubActionsService] AAD Correlation ID for this token request: Unknown
[2025-08-24 07:17:09Z INFO RSAEncryptedFileKeyManager] Loading RSA key parameters from file C:\laragon\www\sapapi\actions-runner\.credentials_rsaparams
[2025-08-24 07:17:11Z INFO GitHubActionsService] AAD Correlation ID for this token request: Unknown
[2025-08-24 08:07:32Z INFO RSAEncryptedFileKeyManager] Loading RSA key parameters from file C:\laragon\www\sapapi\actions-runner\.credentials_rsaparams
[2025-08-24 08:07:33Z INFO GitHubActionsService] AAD Correlation ID for this token request: Unknown
[2025-08-24 08:57:52Z INFO RSAEncryptedFileKeyManager] Loading RSA key parameters from file C:\laragon\www\sapapi\actions-runner\.credentials_rsaparams
[2025-08-24 08:57:54Z INFO GitHubActionsService] AAD Correlation ID for this token request: Unknown
[2025-08-24 09:48:14Z INFO RSAEncryptedFileKeyManager] Loading RSA key parameters from file C:\laragon\www\sapapi\actions-runner\.credentials_rsaparams
[2025-08-24 09:48:15Z INFO GitHubActionsService] AAD Correlation ID for this token request: Unknown
[2025-08-24 10:38:33Z INFO RSAEncryptedFileKeyManager] Loading RSA key parameters from file C:\laragon\www\sapapi\actions-runner\.credentials_rsaparams
[2025-08-24 10:38:34Z INFO GitHubActionsService] AAD Correlation ID for this token request: Unknown
[2025-08-24 11:28:52Z INFO RSAEncryptedFileKeyManager] Loading RSA key parameters from file C:\laragon\www\sapapi\actions-runner\.credentials_rsaparams
[2025-08-24 11:28:53Z INFO GitHubActionsService] AAD Correlation ID for this token request: Unknown
[2025-08-24 12:19:11Z INFO RSAEncryptedFileKeyManager] Loading RSA key parameters from file C:\laragon\www\sapapi\actions-runner\.credentials_rsaparams
[2025-08-24 12:19:12Z INFO GitHubActionsService] AAD Correlation ID for this token request: Unknown
[2025-08-24 13:09:32Z INFO RSAEncryptedFileKeyManager] Loading RSA key parameters from file C:\laragon\www\sapapi\actions-runner\.credentials_rsaparams
[2025-08-24 13:09:34Z INFO GitHubActionsService] AAD Correlation ID for this token request: Unknown
[2025-08-24 13:59:51Z INFO RSAEncryptedFileKeyManager] Loading RSA key parameters from file C:\laragon\www\sapapi\actions-runner\.credentials_rsaparams
[2025-08-24 13:59:53Z INFO GitHubActionsService] AAD Correlation ID for this token request: Unknown
[2025-08-24 14:50:13Z INFO RSAEncryptedFileKeyManager] Loading RSA key parameters from file C:\laragon\www\sapapi\actions-runner\.credentials_rsaparams
[2025-08-24 14:50:14Z INFO GitHubActionsService] AAD Correlation ID for this token request: Unknown
[2025-08-24 15:40:32Z INFO RSAEncryptedFileKeyManager] Loading RSA key parameters from file C:\laragon\www\sapapi\actions-runner\.credentials_rsaparams
[2025-08-24 15:40:33Z INFO GitHubActionsService] AAD Correlation ID for this token request: Unknown
[2025-08-24 16:30:51Z INFO RSAEncryptedFileKeyManager] Loading RSA key parameters from file C:\laragon\www\sapapi\actions-runner\.credentials_rsaparams
[2025-08-24 16:30:52Z INFO GitHubActionsService] AAD Correlation ID for this token request: Unknown
[2025-08-24 17:21:10Z INFO RSAEncryptedFileKeyManager] Loading RSA key parameters from file C:\laragon\www\sapapi\actions-runner\.credentials_rsaparams
[2025-08-24 17:21:12Z INFO GitHubActionsService] AAD Correlation ID for this token request: Unknown
[2025-08-24 18:11:29Z INFO RSAEncryptedFileKeyManager] Loading RSA key parameters from file C:\laragon\www\sapapi\actions-runner\.credentials_rsaparams
[2025-08-24 18:11:31Z INFO GitHubActionsService] AAD Correlation ID for this token request: Unknown
[2025-08-24 19:01:48Z INFO RSAEncryptedFileKeyManager] Loading RSA key parameters from file C:\laragon\www\sapapi\actions-runner\.credentials_rsaparams
[2025-08-24 19:01:50Z INFO GitHubActionsService] AAD Correlation ID for this token request: Unknown
[2025-08-24 19:52:07Z INFO RSAEncryptedFileKeyManager] Loading RSA key parameters from file C:\laragon\www\sapapi\actions-runner\.credentials_rsaparams
[2025-08-24 19:52:08Z INFO GitHubActionsService] AAD Correlation ID for this token request: Unknown
[2025-08-24 20:42:27Z INFO RSAEncryptedFileKeyManager] Loading RSA key parameters from file C:\laragon\www\sapapi\actions-runner\.credentials_rsaparams
[2025-08-24 20:42:28Z INFO GitHubActionsService] AAD Correlation ID for this token request: Unknown
[2025-08-24 21:32:46Z INFO RSAEncryptedFileKeyManager] Loading RSA key parameters from file C:\laragon\www\sapapi\actions-runner\.credentials_rsaparams
[2025-08-24 21:32:47Z INFO GitHubActionsService] AAD Correlation ID for this token request: Unknown
[2025-08-24 22:09:09Z WARN GitHubActionsService] Attempt 1 of GET request to https://broker.actions.githubusercontent.com/message?sessionId=8fd0b4be-3934-4d97-be02-1dfe41c49241&status=Online&runnerVersion=2.328.0&os=Windows&architecture=X64&disableUpdate=false failed (Socket Error: ConnectionReset). The operation will be retried in 10.892 seconds.
[2025-08-24 22:23:37Z INFO RSAEncryptedFileKeyManager] Loading RSA key parameters from file C:\laragon\www\sapapi\actions-runner\.credentials_rsaparams
[2025-08-24 22:23:38Z INFO GitHubActionsService] AAD Correlation ID for this token request: Unknown
[2025-08-24 22:53:34Z INFO Runner] Received RunnerRefreshConfigMessage for 'runner' config file
[2025-08-24 22:53:34Z INFO RunnerConfigUpdater] Verifying runner qualified id: U_kgDOAIytEA/R_kgDOPX5Qyg/self-hosted/22
[2025-08-24 22:53:34Z INFO HostContext] Well known directory 'Bin': 'C:\laragon\www\sapapi\actions-runner\bin'
[2025-08-24 22:53:34Z INFO HostContext] Well known directory 'Root': 'C:\laragon\www\sapapi\actions-runner'
[2025-08-24 22:53:34Z INFO HostContext] Well known config file 'Runner': 'C:\laragon\www\sapapi\actions-runner\.runner'
[2025-08-24 22:53:35Z INFO RSAEncryptedFileKeyManager] Loading RSA key parameters from file C:\laragon\www\sapapi\actions-runner\.credentials_rsaparams
[2025-08-24 22:53:37Z INFO GitHubActionsService] AAD Correlation ID for this token request: Unknown
[2025-08-24 22:53:37Z INFO ConfigurationStore] Saving runner migrated settings
[2025-08-24 22:53:37Z INFO ConfigurationStore] Delete exist runner migrated settings file.
[2025-08-24 22:53:37Z INFO ConfigurationStore] Migrated Settings Saved.
[2025-08-24 22:53:37Z INFO Runner] Runner configuration was updated. Session restart has been scheduled
[2025-08-24 22:53:37Z INFO Runner] Pending session restart detected and job dispatcher is not busy. Restarting session now.
[2025-08-24 22:53:37Z INFO JobDispatcher] Shutting down JobDispatcher. Make sure all WorkerDispatcher has finished.
[2025-08-24 22:53:37Z INFO Runner] Deleting Runner Session...
[2025-08-24 22:53:37Z INFO Runner] Restarting runner session after config update...
[2025-08-24 22:53:37Z INFO Runner] Runner configuration was refreshed, restarting session...
[2025-08-24 22:53:37Z INFO ConfigurationManager] LoadSettings
[2025-08-24 22:53:37Z INFO ConfigurationStore] IsConfigured()
[2025-08-24 22:53:37Z INFO ConfigurationStore] IsConfigured: True
[2025-08-24 22:53:37Z INFO ConfigurationManager] Is configured: True
[2025-08-24 22:53:37Z INFO ConfigurationManager] Settings Loaded
[2025-08-24 22:53:37Z INFO Runner] RunAsync
[2025-08-24 22:53:37Z INFO ConfigurationManager] LoadMigratedSettings
[2025-08-24 22:53:37Z INFO ConfigurationStore] IsMigratedConfigured()
[2025-08-24 22:53:37Z INFO ConfigurationStore] IsMigratedConfigured: True
[2025-08-24 22:53:37Z INFO ConfigurationManager] Migrated Settings Loaded
[2025-08-24 22:53:37Z INFO Runner] Loaded migrated settings from .runner_migrated file
[2025-08-24 22:53:37Z INFO Runner] {
  "AgentId": 22,
  "AgentName": "JO",
  "PoolId": 1,
  "PoolName": "Default",
  "ServerUrl": "https://pipelinesghubeus26.actions.githubusercontent.com/OTqsuixwcDOeboiI5ELPh9vt0loVA9erSQMzHOLYofkfIDGeBX/",
  "GitHubUrl": "https://github.com/jauharimalik/sapapi",
  "WorkFolder": "_work",
  "UseV2Flow": true,
  "ServerUrlV2": "https://broker.actions.githubusercontent.com/"
}
[2025-08-24 22:53:37Z INFO Runner] Attempting to create session using migrated settings
[2025-08-24 22:53:37Z INFO Runner] Using BrokerMessageListener
[2025-08-24 22:53:37Z INFO BrokerMessageListener] Using provided settings
[2025-08-24 22:53:37Z INFO BrokerMessageListener] Using migrated settings from .runner_migrated
[2025-08-24 22:53:37Z INFO BrokerMessageListener] {
  "AgentId": 22,
  "AgentName": "JO",
  "PoolId": 1,
  "PoolName": "Default",
  "ServerUrl": "https://pipelinesghubeus26.actions.githubusercontent.com/OTqsuixwcDOeboiI5ELPh9vt0loVA9erSQMzHOLYofkfIDGeBX/",
  "GitHubUrl": "https://github.com/jauharimalik/sapapi",
  "WorkFolder": "_work",
  "UseV2Flow": true,
  "ServerUrlV2": "https://broker.actions.githubusercontent.com/"
}
[2025-08-24 22:53:37Z INFO BrokerMessageListener] Loading Credentials
[2025-08-24 22:53:37Z INFO ConfigurationStore] HasCredentials()
[2025-08-24 22:53:37Z INFO ConfigurationStore] stored True
[2025-08-24 22:53:37Z INFO CredentialManager] GetCredentialProvider
[2025-08-24 22:53:37Z INFO CredentialManager] Creating type OAuth
[2025-08-24 22:53:37Z INFO CredentialManager] Creating credential type: OAuth
[2025-08-24 22:53:37Z INFO RSAEncryptedFileKeyManager] Loading RSA key parameters from file C:\laragon\www\sapapi\actions-runner\.credentials_rsaparams
[2025-08-24 22:53:37Z INFO BrokerMessageListener] Attempt to create session.
[2025-08-24 22:53:37Z INFO BrokerMessageListener] Connecting to the Broker Server...
[2025-08-24 22:53:37Z INFO ConfigurationStore] HasCredentials()
[2025-08-24 22:53:37Z INFO ConfigurationStore] stored True
[2025-08-24 22:53:37Z INFO CredentialManager] GetCredentialProvider
[2025-08-24 22:53:37Z INFO CredentialManager] Creating type OAuth
[2025-08-24 22:53:37Z INFO CredentialManager] Creating credential type: OAuth
[2025-08-24 22:53:37Z INFO RSAEncryptedFileKeyManager] Loading RSA key parameters from file C:\laragon\www\sapapi\actions-runner\.credentials_rsaparams
[2025-08-24 22:53:37Z INFO BrokerMessageListener] VssConnection created
[2025-08-24 22:53:37Z INFO BrokerMessageListener] Connecting to the Runner server...
[2025-08-24 22:53:37Z INFO RunnerServer] EstablishVssConnection
[2025-08-24 22:53:37Z INFO RunnerServer] Establish connection with 100 seconds timeout.
[2025-08-24 22:53:37Z INFO GitHubActionsService] Starting operation Location.GetConnectionData
[2025-08-24 22:53:37Z INFO RunnerServer] EstablishVssConnection
[2025-08-24 22:53:37Z INFO RunnerServer] Establish connection with 60 seconds timeout.
[2025-08-24 22:53:37Z INFO GitHubActionsService] Starting operation Location.GetConnectionData
[2025-08-24 22:53:37Z INFO RunnerServer] EstablishVssConnection
[2025-08-24 22:53:37Z INFO RunnerServer] Establish connection with 60 seconds timeout.
[2025-08-24 22:53:37Z INFO GitHubActionsService] Starting operation Location.GetConnectionData
[2025-08-24 22:53:38Z INFO GitHubActionsService] Finished operation Location.GetConnectionData
[2025-08-24 22:53:38Z INFO GitHubActionsService] Finished operation Location.GetConnectionData
[2025-08-24 22:53:38Z INFO GitHubActionsService] Finished operation Location.GetConnectionData
[2025-08-24 22:53:38Z INFO BrokerMessageListener] VssConnection created
[2025-08-24 22:53:38Z INFO Terminal] WRITE LINE: 
[2025-08-24 22:53:38Z INFO Terminal] WRITE LINE: 
[2025-08-24 22:53:38Z INFO RSAEncryptedFileKeyManager] Loading RSA key parameters from file C:\laragon\www\sapapi\actions-runner\.credentials_rsaparams
[2025-08-24 22:53:38Z INFO RSAEncryptedFileKeyManager] Loading RSA key parameters from file C:\laragon\www\sapapi\actions-runner\.credentials_rsaparams
[2025-08-24 22:53:39Z INFO GitHubActionsService] AAD Correlation ID for this token request: Unknown
[2025-08-24 22:53:40Z INFO BrokerMessageListener] Session created.
[2025-08-24 22:53:40Z INFO Runner] Successfully created session with migrated settings
[2025-08-24 22:53:40Z INFO Terminal] WRITE LINE: Current runner version: '2.328.0'
[2025-08-24 22:53:40Z INFO Terminal] WRITE LINE: 2025-08-24 22:53:40Z: Listening for Jobs
[2025-08-24 22:53:40Z INFO JobDispatcher] Set runner/worker IPC timeout to 30 seconds.
[2025-08-24 23:43:58Z INFO RSAEncryptedFileKeyManager] Loading RSA key parameters from file C:\laragon\www\sapapi\actions-runner\.credentials_rsaparams
[2025-08-24 23:43:59Z INFO GitHubActionsService] AAD Correlation ID for this token request: Unknown
[2025-08-25 00:34:17Z INFO RSAEncryptedFileKeyManager] Loading RSA key parameters from file C:\laragon\www\sapapi\actions-runner\.credentials_rsaparams
[2025-08-25 00:34:18Z INFO GitHubActionsService] AAD Correlation ID for this token request: Unknown
[2025-08-25 01:24:37Z INFO RSAEncryptedFileKeyManager] Loading RSA key parameters from file C:\laragon\www\sapapi\actions-runner\.credentials_rsaparams
[2025-08-25 01:24:38Z INFO GitHubActionsService] AAD Correlation ID for this token request: Unknown
[2025-08-25 02:14:57Z INFO RSAEncryptedFileKeyManager] Loading RSA key parameters from file C:\laragon\www\sapapi\actions-runner\.credentials_rsaparams
[2025-08-25 02:14:58Z INFO GitHubActionsService] AAD Correlation ID for this token request: Unknown
[2025-08-25 02:15:49Z WARN GitHubActionsService] Attempt 1 of GET request to https://broker.actions.githubusercontent.com/message?sessionId=e3a6fc09-cdce-4d04-a028-89d3ab67908d&status=Online&runnerVersion=2.328.0&os=Windows&architecture=X64&disableUpdate=false failed (Socket Error: ConnectionReset). The operation will be retried in 10.902 seconds.
[2025-08-25 02:16:44Z WARN GitHubActionsService] Attempt 2 of GET request to https://broker.actions.githubusercontent.com/message?sessionId=e3a6fc09-cdce-4d04-a028-89d3ab67908d&status=Online&runnerVersion=2.328.0&os=Windows&architecture=X64&disableUpdate=false failed (Socket Error: ConnectionReset). The operation will be retried in 12.442 seconds.
[2025-08-25 03:05:36Z INFO RSAEncryptedFileKeyManager] Loading RSA key parameters from file C:\laragon\www\sapapi\actions-runner\.credentials_rsaparams
[2025-08-25 03:05:37Z INFO GitHubActionsService] AAD Correlation ID for this token request: Unknown
[2025-08-25 03:48:18Z INFO Runner] Refresh message received, kick-off selfupdate background process.
[2025-08-25 03:48:19Z INFO RSAEncryptedFileKeyManager] Loading RSA key parameters from file C:\laragon\www\sapapi\actions-runner\.credentials_rsaparams
[2025-08-25 03:48:19Z INFO RSAEncryptedFileKeyManager] Loading RSA key parameters from file C:\laragon\www\sapapi\actions-runner\.credentials_rsaparams
[2025-08-25 03:48:21Z INFO GitHubActionsService] AAD Correlation ID for this token request: Unknown
[2025-08-25 03:48:21Z INFO SelfUpdater] Version '2.328.0' of 'agent' package available in server.
[2025-08-25 03:48:21Z INFO SelfUpdater] Current running runner version is 2.328.0
[2025-08-25 03:48:21Z INFO SelfUpdater] Can't find available update package.
[2025-08-25 03:48:21Z INFO Terminal] WRITE LINE: Runner update process finished.
[2025-08-25 03:48:21Z INFO Runner] Auto update task finished at backend, there is no available runner update needs to apply, continue message queue looping.
[2025-08-25 03:55:51Z INFO RSAEncryptedFileKeyManager] Loading RSA key parameters from file C:\laragon\www\sapapi\actions-runner\.credentials_rsaparams
[2025-08-25 03:55:53Z INFO GitHubActionsService] AAD Correlation ID for this token request: Unknown
[2025-08-25 04:46:10Z INFO RSAEncryptedFileKeyManager] Loading RSA key parameters from file C:\laragon\www\sapapi\actions-runner\.credentials_rsaparams
[2025-08-25 04:46:11Z INFO GitHubActionsService] AAD Correlation ID for this token request: Unknown
[2025-08-25 05:36:29Z INFO RSAEncryptedFileKeyManager] Loading RSA key parameters from file C:\laragon\www\sapapi\actions-runner\.credentials_rsaparams
[2025-08-25 05:36:30Z INFO GitHubActionsService] AAD Correlation ID for this token request: Unknown
[2025-08-25 06:26:48Z INFO RSAEncryptedFileKeyManager] Loading RSA key parameters from file C:\laragon\www\sapapi\actions-runner\.credentials_rsaparams
[2025-08-25 06:26:49Z INFO GitHubActionsService] AAD Correlation ID for this token request: Unknown
[2025-08-25 07:17:07Z INFO RSAEncryptedFileKeyManager] Loading RSA key parameters from file C:\laragon\www\sapapi\actions-runner\.credentials_rsaparams
[2025-08-25 07:17:09Z INFO GitHubActionsService] AAD Correlation ID for this token request: Unknown
[2025-08-25 08:07:27Z INFO RSAEncryptedFileKeyManager] Loading RSA key parameters from file C:\laragon\www\sapapi\actions-runner\.credentials_rsaparams
[2025-08-25 08:07:28Z INFO GitHubActionsService] AAD Correlation ID for this token request: Unknown
[2025-08-25 08:57:46Z INFO RSAEncryptedFileKeyManager] Loading RSA key parameters from file C:\laragon\www\sapapi\actions-runner\.credentials_rsaparams
[2025-08-25 08:57:47Z INFO GitHubActionsService] AAD Correlation ID for this token request: Unknown
[2025-08-25 09:48:05Z INFO RSAEncryptedFileKeyManager] Loading RSA key parameters from file C:\laragon\www\sapapi\actions-runner\.credentials_rsaparams
[2025-08-25 09:48:06Z INFO GitHubActionsService] AAD Correlation ID for this token request: Unknown
[2025-08-25 10:38:25Z INFO RSAEncryptedFileKeyManager] Loading RSA key parameters from file C:\laragon\www\sapapi\actions-runner\.credentials_rsaparams
[2025-08-25 10:38:26Z INFO GitHubActionsService] AAD Correlation ID for this token request: Unknown
[2025-08-25 11:26:13Z WARN GitHubActionsService] Attempt 1 of GET request to https://broker.actions.githubusercontent.com/message?sessionId=e3a6fc09-cdce-4d04-a028-89d3ab67908d&status=Online&runnerVersion=2.328.0&os=Windows&architecture=X64&disableUpdate=false failed (Socket Error: ConnectionReset). The operation will be retried in 10.966 seconds.
[2025-08-25 11:28:57Z INFO RSAEncryptedFileKeyManager] Loading RSA key parameters from file C:\laragon\www\sapapi\actions-runner\.credentials_rsaparams
[2025-08-25 11:28:58Z INFO GitHubActionsService] AAD Correlation ID for this token request: Unknown
[2025-08-25 12:19:28Z INFO RSAEncryptedFileKeyManager] Loading RSA key parameters from file C:\laragon\www\sapapi\actions-runner\.credentials_rsaparams
[2025-08-25 12:19:29Z INFO GitHubActionsService] AAD Correlation ID for this token request: Unknown
[2025-08-25 13:10:04Z INFO RSAEncryptedFileKeyManager] Loading RSA key parameters from file C:\laragon\www\sapapi\actions-runner\.credentials_rsaparams
[2025-08-25 13:10:06Z INFO GitHubActionsService] AAD Correlation ID for this token request: Unknown
[2025-08-25 14:00:37Z INFO RSAEncryptedFileKeyManager] Loading RSA key parameters from file C:\laragon\www\sapapi\actions-runner\.credentials_rsaparams
[2025-08-25 14:00:39Z INFO GitHubActionsService] AAD Correlation ID for this token request: Unknown
[2025-08-25 14:51:12Z INFO RSAEncryptedFileKeyManager] Loading RSA key parameters from file C:\laragon\www\sapapi\actions-runner\.credentials_rsaparams
[2025-08-25 14:51:13Z INFO GitHubActionsService] AAD Correlation ID for this token request: Unknown
[2025-08-25 15:41:46Z INFO RSAEncryptedFileKeyManager] Loading RSA key parameters from file C:\laragon\www\sapapi\actions-runner\.credentials_rsaparams
[2025-08-25 15:41:47Z INFO GitHubActionsService] AAD Correlation ID for this token request: Unknown
[2025-08-25 16:32:21Z INFO RSAEncryptedFileKeyManager] Loading RSA key parameters from file C:\laragon\www\sapapi\actions-runner\.credentials_rsaparams
[2025-08-25 16:32:22Z INFO GitHubActionsService] AAD Correlation ID for this token request: Unknown
[2025-08-25 17:22:54Z INFO RSAEncryptedFileKeyManager] Loading RSA key parameters from file C:\laragon\www\sapapi\actions-runner\.credentials_rsaparams
[2025-08-25 17:22:55Z INFO GitHubActionsService] AAD Correlation ID for this token request: Unknown
[2025-08-25 18:13:26Z INFO RSAEncryptedFileKeyManager] Loading RSA key parameters from file C:\laragon\www\sapapi\actions-runner\.credentials_rsaparams
[2025-08-25 18:13:28Z INFO GitHubActionsService] AAD Correlation ID for this token request: Unknown
[2025-08-25 19:03:59Z INFO RSAEncryptedFileKeyManager] Loading RSA key parameters from file C:\laragon\www\sapapi\actions-runner\.credentials_rsaparams
[2025-08-25 19:04:00Z INFO GitHubActionsService] AAD Correlation ID for this token request: Unknown
[2025-08-25 19:54:32Z INFO RSAEncryptedFileKeyManager] Loading RSA key parameters from file C:\laragon\www\sapapi\actions-runner\.credentials_rsaparams
[2025-08-25 19:54:34Z INFO GitHubActionsService] AAD Correlation ID for this token request: Unknown
[2025-08-25 20:45:03Z INFO RSAEncryptedFileKeyManager] Loading RSA key parameters from file C:\laragon\www\sapapi\actions-runner\.credentials_rsaparams
[2025-08-25 20:45:05Z INFO GitHubActionsService] AAD Correlation ID for this token request: Unknown
[2025-08-25 21:35:36Z INFO RSAEncryptedFileKeyManager] Loading RSA key parameters from file C:\laragon\www\sapapi\actions-runner\.credentials_rsaparams
[2025-08-25 21:35:37Z INFO GitHubActionsService] AAD Correlation ID for this token request: Unknown
[2025-08-25 22:26:09Z INFO RSAEncryptedFileKeyManager] Loading RSA key parameters from file C:\laragon\www\sapapi\actions-runner\.credentials_rsaparams
[2025-08-25 22:26:10Z INFO GitHubActionsService] AAD Correlation ID for this token request: Unknown
[2025-08-25 22:53:31Z INFO Runner] Received RunnerRefreshConfigMessage for 'runner' config file
[2025-08-25 22:53:31Z INFO RunnerConfigUpdater] Verifying runner qualified id: U_kgDOAIytEA/R_kgDOPX5Qyg/self-hosted/22
[2025-08-25 22:53:31Z INFO HostContext] Well known directory 'Bin': 'C:\laragon\www\sapapi\actions-runner\bin'
[2025-08-25 22:53:31Z INFO HostContext] Well known directory 'Root': 'C:\laragon\www\sapapi\actions-runner'
[2025-08-25 22:53:31Z INFO HostContext] Well known config file 'Runner': 'C:\laragon\www\sapapi\actions-runner\.runner'
[2025-08-25 22:53:33Z INFO RSAEncryptedFileKeyManager] Loading RSA key parameters from file C:\laragon\www\sapapi\actions-runner\.credentials_rsaparams
[2025-08-25 22:53:34Z INFO GitHubActionsService] AAD Correlation ID for this token request: Unknown
[2025-08-25 22:53:34Z INFO ConfigurationStore] Saving runner migrated settings
[2025-08-25 22:53:34Z INFO ConfigurationStore] Delete exist runner migrated settings file.
[2025-08-25 22:53:34Z INFO ConfigurationStore] Migrated Settings Saved.
[2025-08-25 22:53:35Z INFO Runner] Runner configuration was updated. Session restart has been scheduled
[2025-08-25 22:53:35Z INFO Runner] Pending session restart detected and job dispatcher is not busy. Restarting session now.
[2025-08-25 22:53:35Z INFO JobDispatcher] Shutting down JobDispatcher. Make sure all WorkerDispatcher has finished.
[2025-08-25 22:53:35Z INFO Runner] Deleting Runner Session...
[2025-08-25 22:53:36Z INFO Runner] Restarting runner session after config update...
[2025-08-25 22:53:36Z INFO Runner] Runner configuration was refreshed, restarting session...
[2025-08-25 22:53:36Z INFO ConfigurationManager] LoadSettings
[2025-08-25 22:53:36Z INFO ConfigurationStore] IsConfigured()
[2025-08-25 22:53:36Z INFO ConfigurationStore] IsConfigured: True
[2025-08-25 22:53:36Z INFO ConfigurationManager] Is configured: True
[2025-08-25 22:53:36Z INFO ConfigurationManager] Settings Loaded
[2025-08-25 22:53:36Z INFO Runner] RunAsync
[2025-08-25 22:53:36Z INFO ConfigurationManager] LoadMigratedSettings
[2025-08-25 22:53:36Z INFO ConfigurationStore] IsMigratedConfigured()
[2025-08-25 22:53:36Z INFO ConfigurationStore] IsMigratedConfigured: True
[2025-08-25 22:53:36Z INFO ConfigurationManager] Migrated Settings Loaded
[2025-08-25 22:53:36Z INFO Runner] Loaded migrated settings from .runner_migrated file
[2025-08-25 22:53:36Z INFO Runner] {
  "AgentId": 22,
  "AgentName": "JO",
  "PoolId": 1,
  "PoolName": "Default",
  "ServerUrl": "https://pipelinesghubeus26.actions.githubusercontent.com/OTqsuixwcDOeboiI5ELPh9vt0loVA9erSQMzHOLYofkfIDGeBX/",
  "GitHubUrl": "https://github.com/jauharimalik/sapapi",
  "WorkFolder": "_work",
  "UseV2Flow": true,
  "ServerUrlV2": "https://broker.actions.githubusercontent.com/"
}
[2025-08-25 22:53:36Z INFO Runner] Attempting to create session using migrated settings
[2025-08-25 22:53:36Z INFO Runner] Using BrokerMessageListener
[2025-08-25 22:53:36Z INFO BrokerMessageListener] Using provided settings
[2025-08-25 22:53:36Z INFO BrokerMessageListener] Using migrated settings from .runner_migrated
[2025-08-25 22:53:36Z INFO BrokerMessageListener] {
  "AgentId": 22,
  "AgentName": "JO",
  "PoolId": 1,
  "PoolName": "Default",
  "ServerUrl": "https://pipelinesghubeus26.actions.githubusercontent.com/OTqsuixwcDOeboiI5ELPh9vt0loVA9erSQMzHOLYofkfIDGeBX/",
  "GitHubUrl": "https://github.com/jauharimalik/sapapi",
  "WorkFolder": "_work",
  "UseV2Flow": true,
  "ServerUrlV2": "https://broker.actions.githubusercontent.com/"
}
[2025-08-25 22:53:36Z INFO BrokerMessageListener] Loading Credentials
[2025-08-25 22:53:36Z INFO ConfigurationStore] HasCredentials()
[2025-08-25 22:53:36Z INFO ConfigurationStore] stored True
[2025-08-25 22:53:36Z INFO CredentialManager] GetCredentialProvider
[2025-08-25 22:53:36Z INFO CredentialManager] Creating type OAuth
[2025-08-25 22:53:36Z INFO CredentialManager] Creating credential type: OAuth
[2025-08-25 22:53:36Z INFO RSAEncryptedFileKeyManager] Loading RSA key parameters from file C:\laragon\www\sapapi\actions-runner\.credentials_rsaparams
[2025-08-25 22:53:36Z INFO BrokerMessageListener] Attempt to create session.
[2025-08-25 22:53:36Z INFO BrokerMessageListener] Connecting to the Broker Server...
[2025-08-25 22:53:36Z INFO ConfigurationStore] HasCredentials()
[2025-08-25 22:53:36Z INFO ConfigurationStore] stored True
[2025-08-25 22:53:36Z INFO CredentialManager] GetCredentialProvider
[2025-08-25 22:53:36Z INFO CredentialManager] Creating type OAuth
[2025-08-25 22:53:36Z INFO CredentialManager] Creating credential type: OAuth
[2025-08-25 22:53:36Z INFO RSAEncryptedFileKeyManager] Loading RSA key parameters from file C:\laragon\www\sapapi\actions-runner\.credentials_rsaparams
[2025-08-25 22:53:36Z INFO BrokerMessageListener] VssConnection created
[2025-08-25 22:53:36Z INFO BrokerMessageListener] Connecting to the Runner server...
[2025-08-25 22:53:36Z INFO RunnerServer] EstablishVssConnection
[2025-08-25 22:53:36Z INFO RunnerServer] Establish connection with 100 seconds timeout.
[2025-08-25 22:53:36Z INFO GitHubActionsService] Starting operation Location.GetConnectionData
[2025-08-25 22:53:36Z INFO RunnerServer] EstablishVssConnection
[2025-08-25 22:53:36Z INFO RunnerServer] Establish connection with 60 seconds timeout.
[2025-08-25 22:53:36Z INFO GitHubActionsService] Starting operation Location.GetConnectionData
[2025-08-25 22:53:36Z INFO RunnerServer] EstablishVssConnection
[2025-08-25 22:53:36Z INFO RunnerServer] Establish connection with 60 seconds timeout.
[2025-08-25 22:53:36Z INFO GitHubActionsService] Starting operation Location.GetConnectionData
[2025-08-25 22:53:37Z INFO GitHubActionsService] Finished operation Location.GetConnectionData
[2025-08-25 22:53:37Z INFO GitHubActionsService] Finished operation Location.GetConnectionData
[2025-08-25 22:53:37Z INFO GitHubActionsService] Finished operation Location.GetConnectionData
[2025-08-25 22:53:37Z INFO BrokerMessageListener] VssConnection created
[2025-08-25 22:53:37Z INFO Terminal] WRITE LINE: 
[2025-08-25 22:53:37Z INFO Terminal] WRITE LINE: 
[2025-08-25 22:53:37Z INFO RSAEncryptedFileKeyManager] Loading RSA key parameters from file C:\laragon\www\sapapi\actions-runner\.credentials_rsaparams
[2025-08-25 22:53:37Z INFO RSAEncryptedFileKeyManager] Loading RSA key parameters from file C:\laragon\www\sapapi\actions-runner\.credentials_rsaparams
[2025-08-25 22:53:38Z INFO GitHubActionsService] AAD Correlation ID for this token request: Unknown
[2025-08-25 22:53:40Z INFO BrokerMessageListener] Session created.
[2025-08-25 22:53:40Z INFO Runner] Successfully created session with migrated settings
[2025-08-25 22:53:40Z INFO Terminal] WRITE LINE: Current runner version: '2.328.0'
[2025-08-25 22:53:40Z INFO Terminal] WRITE LINE: 2025-08-25 22:53:40Z: Listening for Jobs
[2025-08-25 22:53:40Z INFO JobDispatcher] Set runner/worker IPC timeout to 30 seconds.
[2025-08-25 23:44:14Z INFO RSAEncryptedFileKeyManager] Loading RSA key parameters from file C:\laragon\www\sapapi\actions-runner\.credentials_rsaparams
[2025-08-25 23:44:16Z INFO GitHubActionsService] AAD Correlation ID for this token request: Unknown
[2025-08-26 00:34:48Z INFO RSAEncryptedFileKeyManager] Loading RSA key parameters from file C:\laragon\www\sapapi\actions-runner\.credentials_rsaparams
[2025-08-26 00:34:50Z INFO GitHubActionsService] AAD Correlation ID for this token request: Unknown
[2025-08-26 01:25:22Z INFO RSAEncryptedFileKeyManager] Loading RSA key parameters from file C:\laragon\www\sapapi\actions-runner\.credentials_rsaparams
[2025-08-26 01:25:23Z INFO GitHubActionsService] AAD Correlation ID for this token request: Unknown
[2025-08-26 02:15:55Z INFO RSAEncryptedFileKeyManager] Loading RSA key parameters from file C:\laragon\www\sapapi\actions-runner\.credentials_rsaparams
[2025-08-26 02:15:56Z INFO GitHubActionsService] AAD Correlation ID for this token request: Unknown
[2025-08-26 03:06:28Z INFO RSAEncryptedFileKeyManager] Loading RSA key parameters from file C:\laragon\www\sapapi\actions-runner\.credentials_rsaparams
[2025-08-26 03:06:29Z INFO GitHubActionsService] AAD Correlation ID for this token request: Unknown
[2025-08-26 03:48:20Z INFO Runner] Refresh message received, kick-off selfupdate background process.
[2025-08-26 03:48:21Z INFO RSAEncryptedFileKeyManager] Loading RSA key parameters from file C:\laragon\www\sapapi\actions-runner\.credentials_rsaparams
[2025-08-26 03:48:21Z INFO RSAEncryptedFileKeyManager] Loading RSA key parameters from file C:\laragon\www\sapapi\actions-runner\.credentials_rsaparams
[2025-08-26 03:48:22Z INFO GitHubActionsService] AAD Correlation ID for this token request: Unknown
[2025-08-26 03:48:23Z INFO SelfUpdater] Version '2.328.0' of 'agent' package available in server.
[2025-08-26 03:48:23Z INFO SelfUpdater] Current running runner version is 2.328.0
[2025-08-26 03:48:23Z INFO SelfUpdater] Can't find available update package.
[2025-08-26 03:48:23Z INFO Terminal] WRITE LINE: Runner update process finished.
[2025-08-26 03:48:23Z INFO Runner] Auto update task finished at backend, there is no available runner update needs to apply, continue message queue looping.
[2025-08-26 03:56:46Z INFO RSAEncryptedFileKeyManager] Loading RSA key parameters from file C:\laragon\www\sapapi\actions-runner\.credentials_rsaparams
[2025-08-26 03:56:47Z INFO GitHubActionsService] AAD Correlation ID for this token request: Unknown
[2025-08-26 04:47:18Z INFO RSAEncryptedFileKeyManager] Loading RSA key parameters from file C:\laragon\www\sapapi\actions-runner\.credentials_rsaparams
[2025-08-26 04:47:19Z INFO GitHubActionsService] AAD Correlation ID for this token request: Unknown
[2025-08-26 05:37:51Z INFO RSAEncryptedFileKeyManager] Loading RSA key parameters from file C:\laragon\www\sapapi\actions-runner\.credentials_rsaparams
[2025-08-26 05:37:52Z INFO GitHubActionsService] AAD Correlation ID for this token request: Unknown
[2025-08-26 06:28:24Z INFO RSAEncryptedFileKeyManager] Loading RSA key parameters from file C:\laragon\www\sapapi\actions-runner\.credentials_rsaparams
[2025-08-26 06:28:25Z INFO GitHubActionsService] AAD Correlation ID for this token request: Unknown
[2025-08-26 07:18:56Z INFO RSAEncryptedFileKeyManager] Loading RSA key parameters from file C:\laragon\www\sapapi\actions-runner\.credentials_rsaparams
[2025-08-26 07:18:57Z INFO GitHubActionsService] AAD Correlation ID for this token request: Unknown
[2025-08-26 08:09:28Z INFO RSAEncryptedFileKeyManager] Loading RSA key parameters from file C:\laragon\www\sapapi\actions-runner\.credentials_rsaparams
[2025-08-26 08:09:29Z INFO GitHubActionsService] AAD Correlation ID for this token request: Unknown
[2025-08-26 09:00:01Z INFO RSAEncryptedFileKeyManager] Loading RSA key parameters from file C:\laragon\www\sapapi\actions-runner\.credentials_rsaparams
[2025-08-26 09:00:03Z INFO GitHubActionsService] AAD Correlation ID for this token request: Unknown
[2025-08-26 09:50:38Z INFO RSAEncryptedFileKeyManager] Loading RSA key parameters from file C:\laragon\www\sapapi\actions-runner\.credentials_rsaparams
[2025-08-26 09:50:40Z INFO GitHubActionsService] AAD Correlation ID for this token request: Unknown
[2025-08-26 10:41:09Z INFO RSAEncryptedFileKeyManager] Loading RSA key parameters from file C:\laragon\www\sapapi\actions-runner\.credentials_rsaparams
[2025-08-26 10:41:11Z INFO GitHubActionsService] AAD Correlation ID for this token request: Unknown
[2025-08-26 11:31:41Z INFO RSAEncryptedFileKeyManager] Loading RSA key parameters from file C:\laragon\www\sapapi\actions-runner\.credentials_rsaparams
[2025-08-26 11:31:43Z INFO GitHubActionsService] AAD Correlation ID for this token request: Unknown
[2025-08-26 12:22:13Z INFO RSAEncryptedFileKeyManager] Loading RSA key parameters from file C:\laragon\www\sapapi\actions-runner\.credentials_rsaparams
[2025-08-26 12:22:14Z INFO GitHubActionsService] AAD Correlation ID for this token request: Unknown
[2025-08-26 13:12:48Z INFO RSAEncryptedFileKeyManager] Loading RSA key parameters from file C:\laragon\www\sapapi\actions-runner\.credentials_rsaparams
[2025-08-26 13:12:49Z INFO GitHubActionsService] AAD Correlation ID for this token request: Unknown
[2025-08-26 14:03:22Z INFO RSAEncryptedFileKeyManager] Loading RSA key parameters from file C:\laragon\www\sapapi\actions-runner\.credentials_rsaparams
[2025-08-26 14:03:23Z INFO GitHubActionsService] AAD Correlation ID for this token request: Unknown
[2025-08-26 14:54:10Z INFO RSAEncryptedFileKeyManager] Loading RSA key parameters from file C:\laragon\www\sapapi\actions-runner\.credentials_rsaparams
[2025-08-26 14:54:12Z INFO GitHubActionsService] AAD Correlation ID for this token request: Unknown
[2025-08-26 15:44:52Z INFO RSAEncryptedFileKeyManager] Loading RSA key parameters from file C:\laragon\www\sapapi\actions-runner\.credentials_rsaparams
[2025-08-26 15:44:56Z INFO GitHubActionsService] AAD Correlation ID for this token request: Unknown
[2025-08-26 15:44:56Z WARN GitHubActionsService] Retrieving an AAD auth token took a long time (3.4432608 seconds)
[2025-08-26 16:35:28Z INFO RSAEncryptedFileKeyManager] Loading RSA key parameters from file C:\laragon\www\sapapi\actions-runner\.credentials_rsaparams
[2025-08-26 16:35:29Z INFO GitHubActionsService] AAD Correlation ID for this token request: Unknown
[2025-08-26 17:26:00Z INFO RSAEncryptedFileKeyManager] Loading RSA key parameters from file C:\laragon\www\sapapi\actions-runner\.credentials_rsaparams
[2025-08-26 17:26:01Z INFO GitHubActionsService] AAD Correlation ID for this token request: Unknown
[2025-08-26 18:16:31Z INFO RSAEncryptedFileKeyManager] Loading RSA key parameters from file C:\laragon\www\sapapi\actions-runner\.credentials_rsaparams
[2025-08-26 18:16:32Z INFO GitHubActionsService] AAD Correlation ID for this token request: Unknown
[2025-08-26 18:40:56Z WARN GitHubActionsService] GET request to https://broker.actions.githubusercontent.com/message?sessionId=46e2cf47-7815-4f8f-a33b-b03fc7050f67&status=Online&runnerVersion=2.328.0&os=Windows&architecture=X64&disableUpdate=false timed out after 100 seconds.
[2025-08-26 18:40:56Z ERR  BrokerServer] Catch exception during request
[2025-08-26 18:40:56Z ERR  BrokerServer] System.TimeoutException: The HTTP request timed out after 00:01:40.
 ---> System.Threading.Tasks.TaskCanceledException: The operation was canceled.
 ---> System.IO.IOException: Unable to read data from the transport connection: The I/O operation has been aborted because of either a thread exit or an application request..
 ---> System.Net.Sockets.SocketException (995): The I/O operation has been aborted because of either a thread exit or an application request.
   --- End of inner exception stack trace ---
   at System.Net.Sockets.Socket.AwaitableSocketAsyncEventArgs.ThrowException(SocketError error, CancellationToken cancellationToken)
   at System.Net.Sockets.Socket.AwaitableSocketAsyncEventArgs.System.Threading.Tasks.Sources.IValueTaskSource<System.Int32>.GetResult(Int16 token)
   at System.Net.Security.SslStream.EnsureFullTlsFrameAsync[TIOAdapter](CancellationToken cancellationToken, Int32 estimatedSize)
   at System.Runtime.CompilerServices.PoolingAsyncValueTaskMethodBuilder`1.StateMachineBox`1.System.Threading.Tasks.Sources.IValueTaskSource<TResult>.GetResult(Int16 token)
   at System.Net.Security.SslStream.ReadAsyncInternal[TIOAdapter](Memory`1 buffer, CancellationToken cancellationToken)
   at System.Runtime.CompilerServices.PoolingAsyncValueTaskMethodBuilder`1.StateMachineBox`1.System.Threading.Tasks.Sources.IValueTaskSource<TResult>.GetResult(Int16 token)
   at System.Net.Http.HttpConnection.SendAsync(HttpRequestMessage request, Boolean async, CancellationToken cancellationToken)
   --- End of inner exception stack trace ---
   at System.Net.Http.HttpConnection.SendAsync(HttpRequestMessage request, Boolean async, CancellationToken cancellationToken)
   at System.Net.Http.AuthenticationHelper.SendWithNtAuthAsync(HttpRequestMessage request, Uri authUri, Boolean async, ICredentials credentials, Boolean isProxyAuth, HttpConnection connection, HttpConnectionPool connectionPool, CancellationToken cancellationToken)
   at System.Net.Http.HttpConnectionPool.SendWithVersionDetectionAndRetryAsync(HttpRequestMessage request, Boolean async, Boolean doRequestAuth, CancellationToken cancellationToken)
   at System.Net.Http.AuthenticationHelper.SendWithAuthAsync(HttpRequestMessage request, Uri authUri, Boolean async, ICredentials credentials, Boolean preAuthenticate, Boolean isProxyAuth, Boolean doRequestAuth, HttpConnectionPool pool, CancellationToken cancellationToken)
   at System.Net.Http.RedirectHandler.SendAsync(HttpRequestMessage request, Boolean async, CancellationToken cancellationToken)
   at GitHub.Services.Common.RawHttpMessageHandler.SendAsync(HttpRequestMessage request, CancellationToken cancellationToken)
   --- End of inner exception stack trace ---
   at GitHub.Services.Common.RawHttpMessageHandler.SendAsync(HttpRequestMessage request, CancellationToken cancellationToken)
   at GitHub.Services.Common.VssHttpRetryMessageHandler.SendAsync(HttpRequestMessage request, CancellationToken cancellationToken)
   at System.Net.Http.HttpClient.<SendAsync>g__Core|83_0(HttpRequestMessage request, HttpCompletionOption completionOption, CancellationTokenSource cts, Boolean disposeCts, CancellationTokenSource pendingRequestsCts, CancellationToken originalCancellationToken)
   at Sdk.WebApi.WebApi.RawHttpClientBase.SendAsync(HttpRequestMessage message, HttpCompletionOption completionOption, Object userState, CancellationToken cancellationToken)
   at Sdk.WebApi.WebApi.RawHttpClientBase.SendAsync[T](HttpRequestMessage message, Boolean readErrorBody, Object userState, CancellationToken cancellationToken)
   at Sdk.WebApi.WebApi.RawHttpClientBase.SendAsync[T](HttpMethod method, IEnumerable`1 additionalHeaders, Uri requestUri, HttpContent content, IEnumerable`1 queryParameters, Boolean readErrorBody, Object userState, CancellationToken cancellationToken)
   at GitHub.Actions.RunService.WebApi.BrokerHttpClient.GetRunnerMessageAsync(Nullable`1 sessionId, String runnerVersion, Nullable`1 status, String os, String architecture, Nullable`1 disableUpdate, CancellationToken cancellationToken)
   at GitHub.Runner.Common.BrokerServer.<>c__DisplayClass7_0.<<GetRunnerMessageAsync>b__0>d.MoveNext()
--- End of stack trace from previous location ---
   at GitHub.Runner.Common.RunnerService.RetryRequest[T](Func`1 func, CancellationToken cancellationToken, Int32 maxRetryAttemptsCount, Func`2 shouldRetry)
[2025-08-26 18:40:56Z ERR  BrokerServer] #####################################################
[2025-08-26 18:40:56Z ERR  BrokerServer] System.Threading.Tasks.TaskCanceledException: The operation was canceled.
 ---> System.IO.IOException: Unable to read data from the transport connection: The I/O operation has been aborted because of either a thread exit or an application request..
 ---> System.Net.Sockets.SocketException (995): The I/O operation has been aborted because of either a thread exit or an application request.
   --- End of inner exception stack trace ---
   at System.Net.Sockets.Socket.AwaitableSocketAsyncEventArgs.ThrowException(SocketError error, CancellationToken cancellationToken)
   at System.Net.Sockets.Socket.AwaitableSocketAsyncEventArgs.System.Threading.Tasks.Sources.IValueTaskSource<System.Int32>.GetResult(Int16 token)
   at System.Net.Security.SslStream.EnsureFullTlsFrameAsync[TIOAdapter](CancellationToken cancellationToken, Int32 estimatedSize)
   at System.Runtime.CompilerServices.PoolingAsyncValueTaskMethodBuilder`1.StateMachineBox`1.System.Threading.Tasks.Sources.IValueTaskSource<TResult>.GetResult(Int16 token)
   at System.Net.Security.SslStream.ReadAsyncInternal[TIOAdapter](Memory`1 buffer, CancellationToken cancellationToken)
   at System.Runtime.CompilerServices.PoolingAsyncValueTaskMethodBuilder`1.StateMachineBox`1.System.Threading.Tasks.Sources.IValueTaskSource<TResult>.GetResult(Int16 token)
   at System.Net.Http.HttpConnection.SendAsync(HttpRequestMessage request, Boolean async, CancellationToken cancellationToken)
   --- End of inner exception stack trace ---
   at System.Net.Http.HttpConnection.SendAsync(HttpRequestMessage request, Boolean async, CancellationToken cancellationToken)
   at System.Net.Http.AuthenticationHelper.SendWithNtAuthAsync(HttpRequestMessage request, Uri authUri, Boolean async, ICredentials credentials, Boolean isProxyAuth, HttpConnection connection, HttpConnectionPool connectionPool, CancellationToken cancellationToken)
   at System.Net.Http.HttpConnectionPool.SendWithVersionDetectionAndRetryAsync(HttpRequestMessage request, Boolean async, Boolean doRequestAuth, CancellationToken cancellationToken)
   at System.Net.Http.AuthenticationHelper.SendWithAuthAsync(HttpRequestMessage request, Uri authUri, Boolean async, ICredentials credentials, Boolean preAuthenticate, Boolean isProxyAuth, Boolean doRequestAuth, HttpConnectionPool pool, CancellationToken cancellationToken)
   at System.Net.Http.RedirectHandler.SendAsync(HttpRequestMessage request, Boolean async, CancellationToken cancellationToken)
   at GitHub.Services.Common.RawHttpMessageHandler.SendAsync(HttpRequestMessage request, CancellationToken cancellationToken)
[2025-08-26 18:40:56Z ERR  BrokerServer] #####################################################
[2025-08-26 18:40:56Z ERR  BrokerServer] System.IO.IOException: Unable to read data from the transport connection: The I/O operation has been aborted because of either a thread exit or an application request..
 ---> System.Net.Sockets.SocketException (995): The I/O operation has been aborted because of either a thread exit or an application request.
   --- End of inner exception stack trace ---
   at System.Net.Sockets.Socket.AwaitableSocketAsyncEventArgs.ThrowException(SocketError error, CancellationToken cancellationToken)
   at System.Net.Sockets.Socket.AwaitableSocketAsyncEventArgs.System.Threading.Tasks.Sources.IValueTaskSource<System.Int32>.GetResult(Int16 token)
   at System.Net.Security.SslStream.EnsureFullTlsFrameAsync[TIOAdapter](CancellationToken cancellationToken, Int32 estimatedSize)
   at System.Runtime.CompilerServices.PoolingAsyncValueTaskMethodBuilder`1.StateMachineBox`1.System.Threading.Tasks.Sources.IValueTaskSource<TResult>.GetResult(Int16 token)
   at System.Net.Security.SslStream.ReadAsyncInternal[TIOAdapter](Memory`1 buffer, CancellationToken cancellationToken)
   at System.Runtime.CompilerServices.PoolingAsyncValueTaskMethodBuilder`1.StateMachineBox`1.System.Threading.Tasks.Sources.IValueTaskSource<TResult>.GetResult(Int16 token)
   at System.Net.Http.HttpConnection.SendAsync(HttpRequestMessage request, Boolean async, CancellationToken cancellationToken)
[2025-08-26 18:40:56Z ERR  BrokerServer] #####################################################
[2025-08-26 18:40:56Z ERR  BrokerServer] System.Net.Sockets.SocketException (995): The I/O operation has been aborted because of either a thread exit or an application request.
[2025-08-26 18:40:56Z WARN BrokerServer] Back off 10.032 seconds before next retry. 4 attempt left.
[2025-08-26 19:07:13Z INFO RSAEncryptedFileKeyManager] Loading RSA key parameters from file C:\laragon\www\sapapi\actions-runner\.credentials_rsaparams
[2025-08-26 19:07:14Z INFO GitHubActionsService] AAD Correlation ID for this token request: Unknown
[2025-08-26 19:57:46Z INFO RSAEncryptedFileKeyManager] Loading RSA key parameters from file C:\laragon\www\sapapi\actions-runner\.credentials_rsaparams
[2025-08-26 19:57:47Z INFO GitHubActionsService] AAD Correlation ID for this token request: Unknown
[2025-08-26 20:48:19Z INFO RSAEncryptedFileKeyManager] Loading RSA key parameters from file C:\laragon\www\sapapi\actions-runner\.credentials_rsaparams
[2025-08-26 20:48:21Z INFO GitHubActionsService] AAD Correlation ID for this token request: Unknown
[2025-08-26 21:38:52Z INFO RSAEncryptedFileKeyManager] Loading RSA key parameters from file C:\laragon\www\sapapi\actions-runner\.credentials_rsaparams
[2025-08-26 21:38:53Z INFO GitHubActionsService] AAD Correlation ID for this token request: Unknown
[2025-08-26 22:29:24Z INFO RSAEncryptedFileKeyManager] Loading RSA key parameters from file C:\laragon\www\sapapi\actions-runner\.credentials_rsaparams
[2025-08-26 22:29:25Z INFO GitHubActionsService] AAD Correlation ID for this token request: Unknown
[2025-08-26 22:53:33Z INFO Runner] Received RunnerRefreshConfigMessage for 'runner' config file
[2025-08-26 22:53:33Z INFO RunnerConfigUpdater] Verifying runner qualified id: U_kgDOAIytEA/R_kgDOPX5Qyg/self-hosted/22
[2025-08-26 22:53:33Z INFO HostContext] Well known directory 'Bin': 'C:\laragon\www\sapapi\actions-runner\bin'
[2025-08-26 22:53:33Z INFO HostContext] Well known directory 'Root': 'C:\laragon\www\sapapi\actions-runner'
[2025-08-26 22:53:33Z INFO HostContext] Well known config file 'Runner': 'C:\laragon\www\sapapi\actions-runner\.runner'
[2025-08-26 22:53:34Z INFO RSAEncryptedFileKeyManager] Loading RSA key parameters from file C:\laragon\www\sapapi\actions-runner\.credentials_rsaparams
[2025-08-26 22:53:35Z INFO GitHubActionsService] AAD Correlation ID for this token request: Unknown
[2025-08-26 22:53:36Z INFO ConfigurationStore] Saving runner migrated settings
[2025-08-26 22:53:36Z INFO ConfigurationStore] Delete exist runner migrated settings file.
[2025-08-26 22:53:36Z INFO ConfigurationStore] Migrated Settings Saved.
[2025-08-26 22:53:36Z INFO Runner] Runner configuration was updated. Session restart has been scheduled
[2025-08-26 22:53:36Z INFO Runner] Pending session restart detected and job dispatcher is not busy. Restarting session now.
[2025-08-26 22:53:36Z INFO JobDispatcher] Shutting down JobDispatcher. Make sure all WorkerDispatcher has finished.
[2025-08-26 22:53:36Z INFO Runner] Deleting Runner Session...
[2025-08-26 22:53:37Z INFO Runner] Restarting runner session after config update...
[2025-08-26 22:53:37Z INFO Runner] Runner configuration was refreshed, restarting session...
[2025-08-26 22:53:37Z INFO ConfigurationManager] LoadSettings
[2025-08-26 22:53:37Z INFO ConfigurationStore] IsConfigured()
[2025-08-26 22:53:37Z INFO ConfigurationStore] IsConfigured: True
[2025-08-26 22:53:37Z INFO ConfigurationManager] Is configured: True
[2025-08-26 22:53:37Z INFO ConfigurationManager] Settings Loaded
[2025-08-26 22:53:37Z INFO Runner] RunAsync
[2025-08-26 22:53:37Z INFO ConfigurationManager] LoadMigratedSettings
[2025-08-26 22:53:37Z INFO ConfigurationStore] IsMigratedConfigured()
[2025-08-26 22:53:37Z INFO ConfigurationStore] IsMigratedConfigured: True
[2025-08-26 22:53:37Z INFO ConfigurationManager] Migrated Settings Loaded
[2025-08-26 22:53:37Z INFO Runner] Loaded migrated settings from .runner_migrated file
[2025-08-26 22:53:37Z INFO Runner] {
  "AgentId": 22,
  "AgentName": "JO",
  "PoolId": 1,
  "PoolName": "Default",
  "ServerUrl": "https://pipelinesghubeus26.actions.githubusercontent.com/OTqsuixwcDOeboiI5ELPh9vt0loVA9erSQMzHOLYofkfIDGeBX/",
  "GitHubUrl": "https://github.com/jauharimalik/sapapi",
  "WorkFolder": "_work",
  "UseV2Flow": true,
  "ServerUrlV2": "https://broker.actions.githubusercontent.com/"
}
[2025-08-26 22:53:37Z INFO Runner] Attempting to create session using migrated settings
[2025-08-26 22:53:37Z INFO Runner] Using BrokerMessageListener
[2025-08-26 22:53:37Z INFO BrokerMessageListener] Using provided settings
[2025-08-26 22:53:37Z INFO BrokerMessageListener] Using migrated settings from .runner_migrated
[2025-08-26 22:53:37Z INFO BrokerMessageListener] {
  "AgentId": 22,
  "AgentName": "JO",
  "PoolId": 1,
  "PoolName": "Default",
  "ServerUrl": "https://pipelinesghubeus26.actions.githubusercontent.com/OTqsuixwcDOeboiI5ELPh9vt0loVA9erSQMzHOLYofkfIDGeBX/",
  "GitHubUrl": "https://github.com/jauharimalik/sapapi",
  "WorkFolder": "_work",
  "UseV2Flow": true,
  "ServerUrlV2": "https://broker.actions.githubusercontent.com/"
}
[2025-08-26 22:53:37Z INFO BrokerMessageListener] Loading Credentials
[2025-08-26 22:53:37Z INFO ConfigurationStore] HasCredentials()
[2025-08-26 22:53:37Z INFO ConfigurationStore] stored True
[2025-08-26 22:53:37Z INFO CredentialManager] GetCredentialProvider
[2025-08-26 22:53:37Z INFO CredentialManager] Creating type OAuth
[2025-08-26 22:53:37Z INFO CredentialManager] Creating credential type: OAuth
[2025-08-26 22:53:37Z INFO RSAEncryptedFileKeyManager] Loading RSA key parameters from file C:\laragon\www\sapapi\actions-runner\.credentials_rsaparams
[2025-08-26 22:53:37Z INFO BrokerMessageListener] Attempt to create session.
[2025-08-26 22:53:37Z INFO BrokerMessageListener] Connecting to the Broker Server...
[2025-08-26 22:53:37Z INFO ConfigurationStore] HasCredentials()
[2025-08-26 22:53:37Z INFO ConfigurationStore] stored True
[2025-08-26 22:53:37Z INFO CredentialManager] GetCredentialProvider
[2025-08-26 22:53:37Z INFO CredentialManager] Creating type OAuth
[2025-08-26 22:53:37Z INFO CredentialManager] Creating credential type: OAuth
[2025-08-26 22:53:37Z INFO RSAEncryptedFileKeyManager] Loading RSA key parameters from file C:\laragon\www\sapapi\actions-runner\.credentials_rsaparams
[2025-08-26 22:53:37Z INFO BrokerMessageListener] VssConnection created
[2025-08-26 22:53:37Z INFO BrokerMessageListener] Connecting to the Runner server...
[2025-08-26 22:53:37Z INFO RunnerServer] EstablishVssConnection
[2025-08-26 22:53:37Z INFO RunnerServer] Establish connection with 100 seconds timeout.
[2025-08-26 22:53:37Z INFO GitHubActionsService] Starting operation Location.GetConnectionData
[2025-08-26 22:53:37Z INFO RunnerServer] EstablishVssConnection
[2025-08-26 22:53:37Z INFO RunnerServer] Establish connection with 60 seconds timeout.
[2025-08-26 22:53:37Z INFO GitHubActionsService] Starting operation Location.GetConnectionData
[2025-08-26 22:53:37Z INFO RunnerServer] EstablishVssConnection
[2025-08-26 22:53:37Z INFO RunnerServer] Establish connection with 60 seconds timeout.
[2025-08-26 22:53:37Z INFO GitHubActionsService] Starting operation Location.GetConnectionData
[2025-08-26 22:53:38Z INFO GitHubActionsService] Finished operation Location.GetConnectionData
[2025-08-26 22:53:38Z INFO GitHubActionsService] Finished operation Location.GetConnectionData
[2025-08-26 22:53:38Z INFO GitHubActionsService] Finished operation Location.GetConnectionData
[2025-08-26 22:53:38Z INFO BrokerMessageListener] VssConnection created
[2025-08-26 22:53:38Z INFO Terminal] WRITE LINE: 
[2025-08-26 22:53:38Z INFO Terminal] WRITE LINE: 
[2025-08-26 22:53:38Z INFO RSAEncryptedFileKeyManager] Loading RSA key parameters from file C:\laragon\www\sapapi\actions-runner\.credentials_rsaparams
[2025-08-26 22:53:38Z INFO RSAEncryptedFileKeyManager] Loading RSA key parameters from file C:\laragon\www\sapapi\actions-runner\.credentials_rsaparams
[2025-08-26 22:53:40Z INFO GitHubActionsService] AAD Correlation ID for this token request: Unknown
[2025-08-26 22:53:41Z INFO BrokerMessageListener] Session created.
[2025-08-26 22:53:41Z INFO Runner] Successfully created session with migrated settings
[2025-08-26 22:53:41Z INFO Terminal] WRITE LINE: Current runner version: '2.328.0'
[2025-08-26 22:53:41Z INFO Terminal] WRITE LINE: 2025-08-26 22:53:41Z: Listening for Jobs
[2025-08-26 22:53:41Z INFO JobDispatcher] Set runner/worker IPC timeout to 30 seconds.
[2025-08-26 23:44:12Z INFO RSAEncryptedFileKeyManager] Loading RSA key parameters from file C:\laragon\www\sapapi\actions-runner\.credentials_rsaparams
[2025-08-26 23:44:14Z INFO GitHubActionsService] AAD Correlation ID for this token request: Unknown
[2025-08-27 00:34:45Z INFO RSAEncryptedFileKeyManager] Loading RSA key parameters from file C:\laragon\www\sapapi\actions-runner\.credentials_rsaparams
[2025-08-27 00:34:46Z INFO GitHubActionsService] AAD Correlation ID for this token request: Unknown
[2025-08-27 01:25:18Z INFO RSAEncryptedFileKeyManager] Loading RSA key parameters from file C:\laragon\www\sapapi\actions-runner\.credentials_rsaparams
[2025-08-27 01:25:19Z INFO GitHubActionsService] AAD Correlation ID for this token request: Unknown
[2025-08-27 02:15:50Z INFO RSAEncryptedFileKeyManager] Loading RSA key parameters from file C:\laragon\www\sapapi\actions-runner\.credentials_rsaparams
[2025-08-27 02:15:52Z INFO GitHubActionsService] AAD Correlation ID for this token request: Unknown
[2025-08-27 03:06:23Z INFO RSAEncryptedFileKeyManager] Loading RSA key parameters from file C:\laragon\www\sapapi\actions-runner\.credentials_rsaparams
[2025-08-27 03:06:25Z INFO GitHubActionsService] AAD Correlation ID for this token request: Unknown
[2025-08-27 03:48:17Z INFO Runner] Refresh message received, kick-off selfupdate background process.
[2025-08-27 03:48:19Z INFO RSAEncryptedFileKeyManager] Loading RSA key parameters from file C:\laragon\www\sapapi\actions-runner\.credentials_rsaparams
[2025-08-27 03:48:19Z INFO RSAEncryptedFileKeyManager] Loading RSA key parameters from file C:\laragon\www\sapapi\actions-runner\.credentials_rsaparams
[2025-08-27 03:48:20Z INFO GitHubActionsService] AAD Correlation ID for this token request: Unknown
[2025-08-27 03:48:20Z INFO SelfUpdater] Version '2.328.0' of 'agent' package available in server.
[2025-08-27 03:48:20Z INFO SelfUpdater] Current running runner version is 2.328.0
[2025-08-27 03:48:20Z INFO SelfUpdater] Can't find available update package.
[2025-08-27 03:48:20Z INFO Terminal] WRITE LINE: Runner update process finished.
[2025-08-27 03:48:21Z INFO Runner] Auto update task finished at backend, there is no available runner update needs to apply, continue message queue looping.
[2025-08-27 03:56:43Z INFO RSAEncryptedFileKeyManager] Loading RSA key parameters from file C:\laragon\www\sapapi\actions-runner\.credentials_rsaparams
[2025-08-27 03:56:44Z INFO GitHubActionsService] AAD Correlation ID for this token request: Unknown
[2025-08-27 04:47:16Z INFO RSAEncryptedFileKeyManager] Loading RSA key parameters from file C:\laragon\www\sapapi\actions-runner\.credentials_rsaparams
[2025-08-27 04:47:17Z INFO GitHubActionsService] AAD Correlation ID for this token request: Unknown
[2025-08-27 05:37:48Z INFO RSAEncryptedFileKeyManager] Loading RSA key parameters from file C:\laragon\www\sapapi\actions-runner\.credentials_rsaparams
[2025-08-27 05:37:50Z INFO GitHubActionsService] AAD Correlation ID for this token request: Unknown
[2025-08-27 06:28:21Z INFO RSAEncryptedFileKeyManager] Loading RSA key parameters from file C:\laragon\www\sapapi\actions-runner\.credentials_rsaparams
[2025-08-27 06:28:23Z INFO GitHubActionsService] AAD Correlation ID for this token request: Unknown
[2025-08-27 07:18:53Z INFO RSAEncryptedFileKeyManager] Loading RSA key parameters from file C:\laragon\www\sapapi\actions-runner\.credentials_rsaparams
[2025-08-27 07:18:54Z INFO GitHubActionsService] AAD Correlation ID for this token request: Unknown
[2025-08-27 08:09:26Z INFO RSAEncryptedFileKeyManager] Loading RSA key parameters from file C:\laragon\www\sapapi\actions-runner\.credentials_rsaparams
[2025-08-27 08:09:28Z INFO GitHubActionsService] AAD Correlation ID for this token request: Unknown
[2025-08-27 08:59:59Z INFO RSAEncryptedFileKeyManager] Loading RSA key parameters from file C:\laragon\www\sapapi\actions-runner\.credentials_rsaparams
[2025-08-27 09:00:00Z INFO GitHubActionsService] AAD Correlation ID for this token request: Unknown
[2025-08-27 09:50:31Z INFO RSAEncryptedFileKeyManager] Loading RSA key parameters from file C:\laragon\www\sapapi\actions-runner\.credentials_rsaparams
[2025-08-27 09:50:33Z INFO GitHubActionsService] AAD Correlation ID for this token request: Unknown
[2025-08-27 10:41:04Z INFO RSAEncryptedFileKeyManager] Loading RSA key parameters from file C:\laragon\www\sapapi\actions-runner\.credentials_rsaparams
[2025-08-27 10:41:05Z INFO GitHubActionsService] AAD Correlation ID for this token request: Unknown
[2025-08-27 11:31:36Z INFO RSAEncryptedFileKeyManager] Loading RSA key parameters from file C:\laragon\www\sapapi\actions-runner\.credentials_rsaparams
[2025-08-27 11:31:37Z INFO GitHubActionsService] AAD Correlation ID for this token request: Unknown
[2025-08-27 12:22:08Z INFO RSAEncryptedFileKeyManager] Loading RSA key parameters from file C:\laragon\www\sapapi\actions-runner\.credentials_rsaparams
[2025-08-27 12:22:09Z INFO GitHubActionsService] AAD Correlation ID for this token request: Unknown
[2025-08-27 13:12:44Z INFO RSAEncryptedFileKeyManager] Loading RSA key parameters from file C:\laragon\www\sapapi\actions-runner\.credentials_rsaparams
[2025-08-27 13:12:46Z INFO GitHubActionsService] AAD Correlation ID for this token request: Unknown
[2025-08-27 14:03:18Z INFO RSAEncryptedFileKeyManager] Loading RSA key parameters from file C:\laragon\www\sapapi\actions-runner\.credentials_rsaparams
[2025-08-27 14:03:20Z INFO GitHubActionsService] AAD Correlation ID for this token request: Unknown
[2025-08-27 14:53:55Z INFO RSAEncryptedFileKeyManager] Loading RSA key parameters from file C:\laragon\www\sapapi\actions-runner\.credentials_rsaparams
[2025-08-27 14:53:56Z INFO GitHubActionsService] AAD Correlation ID for this token request: Unknown
[2025-08-27 15:44:28Z INFO RSAEncryptedFileKeyManager] Loading RSA key parameters from file C:\laragon\www\sapapi\actions-runner\.credentials_rsaparams
[2025-08-27 15:44:29Z INFO GitHubActionsService] AAD Correlation ID for this token request: Unknown
[2025-08-27 16:35:00Z INFO RSAEncryptedFileKeyManager] Loading RSA key parameters from file C:\laragon\www\sapapi\actions-runner\.credentials_rsaparams
[2025-08-27 16:35:01Z INFO GitHubActionsService] AAD Correlation ID for this token request: Unknown
[2025-08-27 17:25:31Z INFO RSAEncryptedFileKeyManager] Loading RSA key parameters from file C:\laragon\www\sapapi\actions-runner\.credentials_rsaparams
[2025-08-27 17:25:33Z INFO GitHubActionsService] AAD Correlation ID for this token request: Unknown
[2025-08-27 18:16:03Z INFO RSAEncryptedFileKeyManager] Loading RSA key parameters from file C:\laragon\www\sapapi\actions-runner\.credentials_rsaparams
[2025-08-27 18:16:05Z INFO GitHubActionsService] AAD Correlation ID for this token request: Unknown
[2025-08-27 19:06:36Z INFO RSAEncryptedFileKeyManager] Loading RSA key parameters from file C:\laragon\www\sapapi\actions-runner\.credentials_rsaparams
[2025-08-27 19:06:37Z INFO GitHubActionsService] AAD Correlation ID for this token request: Unknown
[2025-08-27 19:57:10Z INFO RSAEncryptedFileKeyManager] Loading RSA key parameters from file C:\laragon\www\sapapi\actions-runner\.credentials_rsaparams
[2025-08-27 19:57:11Z INFO GitHubActionsService] AAD Correlation ID for this token request: Unknown
[2025-08-27 20:47:43Z INFO RSAEncryptedFileKeyManager] Loading RSA key parameters from file C:\laragon\www\sapapi\actions-runner\.credentials_rsaparams
[2025-08-27 20:47:45Z INFO GitHubActionsService] AAD Correlation ID for this token request: Unknown
[2025-08-27 21:38:18Z INFO RSAEncryptedFileKeyManager] Loading RSA key parameters from file C:\laragon\www\sapapi\actions-runner\.credentials_rsaparams
[2025-08-27 21:38:19Z INFO GitHubActionsService] AAD Correlation ID for this token request: Unknown
[2025-08-27 22:28:51Z INFO RSAEncryptedFileKeyManager] Loading RSA key parameters from file C:\laragon\www\sapapi\actions-runner\.credentials_rsaparams
[2025-08-27 22:28:53Z INFO GitHubActionsService] AAD Correlation ID for this token request: Unknown
[2025-08-27 22:53:34Z INFO Runner] Received RunnerRefreshConfigMessage for 'runner' config file
[2025-08-27 22:53:34Z INFO RunnerConfigUpdater] Verifying runner qualified id: U_kgDOAIytEA/R_kgDOPX5Qyg/self-hosted/22
[2025-08-27 22:53:34Z INFO HostContext] Well known directory 'Bin': 'C:\laragon\www\sapapi\actions-runner\bin'
[2025-08-27 22:53:34Z INFO HostContext] Well known directory 'Root': 'C:\laragon\www\sapapi\actions-runner'
[2025-08-27 22:53:34Z INFO HostContext] Well known config file 'Runner': 'C:\laragon\www\sapapi\actions-runner\.runner'
[2025-08-27 22:53:35Z INFO RSAEncryptedFileKeyManager] Loading RSA key parameters from file C:\laragon\www\sapapi\actions-runner\.credentials_rsaparams
[2025-08-27 22:53:36Z INFO GitHubActionsService] AAD Correlation ID for this token request: Unknown
[2025-08-27 22:53:37Z INFO ConfigurationStore] Saving runner migrated settings
[2025-08-27 22:53:37Z INFO ConfigurationStore] Delete exist runner migrated settings file.
[2025-08-27 22:53:37Z INFO ConfigurationStore] Migrated Settings Saved.
[2025-08-27 22:53:38Z INFO Runner] Runner configuration was updated. Session restart has been scheduled
[2025-08-27 22:53:38Z INFO Runner] Pending session restart detected and job dispatcher is not busy. Restarting session now.
[2025-08-27 22:53:38Z INFO JobDispatcher] Shutting down JobDispatcher. Make sure all WorkerDispatcher has finished.
[2025-08-27 22:53:38Z INFO Runner] Deleting Runner Session...
[2025-08-27 22:53:38Z INFO Runner] Restarting runner session after config update...
[2025-08-27 22:53:38Z INFO Runner] Runner configuration was refreshed, restarting session...
[2025-08-27 22:53:38Z INFO ConfigurationManager] LoadSettings
[2025-08-27 22:53:38Z INFO ConfigurationStore] IsConfigured()
[2025-08-27 22:53:38Z INFO ConfigurationStore] IsConfigured: True
[2025-08-27 22:53:38Z INFO ConfigurationManager] Is configured: True
[2025-08-27 22:53:38Z INFO ConfigurationManager] Settings Loaded
[2025-08-27 22:53:38Z INFO Runner] RunAsync
[2025-08-27 22:53:38Z INFO ConfigurationManager] LoadMigratedSettings
[2025-08-27 22:53:38Z INFO ConfigurationStore] IsMigratedConfigured()
[2025-08-27 22:53:38Z INFO ConfigurationStore] IsMigratedConfigured: True
[2025-08-27 22:53:38Z INFO ConfigurationManager] Migrated Settings Loaded
[2025-08-27 22:53:38Z INFO Runner] Loaded migrated settings from .runner_migrated file
[2025-08-27 22:53:38Z INFO Runner] {
  "AgentId": 22,
  "AgentName": "JO",
  "PoolId": 1,
  "PoolName": "Default",
  "ServerUrl": "https://pipelinesghubeus26.actions.githubusercontent.com/OTqsuixwcDOeboiI5ELPh9vt0loVA9erSQMzHOLYofkfIDGeBX/",
  "GitHubUrl": "https://github.com/jauharimalik/sapapi",
  "WorkFolder": "_work",
  "UseV2Flow": true,
  "ServerUrlV2": "https://broker.actions.githubusercontent.com/"
}
[2025-08-27 22:53:38Z INFO Runner] Attempting to create session using migrated settings
[2025-08-27 22:53:38Z INFO Runner] Using BrokerMessageListener
[2025-08-27 22:53:38Z INFO BrokerMessageListener] Using provided settings
[2025-08-27 22:53:38Z INFO BrokerMessageListener] Using migrated settings from .runner_migrated
[2025-08-27 22:53:38Z INFO BrokerMessageListener] {
  "AgentId": 22,
  "AgentName": "JO",
  "PoolId": 1,
  "PoolName": "Default",
  "ServerUrl": "https://pipelinesghubeus26.actions.githubusercontent.com/OTqsuixwcDOeboiI5ELPh9vt0loVA9erSQMzHOLYofkfIDGeBX/",
  "GitHubUrl": "https://github.com/jauharimalik/sapapi",
  "WorkFolder": "_work",
  "UseV2Flow": true,
  "ServerUrlV2": "https://broker.actions.githubusercontent.com/"
}
[2025-08-27 22:53:38Z INFO BrokerMessageListener] Loading Credentials
[2025-08-27 22:53:38Z INFO ConfigurationStore] HasCredentials()
[2025-08-27 22:53:38Z INFO ConfigurationStore] stored True
[2025-08-27 22:53:38Z INFO CredentialManager] GetCredentialProvider
[2025-08-27 22:53:38Z INFO CredentialManager] Creating type OAuth
[2025-08-27 22:53:38Z INFO CredentialManager] Creating credential type: OAuth
[2025-08-27 22:53:38Z INFO RSAEncryptedFileKeyManager] Loading RSA key parameters from file C:\laragon\www\sapapi\actions-runner\.credentials_rsaparams
[2025-08-27 22:53:38Z INFO BrokerMessageListener] Attempt to create session.
[2025-08-27 22:53:38Z INFO BrokerMessageListener] Connecting to the Broker Server...
[2025-08-27 22:53:38Z INFO ConfigurationStore] HasCredentials()
[2025-08-27 22:53:38Z INFO ConfigurationStore] stored True
[2025-08-27 22:53:38Z INFO CredentialManager] GetCredentialProvider
[2025-08-27 22:53:38Z INFO CredentialManager] Creating type OAuth
[2025-08-27 22:53:38Z INFO CredentialManager] Creating credential type: OAuth
[2025-08-27 22:53:38Z INFO RSAEncryptedFileKeyManager] Loading RSA key parameters from file C:\laragon\www\sapapi\actions-runner\.credentials_rsaparams
[2025-08-27 22:53:38Z INFO BrokerMessageListener] VssConnection created
[2025-08-27 22:53:38Z INFO BrokerMessageListener] Connecting to the Runner server...
[2025-08-27 22:53:38Z INFO RunnerServer] EstablishVssConnection
[2025-08-27 22:53:38Z INFO RunnerServer] Establish connection with 100 seconds timeout.
[2025-08-27 22:53:38Z INFO GitHubActionsService] Starting operation Location.GetConnectionData
[2025-08-27 22:53:38Z INFO RunnerServer] EstablishVssConnection
[2025-08-27 22:53:38Z INFO RunnerServer] Establish connection with 60 seconds timeout.
[2025-08-27 22:53:38Z INFO GitHubActionsService] Starting operation Location.GetConnectionData
[2025-08-27 22:53:38Z INFO RunnerServer] EstablishVssConnection
[2025-08-27 22:53:38Z INFO RunnerServer] Establish connection with 60 seconds timeout.
[2025-08-27 22:53:38Z INFO GitHubActionsService] Starting operation Location.GetConnectionData
[2025-08-27 22:53:39Z INFO GitHubActionsService] Finished operation Location.GetConnectionData
[2025-08-27 22:53:39Z INFO GitHubActionsService] Finished operation Location.GetConnectionData
[2025-08-27 22:53:39Z INFO GitHubActionsService] Finished operation Location.GetConnectionData
[2025-08-27 22:53:39Z INFO BrokerMessageListener] VssConnection created
[2025-08-27 22:53:39Z INFO Terminal] WRITE LINE: 
[2025-08-27 22:53:39Z INFO Terminal] WRITE LINE: 
[2025-08-27 22:53:39Z INFO RSAEncryptedFileKeyManager] Loading RSA key parameters from file C:\laragon\www\sapapi\actions-runner\.credentials_rsaparams
[2025-08-27 22:53:39Z INFO RSAEncryptedFileKeyManager] Loading RSA key parameters from file C:\laragon\www\sapapi\actions-runner\.credentials_rsaparams
[2025-08-27 22:53:40Z INFO GitHubActionsService] AAD Correlation ID for this token request: Unknown
[2025-08-27 22:53:42Z INFO BrokerMessageListener] Session created.
[2025-08-27 22:53:42Z INFO Runner] Successfully created session with migrated settings
[2025-08-27 22:53:42Z INFO Terminal] WRITE LINE: Current runner version: '2.328.0'
[2025-08-27 22:53:42Z INFO Terminal] WRITE LINE: 2025-08-27 22:53:42Z: Listening for Jobs
[2025-08-27 22:53:42Z INFO JobDispatcher] Set runner/worker IPC timeout to 30 seconds.
[2025-08-27 23:44:12Z INFO RSAEncryptedFileKeyManager] Loading RSA key parameters from file C:\laragon\www\sapapi\actions-runner\.credentials_rsaparams
[2025-08-27 23:44:13Z INFO GitHubActionsService] AAD Correlation ID for this token request: Unknown
[2025-08-28 00:34:45Z INFO RSAEncryptedFileKeyManager] Loading RSA key parameters from file C:\laragon\www\sapapi\actions-runner\.credentials_rsaparams
[2025-08-28 00:34:46Z INFO GitHubActionsService] AAD Correlation ID for this token request: Unknown
[2025-08-28 01:25:17Z INFO RSAEncryptedFileKeyManager] Loading RSA key parameters from file C:\laragon\www\sapapi\actions-runner\.credentials_rsaparams
[2025-08-28 01:25:19Z INFO GitHubActionsService] AAD Correlation ID for this token request: Unknown
[2025-08-28 02:15:50Z INFO RSAEncryptedFileKeyManager] Loading RSA key parameters from file C:\laragon\www\sapapi\actions-runner\.credentials_rsaparams
[2025-08-28 02:15:52Z INFO GitHubActionsService] AAD Correlation ID for this token request: Unknown
[2025-08-28 03:06:22Z INFO RSAEncryptedFileKeyManager] Loading RSA key parameters from file C:\laragon\www\sapapi\actions-runner\.credentials_rsaparams
[2025-08-28 03:06:24Z INFO GitHubActionsService] AAD Correlation ID for this token request: Unknown
[2025-08-28 03:48:18Z INFO Runner] Refresh message received, kick-off selfupdate background process.
[2025-08-28 03:48:20Z INFO RSAEncryptedFileKeyManager] Loading RSA key parameters from file C:\laragon\www\sapapi\actions-runner\.credentials_rsaparams
[2025-08-28 03:48:20Z INFO RSAEncryptedFileKeyManager] Loading RSA key parameters from file C:\laragon\www\sapapi\actions-runner\.credentials_rsaparams
[2025-08-28 03:48:21Z INFO GitHubActionsService] AAD Correlation ID for this token request: Unknown
[2025-08-28 03:48:21Z INFO SelfUpdater] Version '2.328.0' of 'agent' package available in server.
[2025-08-28 03:48:21Z INFO SelfUpdater] Current running runner version is 2.328.0
[2025-08-28 03:48:21Z INFO SelfUpdater] Can't find available update package.
[2025-08-28 03:48:21Z INFO Terminal] WRITE LINE: Runner update process finished.
[2025-08-28 03:48:22Z INFO Runner] Auto update task finished at backend, there is no available runner update needs to apply, continue message queue looping.
[2025-08-28 03:56:44Z INFO RSAEncryptedFileKeyManager] Loading RSA key parameters from file C:\laragon\www\sapapi\actions-runner\.credentials_rsaparams
[2025-08-28 03:56:45Z INFO GitHubActionsService] AAD Correlation ID for this token request: Unknown
[2025-08-28 04:47:16Z INFO RSAEncryptedFileKeyManager] Loading RSA key parameters from file C:\laragon\www\sapapi\actions-runner\.credentials_rsaparams
[2025-08-28 04:47:17Z INFO GitHubActionsService] AAD Correlation ID for this token request: Unknown
[2025-08-28 05:37:49Z INFO RSAEncryptedFileKeyManager] Loading RSA key parameters from file C:\laragon\www\sapapi\actions-runner\.credentials_rsaparams
[2025-08-28 05:37:50Z INFO GitHubActionsService] AAD Correlation ID for this token request: Unknown
[2025-08-28 06:28:22Z INFO RSAEncryptedFileKeyManager] Loading RSA key parameters from file C:\laragon\www\sapapi\actions-runner\.credentials_rsaparams
[2025-08-28 06:28:24Z INFO GitHubActionsService] AAD Correlation ID for this token request: Unknown
[2025-08-28 07:18:56Z INFO RSAEncryptedFileKeyManager] Loading RSA key parameters from file C:\laragon\www\sapapi\actions-runner\.credentials_rsaparams
[2025-08-28 07:18:58Z INFO GitHubActionsService] AAD Correlation ID for this token request: Unknown
[2025-08-28 08:09:31Z INFO RSAEncryptedFileKeyManager] Loading RSA key parameters from file C:\laragon\www\sapapi\actions-runner\.credentials_rsaparams
[2025-08-28 08:09:32Z INFO GitHubActionsService] AAD Correlation ID for this token request: Unknown
[2025-08-28 09:00:07Z INFO RSAEncryptedFileKeyManager] Loading RSA key parameters from file C:\laragon\www\sapapi\actions-runner\.credentials_rsaparams
[2025-08-28 09:00:08Z INFO GitHubActionsService] AAD Correlation ID for this token request: Unknown
[2025-08-28 09:50:42Z INFO RSAEncryptedFileKeyManager] Loading RSA key parameters from file C:\laragon\www\sapapi\actions-runner\.credentials_rsaparams
[2025-08-28 09:50:43Z INFO GitHubActionsService] AAD Correlation ID for this token request: Unknown
[2025-08-28 10:41:14Z INFO RSAEncryptedFileKeyManager] Loading RSA key parameters from file C:\laragon\www\sapapi\actions-runner\.credentials_rsaparams
[2025-08-28 10:41:15Z INFO GitHubActionsService] AAD Correlation ID for this token request: Unknown
[2025-08-28 11:15:05Z WARN GitHubActionsService] Attempt 1 of GET request to https://broker.actions.githubusercontent.com/message?sessionId=fc561c88-1dee-492d-a80a-0fed42f69fc4&status=Online&runnerVersion=2.328.0&os=Windows&architecture=X64&disableUpdate=false failed (Socket Error: ConnectionReset). The operation will be retried in 10.946 seconds.
[2025-08-28 11:23:40Z WARN GitHubActionsService] Attempt 1 of GET request to https://broker.actions.githubusercontent.com/message?sessionId=fc561c88-1dee-492d-a80a-0fed42f69fc4&status=Online&runnerVersion=2.328.0&os=Windows&architecture=X64&disableUpdate=false failed (Socket Error: ConnectionReset). The operation will be retried in 10.923 seconds.
[2025-08-28 11:31:26Z INFO RSAEncryptedFileKeyManager] Loading RSA key parameters from file C:\laragon\www\sapapi\actions-runner\.credentials_rsaparams
[2025-08-28 11:31:27Z INFO GitHubActionsService] AAD Correlation ID for this token request: Unknown
[2025-08-28 12:21:51Z INFO RSAEncryptedFileKeyManager] Loading RSA key parameters from file C:\laragon\www\sapapi\actions-runner\.credentials_rsaparams
[2025-08-28 12:21:52Z INFO GitHubActionsService] AAD Correlation ID for this token request: Unknown
[2025-08-28 13:12:18Z INFO RSAEncryptedFileKeyManager] Loading RSA key parameters from file C:\laragon\www\sapapi\actions-runner\.credentials_rsaparams
[2025-08-28 13:12:20Z INFO GitHubActionsService] AAD Correlation ID for this token request: Unknown
[2025-08-28 14:02:50Z INFO RSAEncryptedFileKeyManager] Loading RSA key parameters from file C:\laragon\www\sapapi\actions-runner\.credentials_rsaparams
[2025-08-28 14:02:51Z INFO GitHubActionsService] AAD Correlation ID for this token request: Unknown
[2025-08-28 14:53:20Z INFO RSAEncryptedFileKeyManager] Loading RSA key parameters from file C:\laragon\www\sapapi\actions-runner\.credentials_rsaparams
[2025-08-28 14:53:21Z INFO GitHubActionsService] AAD Correlation ID for this token request: Unknown
[2025-08-28 15:28:50Z INFO ConfigurationStore] HasCredentials()
[2025-08-28 15:28:50Z INFO ConfigurationStore] stored True
[2025-08-28 15:28:50Z INFO CredentialManager] GetCredentialProvider
[2025-08-28 15:28:50Z INFO CredentialManager] Creating type OAuth
[2025-08-28 15:28:50Z INFO CredentialManager] Creating credential type: OAuth
[2025-08-28 15:28:50Z INFO RSAEncryptedFileKeyManager] Loading RSA key parameters from file C:\laragon\www\sapapi\actions-runner\.credentials_rsaparams
[2025-08-28 15:28:50Z INFO RSAEncryptedFileKeyManager] Loading RSA key parameters from file C:\laragon\www\sapapi\actions-runner\.credentials_rsaparams
[2025-08-28 15:28:50Z INFO RSAEncryptedFileKeyManager] Loading RSA key parameters from file C:\laragon\www\sapapi\actions-runner\.credentials_rsaparams
[2025-08-28 15:28:52Z INFO GitHubActionsService] AAD Correlation ID for this token request: Unknown
[2025-08-28 15:28:54Z INFO JobDispatcher] Job request 0 for plan 7212aa00-5c10-4ceb-89ac-18d57dd99a22 job 3dc2fe27-485f-53b6-a802-e603d5a48176 received.
[2025-08-28 15:28:54Z INFO JobDispatcher] Pull OrchestrationId 7212aa00-5c10-4ceb-89ac-18d57dd99a22.deploy.__default from JWT claims
[2025-08-28 15:28:54Z INFO BrokerMessageListener] Received job status event. JobState: Busy
[2025-08-28 15:28:54Z INFO BrokerMessageListener] _getMessagesTokenSource is already disposed.
[2025-08-28 15:28:54Z INFO Terminal] WRITE LINE: 2025-08-28 15:28:54Z: Running job: deploy
[2025-08-28 15:28:54Z INFO JobDispatcher] Start renew job request 0 for job 3dc2fe27-485f-53b6-a802-e603d5a48176.
[2025-08-28 15:28:55Z INFO JobDispatcher] Successfully renew job 3dc2fe27-485f-53b6-a802-e603d5a48176, job is valid till 8/28/2025 3:38:58 PM
[2025-08-28 15:28:55Z INFO HostContext] Well known directory 'Bin': 'C:\laragon\www\sapapi\actions-runner\bin'
[2025-08-28 15:28:55Z INFO ProcessInvokerWrapper] Starting process:
[2025-08-28 15:28:55Z INFO ProcessInvokerWrapper]   File name: 'C:\laragon\www\sapapi\actions-runner\bin\Runner.Worker.exe'
[2025-08-28 15:28:55Z INFO ProcessInvokerWrapper]   Arguments: 'spawnclient 2972 3064'
[2025-08-28 15:28:55Z INFO ProcessInvokerWrapper]   Working directory: 'C:\laragon\www\sapapi\actions-runner\bin'
[2025-08-28 15:28:55Z INFO ProcessInvokerWrapper]   Require exit code zero: 'False'
[2025-08-28 15:28:55Z INFO ProcessInvokerWrapper]   Encoding web name:  ; code page: ''
[2025-08-28 15:28:55Z INFO ProcessInvokerWrapper]   Force kill process on cancellation: 'True'
[2025-08-28 15:28:55Z INFO ProcessInvokerWrapper]   Redirected STDIN: 'False'
[2025-08-28 15:28:55Z INFO ProcessInvokerWrapper]   Persist current code page: 'False'
[2025-08-28 15:28:55Z INFO ProcessInvokerWrapper]   Keep redirected STDIN open: 'False'
[2025-08-28 15:28:55Z INFO ProcessInvokerWrapper]   High priority process: 'True'
[2025-08-28 15:28:55Z INFO ProcessInvokerWrapper] Process started with process id 63148, waiting for process exit.
[2025-08-28 15:28:55Z INFO JobDispatcher] Send job request message to worker for job 3dc2fe27-485f-53b6-a802-e603d5a48176.
[2025-08-28 15:28:55Z INFO ProcessChannel] Sending message of length 22246, with hash '10f7de290976a008e66aad9c067c89a2c53e0ea8a30bb9fdd8810e1ecc691945'
[2025-08-28 15:28:56Z INFO JobNotification] Entering JobStarted Notification
[2025-08-28 15:28:56Z INFO JobNotification] Entering StartMonitor
[2025-08-28 15:29:56Z INFO JobDispatcher] Successfully renew job 3dc2fe27-485f-53b6-a802-e603d5a48176, job is valid till 8/28/2025 3:39:58 PM
[2025-08-28 15:30:22Z INFO ProcessInvokerWrapper] STDOUT/STDERR stream read finished.
[2025-08-28 15:30:22Z INFO ProcessInvokerWrapper] STDOUT/STDERR stream read finished.
[2025-08-28 15:30:22Z INFO ProcessInvokerWrapper] Finished process 63148 with exit code 100, and elapsed time 00:01:27.0577386.
[2025-08-28 15:30:22Z INFO JobDispatcher] Worker finished for job 3dc2fe27-485f-53b6-a802-e603d5a48176. Code: 100
[2025-08-28 15:30:22Z INFO JobDispatcher] finish job request for job 3dc2fe27-485f-53b6-a802-e603d5a48176 with result: Succeeded
[2025-08-28 15:30:22Z INFO Terminal] WRITE LINE: 2025-08-28 15:30:22Z: Job deploy completed with result: Succeeded
[2025-08-28 15:30:22Z INFO JobDispatcher] Stop renew job request for job 3dc2fe27-485f-53b6-a802-e603d5a48176.
[2025-08-28 15:30:22Z INFO JobDispatcher] job renew has been cancelled, stop renew job 3dc2fe27-485f-53b6-a802-e603d5a48176.
[2025-08-28 15:30:22Z INFO JobNotification] Entering JobCompleted Notification
[2025-08-28 15:30:22Z INFO JobNotification] Entering EndMonitor
[2025-08-28 15:30:22Z INFO BrokerMessageListener] Received job status event. JobState: Online
[2025-08-28 15:30:22Z WARN GitHubActionsService] GET request to https://broker.actions.githubusercontent.com/message?sessionId=fc561c88-1dee-492d-a80a-0fed42f69fc4&status=Busy&runnerVersion=2.328.0&os=Windows&architecture=X64&disableUpdate=false has been cancelled.
[2025-08-28 15:30:22Z ERR  BrokerServer] Catch exception during request
[2025-08-28 15:30:22Z ERR  BrokerServer] System.Threading.Tasks.TaskCanceledException: The operation was canceled.
 ---> System.Threading.Tasks.TaskCanceledException: The operation was canceled.
 ---> System.IO.IOException: Unable to read data from the transport connection: The I/O operation has been aborted because of either a thread exit or an application request..
 ---> System.Net.Sockets.SocketException (995): The I/O operation has been aborted because of either a thread exit or an application request.
   --- End of inner exception stack trace ---
   at System.Net.Sockets.Socket.AwaitableSocketAsyncEventArgs.ThrowException(SocketError error, CancellationToken cancellationToken)
   at System.Net.Sockets.Socket.AwaitableSocketAsyncEventArgs.System.Threading.Tasks.Sources.IValueTaskSource<System.Int32>.GetResult(Int16 token)
   at System.Net.Security.SslStream.EnsureFullTlsFrameAsync[TIOAdapter](CancellationToken cancellationToken, Int32 estimatedSize)
   at System.Runtime.CompilerServices.PoolingAsyncValueTaskMethodBuilder`1.StateMachineBox`1.System.Threading.Tasks.Sources.IValueTaskSource<TResult>.GetResult(Int16 token)
   at System.Net.Security.SslStream.ReadAsyncInternal[TIOAdapter](Memory`1 buffer, CancellationToken cancellationToken)
   at System.Runtime.CompilerServices.PoolingAsyncValueTaskMethodBuilder`1.StateMachineBox`1.System.Threading.Tasks.Sources.IValueTaskSource<TResult>.GetResult(Int16 token)
   at System.Net.Http.HttpConnection.SendAsync(HttpRequestMessage request, Boolean async, CancellationToken cancellationToken)
   --- End of inner exception stack trace ---
   at System.Net.Http.HttpConnection.SendAsync(HttpRequestMessage request, Boolean async, CancellationToken cancellationToken)
   at System.Net.Http.AuthenticationHelper.SendWithNtAuthAsync(HttpRequestMessage request, Uri authUri, Boolean async, ICredentials credentials, Boolean isProxyAuth, HttpConnection connection, HttpConnectionPool connectionPool, CancellationToken cancellationToken)
   at System.Net.Http.HttpConnectionPool.SendWithVersionDetectionAndRetryAsync(HttpRequestMessage request, Boolean async, Boolean doRequestAuth, CancellationToken cancellationToken)
   at System.Net.Http.AuthenticationHelper.SendWithAuthAsync(HttpRequestMessage request, Uri authUri, Boolean async, ICredentials credentials, Boolean preAuthenticate, Boolean isProxyAuth, Boolean doRequestAuth, HttpConnectionPool pool, CancellationToken cancellationToken)
   at System.Net.Http.RedirectHandler.SendAsync(HttpRequestMessage request, Boolean async, CancellationToken cancellationToken)
   at GitHub.Services.Common.RawHttpMessageHandler.SendAsync(HttpRequestMessage request, CancellationToken cancellationToken)
   at GitHub.Services.Common.VssHttpRetryMessageHandler.SendAsync(HttpRequestMessage request, CancellationToken cancellationToken)
   at System.Net.Http.HttpClient.<SendAsync>g__Core|83_0(HttpRequestMessage request, HttpCompletionOption completionOption, CancellationTokenSource cts, Boolean disposeCts, CancellationTokenSource pendingRequestsCts, CancellationToken originalCancellationToken)
   --- End of inner exception stack trace ---
   at System.Net.Http.HttpClient.HandleFailure(Exception e, Boolean telemetryStarted, HttpResponseMessage response, CancellationTokenSource cts, CancellationToken cancellationToken, CancellationTokenSource pendingRequestsCts)
   at System.Net.Http.HttpClient.<SendAsync>g__Core|83_0(HttpRequestMessage request, HttpCompletionOption completionOption, CancellationTokenSource cts, Boolean disposeCts, CancellationTokenSource pendingRequestsCts, CancellationToken originalCancellationToken)
   at Sdk.WebApi.WebApi.RawHttpClientBase.SendAsync(HttpRequestMessage message, HttpCompletionOption completionOption, Object userState, CancellationToken cancellationToken)
   at Sdk.WebApi.WebApi.RawHttpClientBase.SendAsync[T](HttpRequestMessage message, Boolean readErrorBody, Object userState, CancellationToken cancellationToken)
   at Sdk.WebApi.WebApi.RawHttpClientBase.SendAsync[T](HttpMethod method, IEnumerable`1 additionalHeaders, Uri requestUri, HttpContent content, IEnumerable`1 queryParameters, Boolean readErrorBody, Object userState, CancellationToken cancellationToken)
   at GitHub.Actions.RunService.WebApi.BrokerHttpClient.GetRunnerMessageAsync(Nullable`1 sessionId, String runnerVersion, Nullable`1 status, String os, String architecture, Nullable`1 disableUpdate, CancellationToken cancellationToken)
   at GitHub.Runner.Common.BrokerServer.<>c__DisplayClass7_0.<<GetRunnerMessageAsync>b__0>d.MoveNext()
--- End of stack trace from previous location ---
   at GitHub.Runner.Common.RunnerService.RetryRequest[T](Func`1 func, CancellationToken cancellationToken, Int32 maxRetryAttemptsCount, Func`2 shouldRetry)
[2025-08-28 15:30:22Z ERR  BrokerServer] #####################################################
[2025-08-28 15:30:22Z ERR  BrokerServer] System.Threading.Tasks.TaskCanceledException: The operation was canceled.
 ---> System.IO.IOException: Unable to read data from the transport connection: The I/O operation has been aborted because of either a thread exit or an application request..
 ---> System.Net.Sockets.SocketException (995): The I/O operation has been aborted because of either a thread exit or an application request.
   --- End of inner exception stack trace ---
   at System.Net.Sockets.Socket.AwaitableSocketAsyncEventArgs.ThrowException(SocketError error, CancellationToken cancellationToken)
   at System.Net.Sockets.Socket.AwaitableSocketAsyncEventArgs.System.Threading.Tasks.Sources.IValueTaskSource<System.Int32>.GetResult(Int16 token)
   at System.Net.Security.SslStream.EnsureFullTlsFrameAsync[TIOAdapter](CancellationToken cancellationToken, Int32 estimatedSize)
   at System.Runtime.CompilerServices.PoolingAsyncValueTaskMethodBuilder`1.StateMachineBox`1.System.Threading.Tasks.Sources.IValueTaskSource<TResult>.GetResult(Int16 token)
   at System.Net.Security.SslStream.ReadAsyncInternal[TIOAdapter](Memory`1 buffer, CancellationToken cancellationToken)
   at System.Runtime.CompilerServices.PoolingAsyncValueTaskMethodBuilder`1.StateMachineBox`1.System.Threading.Tasks.Sources.IValueTaskSource<TResult>.GetResult(Int16 token)
   at System.Net.Http.HttpConnection.SendAsync(HttpRequestMessage request, Boolean async, CancellationToken cancellationToken)
   --- End of inner exception stack trace ---
   at System.Net.Http.HttpConnection.SendAsync(HttpRequestMessage request, Boolean async, CancellationToken cancellationToken)
   at System.Net.Http.AuthenticationHelper.SendWithNtAuthAsync(HttpRequestMessage request, Uri authUri, Boolean async, ICredentials credentials, Boolean isProxyAuth, HttpConnection connection, HttpConnectionPool connectionPool, CancellationToken cancellationToken)
   at System.Net.Http.HttpConnectionPool.SendWithVersionDetectionAndRetryAsync(HttpRequestMessage request, Boolean async, Boolean doRequestAuth, CancellationToken cancellationToken)
   at System.Net.Http.AuthenticationHelper.SendWithAuthAsync(HttpRequestMessage request, Uri authUri, Boolean async, ICredentials credentials, Boolean preAuthenticate, Boolean isProxyAuth, Boolean doRequestAuth, HttpConnectionPool pool, CancellationToken cancellationToken)
   at System.Net.Http.RedirectHandler.SendAsync(HttpRequestMessage request, Boolean async, CancellationToken cancellationToken)
   at GitHub.Services.Common.RawHttpMessageHandler.SendAsync(HttpRequestMessage request, CancellationToken cancellationToken)
   at GitHub.Services.Common.VssHttpRetryMessageHandler.SendAsync(HttpRequestMessage request, CancellationToken cancellationToken)
   at System.Net.Http.HttpClient.<SendAsync>g__Core|83_0(HttpRequestMessage request, HttpCompletionOption completionOption, CancellationTokenSource cts, Boolean disposeCts, CancellationTokenSource pendingRequestsCts, CancellationToken originalCancellationToken)
[2025-08-28 15:30:22Z ERR  BrokerServer] #####################################################
[2025-08-28 15:30:22Z ERR  BrokerServer] System.IO.IOException: Unable to read data from the transport connection: The I/O operation has been aborted because of either a thread exit or an application request..
 ---> System.Net.Sockets.SocketException (995): The I/O operation has been aborted because of either a thread exit or an application request.
   --- End of inner exception stack trace ---
   at System.Net.Sockets.Socket.AwaitableSocketAsyncEventArgs.ThrowException(SocketError error, CancellationToken cancellationToken)
   at System.Net.Sockets.Socket.AwaitableSocketAsyncEventArgs.System.Threading.Tasks.Sources.IValueTaskSource<System.Int32>.GetResult(Int16 token)
   at System.Net.Security.SslStream.EnsureFullTlsFrameAsync[TIOAdapter](CancellationToken cancellationToken, Int32 estimatedSize)
   at System.Runtime.CompilerServices.PoolingAsyncValueTaskMethodBuilder`1.StateMachineBox`1.System.Threading.Tasks.Sources.IValueTaskSource<TResult>.GetResult(Int16 token)
   at System.Net.Security.SslStream.ReadAsyncInternal[TIOAdapter](Memory`1 buffer, CancellationToken cancellationToken)
   at System.Runtime.CompilerServices.PoolingAsyncValueTaskMethodBuilder`1.StateMachineBox`1.System.Threading.Tasks.Sources.IValueTaskSource<TResult>.GetResult(Int16 token)
   at System.Net.Http.HttpConnection.SendAsync(HttpRequestMessage request, Boolean async, CancellationToken cancellationToken)
[2025-08-28 15:30:22Z ERR  BrokerServer] #####################################################
[2025-08-28 15:30:22Z ERR  BrokerServer] System.Net.Sockets.SocketException (995): The I/O operation has been aborted because of either a thread exit or an application request.
[2025-08-28 15:30:22Z WARN BrokerServer] Back off 13.651 seconds before next retry. 4 attempt left.
[2025-08-28 15:30:22Z INFO BrokerMessageListener] Get messages has been cancelled using local token source. Continue to get messages with new status.
[2025-08-28 15:43:51Z INFO RSAEncryptedFileKeyManager] Loading RSA key parameters from file C:\laragon\www\sapapi\actions-runner\.credentials_rsaparams
[2025-08-28 15:43:52Z INFO GitHubActionsService] AAD Correlation ID for this token request: Unknown
[2025-08-28 16:34:15Z INFO RSAEncryptedFileKeyManager] Loading RSA key parameters from file C:\laragon\www\sapapi\actions-runner\.credentials_rsaparams
[2025-08-28 16:34:16Z INFO GitHubActionsService] AAD Correlation ID for this token request: Unknown
[2025-08-28 17:24:42Z INFO RSAEncryptedFileKeyManager] Loading RSA key parameters from file C:\laragon\www\sapapi\actions-runner\.credentials_rsaparams
[2025-08-28 17:24:43Z INFO GitHubActionsService] AAD Correlation ID for this token request: Unknown
[2025-08-28 18:15:07Z INFO RSAEncryptedFileKeyManager] Loading RSA key parameters from file C:\laragon\www\sapapi\actions-runner\.credentials_rsaparams
[2025-08-28 18:15:08Z INFO GitHubActionsService] AAD Correlation ID for this token request: Unknown
[2025-08-28 19:05:34Z INFO RSAEncryptedFileKeyManager] Loading RSA key parameters from file C:\laragon\www\sapapi\actions-runner\.credentials_rsaparams
[2025-08-28 19:05:35Z INFO GitHubActionsService] AAD Correlation ID for this token request: Unknown
[2025-08-28 19:56:01Z INFO RSAEncryptedFileKeyManager] Loading RSA key parameters from file C:\laragon\www\sapapi\actions-runner\.credentials_rsaparams
[2025-08-28 19:56:02Z INFO GitHubActionsService] AAD Correlation ID for this token request: Unknown
[2025-08-28 20:46:29Z INFO RSAEncryptedFileKeyManager] Loading RSA key parameters from file C:\laragon\www\sapapi\actions-runner\.credentials_rsaparams
[2025-08-28 20:46:30Z INFO GitHubActionsService] AAD Correlation ID for this token request: Unknown
[2025-08-28 21:36:56Z INFO RSAEncryptedFileKeyManager] Loading RSA key parameters from file C:\laragon\www\sapapi\actions-runner\.credentials_rsaparams
[2025-08-28 21:36:57Z INFO GitHubActionsService] AAD Correlation ID for this token request: Unknown
[2025-08-28 22:27:24Z INFO RSAEncryptedFileKeyManager] Loading RSA key parameters from file C:\laragon\www\sapapi\actions-runner\.credentials_rsaparams
[2025-08-28 22:27:25Z INFO GitHubActionsService] AAD Correlation ID for this token request: Unknown
[2025-08-28 22:53:31Z INFO Runner] Received RunnerRefreshConfigMessage for 'runner' config file
[2025-08-28 22:53:31Z INFO RunnerConfigUpdater] Verifying runner qualified id: U_kgDOAIytEA/R_kgDOPX5Qyg/self-hosted/22
[2025-08-28 22:53:31Z INFO HostContext] Well known directory 'Bin': 'C:\laragon\www\sapapi\actions-runner\bin'
[2025-08-28 22:53:31Z INFO HostContext] Well known directory 'Root': 'C:\laragon\www\sapapi\actions-runner'
[2025-08-28 22:53:31Z INFO HostContext] Well known config file 'Runner': 'C:\laragon\www\sapapi\actions-runner\.runner'
[2025-08-28 22:53:33Z INFO RSAEncryptedFileKeyManager] Loading RSA key parameters from file C:\laragon\www\sapapi\actions-runner\.credentials_rsaparams
[2025-08-28 22:53:34Z INFO GitHubActionsService] AAD Correlation ID for this token request: Unknown
[2025-08-28 22:53:34Z INFO ConfigurationStore] Saving runner migrated settings
[2025-08-28 22:53:34Z INFO ConfigurationStore] Delete exist runner migrated settings file.
[2025-08-28 22:53:34Z INFO ConfigurationStore] Migrated Settings Saved.
[2025-08-28 22:53:35Z INFO Runner] Runner configuration was updated. Session restart has been scheduled
[2025-08-28 22:53:35Z INFO Runner] Pending session restart detected and job dispatcher is not busy. Restarting session now.
[2025-08-28 22:53:35Z INFO JobDispatcher] Shutting down JobDispatcher. Make sure all WorkerDispatcher has finished.
[2025-08-28 22:53:35Z INFO JobDispatcher] Ensure WorkerDispatcher for job 3dc2fe27-485f-53b6-a802-e603d5a48176 run to finish, cancel any running job.
[2025-08-28 22:53:35Z INFO JobDispatcher] Job request 3dc2fe27-485f-53b6-a802-e603d5a48176 processed succeed.
[2025-08-28 22:53:35Z INFO Runner] Deleting Runner Session...
[2025-08-28 22:53:35Z INFO Runner] Restarting runner session after config update...
[2025-08-28 22:53:35Z INFO Runner] Runner configuration was refreshed, restarting session...
[2025-08-28 22:53:35Z INFO ConfigurationManager] LoadSettings
[2025-08-28 22:53:35Z INFO ConfigurationStore] IsConfigured()
[2025-08-28 22:53:35Z INFO ConfigurationStore] IsConfigured: True
[2025-08-28 22:53:35Z INFO ConfigurationManager] Is configured: True
[2025-08-28 22:53:35Z INFO ConfigurationManager] Settings Loaded
[2025-08-28 22:53:35Z INFO Runner] RunAsync
[2025-08-28 22:53:35Z INFO ConfigurationManager] LoadMigratedSettings
[2025-08-28 22:53:35Z INFO ConfigurationStore] IsMigratedConfigured()
[2025-08-28 22:53:35Z INFO ConfigurationStore] IsMigratedConfigured: True
[2025-08-28 22:53:35Z INFO ConfigurationManager] Migrated Settings Loaded
[2025-08-28 22:53:35Z INFO Runner] Loaded migrated settings from .runner_migrated file
[2025-08-28 22:53:35Z INFO Runner] {
  "AgentId": 22,
  "AgentName": "JO",
  "PoolId": 1,
  "PoolName": "Default",
  "ServerUrl": "https://pipelinesghubeus26.actions.githubusercontent.com/OTqsuixwcDOeboiI5ELPh9vt0loVA9erSQMzHOLYofkfIDGeBX/",
  "GitHubUrl": "https://github.com/jauharimalik/sapapi",
  "WorkFolder": "_work",
  "UseV2Flow": true,
  "ServerUrlV2": "https://broker.actions.githubusercontent.com/"
}
[2025-08-28 22:53:35Z INFO Runner] Attempting to create session using migrated settings
[2025-08-28 22:53:35Z INFO Runner] Using BrokerMessageListener
[2025-08-28 22:53:35Z INFO BrokerMessageListener] Using provided settings
[2025-08-28 22:53:35Z INFO BrokerMessageListener] Using migrated settings from .runner_migrated
[2025-08-28 22:53:35Z INFO BrokerMessageListener] {
  "AgentId": 22,
  "AgentName": "JO",
  "PoolId": 1,
  "PoolName": "Default",
  "ServerUrl": "https://pipelinesghubeus26.actions.githubusercontent.com/OTqsuixwcDOeboiI5ELPh9vt0loVA9erSQMzHOLYofkfIDGeBX/",
  "GitHubUrl": "https://github.com/jauharimalik/sapapi",
  "WorkFolder": "_work",
  "UseV2Flow": true,
  "ServerUrlV2": "https://broker.actions.githubusercontent.com/"
}
[2025-08-28 22:53:35Z INFO BrokerMessageListener] Loading Credentials
[2025-08-28 22:53:35Z INFO ConfigurationStore] HasCredentials()
[2025-08-28 22:53:35Z INFO ConfigurationStore] stored True
[2025-08-28 22:53:35Z INFO CredentialManager] GetCredentialProvider
[2025-08-28 22:53:35Z INFO CredentialManager] Creating type OAuth
[2025-08-28 22:53:35Z INFO CredentialManager] Creating credential type: OAuth
[2025-08-28 22:53:35Z INFO RSAEncryptedFileKeyManager] Loading RSA key parameters from file C:\laragon\www\sapapi\actions-runner\.credentials_rsaparams
[2025-08-28 22:53:35Z INFO BrokerMessageListener] Attempt to create session.
[2025-08-28 22:53:35Z INFO BrokerMessageListener] Connecting to the Broker Server...
[2025-08-28 22:53:35Z INFO ConfigurationStore] HasCredentials()
[2025-08-28 22:53:35Z INFO ConfigurationStore] stored True
[2025-08-28 22:53:35Z INFO CredentialManager] GetCredentialProvider
[2025-08-28 22:53:35Z INFO CredentialManager] Creating type OAuth
[2025-08-28 22:53:35Z INFO CredentialManager] Creating credential type: OAuth
[2025-08-28 22:53:35Z INFO RSAEncryptedFileKeyManager] Loading RSA key parameters from file C:\laragon\www\sapapi\actions-runner\.credentials_rsaparams
[2025-08-28 22:53:35Z INFO BrokerMessageListener] VssConnection created
[2025-08-28 22:53:35Z INFO BrokerMessageListener] Connecting to the Runner server...
[2025-08-28 22:53:35Z INFO RunnerServer] EstablishVssConnection
[2025-08-28 22:53:35Z INFO RunnerServer] Establish connection with 100 seconds timeout.
[2025-08-28 22:53:35Z INFO GitHubActionsService] Starting operation Location.GetConnectionData
[2025-08-28 22:53:35Z INFO RunnerServer] EstablishVssConnection
[2025-08-28 22:53:35Z INFO RunnerServer] Establish connection with 60 seconds timeout.
[2025-08-28 22:53:35Z INFO GitHubActionsService] Starting operation Location.GetConnectionData
[2025-08-28 22:53:35Z INFO RunnerServer] EstablishVssConnection
[2025-08-28 22:53:35Z INFO RunnerServer] Establish connection with 60 seconds timeout.
[2025-08-28 22:53:35Z INFO GitHubActionsService] Starting operation Location.GetConnectionData
[2025-08-28 22:53:36Z INFO GitHubActionsService] Finished operation Location.GetConnectionData
[2025-08-28 22:53:37Z INFO GitHubActionsService] Finished operation Location.GetConnectionData
[2025-08-28 22:53:37Z INFO GitHubActionsService] Finished operation Location.GetConnectionData
[2025-08-28 22:53:37Z INFO BrokerMessageListener] VssConnection created
[2025-08-28 22:53:37Z INFO Terminal] WRITE LINE: 
[2025-08-28 22:53:37Z INFO Terminal] WRITE LINE: 
[2025-08-28 22:53:37Z INFO RSAEncryptedFileKeyManager] Loading RSA key parameters from file C:\laragon\www\sapapi\actions-runner\.credentials_rsaparams
[2025-08-28 22:53:37Z INFO RSAEncryptedFileKeyManager] Loading RSA key parameters from file C:\laragon\www\sapapi\actions-runner\.credentials_rsaparams
[2025-08-28 22:53:38Z INFO GitHubActionsService] AAD Correlation ID for this token request: Unknown
[2025-08-28 22:53:39Z INFO BrokerMessageListener] Session created.
[2025-08-28 22:53:39Z INFO Runner] Successfully created session with migrated settings
[2025-08-28 22:53:39Z INFO Terminal] WRITE LINE: Current runner version: '2.328.0'
[2025-08-28 22:53:39Z INFO Terminal] WRITE LINE: 2025-08-28 22:53:39Z: Listening for Jobs
[2025-08-28 22:53:39Z INFO JobDispatcher] Set runner/worker IPC timeout to 30 seconds.
[2025-08-28 23:44:08Z INFO RSAEncryptedFileKeyManager] Loading RSA key parameters from file C:\laragon\www\sapapi\actions-runner\.credentials_rsaparams
[2025-08-28 23:44:09Z INFO GitHubActionsService] AAD Correlation ID for this token request: Unknown
[2025-08-29 00:34:36Z INFO RSAEncryptedFileKeyManager] Loading RSA key parameters from file C:\laragon\www\sapapi\actions-runner\.credentials_rsaparams
[2025-08-29 00:34:37Z INFO GitHubActionsService] AAD Correlation ID for this token request: Unknown
[2025-08-29 01:25:05Z INFO RSAEncryptedFileKeyManager] Loading RSA key parameters from file C:\laragon\www\sapapi\actions-runner\.credentials_rsaparams
[2025-08-29 01:25:06Z INFO GitHubActionsService] AAD Correlation ID for this token request: Unknown
[2025-08-29 02:15:33Z INFO RSAEncryptedFileKeyManager] Loading RSA key parameters from file C:\laragon\www\sapapi\actions-runner\.credentials_rsaparams
[2025-08-29 02:15:35Z INFO GitHubActionsService] AAD Correlation ID for this token request: Unknown
[2025-08-29 03:06:01Z INFO RSAEncryptedFileKeyManager] Loading RSA key parameters from file C:\laragon\www\sapapi\actions-runner\.credentials_rsaparams
[2025-08-29 03:06:02Z INFO GitHubActionsService] AAD Correlation ID for this token request: Unknown
[2025-08-29 03:48:16Z INFO Runner] Refresh message received, kick-off selfupdate background process.
[2025-08-29 03:48:17Z INFO RSAEncryptedFileKeyManager] Loading RSA key parameters from file C:\laragon\www\sapapi\actions-runner\.credentials_rsaparams
[2025-08-29 03:48:17Z INFO RSAEncryptedFileKeyManager] Loading RSA key parameters from file C:\laragon\www\sapapi\actions-runner\.credentials_rsaparams
[2025-08-29 03:48:18Z INFO GitHubActionsService] AAD Correlation ID for this token request: Unknown
[2025-08-29 03:48:18Z INFO SelfUpdater] Version '2.328.0' of 'agent' package available in server.
[2025-08-29 03:48:18Z INFO SelfUpdater] Current running runner version is 2.328.0
[2025-08-29 03:48:18Z INFO SelfUpdater] Can't find available update package.
[2025-08-29 03:48:18Z INFO Terminal] WRITE LINE: Runner update process finished.
[2025-08-29 03:48:19Z INFO Runner] Auto update task finished at backend, there is no available runner update needs to apply, continue message queue looping.
[2025-08-29 03:56:40Z INFO RSAEncryptedFileKeyManager] Loading RSA key parameters from file C:\laragon\www\sapapi\actions-runner\.credentials_rsaparams
[2025-08-29 03:56:42Z INFO GitHubActionsService] AAD Correlation ID for this token request: Unknown
[2025-08-29 04:47:07Z INFO RSAEncryptedFileKeyManager] Loading RSA key parameters from file C:\laragon\www\sapapi\actions-runner\.credentials_rsaparams
[2025-08-29 04:47:08Z INFO GitHubActionsService] AAD Correlation ID for this token request: Unknown
[2025-08-29 05:37:34Z INFO RSAEncryptedFileKeyManager] Loading RSA key parameters from file C:\laragon\www\sapapi\actions-runner\.credentials_rsaparams
[2025-08-29 05:37:35Z INFO GitHubActionsService] AAD Correlation ID for this token request: Unknown
[2025-08-29 06:13:04Z WARN GitHubActionsService] Attempt 1 of GET request to https://broker.actions.githubusercontent.com/message?sessionId=9b5ac1d5-4d50-4e72-b053-34f2bfb77887&status=Online&runnerVersion=2.328.0&os=Windows&architecture=X64&disableUpdate=false failed (Socket Error: ConnectionReset). The operation will be retried in 11.05 seconds.
[2025-08-29 06:28:22Z INFO RSAEncryptedFileKeyManager] Loading RSA key parameters from file C:\laragon\www\sapapi\actions-runner\.credentials_rsaparams
[2025-08-29 06:28:24Z INFO GitHubActionsService] AAD Correlation ID for this token request: Unknown
[2025-08-29 07:18:42Z INFO RSAEncryptedFileKeyManager] Loading RSA key parameters from file C:\laragon\www\sapapi\actions-runner\.credentials_rsaparams
[2025-08-29 07:18:43Z INFO GitHubActionsService] AAD Correlation ID for this token request: Unknown
[2025-08-29 07:27:57Z ERR  GitHubActionsService] GET request to https://broker.actions.githubusercontent.com/message?sessionId=9b5ac1d5-4d50-4e72-b053-34f2bfb77887&status=Online&runnerVersion=2.328.0&os=Windows&architecture=X64&disableUpdate=false failed. HTTP Status: InternalServerError
[2025-08-29 07:27:57Z ERR  BrokerServer] Catch exception during request
[2025-08-29 07:27:57Z ERR  BrokerServer] System.Exception: Failed to get job message. Request to https://broker.actions.githubusercontent.com/message failed with status: InternalServerError. Error message Error: Internal Server Error
   at GitHub.Actions.RunService.WebApi.BrokerHttpClient.GetRunnerMessageAsync(Nullable`1 sessionId, String runnerVersion, Nullable`1 status, String os, String architecture, Nullable`1 disableUpdate, CancellationToken cancellationToken)
   at GitHub.Runner.Common.BrokerServer.<>c__DisplayClass7_0.<<GetRunnerMessageAsync>b__0>d.MoveNext()
--- End of stack trace from previous location ---
   at GitHub.Runner.Common.RunnerService.RetryRequest[T](Func`1 func, CancellationToken cancellationToken, Int32 maxRetryAttemptsCount, Func`2 shouldRetry)
[2025-08-29 07:27:57Z WARN BrokerServer] Back off 5.717 seconds before next retry. 4 attempt left.
[2025-08-29 07:28:03Z ERR  GitHubActionsService] GET request to https://broker.actions.githubusercontent.com/message?sessionId=9b5ac1d5-4d50-4e72-b053-34f2bfb77887&status=Online&runnerVersion=2.328.0&os=Windows&architecture=X64&disableUpdate=false failed. HTTP Status: InternalServerError
[2025-08-29 07:28:03Z ERR  BrokerServer] Catch exception during request
[2025-08-29 07:28:03Z ERR  BrokerServer] System.Exception: Failed to get job message. Request to https://broker.actions.githubusercontent.com/message failed with status: InternalServerError. Error message Error: Internal Server Error
   at GitHub.Actions.RunService.WebApi.BrokerHttpClient.GetRunnerMessageAsync(Nullable`1 sessionId, String runnerVersion, Nullable`1 status, String os, String architecture, Nullable`1 disableUpdate, CancellationToken cancellationToken)
   at GitHub.Runner.Common.BrokerServer.<>c__DisplayClass7_0.<<GetRunnerMessageAsync>b__0>d.MoveNext()
--- End of stack trace from previous location ---
   at GitHub.Runner.Common.RunnerService.RetryRequest[T](Func`1 func, CancellationToken cancellationToken, Int32 maxRetryAttemptsCount, Func`2 shouldRetry)
[2025-08-29 07:28:03Z WARN BrokerServer] Back off 7.789 seconds before next retry. 3 attempt left.
[2025-08-29 07:28:11Z ERR  GitHubActionsService] GET request to https://broker.actions.githubusercontent.com/message?sessionId=9b5ac1d5-4d50-4e72-b053-34f2bfb77887&status=Online&runnerVersion=2.328.0&os=Windows&architecture=X64&disableUpdate=false failed. HTTP Status: InternalServerError
[2025-08-29 07:28:11Z ERR  BrokerServer] Catch exception during request
[2025-08-29 07:28:11Z ERR  BrokerServer] System.Exception: Failed to get job message. Request to https://broker.actions.githubusercontent.com/message failed with status: InternalServerError. Error message Error: Internal Server Error
   at GitHub.Actions.RunService.WebApi.BrokerHttpClient.GetRunnerMessageAsync(Nullable`1 sessionId, String runnerVersion, Nullable`1 status, String os, String architecture, Nullable`1 disableUpdate, CancellationToken cancellationToken)
   at GitHub.Runner.Common.BrokerServer.<>c__DisplayClass7_0.<<GetRunnerMessageAsync>b__0>d.MoveNext()
--- End of stack trace from previous location ---
   at GitHub.Runner.Common.RunnerService.RetryRequest[T](Func`1 func, CancellationToken cancellationToken, Int32 maxRetryAttemptsCount, Func`2 shouldRetry)
[2025-08-29 07:28:11Z WARN BrokerServer] Back off 12.617 seconds before next retry. 2 attempt left.
[2025-08-29 07:28:24Z ERR  GitHubActionsService] GET request to https://broker.actions.githubusercontent.com/message?sessionId=9b5ac1d5-4d50-4e72-b053-34f2bfb77887&status=Online&runnerVersion=2.328.0&os=Windows&architecture=X64&disableUpdate=false failed. HTTP Status: InternalServerError
[2025-08-29 07:28:24Z ERR  BrokerServer] Catch exception during request
[2025-08-29 07:28:24Z ERR  BrokerServer] System.Exception: Failed to get job message. Request to https://broker.actions.githubusercontent.com/message failed with status: InternalServerError. Error message Error: Internal Server Error
   at GitHub.Actions.RunService.WebApi.BrokerHttpClient.GetRunnerMessageAsync(Nullable`1 sessionId, String runnerVersion, Nullable`1 status, String os, String architecture, Nullable`1 disableUpdate, CancellationToken cancellationToken)
   at GitHub.Runner.Common.BrokerServer.<>c__DisplayClass7_0.<<GetRunnerMessageAsync>b__0>d.MoveNext()
--- End of stack trace from previous location ---
   at GitHub.Runner.Common.RunnerService.RetryRequest[T](Func`1 func, CancellationToken cancellationToken, Int32 maxRetryAttemptsCount, Func`2 shouldRetry)
[2025-08-29 07:28:24Z WARN BrokerServer] Back off 14.108 seconds before next retry. 1 attempt left.
[2025-08-29 07:28:39Z ERR  GitHubActionsService] GET request to https://broker.actions.githubusercontent.com/message?sessionId=9b5ac1d5-4d50-4e72-b053-34f2bfb77887&status=Online&runnerVersion=2.328.0&os=Windows&architecture=X64&disableUpdate=false failed. HTTP Status: InternalServerError
[2025-08-29 07:28:39Z ERR  BrokerMessageListener] Catch exception during get next message.
[2025-08-29 07:28:39Z ERR  BrokerMessageListener] System.Exception: Failed to get job message. Request to https://broker.actions.githubusercontent.com/message failed with status: InternalServerError. Error message Error: Internal Server Error
   at GitHub.Actions.RunService.WebApi.BrokerHttpClient.GetRunnerMessageAsync(Nullable`1 sessionId, String runnerVersion, Nullable`1 status, String os, String architecture, Nullable`1 disableUpdate, CancellationToken cancellationToken)
   at GitHub.Runner.Common.BrokerServer.<>c__DisplayClass7_0.<<GetRunnerMessageAsync>b__0>d.MoveNext()
--- End of stack trace from previous location ---
   at GitHub.Runner.Common.RunnerService.RetryRequest[T](Func`1 func, CancellationToken cancellationToken, Int32 maxRetryAttemptsCount, Func`2 shouldRetry)
   at GitHub.Runner.Listener.BrokerMessageListener.GetNextMessageAsync(CancellationToken token)
[2025-08-29 07:28:39Z INFO BrokerMessageListener] Retriable exception: Failed to get job message. Request to https://broker.actions.githubusercontent.com/message failed with status: InternalServerError. Error message Error: Internal Server Error
[2025-08-29 07:28:39Z ERR  Terminal] WRITE ERROR: 2025-08-29 07:28:39Z: Runner connect error: Failed to get job message. Request to https://broker.actions.githubusercontent.com/message failed with status: InternalServerError. Error message Error: Internal Server Error. Retrying until reconnected.
[2025-08-29 07:28:39Z INFO BrokerMessageListener] Reload credentials.
[2025-08-29 07:28:39Z INFO ConfigurationStore] HasCredentials()
[2025-08-29 07:28:39Z INFO ConfigurationStore] stored True
[2025-08-29 07:28:39Z INFO CredentialManager] GetCredentialProvider
[2025-08-29 07:28:39Z INFO CredentialManager] Creating type OAuth
[2025-08-29 07:28:39Z INFO CredentialManager] Creating credential type: OAuth
[2025-08-29 07:28:39Z INFO RSAEncryptedFileKeyManager] Loading RSA key parameters from file C:\laragon\www\sapapi\actions-runner\.credentials_rsaparams
[2025-08-29 07:28:39Z INFO BrokerMessageListener] Connection to Broker Server recreated.
[2025-08-29 07:28:39Z INFO BrokerMessageListener] Sleeping for 25.893 seconds before retrying.
[2025-08-29 07:29:05Z INFO BrokerMessageListener] No message retrieved within last 30 minutes.
[2025-08-29 07:29:05Z INFO RSAEncryptedFileKeyManager] Loading RSA key parameters from file C:\laragon\www\sapapi\actions-runner\.credentials_rsaparams
[2025-08-29 07:29:05Z INFO RSAEncryptedFileKeyManager] Loading RSA key parameters from file C:\laragon\www\sapapi\actions-runner\.credentials_rsaparams
[2025-08-29 07:29:06Z INFO GitHubActionsService] AAD Correlation ID for this token request: Unknown
[2025-08-29 07:29:08Z ERR  GitHubActionsService] GET request to https://broker.actions.githubusercontent.com/message?sessionId=9b5ac1d5-4d50-4e72-b053-34f2bfb77887&status=Online&runnerVersion=2.328.0&os=Windows&architecture=X64&disableUpdate=false failed. HTTP Status: InternalServerError
[2025-08-29 07:29:08Z ERR  BrokerServer] Catch exception during request
[2025-08-29 07:29:08Z ERR  BrokerServer] System.Exception: Failed to get job message. Request to https://broker.actions.githubusercontent.com/message failed with status: InternalServerError. Error message Error: Internal Server Error
   at GitHub.Actions.RunService.WebApi.BrokerHttpClient.GetRunnerMessageAsync(Nullable`1 sessionId, String runnerVersion, Nullable`1 status, String os, String architecture, Nullable`1 disableUpdate, CancellationToken cancellationToken)
   at GitHub.Runner.Common.BrokerServer.<>c__DisplayClass7_0.<<GetRunnerMessageAsync>b__0>d.MoveNext()
--- End of stack trace from previous location ---
   at GitHub.Runner.Common.RunnerService.RetryRequest[T](Func`1 func, CancellationToken cancellationToken, Int32 maxRetryAttemptsCount, Func`2 shouldRetry)
[2025-08-29 07:29:08Z WARN BrokerServer] Back off 12.367 seconds before next retry. 4 attempt left.
[2025-08-29 07:29:20Z ERR  GitHubActionsService] GET request to https://broker.actions.githubusercontent.com/message?sessionId=9b5ac1d5-4d50-4e72-b053-34f2bfb77887&status=Online&runnerVersion=2.328.0&os=Windows&architecture=X64&disableUpdate=false failed. HTTP Status: InternalServerError
[2025-08-29 07:29:20Z ERR  BrokerServer] Catch exception during request
[2025-08-29 07:29:20Z ERR  BrokerServer] System.Exception: Failed to get job message. Request to https://broker.actions.githubusercontent.com/message failed with status: InternalServerError. Error message Error: Internal Server Error
   at GitHub.Actions.RunService.WebApi.BrokerHttpClient.GetRunnerMessageAsync(Nullable`1 sessionId, String runnerVersion, Nullable`1 status, String os, String architecture, Nullable`1 disableUpdate, CancellationToken cancellationToken)
   at GitHub.Runner.Common.BrokerServer.<>c__DisplayClass7_0.<<GetRunnerMessageAsync>b__0>d.MoveNext()
--- End of stack trace from previous location ---
   at GitHub.Runner.Common.RunnerService.RetryRequest[T](Func`1 func, CancellationToken cancellationToken, Int32 maxRetryAttemptsCount, Func`2 shouldRetry)
[2025-08-29 07:29:20Z WARN BrokerServer] Back off 9.756 seconds before next retry. 3 attempt left.
[2025-08-29 07:29:31Z ERR  GitHubActionsService] GET request to https://broker.actions.githubusercontent.com/message?sessionId=9b5ac1d5-4d50-4e72-b053-34f2bfb77887&status=Online&runnerVersion=2.328.0&os=Windows&architecture=X64&disableUpdate=false failed. HTTP Status: InternalServerError
[2025-08-29 07:29:31Z ERR  BrokerServer] Catch exception during request
[2025-08-29 07:29:31Z ERR  BrokerServer] System.Exception: Failed to get job message. Request to https://broker.actions.githubusercontent.com/message failed with status: InternalServerError. Error message Error: Internal Server Error
   at GitHub.Actions.RunService.WebApi.BrokerHttpClient.GetRunnerMessageAsync(Nullable`1 sessionId, String runnerVersion, Nullable`1 status, String os, String architecture, Nullable`1 disableUpdate, CancellationToken cancellationToken)
   at GitHub.Runner.Common.BrokerServer.<>c__DisplayClass7_0.<<GetRunnerMessageAsync>b__0>d.MoveNext()
--- End of stack trace from previous location ---
   at GitHub.Runner.Common.RunnerService.RetryRequest[T](Func`1 func, CancellationToken cancellationToken, Int32 maxRetryAttemptsCount, Func`2 shouldRetry)
[2025-08-29 07:29:31Z WARN BrokerServer] Back off 9.814 seconds before next retry. 2 attempt left.
[2025-08-29 07:29:41Z ERR  GitHubActionsService] GET request to https://broker.actions.githubusercontent.com/message?sessionId=9b5ac1d5-4d50-4e72-b053-34f2bfb77887&status=Online&runnerVersion=2.328.0&os=Windows&architecture=X64&disableUpdate=false failed. HTTP Status: InternalServerError
[2025-08-29 07:29:41Z ERR  BrokerServer] Catch exception during request
[2025-08-29 07:29:41Z ERR  BrokerServer] System.Exception: Failed to get job message. Request to https://broker.actions.githubusercontent.com/message failed with status: InternalServerError. Error message Error: Internal Server Error
   at GitHub.Actions.RunService.WebApi.BrokerHttpClient.GetRunnerMessageAsync(Nullable`1 sessionId, String runnerVersion, Nullable`1 status, String os, String architecture, Nullable`1 disableUpdate, CancellationToken cancellationToken)
   at GitHub.Runner.Common.BrokerServer.<>c__DisplayClass7_0.<<GetRunnerMessageAsync>b__0>d.MoveNext()
--- End of stack trace from previous location ---
   at GitHub.Runner.Common.RunnerService.RetryRequest[T](Func`1 func, CancellationToken cancellationToken, Int32 maxRetryAttemptsCount, Func`2 shouldRetry)
[2025-08-29 07:29:41Z WARN BrokerServer] Back off 5.608 seconds before next retry. 1 attempt left.
[2025-08-29 07:29:47Z ERR  GitHubActionsService] GET request to https://broker.actions.githubusercontent.com/message?sessionId=9b5ac1d5-4d50-4e72-b053-34f2bfb77887&status=Online&runnerVersion=2.328.0&os=Windows&architecture=X64&disableUpdate=false failed. HTTP Status: InternalServerError
[2025-08-29 07:29:47Z ERR  BrokerMessageListener] Catch exception during get next message.
[2025-08-29 07:29:47Z ERR  BrokerMessageListener] System.Exception: Failed to get job message. Request to https://broker.actions.githubusercontent.com/message failed with status: InternalServerError. Error message Error: Internal Server Error
   at GitHub.Actions.RunService.WebApi.BrokerHttpClient.GetRunnerMessageAsync(Nullable`1 sessionId, String runnerVersion, Nullable`1 status, String os, String architecture, Nullable`1 disableUpdate, CancellationToken cancellationToken)
   at GitHub.Runner.Common.BrokerServer.<>c__DisplayClass7_0.<<GetRunnerMessageAsync>b__0>d.MoveNext()
--- End of stack trace from previous location ---
   at GitHub.Runner.Common.RunnerService.RetryRequest[T](Func`1 func, CancellationToken cancellationToken, Int32 maxRetryAttemptsCount, Func`2 shouldRetry)
   at GitHub.Runner.Listener.BrokerMessageListener.GetNextMessageAsync(CancellationToken token)
[2025-08-29 07:29:47Z INFO BrokerMessageListener] Retriable exception: Failed to get job message. Request to https://broker.actions.githubusercontent.com/message failed with status: InternalServerError. Error message Error: Internal Server Error
[2025-08-29 07:29:47Z INFO BrokerMessageListener] Reload credentials.
[2025-08-29 07:29:47Z INFO ConfigurationStore] HasCredentials()
[2025-08-29 07:29:47Z INFO ConfigurationStore] stored True
[2025-08-29 07:29:47Z INFO CredentialManager] GetCredentialProvider
[2025-08-29 07:29:47Z INFO CredentialManager] Creating type OAuth
[2025-08-29 07:29:47Z INFO CredentialManager] Creating credential type: OAuth
[2025-08-29 07:29:47Z INFO RSAEncryptedFileKeyManager] Loading RSA key parameters from file C:\laragon\www\sapapi\actions-runner\.credentials_rsaparams
[2025-08-29 07:29:47Z INFO BrokerMessageListener] Connection to Broker Server recreated.
[2025-08-29 07:29:47Z INFO BrokerMessageListener] Sleeping for 28.273 seconds before retrying.
[2025-08-29 07:30:15Z INFO RSAEncryptedFileKeyManager] Loading RSA key parameters from file C:\laragon\www\sapapi\actions-runner\.credentials_rsaparams
[2025-08-29 07:30:15Z INFO RSAEncryptedFileKeyManager] Loading RSA key parameters from file C:\laragon\www\sapapi\actions-runner\.credentials_rsaparams
[2025-08-29 07:30:16Z INFO GitHubActionsService] AAD Correlation ID for this token request: Unknown
[2025-08-29 08:20:40Z INFO RSAEncryptedFileKeyManager] Loading RSA key parameters from file C:\laragon\www\sapapi\actions-runner\.credentials_rsaparams
[2025-08-29 08:20:42Z INFO GitHubActionsService] AAD Correlation ID for this token request: Unknown
[2025-08-29 09:11:01Z INFO RSAEncryptedFileKeyManager] Loading RSA key parameters from file C:\laragon\www\sapapi\actions-runner\.credentials_rsaparams
[2025-08-29 09:11:02Z INFO GitHubActionsService] AAD Correlation ID for this token request: Unknown
[2025-08-29 10:01:21Z INFO RSAEncryptedFileKeyManager] Loading RSA key parameters from file C:\laragon\www\sapapi\actions-runner\.credentials_rsaparams
[2025-08-29 10:01:22Z INFO GitHubActionsService] AAD Correlation ID for this token request: Unknown
[2025-08-29 10:51:45Z INFO RSAEncryptedFileKeyManager] Loading RSA key parameters from file C:\laragon\www\sapapi\actions-runner\.credentials_rsaparams
[2025-08-29 10:51:46Z INFO GitHubActionsService] AAD Correlation ID for this token request: Unknown
[2025-08-29 11:36:16Z WARN GitHubActionsService] Attempt 1 of GET request to https://broker.actions.githubusercontent.com/message?sessionId=9b5ac1d5-4d50-4e72-b053-34f2bfb77887&status=Online&runnerVersion=2.328.0&os=Windows&architecture=X64&disableUpdate=false failed (Socket Error: ConnectionReset). The operation will be retried in 10.881 seconds.
[2025-08-29 11:42:21Z INFO RSAEncryptedFileKeyManager] Loading RSA key parameters from file C:\laragon\www\sapapi\actions-runner\.credentials_rsaparams
[2025-08-29 11:42:22Z INFO GitHubActionsService] AAD Correlation ID for this token request: Unknown
[2025-08-29 12:32:44Z INFO RSAEncryptedFileKeyManager] Loading RSA key parameters from file C:\laragon\www\sapapi\actions-runner\.credentials_rsaparams
[2025-08-29 12:32:45Z INFO GitHubActionsService] AAD Correlation ID for this token request: Unknown
[2025-08-29 13:23:10Z INFO RSAEncryptedFileKeyManager] Loading RSA key parameters from file C:\laragon\www\sapapi\actions-runner\.credentials_rsaparams
[2025-08-29 13:23:13Z INFO GitHubActionsService] AAD Correlation ID for this token request: Unknown
[2025-08-29 13:23:13Z WARN GitHubActionsService] Retrieving an AAD auth token took a long time (3.3390687 seconds)
[2025-08-29 14:13:50Z INFO RSAEncryptedFileKeyManager] Loading RSA key parameters from file C:\laragon\www\sapapi\actions-runner\.credentials_rsaparams
[2025-08-29 14:13:51Z INFO GitHubActionsService] AAD Correlation ID for this token request: Unknown
[2025-08-29 15:04:13Z INFO RSAEncryptedFileKeyManager] Loading RSA key parameters from file C:\laragon\www\sapapi\actions-runner\.credentials_rsaparams
[2025-08-29 15:04:14Z INFO GitHubActionsService] AAD Correlation ID for this token request: Unknown
[2025-08-29 15:54:37Z INFO RSAEncryptedFileKeyManager] Loading RSA key parameters from file C:\laragon\www\sapapi\actions-runner\.credentials_rsaparams
[2025-08-29 15:54:38Z INFO GitHubActionsService] AAD Correlation ID for this token request: Unknown
[2025-08-29 16:45:01Z INFO RSAEncryptedFileKeyManager] Loading RSA key parameters from file C:\laragon\www\sapapi\actions-runner\.credentials_rsaparams
[2025-08-29 16:45:02Z INFO GitHubActionsService] AAD Correlation ID for this token request: Unknown
[2025-08-29 17:35:27Z INFO RSAEncryptedFileKeyManager] Loading RSA key parameters from file C:\laragon\www\sapapi\actions-runner\.credentials_rsaparams
[2025-08-29 17:35:28Z INFO GitHubActionsService] AAD Correlation ID for this token request: Unknown
[2025-08-29 18:25:54Z INFO RSAEncryptedFileKeyManager] Loading RSA key parameters from file C:\laragon\www\sapapi\actions-runner\.credentials_rsaparams
[2025-08-29 18:25:55Z INFO GitHubActionsService] AAD Correlation ID for this token request: Unknown
[2025-08-29 19:16:21Z INFO RSAEncryptedFileKeyManager] Loading RSA key parameters from file C:\laragon\www\sapapi\actions-runner\.credentials_rsaparams
[2025-08-29 19:16:22Z INFO GitHubActionsService] AAD Correlation ID for this token request: Unknown
[2025-08-29 20:06:49Z INFO RSAEncryptedFileKeyManager] Loading RSA key parameters from file C:\laragon\www\sapapi\actions-runner\.credentials_rsaparams
[2025-08-29 20:06:50Z INFO GitHubActionsService] AAD Correlation ID for this token request: Unknown
[2025-08-29 20:57:18Z INFO RSAEncryptedFileKeyManager] Loading RSA key parameters from file C:\laragon\www\sapapi\actions-runner\.credentials_rsaparams
[2025-08-29 20:57:19Z INFO GitHubActionsService] AAD Correlation ID for this token request: Unknown
[2025-08-29 21:47:41Z INFO RSAEncryptedFileKeyManager] Loading RSA key parameters from file C:\laragon\www\sapapi\actions-runner\.credentials_rsaparams
[2025-08-29 21:47:42Z INFO GitHubActionsService] AAD Correlation ID for this token request: Unknown
[2025-08-29 22:38:07Z INFO RSAEncryptedFileKeyManager] Loading RSA key parameters from file C:\laragon\www\sapapi\actions-runner\.credentials_rsaparams
[2025-08-29 22:38:08Z INFO GitHubActionsService] AAD Correlation ID for this token request: Unknown
[2025-08-29 22:53:33Z INFO Runner] Received RunnerRefreshConfigMessage for 'runner' config file
[2025-08-29 22:53:33Z INFO RunnerConfigUpdater] Verifying runner qualified id: U_kgDOAIytEA/R_kgDOPX5Qyg/self-hosted/22
[2025-08-29 22:53:33Z INFO HostContext] Well known directory 'Bin': 'C:\laragon\www\sapapi\actions-runner\bin'
[2025-08-29 22:53:33Z INFO HostContext] Well known directory 'Root': 'C:\laragon\www\sapapi\actions-runner'
[2025-08-29 22:53:33Z INFO HostContext] Well known config file 'Runner': 'C:\laragon\www\sapapi\actions-runner\.runner'
[2025-08-29 22:53:34Z INFO RSAEncryptedFileKeyManager] Loading RSA key parameters from file C:\laragon\www\sapapi\actions-runner\.credentials_rsaparams
[2025-08-29 22:53:36Z INFO GitHubActionsService] AAD Correlation ID for this token request: Unknown
[2025-08-29 22:53:36Z INFO ConfigurationStore] Saving runner migrated settings
[2025-08-29 22:53:36Z INFO ConfigurationStore] Delete exist runner migrated settings file.
[2025-08-29 22:53:36Z INFO ConfigurationStore] Migrated Settings Saved.
[2025-08-29 22:53:37Z INFO Runner] Runner configuration was updated. Session restart has been scheduled
[2025-08-29 22:53:37Z INFO Runner] Pending session restart detected and job dispatcher is not busy. Restarting session now.
[2025-08-29 22:53:37Z INFO JobDispatcher] Shutting down JobDispatcher. Make sure all WorkerDispatcher has finished.
[2025-08-29 22:53:37Z INFO Runner] Deleting Runner Session...
[2025-08-29 22:53:37Z INFO Runner] Restarting runner session after config update...
[2025-08-29 22:53:37Z INFO Runner] Runner configuration was refreshed, restarting session...
[2025-08-29 22:53:37Z INFO ConfigurationManager] LoadSettings
[2025-08-29 22:53:37Z INFO ConfigurationStore] IsConfigured()
[2025-08-29 22:53:37Z INFO ConfigurationStore] IsConfigured: True
[2025-08-29 22:53:37Z INFO ConfigurationManager] Is configured: True
[2025-08-29 22:53:37Z INFO ConfigurationManager] Settings Loaded
[2025-08-29 22:53:37Z INFO Runner] RunAsync
[2025-08-29 22:53:37Z INFO ConfigurationManager] LoadMigratedSettings
[2025-08-29 22:53:37Z INFO ConfigurationStore] IsMigratedConfigured()
[2025-08-29 22:53:37Z INFO ConfigurationStore] IsMigratedConfigured: True
[2025-08-29 22:53:37Z INFO ConfigurationManager] Migrated Settings Loaded
[2025-08-29 22:53:37Z INFO Runner] Loaded migrated settings from .runner_migrated file
[2025-08-29 22:53:37Z INFO Runner] {
  "AgentId": 22,
  "AgentName": "JO",
  "PoolId": 1,
  "PoolName": "Default",
  "ServerUrl": "https://pipelinesghubeus26.actions.githubusercontent.com/OTqsuixwcDOeboiI5ELPh9vt0loVA9erSQMzHOLYofkfIDGeBX/",
  "GitHubUrl": "https://github.com/jauharimalik/sapapi",
  "WorkFolder": "_work",
  "UseV2Flow": true,
  "ServerUrlV2": "https://broker.actions.githubusercontent.com/"
}
[2025-08-29 22:53:37Z INFO Runner] Attempting to create session using migrated settings
[2025-08-29 22:53:37Z INFO Runner] Using BrokerMessageListener
[2025-08-29 22:53:37Z INFO BrokerMessageListener] Using provided settings
[2025-08-29 22:53:37Z INFO BrokerMessageListener] Using migrated settings from .runner_migrated
[2025-08-29 22:53:37Z INFO BrokerMessageListener] {
  "AgentId": 22,
  "AgentName": "JO",
  "PoolId": 1,
  "PoolName": "Default",
  "ServerUrl": "https://pipelinesghubeus26.actions.githubusercontent.com/OTqsuixwcDOeboiI5ELPh9vt0loVA9erSQMzHOLYofkfIDGeBX/",
  "GitHubUrl": "https://github.com/jauharimalik/sapapi",
  "WorkFolder": "_work",
  "UseV2Flow": true,
  "ServerUrlV2": "https://broker.actions.githubusercontent.com/"
}
[2025-08-29 22:53:37Z INFO BrokerMessageListener] Loading Credentials
[2025-08-29 22:53:37Z INFO ConfigurationStore] HasCredentials()
[2025-08-29 22:53:37Z INFO ConfigurationStore] stored True
[2025-08-29 22:53:37Z INFO CredentialManager] GetCredentialProvider
[2025-08-29 22:53:37Z INFO CredentialManager] Creating type OAuth
[2025-08-29 22:53:37Z INFO CredentialManager] Creating credential type: OAuth
[2025-08-29 22:53:37Z INFO RSAEncryptedFileKeyManager] Loading RSA key parameters from file C:\laragon\www\sapapi\actions-runner\.credentials_rsaparams
[2025-08-29 22:53:37Z INFO BrokerMessageListener] Attempt to create session.
[2025-08-29 22:53:37Z INFO BrokerMessageListener] Connecting to the Broker Server...
[2025-08-29 22:53:37Z INFO ConfigurationStore] HasCredentials()
[2025-08-29 22:53:37Z INFO ConfigurationStore] stored True
[2025-08-29 22:53:37Z INFO CredentialManager] GetCredentialProvider
[2025-08-29 22:53:37Z INFO CredentialManager] Creating type OAuth
[2025-08-29 22:53:37Z INFO CredentialManager] Creating credential type: OAuth
[2025-08-29 22:53:37Z INFO RSAEncryptedFileKeyManager] Loading RSA key parameters from file C:\laragon\www\sapapi\actions-runner\.credentials_rsaparams
[2025-08-29 22:53:37Z INFO BrokerMessageListener] VssConnection created
[2025-08-29 22:53:37Z INFO BrokerMessageListener] Connecting to the Runner server...
[2025-08-29 22:53:37Z INFO RunnerServer] EstablishVssConnection
[2025-08-29 22:53:37Z INFO RunnerServer] Establish connection with 100 seconds timeout.
[2025-08-29 22:53:37Z INFO GitHubActionsService] Starting operation Location.GetConnectionData
[2025-08-29 22:53:37Z INFO RunnerServer] EstablishVssConnection
[2025-08-29 22:53:37Z INFO RunnerServer] Establish connection with 60 seconds timeout.
[2025-08-29 22:53:37Z INFO GitHubActionsService] Starting operation Location.GetConnectionData
[2025-08-29 22:53:37Z INFO RunnerServer] EstablishVssConnection
[2025-08-29 22:53:37Z INFO RunnerServer] Establish connection with 60 seconds timeout.
[2025-08-29 22:53:37Z INFO GitHubActionsService] Starting operation Location.GetConnectionData
[2025-08-29 22:53:38Z INFO GitHubActionsService] Finished operation Location.GetConnectionData
[2025-08-29 22:53:38Z INFO GitHubActionsService] Finished operation Location.GetConnectionData
[2025-08-29 22:53:38Z INFO GitHubActionsService] Finished operation Location.GetConnectionData
[2025-08-29 22:53:38Z INFO BrokerMessageListener] VssConnection created
[2025-08-29 22:53:38Z INFO Terminal] WRITE LINE: 
[2025-08-29 22:53:38Z INFO Terminal] WRITE LINE: 
[2025-08-29 22:53:38Z INFO RSAEncryptedFileKeyManager] Loading RSA key parameters from file C:\laragon\www\sapapi\actions-runner\.credentials_rsaparams
[2025-08-29 22:53:38Z INFO RSAEncryptedFileKeyManager] Loading RSA key parameters from file C:\laragon\www\sapapi\actions-runner\.credentials_rsaparams
[2025-08-29 22:53:39Z INFO GitHubActionsService] AAD Correlation ID for this token request: Unknown
[2025-08-29 22:53:40Z INFO BrokerMessageListener] Session created.
[2025-08-29 22:53:40Z INFO Runner] Successfully created session with migrated settings
[2025-08-29 22:53:40Z INFO Terminal] WRITE LINE: Current runner version: '2.328.0'
[2025-08-29 22:53:40Z INFO Terminal] WRITE LINE: 2025-08-29 22:53:40Z: Listening for Jobs
[2025-08-29 22:53:40Z INFO JobDispatcher] Set runner/worker IPC timeout to 30 seconds.
[2025-08-29 23:44:05Z INFO RSAEncryptedFileKeyManager] Loading RSA key parameters from file C:\laragon\www\sapapi\actions-runner\.credentials_rsaparams
[2025-08-29 23:44:06Z INFO GitHubActionsService] AAD Correlation ID for this token request: Unknown
[2025-08-30 00:34:30Z INFO RSAEncryptedFileKeyManager] Loading RSA key parameters from file C:\laragon\www\sapapi\actions-runner\.credentials_rsaparams
[2025-08-30 00:34:31Z INFO GitHubActionsService] AAD Correlation ID for this token request: Unknown
[2025-08-30 01:24:57Z INFO RSAEncryptedFileKeyManager] Loading RSA key parameters from file C:\laragon\www\sapapi\actions-runner\.credentials_rsaparams
[2025-08-30 01:24:58Z INFO GitHubActionsService] AAD Correlation ID for this token request: Unknown
[2025-08-30 02:15:24Z INFO RSAEncryptedFileKeyManager] Loading RSA key parameters from file C:\laragon\www\sapapi\actions-runner\.credentials_rsaparams
[2025-08-30 02:15:25Z INFO GitHubActionsService] AAD Correlation ID for this token request: Unknown
[2025-08-30 03:05:50Z INFO RSAEncryptedFileKeyManager] Loading RSA key parameters from file C:\laragon\www\sapapi\actions-runner\.credentials_rsaparams
[2025-08-30 03:05:51Z INFO GitHubActionsService] AAD Correlation ID for this token request: Unknown
[2025-08-30 03:48:18Z INFO Runner] Refresh message received, kick-off selfupdate background process.
[2025-08-30 03:48:19Z INFO RSAEncryptedFileKeyManager] Loading RSA key parameters from file C:\laragon\www\sapapi\actions-runner\.credentials_rsaparams
[2025-08-30 03:48:19Z INFO RSAEncryptedFileKeyManager] Loading RSA key parameters from file C:\laragon\www\sapapi\actions-runner\.credentials_rsaparams
[2025-08-30 03:48:20Z INFO GitHubActionsService] AAD Correlation ID for this token request: Unknown
[2025-08-30 03:48:20Z INFO SelfUpdater] Version '2.328.0' of 'agent' package available in server.
[2025-08-30 03:48:20Z INFO SelfUpdater] Current running runner version is 2.328.0
[2025-08-30 03:48:20Z INFO SelfUpdater] Can't find available update package.
[2025-08-30 03:48:20Z INFO Terminal] WRITE LINE: Runner update process finished.
[2025-08-30 03:48:21Z INFO Runner] Auto update task finished at backend, there is no available runner update needs to apply, continue message queue looping.
[2025-08-30 03:55:52Z INFO RSAEncryptedFileKeyManager] Loading RSA key parameters from file C:\laragon\www\sapapi\actions-runner\.credentials_rsaparams
[2025-08-30 03:55:53Z INFO GitHubActionsService] AAD Correlation ID for this token request: Unknown
[2025-08-30 04:35:31Z WARN GitHubActionsService] Attempt 1 of GET request to https://broker.actions.githubusercontent.com/message?sessionId=7c793756-4106-4be9-80ac-10b39aa6ebdd&status=Online&runnerVersion=2.328.0&os=Windows&architecture=X64&disableUpdate=false failed (Socket Error: ConnectionReset). The operation will be retried in 11.044 seconds.
[2025-08-30 04:46:37Z INFO RSAEncryptedFileKeyManager] Loading RSA key parameters from file C:\laragon\www\sapapi\actions-runner\.credentials_rsaparams
[2025-08-30 04:46:38Z INFO GitHubActionsService] AAD Correlation ID for this token request: Unknown
[2025-08-30 05:36:57Z INFO RSAEncryptedFileKeyManager] Loading RSA key parameters from file C:\laragon\www\sapapi\actions-runner\.credentials_rsaparams
[2025-08-30 05:36:58Z INFO GitHubActionsService] AAD Correlation ID for this token request: Unknown
[2025-08-30 06:27:17Z INFO RSAEncryptedFileKeyManager] Loading RSA key parameters from file C:\laragon\www\sapapi\actions-runner\.credentials_rsaparams
[2025-08-30 06:27:18Z INFO GitHubActionsService] AAD Correlation ID for this token request: Unknown
[2025-08-30 07:17:36Z INFO RSAEncryptedFileKeyManager] Loading RSA key parameters from file C:\laragon\www\sapapi\actions-runner\.credentials_rsaparams
[2025-08-30 07:17:38Z INFO GitHubActionsService] AAD Correlation ID for this token request: Unknown
[2025-08-30 08:07:56Z INFO RSAEncryptedFileKeyManager] Loading RSA key parameters from file C:\laragon\www\sapapi\actions-runner\.credentials_rsaparams
[2025-08-30 08:07:57Z INFO GitHubActionsService] AAD Correlation ID for this token request: Unknown
[2025-08-30 08:58:15Z INFO RSAEncryptedFileKeyManager] Loading RSA key parameters from file C:\laragon\www\sapapi\actions-runner\.credentials_rsaparams
[2025-08-30 08:58:16Z INFO GitHubActionsService] AAD Correlation ID for this token request: Unknown
[2025-08-30 09:48:33Z INFO RSAEncryptedFileKeyManager] Loading RSA key parameters from file C:\laragon\www\sapapi\actions-runner\.credentials_rsaparams
[2025-08-30 09:48:35Z INFO GitHubActionsService] AAD Correlation ID for this token request: Unknown
[2025-08-30 10:38:56Z INFO RSAEncryptedFileKeyManager] Loading RSA key parameters from file C:\laragon\www\sapapi\actions-runner\.credentials_rsaparams
[2025-08-30 10:38:57Z INFO GitHubActionsService] AAD Correlation ID for this token request: Unknown
[2025-08-30 11:29:16Z INFO RSAEncryptedFileKeyManager] Loading RSA key parameters from file C:\laragon\www\sapapi\actions-runner\.credentials_rsaparams
[2025-08-30 11:29:18Z INFO GitHubActionsService] AAD Correlation ID for this token request: Unknown
[2025-08-30 12:19:36Z INFO RSAEncryptedFileKeyManager] Loading RSA key parameters from file C:\laragon\www\sapapi\actions-runner\.credentials_rsaparams
[2025-08-30 12:19:37Z INFO GitHubActionsService] AAD Correlation ID for this token request: Unknown
[2025-08-30 13:09:59Z INFO RSAEncryptedFileKeyManager] Loading RSA key parameters from file C:\laragon\www\sapapi\actions-runner\.credentials_rsaparams
[2025-08-30 13:10:00Z INFO GitHubActionsService] AAD Correlation ID for this token request: Unknown
[2025-08-30 14:00:18Z INFO RSAEncryptedFileKeyManager] Loading RSA key parameters from file C:\laragon\www\sapapi\actions-runner\.credentials_rsaparams
[2025-08-30 14:00:19Z INFO GitHubActionsService] AAD Correlation ID for this token request: Unknown
[2025-08-30 14:50:39Z INFO RSAEncryptedFileKeyManager] Loading RSA key parameters from file C:\laragon\www\sapapi\actions-runner\.credentials_rsaparams
[2025-08-30 14:50:41Z INFO GitHubActionsService] AAD Correlation ID for this token request: Unknown
[2025-08-30 15:41:00Z INFO RSAEncryptedFileKeyManager] Loading RSA key parameters from file C:\laragon\www\sapapi\actions-runner\.credentials_rsaparams
[2025-08-30 15:41:01Z INFO GitHubActionsService] AAD Correlation ID for this token request: Unknown
[2025-08-30 16:31:19Z INFO RSAEncryptedFileKeyManager] Loading RSA key parameters from file C:\laragon\www\sapapi\actions-runner\.credentials_rsaparams
[2025-08-30 16:31:21Z INFO GitHubActionsService] AAD Correlation ID for this token request: Unknown
[2025-08-30 17:21:39Z INFO RSAEncryptedFileKeyManager] Loading RSA key parameters from file C:\laragon\www\sapapi\actions-runner\.credentials_rsaparams
[2025-08-30 17:21:40Z INFO GitHubActionsService] AAD Correlation ID for this token request: Unknown
[2025-08-30 18:11:58Z INFO RSAEncryptedFileKeyManager] Loading RSA key parameters from file C:\laragon\www\sapapi\actions-runner\.credentials_rsaparams
[2025-08-30 18:12:00Z INFO GitHubActionsService] AAD Correlation ID for this token request: Unknown
[2025-08-30 19:02:18Z INFO RSAEncryptedFileKeyManager] Loading RSA key parameters from file C:\laragon\www\sapapi\actions-runner\.credentials_rsaparams
[2025-08-30 19:02:20Z INFO GitHubActionsService] AAD Correlation ID for this token request: Unknown
[2025-08-30 19:52:38Z INFO RSAEncryptedFileKeyManager] Loading RSA key parameters from file C:\laragon\www\sapapi\actions-runner\.credentials_rsaparams
[2025-08-30 19:52:39Z INFO GitHubActionsService] AAD Correlation ID for this token request: Unknown
[2025-08-30 20:42:57Z INFO RSAEncryptedFileKeyManager] Loading RSA key parameters from file C:\laragon\www\sapapi\actions-runner\.credentials_rsaparams
[2025-08-30 20:42:58Z INFO GitHubActionsService] AAD Correlation ID for this token request: Unknown
[2025-08-30 21:33:16Z INFO RSAEncryptedFileKeyManager] Loading RSA key parameters from file C:\laragon\www\sapapi\actions-runner\.credentials_rsaparams
[2025-08-30 21:33:18Z INFO GitHubActionsService] AAD Correlation ID for this token request: Unknown
[2025-08-30 22:23:36Z INFO RSAEncryptedFileKeyManager] Loading RSA key parameters from file C:\laragon\www\sapapi\actions-runner\.credentials_rsaparams
[2025-08-30 22:23:37Z INFO GitHubActionsService] AAD Correlation ID for this token request: Unknown
[2025-08-30 22:53:34Z INFO Runner] Received RunnerRefreshConfigMessage for 'runner' config file
[2025-08-30 22:53:34Z INFO RunnerConfigUpdater] Verifying runner qualified id: U_kgDOAIytEA/R_kgDOPX5Qyg/self-hosted/22
[2025-08-30 22:53:34Z INFO HostContext] Well known directory 'Bin': 'C:\laragon\www\sapapi\actions-runner\bin'
[2025-08-30 22:53:34Z INFO HostContext] Well known directory 'Root': 'C:\laragon\www\sapapi\actions-runner'
[2025-08-30 22:53:34Z INFO HostContext] Well known config file 'Runner': 'C:\laragon\www\sapapi\actions-runner\.runner'
[2025-08-30 22:53:35Z INFO RSAEncryptedFileKeyManager] Loading RSA key parameters from file C:\laragon\www\sapapi\actions-runner\.credentials_rsaparams
[2025-08-30 22:53:37Z INFO GitHubActionsService] AAD Correlation ID for this token request: Unknown
[2025-08-30 22:53:37Z INFO ConfigurationStore] Saving runner migrated settings
[2025-08-30 22:53:37Z INFO ConfigurationStore] Delete exist runner migrated settings file.
[2025-08-30 22:53:37Z INFO ConfigurationStore] Migrated Settings Saved.
[2025-08-30 22:53:37Z INFO Runner] Runner configuration was updated. Session restart has been scheduled
[2025-08-30 22:53:37Z INFO Runner] Pending session restart detected and job dispatcher is not busy. Restarting session now.
[2025-08-30 22:53:37Z INFO JobDispatcher] Shutting down JobDispatcher. Make sure all WorkerDispatcher has finished.
[2025-08-30 22:53:37Z INFO Runner] Deleting Runner Session...
[2025-08-30 22:53:38Z INFO Runner] Restarting runner session after config update...
[2025-08-30 22:53:38Z INFO Runner] Runner configuration was refreshed, restarting session...
[2025-08-30 22:53:38Z INFO ConfigurationManager] LoadSettings
[2025-08-30 22:53:38Z INFO ConfigurationStore] IsConfigured()
[2025-08-30 22:53:38Z INFO ConfigurationStore] IsConfigured: True
[2025-08-30 22:53:38Z INFO ConfigurationManager] Is configured: True
[2025-08-30 22:53:38Z INFO ConfigurationManager] Settings Loaded
[2025-08-30 22:53:38Z INFO Runner] RunAsync
[2025-08-30 22:53:38Z INFO ConfigurationManager] LoadMigratedSettings
[2025-08-30 22:53:38Z INFO ConfigurationStore] IsMigratedConfigured()
[2025-08-30 22:53:38Z INFO ConfigurationStore] IsMigratedConfigured: True
[2025-08-30 22:53:38Z INFO ConfigurationManager] Migrated Settings Loaded
[2025-08-30 22:53:38Z INFO Runner] Loaded migrated settings from .runner_migrated file
[2025-08-30 22:53:38Z INFO Runner] {
  "AgentId": 22,
  "AgentName": "JO",
  "PoolId": 1,
  "PoolName": "Default",
  "ServerUrl": "https://pipelinesghubeus26.actions.githubusercontent.com/OTqsuixwcDOeboiI5ELPh9vt0loVA9erSQMzHOLYofkfIDGeBX/",
  "GitHubUrl": "https://github.com/jauharimalik/sapapi",
  "WorkFolder": "_work",
  "UseV2Flow": true,
  "ServerUrlV2": "https://broker.actions.githubusercontent.com/"
}
[2025-08-30 22:53:38Z INFO Runner] Attempting to create session using migrated settings
[2025-08-30 22:53:38Z INFO Runner] Using BrokerMessageListener
[2025-08-30 22:53:38Z INFO BrokerMessageListener] Using provided settings
[2025-08-30 22:53:38Z INFO BrokerMessageListener] Using migrated settings from .runner_migrated
[2025-08-30 22:53:38Z INFO BrokerMessageListener] {
  "AgentId": 22,
  "AgentName": "JO",
  "PoolId": 1,
  "PoolName": "Default",
  "ServerUrl": "https://pipelinesghubeus26.actions.githubusercontent.com/OTqsuixwcDOeboiI5ELPh9vt0loVA9erSQMzHOLYofkfIDGeBX/",
  "GitHubUrl": "https://github.com/jauharimalik/sapapi",
  "WorkFolder": "_work",
  "UseV2Flow": true,
  "ServerUrlV2": "https://broker.actions.githubusercontent.com/"
}
[2025-08-30 22:53:38Z INFO BrokerMessageListener] Loading Credentials
[2025-08-30 22:53:38Z INFO ConfigurationStore] HasCredentials()
[2025-08-30 22:53:38Z INFO ConfigurationStore] stored True
[2025-08-30 22:53:38Z INFO CredentialManager] GetCredentialProvider
[2025-08-30 22:53:38Z INFO CredentialManager] Creating type OAuth
[2025-08-30 22:53:38Z INFO CredentialManager] Creating credential type: OAuth
[2025-08-30 22:53:38Z INFO RSAEncryptedFileKeyManager] Loading RSA key parameters from file C:\laragon\www\sapapi\actions-runner\.credentials_rsaparams
[2025-08-30 22:53:38Z INFO BrokerMessageListener] Attempt to create session.
[2025-08-30 22:53:38Z INFO BrokerMessageListener] Connecting to the Broker Server...
[2025-08-30 22:53:38Z INFO ConfigurationStore] HasCredentials()
[2025-08-30 22:53:38Z INFO ConfigurationStore] stored True
[2025-08-30 22:53:38Z INFO CredentialManager] GetCredentialProvider
[2025-08-30 22:53:38Z INFO CredentialManager] Creating type OAuth
[2025-08-30 22:53:38Z INFO CredentialManager] Creating credential type: OAuth
[2025-08-30 22:53:38Z INFO RSAEncryptedFileKeyManager] Loading RSA key parameters from file C:\laragon\www\sapapi\actions-runner\.credentials_rsaparams
[2025-08-30 22:53:38Z INFO BrokerMessageListener] VssConnection created
[2025-08-30 22:53:38Z INFO BrokerMessageListener] Connecting to the Runner server...
[2025-08-30 22:53:38Z INFO RunnerServer] EstablishVssConnection
[2025-08-30 22:53:38Z INFO RunnerServer] Establish connection with 100 seconds timeout.
[2025-08-30 22:53:38Z INFO GitHubActionsService] Starting operation Location.GetConnectionData
[2025-08-30 22:53:38Z INFO RunnerServer] EstablishVssConnection
[2025-08-30 22:53:38Z INFO RunnerServer] Establish connection with 60 seconds timeout.
[2025-08-30 22:53:38Z INFO GitHubActionsService] Starting operation Location.GetConnectionData
[2025-08-30 22:53:38Z INFO RunnerServer] EstablishVssConnection
[2025-08-30 22:53:38Z INFO RunnerServer] Establish connection with 60 seconds timeout.
[2025-08-30 22:53:38Z INFO GitHubActionsService] Starting operation Location.GetConnectionData
[2025-08-30 22:53:39Z INFO GitHubActionsService] Finished operation Location.GetConnectionData
[2025-08-30 22:53:39Z INFO GitHubActionsService] Finished operation Location.GetConnectionData
[2025-08-30 22:53:39Z INFO GitHubActionsService] Finished operation Location.GetConnectionData
[2025-08-30 22:53:39Z INFO BrokerMessageListener] VssConnection created
[2025-08-30 22:53:39Z INFO Terminal] WRITE LINE: 
[2025-08-30 22:53:39Z INFO Terminal] WRITE LINE: 
[2025-08-30 22:53:39Z INFO RSAEncryptedFileKeyManager] Loading RSA key parameters from file C:\laragon\www\sapapi\actions-runner\.credentials_rsaparams
[2025-08-30 22:53:39Z INFO RSAEncryptedFileKeyManager] Loading RSA key parameters from file C:\laragon\www\sapapi\actions-runner\.credentials_rsaparams
[2025-08-30 22:53:40Z INFO GitHubActionsService] AAD Correlation ID for this token request: Unknown
[2025-08-30 22:53:41Z INFO BrokerMessageListener] Session created.
[2025-08-30 22:53:41Z INFO Runner] Successfully created session with migrated settings
[2025-08-30 22:53:41Z INFO Terminal] WRITE LINE: Current runner version: '2.328.0'
[2025-08-30 22:53:41Z INFO Terminal] WRITE LINE: 2025-08-30 22:53:41Z: Listening for Jobs
[2025-08-30 22:53:41Z INFO JobDispatcher] Set runner/worker IPC timeout to 30 seconds.
[2025-08-30 23:43:59Z INFO RSAEncryptedFileKeyManager] Loading RSA key parameters from file C:\laragon\www\sapapi\actions-runner\.credentials_rsaparams
[2025-08-30 23:44:00Z INFO GitHubActionsService] AAD Correlation ID for this token request: Unknown
[2025-08-31 00:34:21Z INFO RSAEncryptedFileKeyManager] Loading RSA key parameters from file C:\laragon\www\sapapi\actions-runner\.credentials_rsaparams
[2025-08-31 00:34:22Z INFO GitHubActionsService] AAD Correlation ID for this token request: Unknown
[2025-08-31 01:24:40Z INFO RSAEncryptedFileKeyManager] Loading RSA key parameters from file C:\laragon\www\sapapi\actions-runner\.credentials_rsaparams
[2025-08-31 01:24:42Z INFO GitHubActionsService] AAD Correlation ID for this token request: Unknown
[2025-08-31 02:15:00Z INFO RSAEncryptedFileKeyManager] Loading RSA key parameters from file C:\laragon\www\sapapi\actions-runner\.credentials_rsaparams
[2025-08-31 02:15:01Z INFO GitHubActionsService] AAD Correlation ID for this token request: Unknown
[2025-08-31 03:05:20Z INFO RSAEncryptedFileKeyManager] Loading RSA key parameters from file C:\laragon\www\sapapi\actions-runner\.credentials_rsaparams
[2025-08-31 03:05:21Z INFO GitHubActionsService] AAD Correlation ID for this token request: Unknown
[2025-08-31 03:48:18Z INFO Runner] Refresh message received, kick-off selfupdate background process.
[2025-08-31 03:48:20Z INFO RSAEncryptedFileKeyManager] Loading RSA key parameters from file C:\laragon\www\sapapi\actions-runner\.credentials_rsaparams
[2025-08-31 03:48:20Z INFO RSAEncryptedFileKeyManager] Loading RSA key parameters from file C:\laragon\www\sapapi\actions-runner\.credentials_rsaparams
[2025-08-31 03:48:21Z INFO GitHubActionsService] AAD Correlation ID for this token request: Unknown
[2025-08-31 03:48:21Z INFO SelfUpdater] Version '2.328.0' of 'agent' package available in server.
[2025-08-31 03:48:21Z INFO SelfUpdater] Current running runner version is 2.328.0
[2025-08-31 03:48:21Z INFO SelfUpdater] Can't find available update package.
[2025-08-31 03:48:21Z INFO Terminal] WRITE LINE: Runner update process finished.
[2025-08-31 03:48:21Z INFO Runner] Auto update task finished at backend, there is no available runner update needs to apply, continue message queue looping.
[2025-08-31 03:55:51Z INFO RSAEncryptedFileKeyManager] Loading RSA key parameters from file C:\laragon\www\sapapi\actions-runner\.credentials_rsaparams
[2025-08-31 03:55:54Z INFO GitHubActionsService] AAD Correlation ID for this token request: Unknown
[2025-08-31 03:55:54Z WARN GitHubActionsService] Retrieving an AAD auth token took a long time (2.4572773 seconds)
[2025-08-31 04:46:12Z INFO RSAEncryptedFileKeyManager] Loading RSA key parameters from file C:\laragon\www\sapapi\actions-runner\.credentials_rsaparams
[2025-08-31 04:46:13Z INFO GitHubActionsService] AAD Correlation ID for this token request: Unknown
[2025-08-31 05:36:31Z INFO RSAEncryptedFileKeyManager] Loading RSA key parameters from file C:\laragon\www\sapapi\actions-runner\.credentials_rsaparams
[2025-08-31 05:36:32Z INFO GitHubActionsService] AAD Correlation ID for this token request: Unknown
[2025-08-31 06:26:50Z INFO RSAEncryptedFileKeyManager] Loading RSA key parameters from file C:\laragon\www\sapapi\actions-runner\.credentials_rsaparams
[2025-08-31 06:26:52Z INFO GitHubActionsService] AAD Correlation ID for this token request: Unknown
[2025-08-31 07:17:10Z INFO RSAEncryptedFileKeyManager] Loading RSA key parameters from file C:\laragon\www\sapapi\actions-runner\.credentials_rsaparams
[2025-08-31 07:17:11Z INFO GitHubActionsService] AAD Correlation ID for this token request: Unknown
[2025-08-31 08:07:29Z INFO RSAEncryptedFileKeyManager] Loading RSA key parameters from file C:\laragon\www\sapapi\actions-runner\.credentials_rsaparams
[2025-08-31 08:07:31Z INFO GitHubActionsService] AAD Correlation ID for this token request: Unknown
[2025-08-31 08:57:49Z INFO RSAEncryptedFileKeyManager] Loading RSA key parameters from file C:\laragon\www\sapapi\actions-runner\.credentials_rsaparams
[2025-08-31 08:57:50Z INFO GitHubActionsService] AAD Correlation ID for this token request: Unknown
[2025-08-31 09:48:08Z INFO RSAEncryptedFileKeyManager] Loading RSA key parameters from file C:\laragon\www\sapapi\actions-runner\.credentials_rsaparams
[2025-08-31 09:48:09Z INFO GitHubActionsService] AAD Correlation ID for this token request: Unknown
[2025-08-31 10:38:28Z INFO RSAEncryptedFileKeyManager] Loading RSA key parameters from file C:\laragon\www\sapapi\actions-runner\.credentials_rsaparams
[2025-08-31 10:38:29Z INFO GitHubActionsService] AAD Correlation ID for this token request: Unknown
[2025-08-31 11:28:47Z INFO RSAEncryptedFileKeyManager] Loading RSA key parameters from file C:\laragon\www\sapapi\actions-runner\.credentials_rsaparams
[2025-08-31 11:28:48Z INFO GitHubActionsService] AAD Correlation ID for this token request: Unknown
[2025-08-31 12:19:06Z INFO RSAEncryptedFileKeyManager] Loading RSA key parameters from file C:\laragon\www\sapapi\actions-runner\.credentials_rsaparams
[2025-08-31 12:19:08Z INFO GitHubActionsService] AAD Correlation ID for this token request: Unknown
[2025-08-31 13:09:28Z INFO RSAEncryptedFileKeyManager] Loading RSA key parameters from file C:\laragon\www\sapapi\actions-runner\.credentials_rsaparams
[2025-08-31 13:09:29Z INFO GitHubActionsService] AAD Correlation ID for this token request: Unknown
[2025-08-31 13:59:47Z INFO RSAEncryptedFileKeyManager] Loading RSA key parameters from file C:\laragon\www\sapapi\actions-runner\.credentials_rsaparams
[2025-08-31 13:59:49Z INFO GitHubActionsService] AAD Correlation ID for this token request: Unknown
[2025-08-31 14:50:07Z INFO RSAEncryptedFileKeyManager] Loading RSA key parameters from file C:\laragon\www\sapapi\actions-runner\.credentials_rsaparams
[2025-08-31 14:50:08Z INFO GitHubActionsService] AAD Correlation ID for this token request: Unknown
[2025-08-31 15:40:26Z INFO RSAEncryptedFileKeyManager] Loading RSA key parameters from file C:\laragon\www\sapapi\actions-runner\.credentials_rsaparams
[2025-08-31 15:40:28Z INFO GitHubActionsService] AAD Correlation ID for this token request: Unknown
[2025-08-31 16:30:46Z INFO RSAEncryptedFileKeyManager] Loading RSA key parameters from file C:\laragon\www\sapapi\actions-runner\.credentials_rsaparams
[2025-08-31 16:30:47Z INFO GitHubActionsService] AAD Correlation ID for this token request: Unknown
[2025-08-31 17:21:05Z INFO RSAEncryptedFileKeyManager] Loading RSA key parameters from file C:\laragon\www\sapapi\actions-runner\.credentials_rsaparams
[2025-08-31 17:21:06Z INFO GitHubActionsService] AAD Correlation ID for this token request: Unknown
[2025-08-31 18:11:25Z INFO RSAEncryptedFileKeyManager] Loading RSA key parameters from file C:\laragon\www\sapapi\actions-runner\.credentials_rsaparams
[2025-08-31 18:11:27Z INFO GitHubActionsService] AAD Correlation ID for this token request: Unknown
[2025-08-31 19:01:46Z INFO RSAEncryptedFileKeyManager] Loading RSA key parameters from file C:\laragon\www\sapapi\actions-runner\.credentials_rsaparams
[2025-08-31 19:01:47Z INFO GitHubActionsService] AAD Correlation ID for this token request: Unknown
[2025-08-31 19:52:05Z INFO RSAEncryptedFileKeyManager] Loading RSA key parameters from file C:\laragon\www\sapapi\actions-runner\.credentials_rsaparams
[2025-08-31 19:52:07Z INFO GitHubActionsService] AAD Correlation ID for this token request: Unknown
[2025-08-31 20:42:24Z INFO RSAEncryptedFileKeyManager] Loading RSA key parameters from file C:\laragon\www\sapapi\actions-runner\.credentials_rsaparams
[2025-08-31 20:42:26Z INFO GitHubActionsService] AAD Correlation ID for this token request: Unknown
[2025-08-31 21:32:45Z INFO RSAEncryptedFileKeyManager] Loading RSA key parameters from file C:\laragon\www\sapapi\actions-runner\.credentials_rsaparams
[2025-08-31 21:32:46Z INFO GitHubActionsService] AAD Correlation ID for this token request: Unknown
[2025-08-31 22:23:04Z INFO RSAEncryptedFileKeyManager] Loading RSA key parameters from file C:\laragon\www\sapapi\actions-runner\.credentials_rsaparams
[2025-08-31 22:23:05Z INFO GitHubActionsService] AAD Correlation ID for this token request: Unknown
[2025-08-31 22:53:34Z INFO Runner] Received RunnerRefreshConfigMessage for 'runner' config file
[2025-08-31 22:53:34Z INFO RunnerConfigUpdater] Verifying runner qualified id: U_kgDOAIytEA/R_kgDOPX5Qyg/self-hosted/22
[2025-08-31 22:53:34Z INFO HostContext] Well known directory 'Bin': 'C:\laragon\www\sapapi\actions-runner\bin'
[2025-08-31 22:53:34Z INFO HostContext] Well known directory 'Root': 'C:\laragon\www\sapapi\actions-runner'
[2025-08-31 22:53:34Z INFO HostContext] Well known config file 'Runner': 'C:\laragon\www\sapapi\actions-runner\.runner'
[2025-08-31 22:53:35Z INFO RSAEncryptedFileKeyManager] Loading RSA key parameters from file C:\laragon\www\sapapi\actions-runner\.credentials_rsaparams
[2025-08-31 22:53:36Z INFO GitHubActionsService] AAD Correlation ID for this token request: Unknown
[2025-08-31 22:53:36Z INFO ConfigurationStore] Saving runner migrated settings
[2025-08-31 22:53:36Z INFO ConfigurationStore] Delete exist runner migrated settings file.
[2025-08-31 22:53:36Z INFO ConfigurationStore] Migrated Settings Saved.
[2025-08-31 22:53:37Z INFO Runner] Runner configuration was updated. Session restart has been scheduled
[2025-08-31 22:53:37Z INFO Runner] Pending session restart detected and job dispatcher is not busy. Restarting session now.
[2025-08-31 22:53:37Z INFO JobDispatcher] Shutting down JobDispatcher. Make sure all WorkerDispatcher has finished.
[2025-08-31 22:53:37Z INFO Runner] Deleting Runner Session...
[2025-08-31 22:53:37Z INFO Runner] Restarting runner session after config update...
[2025-08-31 22:53:37Z INFO Runner] Runner configuration was refreshed, restarting session...
[2025-08-31 22:53:37Z INFO ConfigurationManager] LoadSettings
[2025-08-31 22:53:37Z INFO ConfigurationStore] IsConfigured()
[2025-08-31 22:53:37Z INFO ConfigurationStore] IsConfigured: True
[2025-08-31 22:53:37Z INFO ConfigurationManager] Is configured: True
[2025-08-31 22:53:37Z INFO ConfigurationManager] Settings Loaded
[2025-08-31 22:53:37Z INFO Runner] RunAsync
[2025-08-31 22:53:37Z INFO ConfigurationManager] LoadMigratedSettings
[2025-08-31 22:53:37Z INFO ConfigurationStore] IsMigratedConfigured()
[2025-08-31 22:53:37Z INFO ConfigurationStore] IsMigratedConfigured: True
[2025-08-31 22:53:37Z INFO ConfigurationManager] Migrated Settings Loaded
[2025-08-31 22:53:37Z INFO Runner] Loaded migrated settings from .runner_migrated file
[2025-08-31 22:53:37Z INFO Runner] {
  "AgentId": 22,
  "AgentName": "JO",
  "PoolId": 1,
  "PoolName": "Default",
  "ServerUrl": "https://pipelinesghubeus26.actions.githubusercontent.com/OTqsuixwcDOeboiI5ELPh9vt0loVA9erSQMzHOLYofkfIDGeBX/",
  "GitHubUrl": "https://github.com/jauharimalik/sapapi",
  "WorkFolder": "_work",
  "UseV2Flow": true,
  "ServerUrlV2": "https://broker.actions.githubusercontent.com/"
}
[2025-08-31 22:53:37Z INFO Runner] Attempting to create session using migrated settings
[2025-08-31 22:53:37Z INFO Runner] Using BrokerMessageListener
[2025-08-31 22:53:37Z INFO BrokerMessageListener] Using provided settings
[2025-08-31 22:53:37Z INFO BrokerMessageListener] Using migrated settings from .runner_migrated
[2025-08-31 22:53:37Z INFO BrokerMessageListener] {
  "AgentId": 22,
  "AgentName": "JO",
  "PoolId": 1,
  "PoolName": "Default",
  "ServerUrl": "https://pipelinesghubeus26.actions.githubusercontent.com/OTqsuixwcDOeboiI5ELPh9vt0loVA9erSQMzHOLYofkfIDGeBX/",
  "GitHubUrl": "https://github.com/jauharimalik/sapapi",
  "WorkFolder": "_work",
  "UseV2Flow": true,
  "ServerUrlV2": "https://broker.actions.githubusercontent.com/"
}
[2025-08-31 22:53:37Z INFO BrokerMessageListener] Loading Credentials
[2025-08-31 22:53:37Z INFO ConfigurationStore] HasCredentials()
[2025-08-31 22:53:37Z INFO ConfigurationStore] stored True
[2025-08-31 22:53:37Z INFO CredentialManager] GetCredentialProvider
[2025-08-31 22:53:37Z INFO CredentialManager] Creating type OAuth
[2025-08-31 22:53:37Z INFO CredentialManager] Creating credential type: OAuth
[2025-08-31 22:53:37Z INFO RSAEncryptedFileKeyManager] Loading RSA key parameters from file C:\laragon\www\sapapi\actions-runner\.credentials_rsaparams
[2025-08-31 22:53:37Z INFO BrokerMessageListener] Attempt to create session.
[2025-08-31 22:53:37Z INFO BrokerMessageListener] Connecting to the Broker Server...
[2025-08-31 22:53:37Z INFO ConfigurationStore] HasCredentials()
[2025-08-31 22:53:37Z INFO ConfigurationStore] stored True
[2025-08-31 22:53:37Z INFO CredentialManager] GetCredentialProvider
[2025-08-31 22:53:37Z INFO CredentialManager] Creating type OAuth
[2025-08-31 22:53:37Z INFO CredentialManager] Creating credential type: OAuth
[2025-08-31 22:53:37Z INFO RSAEncryptedFileKeyManager] Loading RSA key parameters from file C:\laragon\www\sapapi\actions-runner\.credentials_rsaparams
[2025-08-31 22:53:37Z INFO BrokerMessageListener] VssConnection created
[2025-08-31 22:53:37Z INFO BrokerMessageListener] Connecting to the Runner server...
[2025-08-31 22:53:37Z INFO RunnerServer] EstablishVssConnection
[2025-08-31 22:53:37Z INFO RunnerServer] Establish connection with 100 seconds timeout.
[2025-08-31 22:53:37Z INFO GitHubActionsService] Starting operation Location.GetConnectionData
[2025-08-31 22:53:37Z INFO RunnerServer] EstablishVssConnection
[2025-08-31 22:53:37Z INFO RunnerServer] Establish connection with 60 seconds timeout.
[2025-08-31 22:53:37Z INFO GitHubActionsService] Starting operation Location.GetConnectionData
[2025-08-31 22:53:37Z INFO RunnerServer] EstablishVssConnection
[2025-08-31 22:53:37Z INFO RunnerServer] Establish connection with 60 seconds timeout.
[2025-08-31 22:53:37Z INFO GitHubActionsService] Starting operation Location.GetConnectionData
[2025-08-31 22:53:38Z INFO GitHubActionsService] Finished operation Location.GetConnectionData
[2025-08-31 22:53:38Z INFO GitHubActionsService] Finished operation Location.GetConnectionData
[2025-08-31 22:53:38Z INFO GitHubActionsService] Finished operation Location.GetConnectionData
[2025-08-31 22:53:38Z INFO BrokerMessageListener] VssConnection created
[2025-08-31 22:53:38Z INFO Terminal] WRITE LINE: 
[2025-08-31 22:53:38Z INFO Terminal] WRITE LINE: 
[2025-08-31 22:53:38Z INFO RSAEncryptedFileKeyManager] Loading RSA key parameters from file C:\laragon\www\sapapi\actions-runner\.credentials_rsaparams
[2025-08-31 22:53:38Z INFO RSAEncryptedFileKeyManager] Loading RSA key parameters from file C:\laragon\www\sapapi\actions-runner\.credentials_rsaparams
[2025-08-31 22:53:39Z INFO GitHubActionsService] AAD Correlation ID for this token request: Unknown
[2025-08-31 22:53:40Z INFO BrokerMessageListener] Session created.
[2025-08-31 22:53:40Z INFO Runner] Successfully created session with migrated settings
[2025-08-31 22:53:40Z INFO Terminal] WRITE LINE: Current runner version: '2.328.0'
[2025-08-31 22:53:40Z INFO Terminal] WRITE LINE: 2025-08-31 22:53:40Z: Listening for Jobs
[2025-08-31 22:53:40Z INFO JobDispatcher] Set runner/worker IPC timeout to 30 seconds.
[2025-08-31 23:43:58Z INFO RSAEncryptedFileKeyManager] Loading RSA key parameters from file C:\laragon\www\sapapi\actions-runner\.credentials_rsaparams
[2025-08-31 23:44:00Z INFO GitHubActionsService] AAD Correlation ID for this token request: Unknown
[2025-09-01 00:34:18Z INFO RSAEncryptedFileKeyManager] Loading RSA key parameters from file C:\laragon\www\sapapi\actions-runner\.credentials_rsaparams
[2025-09-01 00:34:19Z INFO GitHubActionsService] AAD Correlation ID for this token request: Unknown
[2025-09-01 01:24:37Z INFO RSAEncryptedFileKeyManager] Loading RSA key parameters from file C:\laragon\www\sapapi\actions-runner\.credentials_rsaparams
[2025-09-01 01:24:38Z INFO GitHubActionsService] AAD Correlation ID for this token request: Unknown
[2025-09-01 02:14:57Z INFO RSAEncryptedFileKeyManager] Loading RSA key parameters from file C:\laragon\www\sapapi\actions-runner\.credentials_rsaparams
[2025-09-01 02:14:58Z INFO GitHubActionsService] AAD Correlation ID for this token request: Unknown
[2025-09-01 03:05:16Z INFO RSAEncryptedFileKeyManager] Loading RSA key parameters from file C:\laragon\www\sapapi\actions-runner\.credentials_rsaparams
[2025-09-01 03:05:17Z INFO GitHubActionsService] AAD Correlation ID for this token request: Unknown
[2025-09-01 03:48:18Z INFO Runner] Refresh message received, kick-off selfupdate background process.
[2025-09-01 03:48:20Z INFO RSAEncryptedFileKeyManager] Loading RSA key parameters from file C:\laragon\www\sapapi\actions-runner\.credentials_rsaparams
[2025-09-01 03:48:20Z INFO RSAEncryptedFileKeyManager] Loading RSA key parameters from file C:\laragon\www\sapapi\actions-runner\.credentials_rsaparams
[2025-09-01 03:48:21Z INFO GitHubActionsService] AAD Correlation ID for this token request: Unknown
[2025-09-01 03:48:22Z INFO SelfUpdater] Version '2.328.0' of 'agent' package available in server.
[2025-09-01 03:48:22Z INFO SelfUpdater] Current running runner version is 2.328.0
[2025-09-01 03:48:22Z INFO SelfUpdater] Can't find available update package.
[2025-09-01 03:48:22Z INFO Terminal] WRITE LINE: Runner update process finished.
[2025-09-01 03:48:22Z INFO Runner] Auto update task finished at backend, there is no available runner update needs to apply, continue message queue looping.
[2025-09-01 03:55:52Z INFO RSAEncryptedFileKeyManager] Loading RSA key parameters from file C:\laragon\www\sapapi\actions-runner\.credentials_rsaparams
[2025-09-01 03:55:53Z INFO GitHubActionsService] AAD Correlation ID for this token request: Unknown
[2025-09-01 04:46:12Z INFO RSAEncryptedFileKeyManager] Loading RSA key parameters from file C:\laragon\www\sapapi\actions-runner\.credentials_rsaparams
[2025-09-01 04:46:13Z INFO GitHubActionsService] AAD Correlation ID for this token request: Unknown
[2025-09-01 05:36:31Z INFO RSAEncryptedFileKeyManager] Loading RSA key parameters from file C:\laragon\www\sapapi\actions-runner\.credentials_rsaparams
[2025-09-01 05:36:33Z INFO GitHubActionsService] AAD Correlation ID for this token request: Unknown
[2025-09-01 06:26:51Z INFO RSAEncryptedFileKeyManager] Loading RSA key parameters from file C:\laragon\www\sapapi\actions-runner\.credentials_rsaparams
[2025-09-01 06:26:52Z INFO GitHubActionsService] AAD Correlation ID for this token request: Unknown
[2025-09-01 07:17:10Z INFO RSAEncryptedFileKeyManager] Loading RSA key parameters from file C:\laragon\www\sapapi\actions-runner\.credentials_rsaparams
[2025-09-01 07:17:12Z INFO GitHubActionsService] AAD Correlation ID for this token request: Unknown
[2025-09-01 08:07:30Z INFO RSAEncryptedFileKeyManager] Loading RSA key parameters from file C:\laragon\www\sapapi\actions-runner\.credentials_rsaparams
[2025-09-01 08:07:31Z INFO GitHubActionsService] AAD Correlation ID for this token request: Unknown
[2025-09-01 08:57:50Z INFO RSAEncryptedFileKeyManager] Loading RSA key parameters from file C:\laragon\www\sapapi\actions-runner\.credentials_rsaparams
[2025-09-01 08:57:51Z INFO GitHubActionsService] AAD Correlation ID for this token request: Unknown
[2025-09-01 09:48:10Z INFO RSAEncryptedFileKeyManager] Loading RSA key parameters from file C:\laragon\www\sapapi\actions-runner\.credentials_rsaparams
[2025-09-01 09:48:11Z INFO GitHubActionsService] AAD Correlation ID for this token request: Unknown
[2025-09-01 10:38:30Z INFO RSAEncryptedFileKeyManager] Loading RSA key parameters from file C:\laragon\www\sapapi\actions-runner\.credentials_rsaparams
[2025-09-01 10:38:31Z INFO GitHubActionsService] AAD Correlation ID for this token request: Unknown
[2025-09-01 11:28:51Z INFO RSAEncryptedFileKeyManager] Loading RSA key parameters from file C:\laragon\www\sapapi\actions-runner\.credentials_rsaparams
[2025-09-01 11:28:53Z INFO GitHubActionsService] AAD Correlation ID for this token request: Unknown
[2025-09-01 11:28:53Z WARN GitHubActionsService] Retrieving an AAD auth token took a long time (2.043022 seconds)
[2025-09-01 12:19:13Z INFO RSAEncryptedFileKeyManager] Loading RSA key parameters from file C:\laragon\www\sapapi\actions-runner\.credentials_rsaparams
[2025-09-01 12:19:14Z INFO GitHubActionsService] AAD Correlation ID for this token request: Unknown
[2025-09-01 13:09:37Z INFO RSAEncryptedFileKeyManager] Loading RSA key parameters from file C:\laragon\www\sapapi\actions-runner\.credentials_rsaparams
[2025-09-01 13:09:39Z INFO GitHubActionsService] AAD Correlation ID for this token request: Unknown
[2025-09-01 13:59:56Z INFO RSAEncryptedFileKeyManager] Loading RSA key parameters from file C:\laragon\www\sapapi\actions-runner\.credentials_rsaparams
[2025-09-01 13:59:58Z INFO GitHubActionsService] AAD Correlation ID for this token request: Unknown
[2025-09-01 14:50:16Z INFO RSAEncryptedFileKeyManager] Loading RSA key parameters from file C:\laragon\www\sapapi\actions-runner\.credentials_rsaparams
[2025-09-01 14:50:17Z INFO GitHubActionsService] AAD Correlation ID for this token request: Unknown
[2025-09-01 15:40:36Z INFO RSAEncryptedFileKeyManager] Loading RSA key parameters from file C:\laragon\www\sapapi\actions-runner\.credentials_rsaparams
[2025-09-01 15:40:37Z INFO GitHubActionsService] AAD Correlation ID for this token request: Unknown
[2025-09-01 16:30:55Z INFO RSAEncryptedFileKeyManager] Loading RSA key parameters from file C:\laragon\www\sapapi\actions-runner\.credentials_rsaparams
[2025-09-01 16:30:56Z INFO GitHubActionsService] AAD Correlation ID for this token request: Unknown
[2025-09-01 16:42:12Z WARN GitHubActionsService] Attempt 1 of GET request to https://broker.actions.githubusercontent.com/message?sessionId=dc6ff9d1-7912-4af8-8c44-02f72a82f228&status=Online&runnerVersion=2.328.0&os=Windows&architecture=X64&disableUpdate=false failed (Socket Error: ConnectionReset). The operation will be retried in 11.028 seconds.
[2025-09-01 17:20:58Z INFO RSAEncryptedFileKeyManager] Loading RSA key parameters from file C:\laragon\www\sapapi\actions-runner\.credentials_rsaparams
[2025-09-01 17:20:59Z INFO GitHubActionsService] AAD Correlation ID for this token request: Unknown
[2025-09-01 18:11:17Z INFO RSAEncryptedFileKeyManager] Loading RSA key parameters from file C:\laragon\www\sapapi\actions-runner\.credentials_rsaparams
[2025-09-01 18:11:19Z INFO GitHubActionsService] AAD Correlation ID for this token request: Unknown
[2025-09-01 19:01:37Z INFO RSAEncryptedFileKeyManager] Loading RSA key parameters from file C:\laragon\www\sapapi\actions-runner\.credentials_rsaparams
[2025-09-01 19:01:38Z INFO GitHubActionsService] AAD Correlation ID for this token request: Unknown
[2025-09-01 19:51:56Z INFO RSAEncryptedFileKeyManager] Loading RSA key parameters from file C:\laragon\www\sapapi\actions-runner\.credentials_rsaparams
[2025-09-01 19:51:57Z INFO GitHubActionsService] AAD Correlation ID for this token request: Unknown
[2025-09-01 20:42:15Z INFO RSAEncryptedFileKeyManager] Loading RSA key parameters from file C:\laragon\www\sapapi\actions-runner\.credentials_rsaparams
[2025-09-01 20:42:16Z INFO GitHubActionsService] AAD Correlation ID for this token request: Unknown
[2025-09-01 21:32:34Z INFO RSAEncryptedFileKeyManager] Loading RSA key parameters from file C:\laragon\www\sapapi\actions-runner\.credentials_rsaparams
[2025-09-01 21:32:36Z INFO GitHubActionsService] AAD Correlation ID for this token request: Unknown
[2025-09-01 22:22:53Z INFO RSAEncryptedFileKeyManager] Loading RSA key parameters from file C:\laragon\www\sapapi\actions-runner\.credentials_rsaparams
[2025-09-01 22:22:55Z INFO GitHubActionsService] AAD Correlation ID for this token request: Unknown
[2025-09-01 22:53:34Z INFO Runner] Received RunnerRefreshConfigMessage for 'runner' config file
[2025-09-01 22:53:34Z INFO RunnerConfigUpdater] Verifying runner qualified id: U_kgDOAIytEA/R_kgDOPX5Qyg/self-hosted/22
[2025-09-01 22:53:34Z INFO HostContext] Well known directory 'Bin': 'C:\laragon\www\sapapi\actions-runner\bin'
[2025-09-01 22:53:34Z INFO HostContext] Well known directory 'Root': 'C:\laragon\www\sapapi\actions-runner'
[2025-09-01 22:53:34Z INFO HostContext] Well known config file 'Runner': 'C:\laragon\www\sapapi\actions-runner\.runner'
[2025-09-01 22:53:35Z INFO RSAEncryptedFileKeyManager] Loading RSA key parameters from file C:\laragon\www\sapapi\actions-runner\.credentials_rsaparams
[2025-09-01 22:53:37Z INFO GitHubActionsService] AAD Correlation ID for this token request: Unknown
[2025-09-01 22:53:37Z INFO ConfigurationStore] Saving runner migrated settings
[2025-09-01 22:53:37Z INFO ConfigurationStore] Delete exist runner migrated settings file.
[2025-09-01 22:53:37Z INFO ConfigurationStore] Migrated Settings Saved.
[2025-09-01 22:53:37Z INFO Runner] Runner configuration was updated. Session restart has been scheduled
[2025-09-01 22:53:37Z INFO Runner] Pending session restart detected and job dispatcher is not busy. Restarting session now.
[2025-09-01 22:53:37Z INFO JobDispatcher] Shutting down JobDispatcher. Make sure all WorkerDispatcher has finished.
[2025-09-01 22:53:37Z INFO Runner] Deleting Runner Session...
[2025-09-01 22:53:37Z INFO Runner] Restarting runner session after config update...
[2025-09-01 22:53:37Z INFO Runner] Runner configuration was refreshed, restarting session...
[2025-09-01 22:53:37Z INFO ConfigurationManager] LoadSettings
[2025-09-01 22:53:37Z INFO ConfigurationStore] IsConfigured()
[2025-09-01 22:53:37Z INFO ConfigurationStore] IsConfigured: True
[2025-09-01 22:53:37Z INFO ConfigurationManager] Is configured: True
[2025-09-01 22:53:37Z INFO ConfigurationManager] Settings Loaded
[2025-09-01 22:53:37Z INFO Runner] RunAsync
[2025-09-01 22:53:37Z INFO ConfigurationManager] LoadMigratedSettings
[2025-09-01 22:53:37Z INFO ConfigurationStore] IsMigratedConfigured()
[2025-09-01 22:53:37Z INFO ConfigurationStore] IsMigratedConfigured: True
[2025-09-01 22:53:37Z INFO ConfigurationManager] Migrated Settings Loaded
[2025-09-01 22:53:37Z INFO Runner] Loaded migrated settings from .runner_migrated file
[2025-09-01 22:53:37Z INFO Runner] {
  "AgentId": 22,
  "AgentName": "JO",
  "PoolId": 1,
  "PoolName": "Default",
  "ServerUrl": "https://pipelinesghubeus26.actions.githubusercontent.com/OTqsuixwcDOeboiI5ELPh9vt0loVA9erSQMzHOLYofkfIDGeBX/",
  "GitHubUrl": "https://github.com/jauharimalik/sapapi",
  "WorkFolder": "_work",
  "UseV2Flow": true,
  "ServerUrlV2": "https://broker.actions.githubusercontent.com/"
}
[2025-09-01 22:53:37Z INFO Runner] Attempting to create session using migrated settings
[2025-09-01 22:53:37Z INFO Runner] Using BrokerMessageListener
[2025-09-01 22:53:37Z INFO BrokerMessageListener] Using provided settings
[2025-09-01 22:53:37Z INFO BrokerMessageListener] Using migrated settings from .runner_migrated
[2025-09-01 22:53:37Z INFO BrokerMessageListener] {
  "AgentId": 22,
  "AgentName": "JO",
  "PoolId": 1,
  "PoolName": "Default",
  "ServerUrl": "https://pipelinesghubeus26.actions.githubusercontent.com/OTqsuixwcDOeboiI5ELPh9vt0loVA9erSQMzHOLYofkfIDGeBX/",
  "GitHubUrl": "https://github.com/jauharimalik/sapapi",
  "WorkFolder": "_work",
  "UseV2Flow": true,
  "ServerUrlV2": "https://broker.actions.githubusercontent.com/"
}
[2025-09-01 22:53:37Z INFO BrokerMessageListener] Loading Credentials
[2025-09-01 22:53:37Z INFO ConfigurationStore] HasCredentials()
[2025-09-01 22:53:37Z INFO ConfigurationStore] stored True
[2025-09-01 22:53:37Z INFO CredentialManager] GetCredentialProvider
[2025-09-01 22:53:37Z INFO CredentialManager] Creating type OAuth
[2025-09-01 22:53:37Z INFO CredentialManager] Creating credential type: OAuth
[2025-09-01 22:53:37Z INFO RSAEncryptedFileKeyManager] Loading RSA key parameters from file C:\laragon\www\sapapi\actions-runner\.credentials_rsaparams
[2025-09-01 22:53:37Z INFO BrokerMessageListener] Attempt to create session.
[2025-09-01 22:53:37Z INFO BrokerMessageListener] Connecting to the Broker Server...
[2025-09-01 22:53:37Z INFO ConfigurationStore] HasCredentials()
[2025-09-01 22:53:37Z INFO ConfigurationStore] stored True
[2025-09-01 22:53:37Z INFO CredentialManager] GetCredentialProvider
[2025-09-01 22:53:37Z INFO CredentialManager] Creating type OAuth
[2025-09-01 22:53:37Z INFO CredentialManager] Creating credential type: OAuth
[2025-09-01 22:53:37Z INFO RSAEncryptedFileKeyManager] Loading RSA key parameters from file C:\laragon\www\sapapi\actions-runner\.credentials_rsaparams
[2025-09-01 22:53:37Z INFO BrokerMessageListener] VssConnection created
[2025-09-01 22:53:37Z INFO BrokerMessageListener] Connecting to the Runner server...
[2025-09-01 22:53:37Z INFO RunnerServer] EstablishVssConnection
[2025-09-01 22:53:37Z INFO RunnerServer] Establish connection with 100 seconds timeout.
[2025-09-01 22:53:37Z INFO GitHubActionsService] Starting operation Location.GetConnectionData
[2025-09-01 22:53:37Z INFO RunnerServer] EstablishVssConnection
[2025-09-01 22:53:37Z INFO RunnerServer] Establish connection with 60 seconds timeout.
[2025-09-01 22:53:37Z INFO GitHubActionsService] Starting operation Location.GetConnectionData
[2025-09-01 22:53:37Z INFO RunnerServer] EstablishVssConnection
[2025-09-01 22:53:37Z INFO RunnerServer] Establish connection with 60 seconds timeout.
[2025-09-01 22:53:37Z INFO GitHubActionsService] Starting operation Location.GetConnectionData
[2025-09-01 22:53:38Z INFO GitHubActionsService] Finished operation Location.GetConnectionData
[2025-09-01 22:53:38Z INFO GitHubActionsService] Finished operation Location.GetConnectionData
[2025-09-01 22:53:38Z INFO GitHubActionsService] Finished operation Location.GetConnectionData
[2025-09-01 22:53:39Z INFO BrokerMessageListener] VssConnection created
[2025-09-01 22:53:39Z INFO Terminal] WRITE LINE: 
[2025-09-01 22:53:39Z INFO Terminal] WRITE LINE: 
[2025-09-01 22:53:39Z INFO RSAEncryptedFileKeyManager] Loading RSA key parameters from file C:\laragon\www\sapapi\actions-runner\.credentials_rsaparams
[2025-09-01 22:53:39Z INFO RSAEncryptedFileKeyManager] Loading RSA key parameters from file C:\laragon\www\sapapi\actions-runner\.credentials_rsaparams
[2025-09-01 22:53:40Z INFO GitHubActionsService] AAD Correlation ID for this token request: Unknown
[2025-09-01 22:53:41Z INFO BrokerMessageListener] Session created.
[2025-09-01 22:53:41Z INFO Runner] Successfully created session with migrated settings
[2025-09-01 22:53:41Z INFO Terminal] WRITE LINE: Current runner version: '2.328.0'
[2025-09-01 22:53:41Z INFO Terminal] WRITE LINE: 2025-09-01 22:53:41Z: Listening for Jobs
[2025-09-01 22:53:41Z INFO JobDispatcher] Set runner/worker IPC timeout to 30 seconds.
[2025-09-01 23:43:59Z INFO RSAEncryptedFileKeyManager] Loading RSA key parameters from file C:\laragon\www\sapapi\actions-runner\.credentials_rsaparams
[2025-09-01 23:44:01Z INFO GitHubActionsService] AAD Correlation ID for this token request: Unknown
[2025-09-02 00:34:21Z INFO RSAEncryptedFileKeyManager] Loading RSA key parameters from file C:\laragon\www\sapapi\actions-runner\.credentials_rsaparams
[2025-09-02 00:34:22Z INFO GitHubActionsService] AAD Correlation ID for this token request: Unknown
[2025-09-02 01:24:40Z INFO RSAEncryptedFileKeyManager] Loading RSA key parameters from file C:\laragon\www\sapapi\actions-runner\.credentials_rsaparams
[2025-09-02 01:24:41Z INFO GitHubActionsService] AAD Correlation ID for this token request: Unknown
[2025-09-02 02:14:59Z INFO RSAEncryptedFileKeyManager] Loading RSA key parameters from file C:\laragon\www\sapapi\actions-runner\.credentials_rsaparams
[2025-09-02 02:15:01Z INFO GitHubActionsService] AAD Correlation ID for this token request: Unknown
[2025-09-02 03:05:19Z INFO RSAEncryptedFileKeyManager] Loading RSA key parameters from file C:\laragon\www\sapapi\actions-runner\.credentials_rsaparams
[2025-09-02 03:05:20Z INFO GitHubActionsService] AAD Correlation ID for this token request: Unknown
[2025-09-02 03:25:28Z WARN GitHubActionsService] Attempt 1 of GET request to https://broker.actions.githubusercontent.com/message?sessionId=d1b547f6-9b50-42de-b90e-8fc5a0a5fa27&status=Online&runnerVersion=2.328.0&os=Windows&architecture=X64&disableUpdate=false failed (Socket Error: ConnectionReset). The operation will be retried in 11.035 seconds.
[2025-09-02 03:48:18Z INFO Runner] Refresh message received, kick-off selfupdate background process.
[2025-09-02 03:48:19Z INFO RSAEncryptedFileKeyManager] Loading RSA key parameters from file C:\laragon\www\sapapi\actions-runner\.credentials_rsaparams
[2025-09-02 03:48:19Z INFO RSAEncryptedFileKeyManager] Loading RSA key parameters from file C:\laragon\www\sapapi\actions-runner\.credentials_rsaparams
[2025-09-02 03:48:22Z INFO GitHubActionsService] AAD Correlation ID for this token request: Unknown
[2025-09-02 03:48:22Z WARN GitHubActionsService] Retrieving an AAD auth token took a long time (2.1978828 seconds)
[2025-09-02 03:48:22Z INFO SelfUpdater] Version '2.328.0' of 'agent' package available in server.
[2025-09-02 03:48:22Z INFO SelfUpdater] Current running runner version is 2.328.0
[2025-09-02 03:48:22Z INFO SelfUpdater] Can't find available update package.
[2025-09-02 03:48:22Z INFO Terminal] WRITE LINE: Runner update process finished.
[2025-09-02 03:48:22Z INFO Runner] Auto update task finished at backend, there is no available runner update needs to apply, continue message queue looping.
[2025-09-02 03:55:53Z INFO RSAEncryptedFileKeyManager] Loading RSA key parameters from file C:\laragon\www\sapapi\actions-runner\.credentials_rsaparams
[2025-09-02 03:55:54Z INFO GitHubActionsService] AAD Correlation ID for this token request: Unknown
[2025-09-02 04:46:24Z INFO RSAEncryptedFileKeyManager] Loading RSA key parameters from file C:\laragon\www\sapapi\actions-runner\.credentials_rsaparams
[2025-09-02 04:46:25Z INFO GitHubActionsService] AAD Correlation ID for this token request: Unknown
[2025-09-02 05:36:57Z INFO RSAEncryptedFileKeyManager] Loading RSA key parameters from file C:\laragon\www\sapapi\actions-runner\.credentials_rsaparams
[2025-09-02 05:36:58Z INFO GitHubActionsService] AAD Correlation ID for this token request: Unknown
[2025-09-02 06:27:30Z INFO RSAEncryptedFileKeyManager] Loading RSA key parameters from file C:\laragon\www\sapapi\actions-runner\.credentials_rsaparams
[2025-09-02 06:27:32Z INFO GitHubActionsService] AAD Correlation ID for this token request: Unknown
[2025-09-02 07:18:02Z INFO RSAEncryptedFileKeyManager] Loading RSA key parameters from file C:\laragon\www\sapapi\actions-runner\.credentials_rsaparams
[2025-09-02 07:18:03Z INFO GitHubActionsService] AAD Correlation ID for this token request: Unknown
[2025-09-02 08:08:35Z INFO RSAEncryptedFileKeyManager] Loading RSA key parameters from file C:\laragon\www\sapapi\actions-runner\.credentials_rsaparams
[2025-09-02 08:08:36Z INFO GitHubActionsService] AAD Correlation ID for this token request: Unknown
[2025-09-02 08:59:09Z INFO RSAEncryptedFileKeyManager] Loading RSA key parameters from file C:\laragon\www\sapapi\actions-runner\.credentials_rsaparams
[2025-09-02 08:59:10Z INFO GitHubActionsService] AAD Correlation ID for this token request: Unknown
[2025-09-02 09:49:40Z INFO RSAEncryptedFileKeyManager] Loading RSA key parameters from file C:\laragon\www\sapapi\actions-runner\.credentials_rsaparams
[2025-09-02 09:49:41Z INFO GitHubActionsService] AAD Correlation ID for this token request: Unknown
[2025-09-02 10:40:13Z INFO RSAEncryptedFileKeyManager] Loading RSA key parameters from file C:\laragon\www\sapapi\actions-runner\.credentials_rsaparams
[2025-09-02 10:40:14Z INFO GitHubActionsService] AAD Correlation ID for this token request: Unknown
[2025-09-02 11:30:46Z INFO RSAEncryptedFileKeyManager] Loading RSA key parameters from file C:\laragon\www\sapapi\actions-runner\.credentials_rsaparams
[2025-09-02 11:30:47Z INFO GitHubActionsService] AAD Correlation ID for this token request: Unknown
[2025-09-02 12:21:20Z INFO RSAEncryptedFileKeyManager] Loading RSA key parameters from file C:\laragon\www\sapapi\actions-runner\.credentials_rsaparams
[2025-09-02 12:21:22Z INFO GitHubActionsService] AAD Correlation ID for this token request: Unknown
[2025-09-02 13:12:02Z INFO RSAEncryptedFileKeyManager] Loading RSA key parameters from file C:\laragon\www\sapapi\actions-runner\.credentials_rsaparams
[2025-09-02 13:12:04Z INFO GitHubActionsService] AAD Correlation ID for this token request: Unknown
[2025-09-02 14:02:39Z INFO RSAEncryptedFileKeyManager] Loading RSA key parameters from file C:\laragon\www\sapapi\actions-runner\.credentials_rsaparams
[2025-09-02 14:02:41Z INFO GitHubActionsService] AAD Correlation ID for this token request: Unknown
[2025-09-02 14:53:13Z INFO RSAEncryptedFileKeyManager] Loading RSA key parameters from file C:\laragon\www\sapapi\actions-runner\.credentials_rsaparams
[2025-09-02 14:53:14Z INFO GitHubActionsService] AAD Correlation ID for this token request: Unknown
[2025-09-02 15:43:45Z INFO RSAEncryptedFileKeyManager] Loading RSA key parameters from file C:\laragon\www\sapapi\actions-runner\.credentials_rsaparams
[2025-09-02 15:43:46Z INFO GitHubActionsService] AAD Correlation ID for this token request: Unknown
[2025-09-02 16:34:19Z INFO RSAEncryptedFileKeyManager] Loading RSA key parameters from file C:\laragon\www\sapapi\actions-runner\.credentials_rsaparams
[2025-09-02 16:34:20Z INFO GitHubActionsService] AAD Correlation ID for this token request: Unknown
[2025-09-02 17:24:52Z INFO RSAEncryptedFileKeyManager] Loading RSA key parameters from file C:\laragon\www\sapapi\actions-runner\.credentials_rsaparams
[2025-09-02 17:24:54Z INFO GitHubActionsService] AAD Correlation ID for this token request: Unknown
[2025-09-02 18:15:09Z INFO RSAEncryptedFileKeyManager] Loading RSA key parameters from file C:\laragon\www\sapapi\actions-runner\.credentials_rsaparams
[2025-09-02 18:15:17Z INFO GitHubActionsService] AAD Correlation ID for this token request: Unknown
[2025-09-02 18:15:17Z WARN GitHubActionsService] Retrieving an AAD auth token took a long time (7.7312781 seconds)
[2025-09-02 19:05:36Z INFO RSAEncryptedFileKeyManager] Loading RSA key parameters from file C:\laragon\www\sapapi\actions-runner\.credentials_rsaparams
[2025-09-02 19:05:37Z INFO GitHubActionsService] AAD Correlation ID for this token request: Unknown
[2025-09-02 19:56:09Z INFO RSAEncryptedFileKeyManager] Loading RSA key parameters from file C:\laragon\www\sapapi\actions-runner\.credentials_rsaparams
[2025-09-02 19:56:10Z INFO GitHubActionsService] AAD Correlation ID for this token request: Unknown
[2025-09-02 20:46:40Z INFO RSAEncryptedFileKeyManager] Loading RSA key parameters from file C:\laragon\www\sapapi\actions-runner\.credentials_rsaparams
[2025-09-02 20:46:42Z INFO GitHubActionsService] AAD Correlation ID for this token request: Unknown
[2025-09-02 21:37:13Z INFO RSAEncryptedFileKeyManager] Loading RSA key parameters from file C:\laragon\www\sapapi\actions-runner\.credentials_rsaparams
[2025-09-02 21:37:14Z INFO GitHubActionsService] AAD Correlation ID for this token request: Unknown
[2025-09-02 22:27:48Z INFO RSAEncryptedFileKeyManager] Loading RSA key parameters from file C:\laragon\www\sapapi\actions-runner\.credentials_rsaparams
[2025-09-02 22:27:50Z INFO GitHubActionsService] AAD Correlation ID for this token request: Unknown
[2025-09-02 22:53:34Z INFO Runner] Received RunnerRefreshConfigMessage for 'runner' config file
[2025-09-02 22:53:34Z INFO RunnerConfigUpdater] Verifying runner qualified id: U_kgDOAIytEA/R_kgDOPX5Qyg/self-hosted/22
[2025-09-02 22:53:34Z INFO HostContext] Well known directory 'Bin': 'C:\laragon\www\sapapi\actions-runner\bin'
[2025-09-02 22:53:34Z INFO HostContext] Well known directory 'Root': 'C:\laragon\www\sapapi\actions-runner'
[2025-09-02 22:53:34Z INFO HostContext] Well known config file 'Runner': 'C:\laragon\www\sapapi\actions-runner\.runner'
[2025-09-02 22:53:36Z INFO RSAEncryptedFileKeyManager] Loading RSA key parameters from file C:\laragon\www\sapapi\actions-runner\.credentials_rsaparams
[2025-09-02 22:53:37Z INFO GitHubActionsService] AAD Correlation ID for this token request: Unknown
[2025-09-02 22:53:37Z INFO ConfigurationStore] Saving runner migrated settings
[2025-09-02 22:53:37Z INFO ConfigurationStore] Delete exist runner migrated settings file.
[2025-09-02 22:53:37Z INFO ConfigurationStore] Migrated Settings Saved.
[2025-09-02 22:53:38Z INFO Runner] Runner configuration was updated. Session restart has been scheduled
[2025-09-02 22:53:38Z INFO Runner] Pending session restart detected and job dispatcher is not busy. Restarting session now.
[2025-09-02 22:53:38Z INFO JobDispatcher] Shutting down JobDispatcher. Make sure all WorkerDispatcher has finished.
[2025-09-02 22:53:38Z INFO Runner] Deleting Runner Session...
[2025-09-02 22:53:39Z INFO Runner] Restarting runner session after config update...
[2025-09-02 22:53:39Z INFO Runner] Runner configuration was refreshed, restarting session...
[2025-09-02 22:53:39Z INFO ConfigurationManager] LoadSettings
[2025-09-02 22:53:39Z INFO ConfigurationStore] IsConfigured()
[2025-09-02 22:53:39Z INFO ConfigurationStore] IsConfigured: True
[2025-09-02 22:53:39Z INFO ConfigurationManager] Is configured: True
[2025-09-02 22:53:39Z INFO ConfigurationManager] Settings Loaded
[2025-09-02 22:53:39Z INFO Runner] RunAsync
[2025-09-02 22:53:39Z INFO ConfigurationManager] LoadMigratedSettings
[2025-09-02 22:53:39Z INFO ConfigurationStore] IsMigratedConfigured()
[2025-09-02 22:53:39Z INFO ConfigurationStore] IsMigratedConfigured: True
[2025-09-02 22:53:39Z INFO ConfigurationManager] Migrated Settings Loaded
[2025-09-02 22:53:39Z INFO Runner] Loaded migrated settings from .runner_migrated file
[2025-09-02 22:53:39Z INFO Runner] {
  "AgentId": 22,
  "AgentName": "JO",
  "PoolId": 1,
  "PoolName": "Default",
  "ServerUrl": "https://pipelinesghubeus26.actions.githubusercontent.com/OTqsuixwcDOeboiI5ELPh9vt0loVA9erSQMzHOLYofkfIDGeBX/",
  "GitHubUrl": "https://github.com/jauharimalik/sapapi",
  "WorkFolder": "_work",
  "UseV2Flow": true,
  "ServerUrlV2": "https://broker.actions.githubusercontent.com/"
}
[2025-09-02 22:53:39Z INFO Runner] Attempting to create session using migrated settings
[2025-09-02 22:53:39Z INFO Runner] Using BrokerMessageListener
[2025-09-02 22:53:39Z INFO BrokerMessageListener] Using provided settings
[2025-09-02 22:53:39Z INFO BrokerMessageListener] Using migrated settings from .runner_migrated
[2025-09-02 22:53:39Z INFO BrokerMessageListener] {
  "AgentId": 22,
  "AgentName": "JO",
  "PoolId": 1,
  "PoolName": "Default",
  "ServerUrl": "https://pipelinesghubeus26.actions.githubusercontent.com/OTqsuixwcDOeboiI5ELPh9vt0loVA9erSQMzHOLYofkfIDGeBX/",
  "GitHubUrl": "https://github.com/jauharimalik/sapapi",
  "WorkFolder": "_work",
  "UseV2Flow": true,
  "ServerUrlV2": "https://broker.actions.githubusercontent.com/"
}
[2025-09-02 22:53:39Z INFO BrokerMessageListener] Loading Credentials
[2025-09-02 22:53:39Z INFO ConfigurationStore] HasCredentials()
[2025-09-02 22:53:39Z INFO ConfigurationStore] stored True
[2025-09-02 22:53:39Z INFO CredentialManager] GetCredentialProvider
[2025-09-02 22:53:39Z INFO CredentialManager] Creating type OAuth
[2025-09-02 22:53:39Z INFO CredentialManager] Creating credential type: OAuth
[2025-09-02 22:53:39Z INFO RSAEncryptedFileKeyManager] Loading RSA key parameters from file C:\laragon\www\sapapi\actions-runner\.credentials_rsaparams
[2025-09-02 22:53:39Z INFO BrokerMessageListener] Attempt to create session.
[2025-09-02 22:53:39Z INFO BrokerMessageListener] Connecting to the Broker Server...
[2025-09-02 22:53:39Z INFO ConfigurationStore] HasCredentials()
[2025-09-02 22:53:39Z INFO ConfigurationStore] stored True
[2025-09-02 22:53:39Z INFO CredentialManager] GetCredentialProvider
[2025-09-02 22:53:39Z INFO CredentialManager] Creating type OAuth
[2025-09-02 22:53:39Z INFO CredentialManager] Creating credential type: OAuth
[2025-09-02 22:53:39Z INFO RSAEncryptedFileKeyManager] Loading RSA key parameters from file C:\laragon\www\sapapi\actions-runner\.credentials_rsaparams
[2025-09-02 22:53:39Z INFO BrokerMessageListener] VssConnection created
[2025-09-02 22:53:39Z INFO BrokerMessageListener] Connecting to the Runner server...
[2025-09-02 22:53:39Z INFO RunnerServer] EstablishVssConnection
[2025-09-02 22:53:39Z INFO RunnerServer] Establish connection with 100 seconds timeout.
[2025-09-02 22:53:39Z INFO GitHubActionsService] Starting operation Location.GetConnectionData
[2025-09-02 22:53:39Z INFO RunnerServer] EstablishVssConnection
[2025-09-02 22:53:39Z INFO RunnerServer] Establish connection with 60 seconds timeout.
[2025-09-02 22:53:39Z INFO GitHubActionsService] Starting operation Location.GetConnectionData
[2025-09-02 22:53:39Z INFO RunnerServer] EstablishVssConnection
[2025-09-02 22:53:39Z INFO RunnerServer] Establish connection with 60 seconds timeout.
[2025-09-02 22:53:39Z INFO GitHubActionsService] Starting operation Location.GetConnectionData
[2025-09-02 22:53:40Z INFO GitHubActionsService] Finished operation Location.GetConnectionData
[2025-09-02 22:53:40Z INFO GitHubActionsService] Finished operation Location.GetConnectionData
[2025-09-02 22:53:40Z INFO GitHubActionsService] Finished operation Location.GetConnectionData
[2025-09-02 22:53:40Z INFO BrokerMessageListener] VssConnection created
[2025-09-02 22:53:40Z INFO Terminal] WRITE LINE: 
[2025-09-02 22:53:40Z INFO Terminal] WRITE LINE: 
[2025-09-02 22:53:40Z INFO RSAEncryptedFileKeyManager] Loading RSA key parameters from file C:\laragon\www\sapapi\actions-runner\.credentials_rsaparams
[2025-09-02 22:53:40Z INFO RSAEncryptedFileKeyManager] Loading RSA key parameters from file C:\laragon\www\sapapi\actions-runner\.credentials_rsaparams
[2025-09-02 22:53:41Z INFO GitHubActionsService] AAD Correlation ID for this token request: Unknown
[2025-09-02 22:53:42Z INFO BrokerMessageListener] Session created.
[2025-09-02 22:53:42Z INFO Runner] Successfully created session with migrated settings
[2025-09-02 22:53:42Z INFO Terminal] WRITE LINE: Current runner version: '2.328.0'
[2025-09-02 22:53:42Z INFO Terminal] WRITE LINE: 2025-09-02 22:53:42Z: Listening for Jobs
[2025-09-02 22:53:42Z INFO JobDispatcher] Set runner/worker IPC timeout to 30 seconds.
[2025-09-02 23:44:13Z INFO RSAEncryptedFileKeyManager] Loading RSA key parameters from file C:\laragon\www\sapapi\actions-runner\.credentials_rsaparams
[2025-09-02 23:44:15Z INFO GitHubActionsService] AAD Correlation ID for this token request: Unknown
[2025-09-03 00:34:45Z INFO RSAEncryptedFileKeyManager] Loading RSA key parameters from file C:\laragon\www\sapapi\actions-runner\.credentials_rsaparams
[2025-09-03 00:34:46Z INFO GitHubActionsService] AAD Correlation ID for this token request: Unknown
[2025-09-03 01:25:17Z INFO RSAEncryptedFileKeyManager] Loading RSA key parameters from file C:\laragon\www\sapapi\actions-runner\.credentials_rsaparams
[2025-09-03 01:25:18Z INFO GitHubActionsService] AAD Correlation ID for this token request: Unknown
[2025-09-03 02:15:48Z INFO RSAEncryptedFileKeyManager] Loading RSA key parameters from file C:\laragon\www\sapapi\actions-runner\.credentials_rsaparams
[2025-09-03 02:15:49Z INFO GitHubActionsService] AAD Correlation ID for this token request: Unknown
[2025-09-03 03:06:19Z INFO RSAEncryptedFileKeyManager] Loading RSA key parameters from file C:\laragon\www\sapapi\actions-runner\.credentials_rsaparams
[2025-09-03 03:06:20Z INFO GitHubActionsService] AAD Correlation ID for this token request: Unknown
[2025-09-03 03:48:19Z INFO Runner] Refresh message received, kick-off selfupdate background process.
[2025-09-03 03:48:20Z INFO RSAEncryptedFileKeyManager] Loading RSA key parameters from file C:\laragon\www\sapapi\actions-runner\.credentials_rsaparams
[2025-09-03 03:48:20Z INFO RSAEncryptedFileKeyManager] Loading RSA key parameters from file C:\laragon\www\sapapi\actions-runner\.credentials_rsaparams
[2025-09-03 03:48:21Z INFO GitHubActionsService] AAD Correlation ID for this token request: Unknown
[2025-09-03 03:48:22Z INFO SelfUpdater] Version '2.328.0' of 'agent' package available in server.
[2025-09-03 03:48:22Z INFO SelfUpdater] Current running runner version is 2.328.0
[2025-09-03 03:48:22Z INFO SelfUpdater] Can't find available update package.
[2025-09-03 03:48:22Z INFO Terminal] WRITE LINE: Runner update process finished.
[2025-09-03 03:48:22Z INFO Runner] Auto update task finished at backend, there is no available runner update needs to apply, continue message queue looping.
[2025-09-03 03:56:44Z INFO RSAEncryptedFileKeyManager] Loading RSA key parameters from file C:\laragon\www\sapapi\actions-runner\.credentials_rsaparams
[2025-09-03 03:56:45Z INFO GitHubActionsService] AAD Correlation ID for this token request: Unknown
[2025-09-03 04:47:15Z INFO RSAEncryptedFileKeyManager] Loading RSA key parameters from file C:\laragon\www\sapapi\actions-runner\.credentials_rsaparams
[2025-09-03 04:47:17Z INFO GitHubActionsService] AAD Correlation ID for this token request: Unknown
[2025-09-03 05:37:52Z INFO RSAEncryptedFileKeyManager] Loading RSA key parameters from file C:\laragon\www\sapapi\actions-runner\.credentials_rsaparams
[2025-09-03 05:37:53Z INFO GitHubActionsService] AAD Correlation ID for this token request: Unknown
[2025-09-03 06:28:30Z INFO RSAEncryptedFileKeyManager] Loading RSA key parameters from file C:\laragon\www\sapapi\actions-runner\.credentials_rsaparams
[2025-09-03 06:28:31Z INFO GitHubActionsService] AAD Correlation ID for this token request: Unknown
[2025-09-03 07:19:04Z INFO RSAEncryptedFileKeyManager] Loading RSA key parameters from file C:\laragon\www\sapapi\actions-runner\.credentials_rsaparams
[2025-09-03 07:19:05Z INFO GitHubActionsService] AAD Correlation ID for this token request: Unknown
[2025-09-03 08:09:34Z INFO RSAEncryptedFileKeyManager] Loading RSA key parameters from file C:\laragon\www\sapapi\actions-runner\.credentials_rsaparams
[2025-09-03 08:09:36Z INFO GitHubActionsService] AAD Correlation ID for this token request: Unknown
[2025-09-03 09:00:06Z INFO RSAEncryptedFileKeyManager] Loading RSA key parameters from file C:\laragon\www\sapapi\actions-runner\.credentials_rsaparams
[2025-09-03 09:00:07Z INFO GitHubActionsService] AAD Correlation ID for this token request: Unknown
[2025-09-03 09:50:39Z INFO RSAEncryptedFileKeyManager] Loading RSA key parameters from file C:\laragon\www\sapapi\actions-runner\.credentials_rsaparams
[2025-09-03 09:50:40Z INFO GitHubActionsService] AAD Correlation ID for this token request: Unknown
[2025-09-03 10:41:13Z INFO RSAEncryptedFileKeyManager] Loading RSA key parameters from file C:\laragon\www\sapapi\actions-runner\.credentials_rsaparams
[2025-09-03 10:41:15Z INFO GitHubActionsService] AAD Correlation ID for this token request: Unknown
[2025-09-03 11:31:42Z INFO RSAEncryptedFileKeyManager] Loading RSA key parameters from file C:\laragon\www\sapapi\actions-runner\.credentials_rsaparams
[2025-09-03 11:31:43Z INFO GitHubActionsService] AAD Correlation ID for this token request: Unknown
[2025-09-03 12:22:13Z INFO RSAEncryptedFileKeyManager] Loading RSA key parameters from file C:\laragon\www\sapapi\actions-runner\.credentials_rsaparams
[2025-09-03 12:22:15Z INFO GitHubActionsService] AAD Correlation ID for this token request: Unknown
[2025-09-03 13:12:45Z INFO RSAEncryptedFileKeyManager] Loading RSA key parameters from file C:\laragon\www\sapapi\actions-runner\.credentials_rsaparams
[2025-09-03 13:12:47Z INFO GitHubActionsService] AAD Correlation ID for this token request: Unknown
[2025-09-03 14:03:15Z INFO RSAEncryptedFileKeyManager] Loading RSA key parameters from file C:\laragon\www\sapapi\actions-runner\.credentials_rsaparams
[2025-09-03 14:03:16Z INFO GitHubActionsService] AAD Correlation ID for this token request: Unknown
[2025-09-03 14:53:45Z INFO RSAEncryptedFileKeyManager] Loading RSA key parameters from file C:\laragon\www\sapapi\actions-runner\.credentials_rsaparams
[2025-09-03 14:53:46Z INFO GitHubActionsService] AAD Correlation ID for this token request: Unknown
[2025-09-03 15:30:48Z WARN GitHubActionsService] GET request to https://broker.actions.githubusercontent.com/message?sessionId=1a34496c-834f-437e-9f20-3399fc56c098&status=Online&runnerVersion=2.328.0&os=Windows&architecture=X64&disableUpdate=false timed out after 100 seconds.
[2025-09-03 15:30:48Z ERR  BrokerServer] Catch exception during request
[2025-09-03 15:30:49Z ERR  BrokerServer] System.TimeoutException: The HTTP request timed out after 00:01:40.
 ---> System.Threading.Tasks.TaskCanceledException: The operation was canceled.
 ---> System.IO.IOException: Unable to read data from the transport connection: The I/O operation has been aborted because of either a thread exit or an application request..
 ---> System.Net.Sockets.SocketException (995): The I/O operation has been aborted because of either a thread exit or an application request.
   --- End of inner exception stack trace ---
   at System.Net.Sockets.Socket.AwaitableSocketAsyncEventArgs.ThrowException(SocketError error, CancellationToken cancellationToken)
   at System.Net.Sockets.Socket.AwaitableSocketAsyncEventArgs.System.Threading.Tasks.Sources.IValueTaskSource<System.Int32>.GetResult(Int16 token)
   at System.Net.Security.SslStream.EnsureFullTlsFrameAsync[TIOAdapter](CancellationToken cancellationToken, Int32 estimatedSize)
   at System.Runtime.CompilerServices.PoolingAsyncValueTaskMethodBuilder`1.StateMachineBox`1.System.Threading.Tasks.Sources.IValueTaskSource<TResult>.GetResult(Int16 token)
   at System.Net.Security.SslStream.ReadAsyncInternal[TIOAdapter](Memory`1 buffer, CancellationToken cancellationToken)
   at System.Runtime.CompilerServices.PoolingAsyncValueTaskMethodBuilder`1.StateMachineBox`1.System.Threading.Tasks.Sources.IValueTaskSource<TResult>.GetResult(Int16 token)
   at System.Net.Http.HttpConnection.SendAsync(HttpRequestMessage request, Boolean async, CancellationToken cancellationToken)
   --- End of inner exception stack trace ---
   at System.Net.Http.HttpConnection.SendAsync(HttpRequestMessage request, Boolean async, CancellationToken cancellationToken)
   at System.Net.Http.AuthenticationHelper.SendWithNtAuthAsync(HttpRequestMessage request, Uri authUri, Boolean async, ICredentials credentials, Boolean isProxyAuth, HttpConnection connection, HttpConnectionPool connectionPool, CancellationToken cancellationToken)
   at System.Net.Http.HttpConnectionPool.SendWithVersionDetectionAndRetryAsync(HttpRequestMessage request, Boolean async, Boolean doRequestAuth, CancellationToken cancellationToken)
   at System.Net.Http.AuthenticationHelper.SendWithAuthAsync(HttpRequestMessage request, Uri authUri, Boolean async, ICredentials credentials, Boolean preAuthenticate, Boolean isProxyAuth, Boolean doRequestAuth, HttpConnectionPool pool, CancellationToken cancellationToken)
   at System.Net.Http.RedirectHandler.SendAsync(HttpRequestMessage request, Boolean async, CancellationToken cancellationToken)
   at GitHub.Services.Common.RawHttpMessageHandler.SendAsync(HttpRequestMessage request, CancellationToken cancellationToken)
   --- End of inner exception stack trace ---
   at GitHub.Services.Common.RawHttpMessageHandler.SendAsync(HttpRequestMessage request, CancellationToken cancellationToken)
   at GitHub.Services.Common.VssHttpRetryMessageHandler.SendAsync(HttpRequestMessage request, CancellationToken cancellationToken)
   at System.Net.Http.HttpClient.<SendAsync>g__Core|83_0(HttpRequestMessage request, HttpCompletionOption completionOption, CancellationTokenSource cts, Boolean disposeCts, CancellationTokenSource pendingRequestsCts, CancellationToken originalCancellationToken)
   at Sdk.WebApi.WebApi.RawHttpClientBase.SendAsync(HttpRequestMessage message, HttpCompletionOption completionOption, Object userState, CancellationToken cancellationToken)
   at Sdk.WebApi.WebApi.RawHttpClientBase.SendAsync[T](HttpRequestMessage message, Boolean readErrorBody, Object userState, CancellationToken cancellationToken)
   at Sdk.WebApi.WebApi.RawHttpClientBase.SendAsync[T](HttpMethod method, IEnumerable`1 additionalHeaders, Uri requestUri, HttpContent content, IEnumerable`1 queryParameters, Boolean readErrorBody, Object userState, CancellationToken cancellationToken)
   at GitHub.Actions.RunService.WebApi.BrokerHttpClient.GetRunnerMessageAsync(Nullable`1 sessionId, String runnerVersion, Nullable`1 status, String os, String architecture, Nullable`1 disableUpdate, CancellationToken cancellationToken)
   at GitHub.Runner.Common.BrokerServer.<>c__DisplayClass7_0.<<GetRunnerMessageAsync>b__0>d.MoveNext()
--- End of stack trace from previous location ---
   at GitHub.Runner.Common.RunnerService.RetryRequest[T](Func`1 func, CancellationToken cancellationToken, Int32 maxRetryAttemptsCount, Func`2 shouldRetry)
[2025-09-03 15:30:49Z ERR  BrokerServer] #####################################################
[2025-09-03 15:30:49Z ERR  BrokerServer] System.Threading.Tasks.TaskCanceledException: The operation was canceled.
 ---> System.IO.IOException: Unable to read data from the transport connection: The I/O operation has been aborted because of either a thread exit or an application request..
 ---> System.Net.Sockets.SocketException (995): The I/O operation has been aborted because of either a thread exit or an application request.
   --- End of inner exception stack trace ---
   at System.Net.Sockets.Socket.AwaitableSocketAsyncEventArgs.ThrowException(SocketError error, CancellationToken cancellationToken)
   at System.Net.Sockets.Socket.AwaitableSocketAsyncEventArgs.System.Threading.Tasks.Sources.IValueTaskSource<System.Int32>.GetResult(Int16 token)
   at System.Net.Security.SslStream.EnsureFullTlsFrameAsync[TIOAdapter](CancellationToken cancellationToken, Int32 estimatedSize)
   at System.Runtime.CompilerServices.PoolingAsyncValueTaskMethodBuilder`1.StateMachineBox`1.System.Threading.Tasks.Sources.IValueTaskSource<TResult>.GetResult(Int16 token)
   at System.Net.Security.SslStream.ReadAsyncInternal[TIOAdapter](Memory`1 buffer, CancellationToken cancellationToken)
   at System.Runtime.CompilerServices.PoolingAsyncValueTaskMethodBuilder`1.StateMachineBox`1.System.Threading.Tasks.Sources.IValueTaskSource<TResult>.GetResult(Int16 token)
   at System.Net.Http.HttpConnection.SendAsync(HttpRequestMessage request, Boolean async, CancellationToken cancellationToken)
   --- End of inner exception stack trace ---
   at System.Net.Http.HttpConnection.SendAsync(HttpRequestMessage request, Boolean async, CancellationToken cancellationToken)
   at System.Net.Http.AuthenticationHelper.SendWithNtAuthAsync(HttpRequestMessage request, Uri authUri, Boolean async, ICredentials credentials, Boolean isProxyAuth, HttpConnection connection, HttpConnectionPool connectionPool, CancellationToken cancellationToken)
   at System.Net.Http.HttpConnectionPool.SendWithVersionDetectionAndRetryAsync(HttpRequestMessage request, Boolean async, Boolean doRequestAuth, CancellationToken cancellationToken)
   at System.Net.Http.AuthenticationHelper.SendWithAuthAsync(HttpRequestMessage request, Uri authUri, Boolean async, ICredentials credentials, Boolean preAuthenticate, Boolean isProxyAuth, Boolean doRequestAuth, HttpConnectionPool pool, CancellationToken cancellationToken)
   at System.Net.Http.RedirectHandler.SendAsync(HttpRequestMessage request, Boolean async, CancellationToken cancellationToken)
   at GitHub.Services.Common.RawHttpMessageHandler.SendAsync(HttpRequestMessage request, CancellationToken cancellationToken)
[2025-09-03 15:30:49Z ERR  BrokerServer] #####################################################
[2025-09-03 15:30:49Z ERR  BrokerServer] System.IO.IOException: Unable to read data from the transport connection: The I/O operation has been aborted because of either a thread exit or an application request..
 ---> System.Net.Sockets.SocketException (995): The I/O operation has been aborted because of either a thread exit or an application request.
   --- End of inner exception stack trace ---
   at System.Net.Sockets.Socket.AwaitableSocketAsyncEventArgs.ThrowException(SocketError error, CancellationToken cancellationToken)
   at System.Net.Sockets.Socket.AwaitableSocketAsyncEventArgs.System.Threading.Tasks.Sources.IValueTaskSource<System.Int32>.GetResult(Int16 token)
   at System.Net.Security.SslStream.EnsureFullTlsFrameAsync[TIOAdapter](CancellationToken cancellationToken, Int32 estimatedSize)
   at System.Runtime.CompilerServices.PoolingAsyncValueTaskMethodBuilder`1.StateMachineBox`1.System.Threading.Tasks.Sources.IValueTaskSource<TResult>.GetResult(Int16 token)
   at System.Net.Security.SslStream.ReadAsyncInternal[TIOAdapter](Memory`1 buffer, CancellationToken cancellationToken)
   at System.Runtime.CompilerServices.PoolingAsyncValueTaskMethodBuilder`1.StateMachineBox`1.System.Threading.Tasks.Sources.IValueTaskSource<TResult>.GetResult(Int16 token)
   at System.Net.Http.HttpConnection.SendAsync(HttpRequestMessage request, Boolean async, CancellationToken cancellationToken)
[2025-09-03 15:30:49Z ERR  BrokerServer] #####################################################
[2025-09-03 15:30:49Z ERR  BrokerServer] System.Net.Sockets.SocketException (995): The I/O operation has been aborted because of either a thread exit or an application request.
[2025-09-03 15:30:49Z WARN BrokerServer] Back off 9.572 seconds before next retry. 4 attempt left.
[2025-09-03 15:44:27Z INFO RSAEncryptedFileKeyManager] Loading RSA key parameters from file C:\laragon\www\sapapi\actions-runner\.credentials_rsaparams
[2025-09-03 15:44:28Z INFO GitHubActionsService] AAD Correlation ID for this token request: Unknown
[2025-09-03 16:34:57Z INFO RSAEncryptedFileKeyManager] Loading RSA key parameters from file C:\laragon\www\sapapi\actions-runner\.credentials_rsaparams
[2025-09-03 16:34:59Z INFO GitHubActionsService] AAD Correlation ID for this token request: Unknown
[2025-09-03 17:25:30Z INFO RSAEncryptedFileKeyManager] Loading RSA key parameters from file C:\laragon\www\sapapi\actions-runner\.credentials_rsaparams
[2025-09-03 17:25:31Z INFO GitHubActionsService] AAD Correlation ID for this token request: Unknown
[2025-09-03 18:16:00Z INFO RSAEncryptedFileKeyManager] Loading RSA key parameters from file C:\laragon\www\sapapi\actions-runner\.credentials_rsaparams
[2025-09-03 18:16:01Z INFO GitHubActionsService] AAD Correlation ID for this token request: Unknown
[2025-09-03 19:06:33Z INFO RSAEncryptedFileKeyManager] Loading RSA key parameters from file C:\laragon\www\sapapi\actions-runner\.credentials_rsaparams
[2025-09-03 19:06:34Z INFO GitHubActionsService] AAD Correlation ID for this token request: Unknown
[2025-09-03 19:57:08Z INFO RSAEncryptedFileKeyManager] Loading RSA key parameters from file C:\laragon\www\sapapi\actions-runner\.credentials_rsaparams
[2025-09-03 19:57:09Z INFO GitHubActionsService] AAD Correlation ID for this token request: Unknown
[2025-09-03 20:47:40Z INFO RSAEncryptedFileKeyManager] Loading RSA key parameters from file C:\laragon\www\sapapi\actions-runner\.credentials_rsaparams
[2025-09-03 20:47:41Z INFO GitHubActionsService] AAD Correlation ID for this token request: Unknown
[2025-09-03 21:38:13Z INFO RSAEncryptedFileKeyManager] Loading RSA key parameters from file C:\laragon\www\sapapi\actions-runner\.credentials_rsaparams
[2025-09-03 21:38:14Z INFO GitHubActionsService] AAD Correlation ID for this token request: Unknown
[2025-09-03 22:28:46Z INFO RSAEncryptedFileKeyManager] Loading RSA key parameters from file C:\laragon\www\sapapi\actions-runner\.credentials_rsaparams
[2025-09-03 22:28:47Z INFO GitHubActionsService] AAD Correlation ID for this token request: Unknown
[2025-09-03 22:53:34Z INFO Runner] Received RunnerRefreshConfigMessage for 'runner' config file
[2025-09-03 22:53:34Z INFO RunnerConfigUpdater] Verifying runner qualified id: U_kgDOAIytEA/R_kgDOPX5Qyg/self-hosted/22
[2025-09-03 22:53:34Z INFO HostContext] Well known directory 'Bin': 'C:\laragon\www\sapapi\actions-runner\bin'
[2025-09-03 22:53:34Z INFO HostContext] Well known directory 'Root': 'C:\laragon\www\sapapi\actions-runner'
[2025-09-03 22:53:34Z INFO HostContext] Well known config file 'Runner': 'C:\laragon\www\sapapi\actions-runner\.runner'
[2025-09-03 22:53:35Z INFO RSAEncryptedFileKeyManager] Loading RSA key parameters from file C:\laragon\www\sapapi\actions-runner\.credentials_rsaparams
[2025-09-03 22:53:36Z INFO GitHubActionsService] AAD Correlation ID for this token request: Unknown
[2025-09-03 22:53:37Z INFO ConfigurationStore] Saving runner migrated settings
[2025-09-03 22:53:37Z INFO ConfigurationStore] Delete exist runner migrated settings file.
[2025-09-03 22:53:37Z INFO ConfigurationStore] Migrated Settings Saved.
[2025-09-03 22:53:38Z INFO Runner] Runner configuration was updated. Session restart has been scheduled
[2025-09-03 22:53:38Z INFO Runner] Pending session restart detected and job dispatcher is not busy. Restarting session now.
[2025-09-03 22:53:38Z INFO JobDispatcher] Shutting down JobDispatcher. Make sure all WorkerDispatcher has finished.
[2025-09-03 22:53:38Z INFO Runner] Deleting Runner Session...
[2025-09-03 22:53:38Z INFO Runner] Restarting runner session after config update...
[2025-09-03 22:53:38Z INFO Runner] Runner configuration was refreshed, restarting session...
[2025-09-03 22:53:38Z INFO ConfigurationManager] LoadSettings
[2025-09-03 22:53:38Z INFO ConfigurationStore] IsConfigured()
[2025-09-03 22:53:38Z INFO ConfigurationStore] IsConfigured: True
[2025-09-03 22:53:38Z INFO ConfigurationManager] Is configured: True
[2025-09-03 22:53:38Z INFO ConfigurationManager] Settings Loaded
[2025-09-03 22:53:38Z INFO Runner] RunAsync
[2025-09-03 22:53:38Z INFO ConfigurationManager] LoadMigratedSettings
[2025-09-03 22:53:38Z INFO ConfigurationStore] IsMigratedConfigured()
[2025-09-03 22:53:38Z INFO ConfigurationStore] IsMigratedConfigured: True
[2025-09-03 22:53:38Z INFO ConfigurationManager] Migrated Settings Loaded
[2025-09-03 22:53:38Z INFO Runner] Loaded migrated settings from .runner_migrated file
[2025-09-03 22:53:38Z INFO Runner] {
  "AgentId": 22,
  "AgentName": "JO",
  "PoolId": 1,
  "PoolName": "Default",
  "ServerUrl": "https://pipelinesghubeus26.actions.githubusercontent.com/OTqsuixwcDOeboiI5ELPh9vt0loVA9erSQMzHOLYofkfIDGeBX/",
  "GitHubUrl": "https://github.com/jauharimalik/sapapi",
  "WorkFolder": "_work",
  "UseV2Flow": true,
  "ServerUrlV2": "https://broker.actions.githubusercontent.com/"
}
[2025-09-03 22:53:38Z INFO Runner] Attempting to create session using migrated settings
[2025-09-03 22:53:38Z INFO Runner] Using BrokerMessageListener
[2025-09-03 22:53:38Z INFO BrokerMessageListener] Using provided settings
[2025-09-03 22:53:38Z INFO BrokerMessageListener] Using migrated settings from .runner_migrated
[2025-09-03 22:53:38Z INFO BrokerMessageListener] {
  "AgentId": 22,
  "AgentName": "JO",
  "PoolId": 1,
  "PoolName": "Default",
  "ServerUrl": "https://pipelinesghubeus26.actions.githubusercontent.com/OTqsuixwcDOeboiI5ELPh9vt0loVA9erSQMzHOLYofkfIDGeBX/",
  "GitHubUrl": "https://github.com/jauharimalik/sapapi",
  "WorkFolder": "_work",
  "UseV2Flow": true,
  "ServerUrlV2": "https://broker.actions.githubusercontent.com/"
}
[2025-09-03 22:53:38Z INFO BrokerMessageListener] Loading Credentials
[2025-09-03 22:53:38Z INFO ConfigurationStore] HasCredentials()
[2025-09-03 22:53:38Z INFO ConfigurationStore] stored True
[2025-09-03 22:53:38Z INFO CredentialManager] GetCredentialProvider
[2025-09-03 22:53:38Z INFO CredentialManager] Creating type OAuth
[2025-09-03 22:53:38Z INFO CredentialManager] Creating credential type: OAuth
[2025-09-03 22:53:38Z INFO RSAEncryptedFileKeyManager] Loading RSA key parameters from file C:\laragon\www\sapapi\actions-runner\.credentials_rsaparams
[2025-09-03 22:53:38Z INFO BrokerMessageListener] Attempt to create session.
[2025-09-03 22:53:38Z INFO BrokerMessageListener] Connecting to the Broker Server...
[2025-09-03 22:53:38Z INFO ConfigurationStore] HasCredentials()
[2025-09-03 22:53:38Z INFO ConfigurationStore] stored True
[2025-09-03 22:53:38Z INFO CredentialManager] GetCredentialProvider
[2025-09-03 22:53:38Z INFO CredentialManager] Creating type OAuth
[2025-09-03 22:53:38Z INFO CredentialManager] Creating credential type: OAuth
[2025-09-03 22:53:38Z INFO RSAEncryptedFileKeyManager] Loading RSA key parameters from file C:\laragon\www\sapapi\actions-runner\.credentials_rsaparams
[2025-09-03 22:53:38Z INFO BrokerMessageListener] VssConnection created
[2025-09-03 22:53:38Z INFO BrokerMessageListener] Connecting to the Runner server...
[2025-09-03 22:53:38Z INFO RunnerServer] EstablishVssConnection
[2025-09-03 22:53:38Z INFO RunnerServer] Establish connection with 100 seconds timeout.
[2025-09-03 22:53:38Z INFO GitHubActionsService] Starting operation Location.GetConnectionData
[2025-09-03 22:53:38Z INFO RunnerServer] EstablishVssConnection
[2025-09-03 22:53:38Z INFO RunnerServer] Establish connection with 60 seconds timeout.
[2025-09-03 22:53:38Z INFO GitHubActionsService] Starting operation Location.GetConnectionData
[2025-09-03 22:53:38Z INFO RunnerServer] EstablishVssConnection
[2025-09-03 22:53:38Z INFO RunnerServer] Establish connection with 60 seconds timeout.
[2025-09-03 22:53:38Z INFO GitHubActionsService] Starting operation Location.GetConnectionData
[2025-09-03 22:53:39Z INFO GitHubActionsService] Finished operation Location.GetConnectionData
[2025-09-03 22:53:39Z INFO GitHubActionsService] Finished operation Location.GetConnectionData
[2025-09-03 22:53:39Z INFO GitHubActionsService] Finished operation Location.GetConnectionData
[2025-09-03 22:53:39Z INFO BrokerMessageListener] VssConnection created
[2025-09-03 22:53:39Z INFO Terminal] WRITE LINE: 
[2025-09-03 22:53:39Z INFO Terminal] WRITE LINE: 
[2025-09-03 22:53:39Z INFO RSAEncryptedFileKeyManager] Loading RSA key parameters from file C:\laragon\www\sapapi\actions-runner\.credentials_rsaparams
[2025-09-03 22:53:39Z INFO RSAEncryptedFileKeyManager] Loading RSA key parameters from file C:\laragon\www\sapapi\actions-runner\.credentials_rsaparams
[2025-09-03 22:53:40Z INFO GitHubActionsService] AAD Correlation ID for this token request: Unknown
[2025-09-03 22:53:42Z INFO BrokerMessageListener] Session created.
[2025-09-03 22:53:42Z INFO Runner] Successfully created session with migrated settings
[2025-09-03 22:53:42Z INFO Terminal] WRITE LINE: Current runner version: '2.328.0'
[2025-09-03 22:53:42Z INFO Terminal] WRITE LINE: 2025-09-03 22:53:42Z: Listening for Jobs
[2025-09-03 22:53:42Z INFO JobDispatcher] Set runner/worker IPC timeout to 30 seconds.
[2025-09-03 23:44:13Z INFO RSAEncryptedFileKeyManager] Loading RSA key parameters from file C:\laragon\www\sapapi\actions-runner\.credentials_rsaparams
[2025-09-03 23:44:14Z INFO GitHubActionsService] AAD Correlation ID for this token request: Unknown
[2025-09-04 00:34:43Z INFO RSAEncryptedFileKeyManager] Loading RSA key parameters from file C:\laragon\www\sapapi\actions-runner\.credentials_rsaparams
[2025-09-04 00:34:45Z INFO GitHubActionsService] AAD Correlation ID for this token request: Unknown
[2025-09-04 01:25:16Z INFO RSAEncryptedFileKeyManager] Loading RSA key parameters from file C:\laragon\www\sapapi\actions-runner\.credentials_rsaparams
[2025-09-04 01:25:17Z INFO GitHubActionsService] AAD Correlation ID for this token request: Unknown
[2025-09-04 02:15:46Z INFO RSAEncryptedFileKeyManager] Loading RSA key parameters from file C:\laragon\www\sapapi\actions-runner\.credentials_rsaparams
[2025-09-04 02:15:48Z INFO GitHubActionsService] AAD Correlation ID for this token request: Unknown
[2025-09-04 03:06:20Z INFO RSAEncryptedFileKeyManager] Loading RSA key parameters from file C:\laragon\www\sapapi\actions-runner\.credentials_rsaparams
[2025-09-04 03:06:21Z INFO GitHubActionsService] AAD Correlation ID for this token request: Unknown
[2025-09-04 03:16:33Z WARN GitHubActionsService] Attempt 1 of GET request to https://broker.actions.githubusercontent.com/message?sessionId=d91379a4-9d96-45c1-ac52-253aa090af61&status=Online&runnerVersion=2.328.0&os=Windows&architecture=X64&disableUpdate=false failed (Socket Error: ConnectionReset). The operation will be retried in 11.122 seconds.
[2025-09-04 03:48:18Z INFO Runner] Refresh message received, kick-off selfupdate background process.
[2025-09-04 03:48:19Z INFO RSAEncryptedFileKeyManager] Loading RSA key parameters from file C:\laragon\www\sapapi\actions-runner\.credentials_rsaparams
[2025-09-04 03:48:19Z INFO RSAEncryptedFileKeyManager] Loading RSA key parameters from file C:\laragon\www\sapapi\actions-runner\.credentials_rsaparams
[2025-09-04 03:48:20Z INFO GitHubActionsService] AAD Correlation ID for this token request: Unknown
[2025-09-04 03:48:21Z INFO SelfUpdater] Version '2.328.0' of 'agent' package available in server.
[2025-09-04 03:48:21Z INFO SelfUpdater] Current running runner version is 2.328.0
[2025-09-04 03:48:21Z INFO SelfUpdater] Can't find available update package.
[2025-09-04 03:48:21Z INFO Terminal] WRITE LINE: Runner update process finished.
[2025-09-04 03:48:21Z INFO Runner] Auto update task finished at backend, there is no available runner update needs to apply, continue message queue looping.
[2025-09-04 03:56:41Z INFO RSAEncryptedFileKeyManager] Loading RSA key parameters from file C:\laragon\www\sapapi\actions-runner\.credentials_rsaparams
[2025-09-04 03:56:43Z INFO GitHubActionsService] AAD Correlation ID for this token request: Unknown
[2025-09-04 04:47:01Z INFO RSAEncryptedFileKeyManager] Loading RSA key parameters from file C:\laragon\www\sapapi\actions-runner\.credentials_rsaparams
[2025-09-04 04:47:02Z INFO GitHubActionsService] AAD Correlation ID for this token request: Unknown
[2025-09-04 05:37:20Z INFO RSAEncryptedFileKeyManager] Loading RSA key parameters from file C:\laragon\www\sapapi\actions-runner\.credentials_rsaparams
[2025-09-04 05:37:21Z INFO GitHubActionsService] AAD Correlation ID for this token request: Unknown
[2025-09-04 06:27:40Z INFO RSAEncryptedFileKeyManager] Loading RSA key parameters from file C:\laragon\www\sapapi\actions-runner\.credentials_rsaparams
[2025-09-04 06:27:41Z INFO GitHubActionsService] AAD Correlation ID for this token request: Unknown
[2025-09-04 07:18:01Z INFO RSAEncryptedFileKeyManager] Loading RSA key parameters from file C:\laragon\www\sapapi\actions-runner\.credentials_rsaparams
[2025-09-04 07:18:02Z INFO GitHubActionsService] AAD Correlation ID for this token request: Unknown
[2025-09-04 08:08:22Z INFO RSAEncryptedFileKeyManager] Loading RSA key parameters from file C:\laragon\www\sapapi\actions-runner\.credentials_rsaparams
[2025-09-04 08:08:23Z INFO GitHubActionsService] AAD Correlation ID for this token request: Unknown
[2025-09-04 08:32:43Z WARN GitHubActionsService] Attempt 1 of GET request to https://broker.actions.githubusercontent.com/message?sessionId=d91379a4-9d96-45c1-ac52-253aa090af61&status=Online&runnerVersion=2.328.0&os=Windows&architecture=X64&disableUpdate=false failed (Socket Error: ConnectionReset). The operation will be retried in 11.054 seconds.
[2025-09-04 08:34:56Z WARN GitHubActionsService] Attempt 1 of GET request to https://broker.actions.githubusercontent.com/message?sessionId=d91379a4-9d96-45c1-ac52-253aa090af61&status=Online&runnerVersion=2.328.0&os=Windows&architecture=X64&disableUpdate=false failed (Socket Error: ConnectionReset). The operation will be retried in 10.921 seconds.
[2025-09-04 08:58:37Z INFO RSAEncryptedFileKeyManager] Loading RSA key parameters from file C:\laragon\www\sapapi\actions-runner\.credentials_rsaparams
[2025-09-04 08:58:38Z INFO GitHubActionsService] AAD Correlation ID for this token request: Unknown
[2025-09-04 09:48:58Z INFO RSAEncryptedFileKeyManager] Loading RSA key parameters from file C:\laragon\www\sapapi\actions-runner\.credentials_rsaparams
[2025-09-04 09:48:59Z INFO GitHubActionsService] AAD Correlation ID for this token request: Unknown
[2025-09-04 10:39:19Z INFO RSAEncryptedFileKeyManager] Loading RSA key parameters from file C:\laragon\www\sapapi\actions-runner\.credentials_rsaparams
[2025-09-04 10:39:20Z INFO GitHubActionsService] AAD Correlation ID for this token request: Unknown
[2025-09-04 11:29:38Z INFO RSAEncryptedFileKeyManager] Loading RSA key parameters from file C:\laragon\www\sapapi\actions-runner\.credentials_rsaparams
[2025-09-04 11:29:40Z INFO GitHubActionsService] AAD Correlation ID for this token request: Unknown
[2025-09-04 12:19:58Z INFO RSAEncryptedFileKeyManager] Loading RSA key parameters from file C:\laragon\www\sapapi\actions-runner\.credentials_rsaparams
[2025-09-04 12:20:00Z INFO GitHubActionsService] AAD Correlation ID for this token request: Unknown
[2025-09-04 13:10:21Z INFO RSAEncryptedFileKeyManager] Loading RSA key parameters from file C:\laragon\www\sapapi\actions-runner\.credentials_rsaparams
[2025-09-04 13:10:22Z INFO GitHubActionsService] AAD Correlation ID for this token request: Unknown
[2025-09-04 14:00:42Z INFO RSAEncryptedFileKeyManager] Loading RSA key parameters from file C:\laragon\www\sapapi\actions-runner\.credentials_rsaparams
[2025-09-04 14:00:43Z INFO GitHubActionsService] AAD Correlation ID for this token request: Unknown
[2025-09-04 14:51:05Z INFO RSAEncryptedFileKeyManager] Loading RSA key parameters from file C:\laragon\www\sapapi\actions-runner\.credentials_rsaparams
[2025-09-04 14:51:06Z INFO GitHubActionsService] AAD Correlation ID for this token request: Unknown
[2025-09-04 15:41:26Z INFO RSAEncryptedFileKeyManager] Loading RSA key parameters from file C:\laragon\www\sapapi\actions-runner\.credentials_rsaparams
[2025-09-04 15:41:27Z INFO GitHubActionsService] AAD Correlation ID for this token request: Unknown
[2025-09-04 16:31:46Z INFO RSAEncryptedFileKeyManager] Loading RSA key parameters from file C:\laragon\www\sapapi\actions-runner\.credentials_rsaparams
[2025-09-04 16:31:47Z INFO GitHubActionsService] AAD Correlation ID for this token request: Unknown
[2025-09-04 17:22:06Z INFO RSAEncryptedFileKeyManager] Loading RSA key parameters from file C:\laragon\www\sapapi\actions-runner\.credentials_rsaparams
[2025-09-04 17:22:07Z INFO GitHubActionsService] AAD Correlation ID for this token request: Unknown
[2025-09-04 18:12:25Z INFO RSAEncryptedFileKeyManager] Loading RSA key parameters from file C:\laragon\www\sapapi\actions-runner\.credentials_rsaparams
[2025-09-04 18:12:26Z INFO GitHubActionsService] AAD Correlation ID for this token request: Unknown
[2025-09-04 19:02:45Z INFO RSAEncryptedFileKeyManager] Loading RSA key parameters from file C:\laragon\www\sapapi\actions-runner\.credentials_rsaparams
[2025-09-04 19:02:46Z INFO GitHubActionsService] AAD Correlation ID for this token request: Unknown
[2025-09-04 19:53:03Z INFO RSAEncryptedFileKeyManager] Loading RSA key parameters from file C:\laragon\www\sapapi\actions-runner\.credentials_rsaparams
[2025-09-04 19:53:04Z INFO GitHubActionsService] AAD Correlation ID for this token request: Unknown
[2025-09-04 20:43:21Z INFO RSAEncryptedFileKeyManager] Loading RSA key parameters from file C:\laragon\www\sapapi\actions-runner\.credentials_rsaparams
[2025-09-04 20:43:22Z INFO GitHubActionsService] AAD Correlation ID for this token request: Unknown
[2025-09-04 21:33:43Z INFO RSAEncryptedFileKeyManager] Loading RSA key parameters from file C:\laragon\www\sapapi\actions-runner\.credentials_rsaparams
[2025-09-04 21:33:44Z INFO GitHubActionsService] AAD Correlation ID for this token request: Unknown
[2025-09-04 22:24:03Z INFO RSAEncryptedFileKeyManager] Loading RSA key parameters from file C:\laragon\www\sapapi\actions-runner\.credentials_rsaparams
[2025-09-04 22:24:05Z INFO GitHubActionsService] AAD Correlation ID for this token request: Unknown
[2025-09-04 22:53:34Z INFO Runner] Received RunnerRefreshConfigMessage for 'runner' config file
[2025-09-04 22:53:34Z INFO RunnerConfigUpdater] Verifying runner qualified id: U_kgDOAIytEA/R_kgDOPX5Qyg/self-hosted/22
[2025-09-04 22:53:34Z INFO HostContext] Well known directory 'Bin': 'C:\laragon\www\sapapi\actions-runner\bin'
[2025-09-04 22:53:34Z INFO HostContext] Well known directory 'Root': 'C:\laragon\www\sapapi\actions-runner'
[2025-09-04 22:53:34Z INFO HostContext] Well known config file 'Runner': 'C:\laragon\www\sapapi\actions-runner\.runner'
[2025-09-04 22:53:35Z INFO RSAEncryptedFileKeyManager] Loading RSA key parameters from file C:\laragon\www\sapapi\actions-runner\.credentials_rsaparams
[2025-09-04 22:53:37Z INFO GitHubActionsService] AAD Correlation ID for this token request: Unknown
[2025-09-04 22:53:37Z INFO ConfigurationStore] Saving runner migrated settings
[2025-09-04 22:53:37Z INFO ConfigurationStore] Delete exist runner migrated settings file.
[2025-09-04 22:53:37Z INFO ConfigurationStore] Migrated Settings Saved.
[2025-09-04 22:53:37Z INFO Runner] Runner configuration was updated. Session restart has been scheduled
[2025-09-04 22:53:37Z INFO Runner] Pending session restart detected and job dispatcher is not busy. Restarting session now.
[2025-09-04 22:53:37Z INFO JobDispatcher] Shutting down JobDispatcher. Make sure all WorkerDispatcher has finished.
[2025-09-04 22:53:37Z INFO Runner] Deleting Runner Session...
[2025-09-04 22:53:37Z INFO Runner] Restarting runner session after config update...
[2025-09-04 22:53:37Z INFO Runner] Runner configuration was refreshed, restarting session...
[2025-09-04 22:53:37Z INFO ConfigurationManager] LoadSettings
[2025-09-04 22:53:37Z INFO ConfigurationStore] IsConfigured()
[2025-09-04 22:53:37Z INFO ConfigurationStore] IsConfigured: True
[2025-09-04 22:53:37Z INFO ConfigurationManager] Is configured: True
[2025-09-04 22:53:37Z INFO ConfigurationManager] Settings Loaded
[2025-09-04 22:53:37Z INFO Runner] RunAsync
[2025-09-04 22:53:37Z INFO ConfigurationManager] LoadMigratedSettings
[2025-09-04 22:53:37Z INFO ConfigurationStore] IsMigratedConfigured()
[2025-09-04 22:53:37Z INFO ConfigurationStore] IsMigratedConfigured: True
[2025-09-04 22:53:37Z INFO ConfigurationManager] Migrated Settings Loaded
[2025-09-04 22:53:37Z INFO Runner] Loaded migrated settings from .runner_migrated file
[2025-09-04 22:53:37Z INFO Runner] {
  "AgentId": 22,
  "AgentName": "JO",
  "PoolId": 1,
  "PoolName": "Default",
  "ServerUrl": "https://pipelinesghubeus26.actions.githubusercontent.com/OTqsuixwcDOeboiI5ELPh9vt0loVA9erSQMzHOLYofkfIDGeBX/",
  "GitHubUrl": "https://github.com/jauharimalik/sapapi",
  "WorkFolder": "_work",
  "UseV2Flow": true,
  "ServerUrlV2": "https://broker.actions.githubusercontent.com/"
}
[2025-09-04 22:53:37Z INFO Runner] Attempting to create session using migrated settings
[2025-09-04 22:53:37Z INFO Runner] Using BrokerMessageListener
[2025-09-04 22:53:37Z INFO BrokerMessageListener] Using provided settings
[2025-09-04 22:53:37Z INFO BrokerMessageListener] Using migrated settings from .runner_migrated
[2025-09-04 22:53:37Z INFO BrokerMessageListener] {
  "AgentId": 22,
  "AgentName": "JO",
  "PoolId": 1,
  "PoolName": "Default",
  "ServerUrl": "https://pipelinesghubeus26.actions.githubusercontent.com/OTqsuixwcDOeboiI5ELPh9vt0loVA9erSQMzHOLYofkfIDGeBX/",
  "GitHubUrl": "https://github.com/jauharimalik/sapapi",
  "WorkFolder": "_work",
  "UseV2Flow": true,
  "ServerUrlV2": "https://broker.actions.githubusercontent.com/"
}
[2025-09-04 22:53:37Z INFO BrokerMessageListener] Loading Credentials
[2025-09-04 22:53:37Z INFO ConfigurationStore] HasCredentials()
[2025-09-04 22:53:37Z INFO ConfigurationStore] stored True
[2025-09-04 22:53:37Z INFO CredentialManager] GetCredentialProvider
[2025-09-04 22:53:37Z INFO CredentialManager] Creating type OAuth
[2025-09-04 22:53:37Z INFO CredentialManager] Creating credential type: OAuth
[2025-09-04 22:53:37Z INFO RSAEncryptedFileKeyManager] Loading RSA key parameters from file C:\laragon\www\sapapi\actions-runner\.credentials_rsaparams
[2025-09-04 22:53:38Z INFO BrokerMessageListener] Attempt to create session.
[2025-09-04 22:53:38Z INFO BrokerMessageListener] Connecting to the Broker Server...
[2025-09-04 22:53:38Z INFO ConfigurationStore] HasCredentials()
[2025-09-04 22:53:38Z INFO ConfigurationStore] stored True
[2025-09-04 22:53:38Z INFO CredentialManager] GetCredentialProvider
[2025-09-04 22:53:38Z INFO CredentialManager] Creating type OAuth
[2025-09-04 22:53:38Z INFO CredentialManager] Creating credential type: OAuth
[2025-09-04 22:53:38Z INFO RSAEncryptedFileKeyManager] Loading RSA key parameters from file C:\laragon\www\sapapi\actions-runner\.credentials_rsaparams
[2025-09-04 22:53:38Z INFO BrokerMessageListener] VssConnection created
[2025-09-04 22:53:38Z INFO BrokerMessageListener] Connecting to the Runner server...
[2025-09-04 22:53:38Z INFO RunnerServer] EstablishVssConnection
[2025-09-04 22:53:38Z INFO RunnerServer] Establish connection with 100 seconds timeout.
[2025-09-04 22:53:38Z INFO GitHubActionsService] Starting operation Location.GetConnectionData
[2025-09-04 22:53:38Z INFO RunnerServer] EstablishVssConnection
[2025-09-04 22:53:38Z INFO RunnerServer] Establish connection with 60 seconds timeout.
[2025-09-04 22:53:38Z INFO GitHubActionsService] Starting operation Location.GetConnectionData
[2025-09-04 22:53:38Z INFO RunnerServer] EstablishVssConnection
[2025-09-04 22:53:38Z INFO RunnerServer] Establish connection with 60 seconds timeout.
[2025-09-04 22:53:38Z INFO GitHubActionsService] Starting operation Location.GetConnectionData
[2025-09-04 22:53:39Z INFO GitHubActionsService] Finished operation Location.GetConnectionData
[2025-09-04 22:53:39Z INFO GitHubActionsService] Finished operation Location.GetConnectionData
[2025-09-04 22:53:39Z INFO GitHubActionsService] Finished operation Location.GetConnectionData
[2025-09-04 22:53:39Z INFO BrokerMessageListener] VssConnection created
[2025-09-04 22:53:39Z INFO Terminal] WRITE LINE: 
[2025-09-04 22:53:39Z INFO Terminal] WRITE LINE: 
[2025-09-04 22:53:39Z INFO RSAEncryptedFileKeyManager] Loading RSA key parameters from file C:\laragon\www\sapapi\actions-runner\.credentials_rsaparams
[2025-09-04 22:53:39Z INFO RSAEncryptedFileKeyManager] Loading RSA key parameters from file C:\laragon\www\sapapi\actions-runner\.credentials_rsaparams
[2025-09-04 22:53:40Z INFO GitHubActionsService] AAD Correlation ID for this token request: Unknown
[2025-09-04 22:53:41Z INFO BrokerMessageListener] Session created.
[2025-09-04 22:53:41Z INFO Runner] Successfully created session with migrated settings
[2025-09-04 22:53:41Z INFO Terminal] WRITE LINE: Current runner version: '2.328.0'
[2025-09-04 22:53:41Z INFO Terminal] WRITE LINE: 2025-09-04 22:53:41Z: Listening for Jobs
[2025-09-04 22:53:41Z INFO JobDispatcher] Set runner/worker IPC timeout to 30 seconds.
[2025-09-04 23:44:01Z INFO RSAEncryptedFileKeyManager] Loading RSA key parameters from file C:\laragon\www\sapapi\actions-runner\.credentials_rsaparams
[2025-09-04 23:44:02Z INFO GitHubActionsService] AAD Correlation ID for this token request: Unknown
[2025-09-05 00:34:21Z INFO RSAEncryptedFileKeyManager] Loading RSA key parameters from file C:\laragon\www\sapapi\actions-runner\.credentials_rsaparams
[2025-09-05 00:34:22Z INFO GitHubActionsService] AAD Correlation ID for this token request: Unknown
[2025-09-05 01:24:40Z INFO RSAEncryptedFileKeyManager] Loading RSA key parameters from file C:\laragon\www\sapapi\actions-runner\.credentials_rsaparams
[2025-09-05 01:24:41Z INFO GitHubActionsService] AAD Correlation ID for this token request: Unknown
[2025-09-05 02:15:00Z INFO RSAEncryptedFileKeyManager] Loading RSA key parameters from file C:\laragon\www\sapapi\actions-runner\.credentials_rsaparams
[2025-09-05 02:15:01Z INFO GitHubActionsService] AAD Correlation ID for this token request: Unknown
[2025-09-05 03:05:20Z INFO RSAEncryptedFileKeyManager] Loading RSA key parameters from file C:\laragon\www\sapapi\actions-runner\.credentials_rsaparams
[2025-09-05 03:05:21Z INFO GitHubActionsService] AAD Correlation ID for this token request: Unknown
[2025-09-05 03:48:18Z INFO Runner] Refresh message received, kick-off selfupdate background process.
[2025-09-05 03:48:20Z INFO RSAEncryptedFileKeyManager] Loading RSA key parameters from file C:\laragon\www\sapapi\actions-runner\.credentials_rsaparams
[2025-09-05 03:48:20Z INFO RSAEncryptedFileKeyManager] Loading RSA key parameters from file C:\laragon\www\sapapi\actions-runner\.credentials_rsaparams
[2025-09-05 03:48:21Z INFO GitHubActionsService] AAD Correlation ID for this token request: Unknown
[2025-09-05 03:48:21Z INFO SelfUpdater] Version '2.328.0' of 'agent' package available in server.
[2025-09-05 03:48:21Z INFO SelfUpdater] Current running runner version is 2.328.0
[2025-09-05 03:48:21Z INFO SelfUpdater] Can't find available update package.
[2025-09-05 03:48:21Z INFO Terminal] WRITE LINE: Runner update process finished.
[2025-09-05 03:48:21Z INFO Runner] Auto update task finished at backend, there is no available runner update needs to apply, continue message queue looping.
[2025-09-05 03:55:51Z INFO RSAEncryptedFileKeyManager] Loading RSA key parameters from file C:\laragon\www\sapapi\actions-runner\.credentials_rsaparams
[2025-09-05 03:55:52Z INFO GitHubActionsService] AAD Correlation ID for this token request: Unknown
[2025-09-05 04:46:10Z INFO RSAEncryptedFileKeyManager] Loading RSA key parameters from file C:\laragon\www\sapapi\actions-runner\.credentials_rsaparams
[2025-09-05 04:46:12Z INFO GitHubActionsService] AAD Correlation ID for this token request: Unknown
[2025-09-05 05:36:31Z INFO RSAEncryptedFileKeyManager] Loading RSA key parameters from file C:\laragon\www\sapapi\actions-runner\.credentials_rsaparams
[2025-09-05 05:36:33Z INFO GitHubActionsService] AAD Correlation ID for this token request: Unknown
[2025-09-05 06:26:51Z INFO RSAEncryptedFileKeyManager] Loading RSA key parameters from file C:\laragon\www\sapapi\actions-runner\.credentials_rsaparams
[2025-09-05 06:26:52Z INFO GitHubActionsService] AAD Correlation ID for this token request: Unknown
[2025-09-05 07:17:13Z INFO RSAEncryptedFileKeyManager] Loading RSA key parameters from file C:\laragon\www\sapapi\actions-runner\.credentials_rsaparams
[2025-09-05 07:17:14Z INFO GitHubActionsService] AAD Correlation ID for this token request: Unknown
[2025-09-05 08:07:32Z INFO RSAEncryptedFileKeyManager] Loading RSA key parameters from file C:\laragon\www\sapapi\actions-runner\.credentials_rsaparams
[2025-09-05 08:07:33Z INFO GitHubActionsService] AAD Correlation ID for this token request: Unknown
[2025-09-05 08:57:55Z INFO RSAEncryptedFileKeyManager] Loading RSA key parameters from file C:\laragon\www\sapapi\actions-runner\.credentials_rsaparams
[2025-09-05 08:57:56Z INFO GitHubActionsService] AAD Correlation ID for this token request: Unknown
[2025-09-05 09:48:17Z INFO RSAEncryptedFileKeyManager] Loading RSA key parameters from file C:\laragon\www\sapapi\actions-runner\.credentials_rsaparams
[2025-09-05 09:48:18Z INFO GitHubActionsService] AAD Correlation ID for this token request: Unknown
[2025-09-05 10:38:36Z INFO RSAEncryptedFileKeyManager] Loading RSA key parameters from file C:\laragon\www\sapapi\actions-runner\.credentials_rsaparams
[2025-09-05 10:38:37Z INFO GitHubActionsService] AAD Correlation ID for this token request: Unknown
[2025-09-05 11:28:55Z INFO RSAEncryptedFileKeyManager] Loading RSA key parameters from file C:\laragon\www\sapapi\actions-runner\.credentials_rsaparams
[2025-09-05 11:28:57Z INFO GitHubActionsService] AAD Correlation ID for this token request: Unknown
[2025-09-05 12:19:15Z INFO RSAEncryptedFileKeyManager] Loading RSA key parameters from file C:\laragon\www\sapapi\actions-runner\.credentials_rsaparams
[2025-09-05 12:19:16Z INFO GitHubActionsService] AAD Correlation ID for this token request: Unknown
[2025-09-05 13:09:38Z INFO RSAEncryptedFileKeyManager] Loading RSA key parameters from file C:\laragon\www\sapapi\actions-runner\.credentials_rsaparams
[2025-09-05 13:09:39Z INFO GitHubActionsService] AAD Correlation ID for this token request: Unknown
[2025-09-05 13:59:57Z INFO RSAEncryptedFileKeyManager] Loading RSA key parameters from file C:\laragon\www\sapapi\actions-runner\.credentials_rsaparams
[2025-09-05 13:59:59Z INFO GitHubActionsService] AAD Correlation ID for this token request: Unknown
[2025-09-05 14:50:17Z INFO RSAEncryptedFileKeyManager] Loading RSA key parameters from file C:\laragon\www\sapapi\actions-runner\.credentials_rsaparams
[2025-09-05 14:50:18Z INFO GitHubActionsService] AAD Correlation ID for this token request: Unknown
[2025-09-05 15:40:38Z INFO RSAEncryptedFileKeyManager] Loading RSA key parameters from file C:\laragon\www\sapapi\actions-runner\.credentials_rsaparams
[2025-09-05 15:40:39Z INFO GitHubActionsService] AAD Correlation ID for this token request: Unknown
[2025-09-05 16:30:57Z INFO RSAEncryptedFileKeyManager] Loading RSA key parameters from file C:\laragon\www\sapapi\actions-runner\.credentials_rsaparams
[2025-09-05 16:30:58Z INFO GitHubActionsService] AAD Correlation ID for this token request: Unknown
[2025-09-05 17:21:15Z INFO RSAEncryptedFileKeyManager] Loading RSA key parameters from file C:\laragon\www\sapapi\actions-runner\.credentials_rsaparams
[2025-09-05 17:21:17Z INFO GitHubActionsService] AAD Correlation ID for this token request: Unknown
[2025-09-05 18:11:34Z INFO RSAEncryptedFileKeyManager] Loading RSA key parameters from file C:\laragon\www\sapapi\actions-runner\.credentials_rsaparams
[2025-09-05 18:11:35Z INFO GitHubActionsService] AAD Correlation ID for this token request: Unknown
[2025-09-05 19:01:53Z INFO RSAEncryptedFileKeyManager] Loading RSA key parameters from file C:\laragon\www\sapapi\actions-runner\.credentials_rsaparams
[2025-09-05 19:01:54Z INFO GitHubActionsService] AAD Correlation ID for this token request: Unknown
[2025-09-05 19:52:13Z INFO RSAEncryptedFileKeyManager] Loading RSA key parameters from file C:\laragon\www\sapapi\actions-runner\.credentials_rsaparams
[2025-09-05 19:52:14Z INFO GitHubActionsService] AAD Correlation ID for this token request: Unknown
[2025-09-05 20:42:33Z INFO RSAEncryptedFileKeyManager] Loading RSA key parameters from file C:\laragon\www\sapapi\actions-runner\.credentials_rsaparams
[2025-09-05 20:42:34Z INFO GitHubActionsService] AAD Correlation ID for this token request: Unknown
[2025-09-05 21:32:53Z INFO RSAEncryptedFileKeyManager] Loading RSA key parameters from file C:\laragon\www\sapapi\actions-runner\.credentials_rsaparams
[2025-09-05 21:32:54Z INFO GitHubActionsService] AAD Correlation ID for this token request: Unknown
[2025-09-05 22:23:12Z INFO RSAEncryptedFileKeyManager] Loading RSA key parameters from file C:\laragon\www\sapapi\actions-runner\.credentials_rsaparams
[2025-09-05 22:23:13Z INFO GitHubActionsService] AAD Correlation ID for this token request: Unknown
[2025-09-05 22:53:34Z INFO Runner] Received RunnerRefreshConfigMessage for 'runner' config file
[2025-09-05 22:53:34Z INFO RunnerConfigUpdater] Verifying runner qualified id: U_kgDOAIytEA/R_kgDOPX5Qyg/self-hosted/22
[2025-09-05 22:53:34Z INFO HostContext] Well known directory 'Bin': 'C:\laragon\www\sapapi\actions-runner\bin'
[2025-09-05 22:53:34Z INFO HostContext] Well known directory 'Root': 'C:\laragon\www\sapapi\actions-runner'
[2025-09-05 22:53:34Z INFO HostContext] Well known config file 'Runner': 'C:\laragon\www\sapapi\actions-runner\.runner'
[2025-09-05 22:53:35Z INFO RSAEncryptedFileKeyManager] Loading RSA key parameters from file C:\laragon\www\sapapi\actions-runner\.credentials_rsaparams
[2025-09-05 22:53:37Z INFO GitHubActionsService] AAD Correlation ID for this token request: Unknown
[2025-09-05 22:53:37Z INFO ConfigurationStore] Saving runner migrated settings
[2025-09-05 22:53:37Z INFO ConfigurationStore] Delete exist runner migrated settings file.
[2025-09-05 22:53:37Z INFO ConfigurationStore] Migrated Settings Saved.
[2025-09-05 22:53:37Z INFO Runner] Runner configuration was updated. Session restart has been scheduled
[2025-09-05 22:53:37Z INFO Runner] Pending session restart detected and job dispatcher is not busy. Restarting session now.
[2025-09-05 22:53:37Z INFO JobDispatcher] Shutting down JobDispatcher. Make sure all WorkerDispatcher has finished.
[2025-09-05 22:53:37Z INFO Runner] Deleting Runner Session...
[2025-09-05 22:53:38Z INFO Runner] Restarting runner session after config update...
[2025-09-05 22:53:38Z INFO Runner] Runner configuration was refreshed, restarting session...
[2025-09-05 22:53:38Z INFO ConfigurationManager] LoadSettings
[2025-09-05 22:53:38Z INFO ConfigurationStore] IsConfigured()
[2025-09-05 22:53:38Z INFO ConfigurationStore] IsConfigured: True
[2025-09-05 22:53:38Z INFO ConfigurationManager] Is configured: True
[2025-09-05 22:53:38Z INFO ConfigurationManager] Settings Loaded
[2025-09-05 22:53:38Z INFO Runner] RunAsync
[2025-09-05 22:53:38Z INFO ConfigurationManager] LoadMigratedSettings
[2025-09-05 22:53:38Z INFO ConfigurationStore] IsMigratedConfigured()
[2025-09-05 22:53:38Z INFO ConfigurationStore] IsMigratedConfigured: True
[2025-09-05 22:53:38Z INFO ConfigurationManager] Migrated Settings Loaded
[2025-09-05 22:53:38Z INFO Runner] Loaded migrated settings from .runner_migrated file
[2025-09-05 22:53:38Z INFO Runner] {
  "AgentId": 22,
  "AgentName": "JO",
  "PoolId": 1,
  "PoolName": "Default",
  "ServerUrl": "https://pipelinesghubeus26.actions.githubusercontent.com/OTqsuixwcDOeboiI5ELPh9vt0loVA9erSQMzHOLYofkfIDGeBX/",
  "GitHubUrl": "https://github.com/jauharimalik/sapapi",
  "WorkFolder": "_work",
  "UseV2Flow": true,
  "ServerUrlV2": "https://broker.actions.githubusercontent.com/"
}
[2025-09-05 22:53:38Z INFO Runner] Attempting to create session using migrated settings
[2025-09-05 22:53:38Z INFO Runner] Using BrokerMessageListener
[2025-09-05 22:53:38Z INFO BrokerMessageListener] Using provided settings
[2025-09-05 22:53:38Z INFO BrokerMessageListener] Using migrated settings from .runner_migrated
[2025-09-05 22:53:38Z INFO BrokerMessageListener] {
  "AgentId": 22,
  "AgentName": "JO",
  "PoolId": 1,
  "PoolName": "Default",
  "ServerUrl": "https://pipelinesghubeus26.actions.githubusercontent.com/OTqsuixwcDOeboiI5ELPh9vt0loVA9erSQMzHOLYofkfIDGeBX/",
  "GitHubUrl": "https://github.com/jauharimalik/sapapi",
  "WorkFolder": "_work",
  "UseV2Flow": true,
  "ServerUrlV2": "https://broker.actions.githubusercontent.com/"
}
[2025-09-05 22:53:38Z INFO BrokerMessageListener] Loading Credentials
[2025-09-05 22:53:38Z INFO ConfigurationStore] HasCredentials()
[2025-09-05 22:53:38Z INFO ConfigurationStore] stored True
[2025-09-05 22:53:38Z INFO CredentialManager] GetCredentialProvider
[2025-09-05 22:53:38Z INFO CredentialManager] Creating type OAuth
[2025-09-05 22:53:38Z INFO CredentialManager] Creating credential type: OAuth
[2025-09-05 22:53:38Z INFO RSAEncryptedFileKeyManager] Loading RSA key parameters from file C:\laragon\www\sapapi\actions-runner\.credentials_rsaparams
[2025-09-05 22:53:38Z INFO BrokerMessageListener] Attempt to create session.
[2025-09-05 22:53:38Z INFO BrokerMessageListener] Connecting to the Broker Server...
[2025-09-05 22:53:38Z INFO ConfigurationStore] HasCredentials()
[2025-09-05 22:53:38Z INFO ConfigurationStore] stored True
[2025-09-05 22:53:38Z INFO CredentialManager] GetCredentialProvider
[2025-09-05 22:53:38Z INFO CredentialManager] Creating type OAuth
[2025-09-05 22:53:38Z INFO CredentialManager] Creating credential type: OAuth
[2025-09-05 22:53:38Z INFO RSAEncryptedFileKeyManager] Loading RSA key parameters from file C:\laragon\www\sapapi\actions-runner\.credentials_rsaparams
[2025-09-05 22:53:38Z INFO BrokerMessageListener] VssConnection created
[2025-09-05 22:53:38Z INFO BrokerMessageListener] Connecting to the Runner server...
[2025-09-05 22:53:38Z INFO RunnerServer] EstablishVssConnection
[2025-09-05 22:53:38Z INFO RunnerServer] Establish connection with 100 seconds timeout.
[2025-09-05 22:53:38Z INFO GitHubActionsService] Starting operation Location.GetConnectionData
[2025-09-05 22:53:38Z INFO RunnerServer] EstablishVssConnection
[2025-09-05 22:53:38Z INFO RunnerServer] Establish connection with 60 seconds timeout.
[2025-09-05 22:53:38Z INFO GitHubActionsService] Starting operation Location.GetConnectionData
[2025-09-05 22:53:38Z INFO RunnerServer] EstablishVssConnection
[2025-09-05 22:53:38Z INFO RunnerServer] Establish connection with 60 seconds timeout.
[2025-09-05 22:53:38Z INFO GitHubActionsService] Starting operation Location.GetConnectionData
[2025-09-05 22:53:39Z INFO GitHubActionsService] Finished operation Location.GetConnectionData
[2025-09-05 22:53:39Z INFO GitHubActionsService] Finished operation Location.GetConnectionData
[2025-09-05 22:53:39Z INFO GitHubActionsService] Finished operation Location.GetConnectionData
[2025-09-05 22:53:39Z INFO BrokerMessageListener] VssConnection created
[2025-09-05 22:53:39Z INFO Terminal] WRITE LINE: 
[2025-09-05 22:53:39Z INFO Terminal] WRITE LINE: 
[2025-09-05 22:53:39Z INFO RSAEncryptedFileKeyManager] Loading RSA key parameters from file C:\laragon\www\sapapi\actions-runner\.credentials_rsaparams
[2025-09-05 22:53:39Z INFO RSAEncryptedFileKeyManager] Loading RSA key parameters from file C:\laragon\www\sapapi\actions-runner\.credentials_rsaparams
[2025-09-05 22:53:40Z INFO GitHubActionsService] AAD Correlation ID for this token request: Unknown
[2025-09-05 22:53:41Z INFO BrokerMessageListener] Session created.
[2025-09-05 22:53:41Z INFO Runner] Successfully created session with migrated settings
[2025-09-05 22:53:41Z INFO Terminal] WRITE LINE: Current runner version: '2.328.0'
[2025-09-05 22:53:41Z INFO Terminal] WRITE LINE: 2025-09-05 22:53:41Z: Listening for Jobs
[2025-09-05 22:53:41Z INFO JobDispatcher] Set runner/worker IPC timeout to 30 seconds.
[2025-09-05 23:43:59Z INFO RSAEncryptedFileKeyManager] Loading RSA key parameters from file C:\laragon\www\sapapi\actions-runner\.credentials_rsaparams
[2025-09-05 23:44:00Z INFO GitHubActionsService] AAD Correlation ID for this token request: Unknown
[2025-09-06 00:34:17Z INFO RSAEncryptedFileKeyManager] Loading RSA key parameters from file C:\laragon\www\sapapi\actions-runner\.credentials_rsaparams
[2025-09-06 00:34:19Z INFO GitHubActionsService] AAD Correlation ID for this token request: Unknown
[2025-09-06 01:24:37Z INFO RSAEncryptedFileKeyManager] Loading RSA key parameters from file C:\laragon\www\sapapi\actions-runner\.credentials_rsaparams
[2025-09-06 01:24:38Z INFO GitHubActionsService] AAD Correlation ID for this token request: Unknown
[2025-09-06 02:14:56Z INFO RSAEncryptedFileKeyManager] Loading RSA key parameters from file C:\laragon\www\sapapi\actions-runner\.credentials_rsaparams
[2025-09-06 02:14:57Z INFO GitHubActionsService] AAD Correlation ID for this token request: Unknown
[2025-09-06 03:05:14Z INFO RSAEncryptedFileKeyManager] Loading RSA key parameters from file C:\laragon\www\sapapi\actions-runner\.credentials_rsaparams
[2025-09-06 03:05:15Z INFO GitHubActionsService] AAD Correlation ID for this token request: Unknown
[2025-09-06 03:48:18Z INFO Runner] Refresh message received, kick-off selfupdate background process.
[2025-09-06 03:48:20Z INFO RSAEncryptedFileKeyManager] Loading RSA key parameters from file C:\laragon\www\sapapi\actions-runner\.credentials_rsaparams
[2025-09-06 03:48:20Z INFO RSAEncryptedFileKeyManager] Loading RSA key parameters from file C:\laragon\www\sapapi\actions-runner\.credentials_rsaparams
[2025-09-06 03:48:21Z INFO GitHubActionsService] AAD Correlation ID for this token request: Unknown
[2025-09-06 03:48:21Z INFO SelfUpdater] Version '2.328.0' of 'agent' package available in server.
[2025-09-06 03:48:21Z INFO SelfUpdater] Current running runner version is 2.328.0
[2025-09-06 03:48:21Z INFO SelfUpdater] Can't find available update package.
[2025-09-06 03:48:21Z INFO Terminal] WRITE LINE: Runner update process finished.
[2025-09-06 03:48:21Z INFO Runner] Auto update task finished at backend, there is no available runner update needs to apply, continue message queue looping.
[2025-09-06 03:55:51Z INFO RSAEncryptedFileKeyManager] Loading RSA key parameters from file C:\laragon\www\sapapi\actions-runner\.credentials_rsaparams
[2025-09-06 03:55:53Z INFO GitHubActionsService] AAD Correlation ID for this token request: Unknown
[2025-09-06 04:46:11Z INFO RSAEncryptedFileKeyManager] Loading RSA key parameters from file C:\laragon\www\sapapi\actions-runner\.credentials_rsaparams
[2025-09-06 04:46:12Z INFO GitHubActionsService] AAD Correlation ID for this token request: Unknown
[2025-09-06 05:36:30Z INFO RSAEncryptedFileKeyManager] Loading RSA key parameters from file C:\laragon\www\sapapi\actions-runner\.credentials_rsaparams
[2025-09-06 05:36:31Z INFO GitHubActionsService] AAD Correlation ID for this token request: Unknown
[2025-09-06 06:26:49Z INFO RSAEncryptedFileKeyManager] Loading RSA key parameters from file C:\laragon\www\sapapi\actions-runner\.credentials_rsaparams
[2025-09-06 06:26:50Z INFO GitHubActionsService] AAD Correlation ID for this token request: Unknown
[2025-09-06 07:17:09Z INFO RSAEncryptedFileKeyManager] Loading RSA key parameters from file C:\laragon\www\sapapi\actions-runner\.credentials_rsaparams
[2025-09-06 07:17:10Z INFO GitHubActionsService] AAD Correlation ID for this token request: Unknown
[2025-09-06 08:07:28Z INFO RSAEncryptedFileKeyManager] Loading RSA key parameters from file C:\laragon\www\sapapi\actions-runner\.credentials_rsaparams
[2025-09-06 08:07:29Z INFO GitHubActionsService] AAD Correlation ID for this token request: Unknown
[2025-09-06 08:57:51Z INFO RSAEncryptedFileKeyManager] Loading RSA key parameters from file C:\laragon\www\sapapi\actions-runner\.credentials_rsaparams
[2025-09-06 08:57:52Z INFO GitHubActionsService] AAD Correlation ID for this token request: Unknown
[2025-09-06 09:48:13Z INFO RSAEncryptedFileKeyManager] Loading RSA key parameters from file C:\laragon\www\sapapi\actions-runner\.credentials_rsaparams
[2025-09-06 09:48:14Z INFO GitHubActionsService] AAD Correlation ID for this token request: Unknown
[2025-09-06 10:38:32Z INFO RSAEncryptedFileKeyManager] Loading RSA key parameters from file C:\laragon\www\sapapi\actions-runner\.credentials_rsaparams
[2025-09-06 10:38:34Z INFO GitHubActionsService] AAD Correlation ID for this token request: Unknown
[2025-09-06 11:28:52Z INFO RSAEncryptedFileKeyManager] Loading RSA key parameters from file C:\laragon\www\sapapi\actions-runner\.credentials_rsaparams
[2025-09-06 11:28:53Z INFO GitHubActionsService] AAD Correlation ID for this token request: Unknown
[2025-09-06 12:19:10Z INFO RSAEncryptedFileKeyManager] Loading RSA key parameters from file C:\laragon\www\sapapi\actions-runner\.credentials_rsaparams
[2025-09-06 12:19:12Z INFO GitHubActionsService] AAD Correlation ID for this token request: Unknown
[2025-09-06 13:09:32Z INFO RSAEncryptedFileKeyManager] Loading RSA key parameters from file C:\laragon\www\sapapi\actions-runner\.credentials_rsaparams
[2025-09-06 13:09:33Z INFO GitHubActionsService] AAD Correlation ID for this token request: Unknown
[2025-09-06 13:59:53Z INFO RSAEncryptedFileKeyManager] Loading RSA key parameters from file C:\laragon\www\sapapi\actions-runner\.credentials_rsaparams
[2025-09-06 13:59:54Z INFO GitHubActionsService] AAD Correlation ID for this token request: Unknown
[2025-09-06 14:50:13Z INFO RSAEncryptedFileKeyManager] Loading RSA key parameters from file C:\laragon\www\sapapi\actions-runner\.credentials_rsaparams
[2025-09-06 14:50:14Z INFO GitHubActionsService] AAD Correlation ID for this token request: Unknown
[2025-09-06 15:40:32Z INFO RSAEncryptedFileKeyManager] Loading RSA key parameters from file C:\laragon\www\sapapi\actions-runner\.credentials_rsaparams
[2025-09-06 15:40:33Z INFO GitHubActionsService] AAD Correlation ID for this token request: Unknown
[2025-09-06 16:30:51Z INFO RSAEncryptedFileKeyManager] Loading RSA key parameters from file C:\laragon\www\sapapi\actions-runner\.credentials_rsaparams
[2025-09-06 16:30:52Z INFO GitHubActionsService] AAD Correlation ID for this token request: Unknown
[2025-09-06 17:21:13Z INFO RSAEncryptedFileKeyManager] Loading RSA key parameters from file C:\laragon\www\sapapi\actions-runner\.credentials_rsaparams
[2025-09-06 17:21:14Z INFO GitHubActionsService] AAD Correlation ID for this token request: Unknown
[2025-09-06 18:11:32Z INFO RSAEncryptedFileKeyManager] Loading RSA key parameters from file C:\laragon\www\sapapi\actions-runner\.credentials_rsaparams
[2025-09-06 18:11:33Z INFO GitHubActionsService] AAD Correlation ID for this token request: Unknown
[2025-09-06 19:01:51Z INFO RSAEncryptedFileKeyManager] Loading RSA key parameters from file C:\laragon\www\sapapi\actions-runner\.credentials_rsaparams
[2025-09-06 19:01:52Z INFO GitHubActionsService] AAD Correlation ID for this token request: Unknown
[2025-09-06 19:52:09Z INFO RSAEncryptedFileKeyManager] Loading RSA key parameters from file C:\laragon\www\sapapi\actions-runner\.credentials_rsaparams
[2025-09-06 19:52:10Z INFO GitHubActionsService] AAD Correlation ID for this token request: Unknown
[2025-09-06 20:42:28Z INFO RSAEncryptedFileKeyManager] Loading RSA key parameters from file C:\laragon\www\sapapi\actions-runner\.credentials_rsaparams
[2025-09-06 20:42:29Z INFO GitHubActionsService] AAD Correlation ID for this token request: Unknown
[2025-09-06 21:32:47Z INFO RSAEncryptedFileKeyManager] Loading RSA key parameters from file C:\laragon\www\sapapi\actions-runner\.credentials_rsaparams
[2025-09-06 21:32:48Z INFO GitHubActionsService] AAD Correlation ID for this token request: Unknown
[2025-09-06 22:23:06Z INFO RSAEncryptedFileKeyManager] Loading RSA key parameters from file C:\laragon\www\sapapi\actions-runner\.credentials_rsaparams
[2025-09-06 22:23:07Z INFO GitHubActionsService] AAD Correlation ID for this token request: Unknown
[2025-09-06 22:53:34Z INFO Runner] Received RunnerRefreshConfigMessage for 'runner' config file
[2025-09-06 22:53:34Z INFO RunnerConfigUpdater] Verifying runner qualified id: U_kgDOAIytEA/R_kgDOPX5Qyg/self-hosted/22
[2025-09-06 22:53:34Z INFO HostContext] Well known directory 'Bin': 'C:\laragon\www\sapapi\actions-runner\bin'
[2025-09-06 22:53:34Z INFO HostContext] Well known directory 'Root': 'C:\laragon\www\sapapi\actions-runner'
[2025-09-06 22:53:34Z INFO HostContext] Well known config file 'Runner': 'C:\laragon\www\sapapi\actions-runner\.runner'
[2025-09-06 22:53:35Z INFO RSAEncryptedFileKeyManager] Loading RSA key parameters from file C:\laragon\www\sapapi\actions-runner\.credentials_rsaparams
[2025-09-06 22:53:36Z INFO GitHubActionsService] AAD Correlation ID for this token request: Unknown
[2025-09-06 22:53:37Z INFO ConfigurationStore] Saving runner migrated settings
[2025-09-06 22:53:37Z INFO ConfigurationStore] Delete exist runner migrated settings file.
[2025-09-06 22:53:37Z INFO ConfigurationStore] Migrated Settings Saved.
[2025-09-06 22:53:37Z INFO Runner] Runner configuration was updated. Session restart has been scheduled
[2025-09-06 22:53:37Z INFO Runner] Pending session restart detected and job dispatcher is not busy. Restarting session now.
[2025-09-06 22:53:37Z INFO JobDispatcher] Shutting down JobDispatcher. Make sure all WorkerDispatcher has finished.
[2025-09-06 22:53:37Z INFO Runner] Deleting Runner Session...
[2025-09-06 22:53:37Z INFO Runner] Restarting runner session after config update...
[2025-09-06 22:53:37Z INFO Runner] Runner configuration was refreshed, restarting session...
[2025-09-06 22:53:37Z INFO ConfigurationManager] LoadSettings
[2025-09-06 22:53:37Z INFO ConfigurationStore] IsConfigured()
[2025-09-06 22:53:37Z INFO ConfigurationStore] IsConfigured: True
[2025-09-06 22:53:37Z INFO ConfigurationManager] Is configured: True
[2025-09-06 22:53:37Z INFO ConfigurationManager] Settings Loaded
[2025-09-06 22:53:37Z INFO Runner] RunAsync
[2025-09-06 22:53:37Z INFO ConfigurationManager] LoadMigratedSettings
[2025-09-06 22:53:37Z INFO ConfigurationStore] IsMigratedConfigured()
[2025-09-06 22:53:37Z INFO ConfigurationStore] IsMigratedConfigured: True
[2025-09-06 22:53:37Z INFO ConfigurationManager] Migrated Settings Loaded
[2025-09-06 22:53:37Z INFO Runner] Loaded migrated settings from .runner_migrated file
[2025-09-06 22:53:37Z INFO Runner] {
  "AgentId": 22,
  "AgentName": "JO",
  "PoolId": 1,
  "PoolName": "Default",
  "ServerUrl": "https://pipelinesghubeus26.actions.githubusercontent.com/OTqsuixwcDOeboiI5ELPh9vt0loVA9erSQMzHOLYofkfIDGeBX/",
  "GitHubUrl": "https://github.com/jauharimalik/sapapi",
  "WorkFolder": "_work",
  "UseV2Flow": true,
  "ServerUrlV2": "https://broker.actions.githubusercontent.com/"
}
[2025-09-06 22:53:37Z INFO Runner] Attempting to create session using migrated settings
[2025-09-06 22:53:37Z INFO Runner] Using BrokerMessageListener
[2025-09-06 22:53:37Z INFO BrokerMessageListener] Using provided settings
[2025-09-06 22:53:37Z INFO BrokerMessageListener] Using migrated settings from .runner_migrated
[2025-09-06 22:53:37Z INFO BrokerMessageListener] {
  "AgentId": 22,
  "AgentName": "JO",
  "PoolId": 1,
  "PoolName": "Default",
  "ServerUrl": "https://pipelinesghubeus26.actions.githubusercontent.com/OTqsuixwcDOeboiI5ELPh9vt0loVA9erSQMzHOLYofkfIDGeBX/",
  "GitHubUrl": "https://github.com/jauharimalik/sapapi",
  "WorkFolder": "_work",
  "UseV2Flow": true,
  "ServerUrlV2": "https://broker.actions.githubusercontent.com/"
}
[2025-09-06 22:53:37Z INFO BrokerMessageListener] Loading Credentials
[2025-09-06 22:53:37Z INFO ConfigurationStore] HasCredentials()
[2025-09-06 22:53:37Z INFO ConfigurationStore] stored True
[2025-09-06 22:53:37Z INFO CredentialManager] GetCredentialProvider
[2025-09-06 22:53:37Z INFO CredentialManager] Creating type OAuth
[2025-09-06 22:53:37Z INFO CredentialManager] Creating credential type: OAuth
[2025-09-06 22:53:37Z INFO RSAEncryptedFileKeyManager] Loading RSA key parameters from file C:\laragon\www\sapapi\actions-runner\.credentials_rsaparams
[2025-09-06 22:53:37Z INFO BrokerMessageListener] Attempt to create session.
[2025-09-06 22:53:37Z INFO BrokerMessageListener] Connecting to the Broker Server...
[2025-09-06 22:53:37Z INFO ConfigurationStore] HasCredentials()
[2025-09-06 22:53:37Z INFO ConfigurationStore] stored True
[2025-09-06 22:53:37Z INFO CredentialManager] GetCredentialProvider
[2025-09-06 22:53:37Z INFO CredentialManager] Creating type OAuth
[2025-09-06 22:53:37Z INFO CredentialManager] Creating credential type: OAuth
[2025-09-06 22:53:37Z INFO RSAEncryptedFileKeyManager] Loading RSA key parameters from file C:\laragon\www\sapapi\actions-runner\.credentials_rsaparams
[2025-09-06 22:53:37Z INFO BrokerMessageListener] VssConnection created
[2025-09-06 22:53:37Z INFO BrokerMessageListener] Connecting to the Runner server...
[2025-09-06 22:53:37Z INFO RunnerServer] EstablishVssConnection
[2025-09-06 22:53:37Z INFO RunnerServer] Establish connection with 100 seconds timeout.
[2025-09-06 22:53:37Z INFO GitHubActionsService] Starting operation Location.GetConnectionData
[2025-09-06 22:53:37Z INFO RunnerServer] EstablishVssConnection
[2025-09-06 22:53:37Z INFO RunnerServer] Establish connection with 60 seconds timeout.
[2025-09-06 22:53:37Z INFO GitHubActionsService] Starting operation Location.GetConnectionData
[2025-09-06 22:53:37Z INFO RunnerServer] EstablishVssConnection
[2025-09-06 22:53:37Z INFO RunnerServer] Establish connection with 60 seconds timeout.
[2025-09-06 22:53:37Z INFO GitHubActionsService] Starting operation Location.GetConnectionData
[2025-09-06 22:53:38Z INFO GitHubActionsService] Finished operation Location.GetConnectionData
[2025-09-06 22:53:38Z INFO GitHubActionsService] Finished operation Location.GetConnectionData
[2025-09-06 22:53:38Z INFO GitHubActionsService] Finished operation Location.GetConnectionData
[2025-09-06 22:53:38Z INFO BrokerMessageListener] VssConnection created
[2025-09-06 22:53:38Z INFO Terminal] WRITE LINE: 
[2025-09-06 22:53:38Z INFO Terminal] WRITE LINE: 
[2025-09-06 22:53:38Z INFO RSAEncryptedFileKeyManager] Loading RSA key parameters from file C:\laragon\www\sapapi\actions-runner\.credentials_rsaparams
[2025-09-06 22:53:38Z INFO RSAEncryptedFileKeyManager] Loading RSA key parameters from file C:\laragon\www\sapapi\actions-runner\.credentials_rsaparams
[2025-09-06 22:53:39Z INFO GitHubActionsService] AAD Correlation ID for this token request: Unknown
[2025-09-06 22:53:40Z INFO BrokerMessageListener] Session created.
[2025-09-06 22:53:40Z INFO Runner] Successfully created session with migrated settings
[2025-09-06 22:53:40Z INFO Terminal] WRITE LINE: Current runner version: '2.328.0'
[2025-09-06 22:53:40Z INFO Terminal] WRITE LINE: 2025-09-06 22:53:40Z: Listening for Jobs
[2025-09-06 22:53:40Z INFO JobDispatcher] Set runner/worker IPC timeout to 30 seconds.
[2025-09-06 23:44:00Z INFO RSAEncryptedFileKeyManager] Loading RSA key parameters from file C:\laragon\www\sapapi\actions-runner\.credentials_rsaparams
[2025-09-06 23:44:02Z INFO GitHubActionsService] AAD Correlation ID for this token request: Unknown
[2025-09-07 00:34:21Z INFO RSAEncryptedFileKeyManager] Loading RSA key parameters from file C:\laragon\www\sapapi\actions-runner\.credentials_rsaparams
[2025-09-07 00:34:22Z INFO GitHubActionsService] AAD Correlation ID for this token request: Unknown
[2025-09-07 01:24:42Z INFO RSAEncryptedFileKeyManager] Loading RSA key parameters from file C:\laragon\www\sapapi\actions-runner\.credentials_rsaparams
[2025-09-07 01:24:43Z INFO GitHubActionsService] AAD Correlation ID for this token request: Unknown
[2025-09-07 02:15:02Z INFO RSAEncryptedFileKeyManager] Loading RSA key parameters from file C:\laragon\www\sapapi\actions-runner\.credentials_rsaparams
[2025-09-07 02:15:04Z INFO GitHubActionsService] AAD Correlation ID for this token request: Unknown
[2025-09-07 03:05:23Z INFO RSAEncryptedFileKeyManager] Loading RSA key parameters from file C:\laragon\www\sapapi\actions-runner\.credentials_rsaparams
[2025-09-07 03:05:25Z INFO GitHubActionsService] AAD Correlation ID for this token request: Unknown
[2025-09-07 03:48:18Z INFO Runner] Refresh message received, kick-off selfupdate background process.
[2025-09-07 03:48:20Z INFO RSAEncryptedFileKeyManager] Loading RSA key parameters from file C:\laragon\www\sapapi\actions-runner\.credentials_rsaparams
[2025-09-07 03:48:20Z INFO RSAEncryptedFileKeyManager] Loading RSA key parameters from file C:\laragon\www\sapapi\actions-runner\.credentials_rsaparams
[2025-09-07 03:48:21Z INFO GitHubActionsService] AAD Correlation ID for this token request: Unknown
[2025-09-07 03:48:21Z INFO SelfUpdater] Version '2.328.0' of 'agent' package available in server.
[2025-09-07 03:48:21Z INFO SelfUpdater] Current running runner version is 2.328.0
[2025-09-07 03:48:21Z INFO SelfUpdater] Can't find available update package.
[2025-09-07 03:48:21Z INFO Terminal] WRITE LINE: Runner update process finished.
[2025-09-07 03:48:22Z INFO Runner] Auto update task finished at backend, there is no available runner update needs to apply, continue message queue looping.
[2025-09-07 03:55:51Z INFO RSAEncryptedFileKeyManager] Loading RSA key parameters from file C:\laragon\www\sapapi\actions-runner\.credentials_rsaparams
[2025-09-07 03:55:52Z INFO GitHubActionsService] AAD Correlation ID for this token request: Unknown
[2025-09-07 04:46:10Z INFO RSAEncryptedFileKeyManager] Loading RSA key parameters from file C:\laragon\www\sapapi\actions-runner\.credentials_rsaparams
[2025-09-07 04:46:11Z INFO GitHubActionsService] AAD Correlation ID for this token request: Unknown
[2025-09-07 05:36:28Z INFO RSAEncryptedFileKeyManager] Loading RSA key parameters from file C:\laragon\www\sapapi\actions-runner\.credentials_rsaparams
[2025-09-07 05:36:30Z INFO GitHubActionsService] AAD Correlation ID for this token request: Unknown
[2025-09-07 06:26:47Z INFO RSAEncryptedFileKeyManager] Loading RSA key parameters from file C:\laragon\www\sapapi\actions-runner\.credentials_rsaparams
[2025-09-07 06:26:49Z INFO GitHubActionsService] AAD Correlation ID for this token request: Unknown
[2025-09-07 07:17:06Z INFO RSAEncryptedFileKeyManager] Loading RSA key parameters from file C:\laragon\www\sapapi\actions-runner\.credentials_rsaparams
[2025-09-07 07:17:07Z INFO GitHubActionsService] AAD Correlation ID for this token request: Unknown
[2025-09-07 08:07:27Z INFO RSAEncryptedFileKeyManager] Loading RSA key parameters from file C:\laragon\www\sapapi\actions-runner\.credentials_rsaparams
[2025-09-07 08:07:28Z INFO GitHubActionsService] AAD Correlation ID for this token request: Unknown
[2025-09-07 08:57:46Z INFO RSAEncryptedFileKeyManager] Loading RSA key parameters from file C:\laragon\www\sapapi\actions-runner\.credentials_rsaparams
[2025-09-07 08:57:48Z INFO GitHubActionsService] AAD Correlation ID for this token request: Unknown
[2025-09-07 09:48:06Z INFO RSAEncryptedFileKeyManager] Loading RSA key parameters from file C:\laragon\www\sapapi\actions-runner\.credentials_rsaparams
[2025-09-07 09:48:07Z INFO GitHubActionsService] AAD Correlation ID for this token request: Unknown
[2025-09-07 10:38:25Z INFO RSAEncryptedFileKeyManager] Loading RSA key parameters from file C:\laragon\www\sapapi\actions-runner\.credentials_rsaparams
[2025-09-07 10:38:26Z INFO GitHubActionsService] AAD Correlation ID for this token request: Unknown
[2025-09-07 11:28:47Z INFO RSAEncryptedFileKeyManager] Loading RSA key parameters from file C:\laragon\www\sapapi\actions-runner\.credentials_rsaparams
[2025-09-07 11:28:48Z INFO GitHubActionsService] AAD Correlation ID for this token request: Unknown
[2025-09-07 12:19:10Z INFO RSAEncryptedFileKeyManager] Loading RSA key parameters from file C:\laragon\www\sapapi\actions-runner\.credentials_rsaparams
[2025-09-07 12:19:11Z INFO GitHubActionsService] AAD Correlation ID for this token request: Unknown
[2025-09-07 13:09:29Z INFO RSAEncryptedFileKeyManager] Loading RSA key parameters from file C:\laragon\www\sapapi\actions-runner\.credentials_rsaparams
[2025-09-07 13:09:31Z INFO GitHubActionsService] AAD Correlation ID for this token request: Unknown
[2025-09-07 13:59:49Z INFO RSAEncryptedFileKeyManager] Loading RSA key parameters from file C:\laragon\www\sapapi\actions-runner\.credentials_rsaparams
[2025-09-07 13:59:50Z INFO GitHubActionsService] AAD Correlation ID for this token request: Unknown
[2025-09-07 14:50:09Z INFO RSAEncryptedFileKeyManager] Loading RSA key parameters from file C:\laragon\www\sapapi\actions-runner\.credentials_rsaparams
[2025-09-07 14:50:11Z INFO GitHubActionsService] AAD Correlation ID for this token request: Unknown
[2025-09-07 14:50:11Z WARN GitHubActionsService] Retrieving an AAD auth token took a long time (2.3485506 seconds)
[2025-09-07 15:40:29Z INFO RSAEncryptedFileKeyManager] Loading RSA key parameters from file C:\laragon\www\sapapi\actions-runner\.credentials_rsaparams
[2025-09-07 15:40:30Z INFO GitHubActionsService] AAD Correlation ID for this token request: Unknown
[2025-09-07 16:30:48Z INFO RSAEncryptedFileKeyManager] Loading RSA key parameters from file C:\laragon\www\sapapi\actions-runner\.credentials_rsaparams
[2025-09-07 16:30:49Z INFO GitHubActionsService] AAD Correlation ID for this token request: Unknown
[2025-09-07 17:21:07Z INFO RSAEncryptedFileKeyManager] Loading RSA key parameters from file C:\laragon\www\sapapi\actions-runner\.credentials_rsaparams
[2025-09-07 17:21:08Z INFO GitHubActionsService] AAD Correlation ID for this token request: Unknown
[2025-09-07 18:11:27Z INFO RSAEncryptedFileKeyManager] Loading RSA key parameters from file C:\laragon\www\sapapi\actions-runner\.credentials_rsaparams
[2025-09-07 18:11:29Z INFO GitHubActionsService] AAD Correlation ID for this token request: Unknown
[2025-09-07 19:01:49Z INFO RSAEncryptedFileKeyManager] Loading RSA key parameters from file C:\laragon\www\sapapi\actions-runner\.credentials_rsaparams
[2025-09-07 19:01:50Z INFO GitHubActionsService] AAD Correlation ID for this token request: Unknown
[2025-09-07 19:52:07Z INFO RSAEncryptedFileKeyManager] Loading RSA key parameters from file C:\laragon\www\sapapi\actions-runner\.credentials_rsaparams
[2025-09-07 19:52:08Z INFO GitHubActionsService] AAD Correlation ID for this token request: Unknown
[2025-09-07 20:42:25Z INFO RSAEncryptedFileKeyManager] Loading RSA key parameters from file C:\laragon\www\sapapi\actions-runner\.credentials_rsaparams
[2025-09-07 20:42:26Z INFO GitHubActionsService] AAD Correlation ID for this token request: Unknown
[2025-09-07 21:32:43Z INFO RSAEncryptedFileKeyManager] Loading RSA key parameters from file C:\laragon\www\sapapi\actions-runner\.credentials_rsaparams
[2025-09-07 21:32:44Z INFO GitHubActionsService] AAD Correlation ID for this token request: Unknown
[2025-09-07 22:23:01Z INFO RSAEncryptedFileKeyManager] Loading RSA key parameters from file C:\laragon\www\sapapi\actions-runner\.credentials_rsaparams
[2025-09-07 22:23:02Z INFO GitHubActionsService] AAD Correlation ID for this token request: Unknown
[2025-09-07 22:53:34Z INFO Runner] Received RunnerRefreshConfigMessage for 'runner' config file
[2025-09-07 22:53:34Z INFO RunnerConfigUpdater] Verifying runner qualified id: U_kgDOAIytEA/R_kgDOPX5Qyg/self-hosted/22
[2025-09-07 22:53:34Z INFO HostContext] Well known directory 'Bin': 'C:\laragon\www\sapapi\actions-runner\bin'
[2025-09-07 22:53:34Z INFO HostContext] Well known directory 'Root': 'C:\laragon\www\sapapi\actions-runner'
[2025-09-07 22:53:34Z INFO HostContext] Well known config file 'Runner': 'C:\laragon\www\sapapi\actions-runner\.runner'
[2025-09-07 22:53:35Z INFO RSAEncryptedFileKeyManager] Loading RSA key parameters from file C:\laragon\www\sapapi\actions-runner\.credentials_rsaparams
[2025-09-07 22:53:36Z INFO GitHubActionsService] AAD Correlation ID for this token request: Unknown
[2025-09-07 22:53:37Z INFO ConfigurationStore] Saving runner migrated settings
[2025-09-07 22:53:37Z INFO ConfigurationStore] Delete exist runner migrated settings file.
[2025-09-07 22:53:37Z INFO ConfigurationStore] Migrated Settings Saved.
[2025-09-07 22:53:37Z INFO Runner] Runner configuration was updated. Session restart has been scheduled
[2025-09-07 22:53:37Z INFO Runner] Pending session restart detected and job dispatcher is not busy. Restarting session now.
[2025-09-07 22:53:37Z INFO JobDispatcher] Shutting down JobDispatcher. Make sure all WorkerDispatcher has finished.
[2025-09-07 22:53:37Z INFO Runner] Deleting Runner Session...
[2025-09-07 22:53:37Z INFO Runner] Restarting runner session after config update...
[2025-09-07 22:53:37Z INFO Runner] Runner configuration was refreshed, restarting session...
[2025-09-07 22:53:37Z INFO ConfigurationManager] LoadSettings
[2025-09-07 22:53:37Z INFO ConfigurationStore] IsConfigured()
[2025-09-07 22:53:37Z INFO ConfigurationStore] IsConfigured: True
[2025-09-07 22:53:37Z INFO ConfigurationManager] Is configured: True
[2025-09-07 22:53:37Z INFO ConfigurationManager] Settings Loaded
[2025-09-07 22:53:37Z INFO Runner] RunAsync
[2025-09-07 22:53:37Z INFO ConfigurationManager] LoadMigratedSettings
[2025-09-07 22:53:37Z INFO ConfigurationStore] IsMigratedConfigured()
[2025-09-07 22:53:37Z INFO ConfigurationStore] IsMigratedConfigured: True
[2025-09-07 22:53:37Z INFO ConfigurationManager] Migrated Settings Loaded
[2025-09-07 22:53:37Z INFO Runner] Loaded migrated settings from .runner_migrated file
[2025-09-07 22:53:37Z INFO Runner] {
  "AgentId": 22,
  "AgentName": "JO",
  "PoolId": 1,
  "PoolName": "Default",
  "ServerUrl": "https://pipelinesghubeus26.actions.githubusercontent.com/OTqsuixwcDOeboiI5ELPh9vt0loVA9erSQMzHOLYofkfIDGeBX/",
  "GitHubUrl": "https://github.com/jauharimalik/sapapi",
  "WorkFolder": "_work",
  "UseV2Flow": true,
  "ServerUrlV2": "https://broker.actions.githubusercontent.com/"
}
[2025-09-07 22:53:37Z INFO Runner] Attempting to create session using migrated settings
[2025-09-07 22:53:37Z INFO Runner] Using BrokerMessageListener
[2025-09-07 22:53:37Z INFO BrokerMessageListener] Using provided settings
[2025-09-07 22:53:37Z INFO BrokerMessageListener] Using migrated settings from .runner_migrated
[2025-09-07 22:53:37Z INFO BrokerMessageListener] {
  "AgentId": 22,
  "AgentName": "JO",
  "PoolId": 1,
  "PoolName": "Default",
  "ServerUrl": "https://pipelinesghubeus26.actions.githubusercontent.com/OTqsuixwcDOeboiI5ELPh9vt0loVA9erSQMzHOLYofkfIDGeBX/",
  "GitHubUrl": "https://github.com/jauharimalik/sapapi",
  "WorkFolder": "_work",
  "UseV2Flow": true,
  "ServerUrlV2": "https://broker.actions.githubusercontent.com/"
}
[2025-09-07 22:53:37Z INFO BrokerMessageListener] Loading Credentials
[2025-09-07 22:53:37Z INFO ConfigurationStore] HasCredentials()
[2025-09-07 22:53:37Z INFO ConfigurationStore] stored True
[2025-09-07 22:53:37Z INFO CredentialManager] GetCredentialProvider
[2025-09-07 22:53:37Z INFO CredentialManager] Creating type OAuth
[2025-09-07 22:53:37Z INFO CredentialManager] Creating credential type: OAuth
[2025-09-07 22:53:37Z INFO RSAEncryptedFileKeyManager] Loading RSA key parameters from file C:\laragon\www\sapapi\actions-runner\.credentials_rsaparams
[2025-09-07 22:53:37Z INFO BrokerMessageListener] Attempt to create session.
[2025-09-07 22:53:37Z INFO BrokerMessageListener] Connecting to the Broker Server...
[2025-09-07 22:53:37Z INFO ConfigurationStore] HasCredentials()
[2025-09-07 22:53:37Z INFO ConfigurationStore] stored True
[2025-09-07 22:53:37Z INFO CredentialManager] GetCredentialProvider
[2025-09-07 22:53:37Z INFO CredentialManager] Creating type OAuth
[2025-09-07 22:53:37Z INFO CredentialManager] Creating credential type: OAuth
[2025-09-07 22:53:37Z INFO RSAEncryptedFileKeyManager] Loading RSA key parameters from file C:\laragon\www\sapapi\actions-runner\.credentials_rsaparams
[2025-09-07 22:53:37Z INFO BrokerMessageListener] VssConnection created
[2025-09-07 22:53:37Z INFO BrokerMessageListener] Connecting to the Runner server...
[2025-09-07 22:53:37Z INFO RunnerServer] EstablishVssConnection
[2025-09-07 22:53:37Z INFO RunnerServer] Establish connection with 100 seconds timeout.
[2025-09-07 22:53:37Z INFO GitHubActionsService] Starting operation Location.GetConnectionData
[2025-09-07 22:53:37Z INFO RunnerServer] EstablishVssConnection
[2025-09-07 22:53:37Z INFO RunnerServer] Establish connection with 60 seconds timeout.
[2025-09-07 22:53:37Z INFO GitHubActionsService] Starting operation Location.GetConnectionData
[2025-09-07 22:53:37Z INFO RunnerServer] EstablishVssConnection
[2025-09-07 22:53:37Z INFO RunnerServer] Establish connection with 60 seconds timeout.
[2025-09-07 22:53:37Z INFO GitHubActionsService] Starting operation Location.GetConnectionData
[2025-09-07 22:53:38Z INFO GitHubActionsService] Finished operation Location.GetConnectionData
[2025-09-07 22:53:38Z INFO GitHubActionsService] Finished operation Location.GetConnectionData
[2025-09-07 22:53:38Z INFO GitHubActionsService] Finished operation Location.GetConnectionData
[2025-09-07 22:53:38Z INFO BrokerMessageListener] VssConnection created
[2025-09-07 22:53:38Z INFO Terminal] WRITE LINE: 
[2025-09-07 22:53:38Z INFO Terminal] WRITE LINE: 
[2025-09-07 22:53:38Z INFO RSAEncryptedFileKeyManager] Loading RSA key parameters from file C:\laragon\www\sapapi\actions-runner\.credentials_rsaparams
[2025-09-07 22:53:38Z INFO RSAEncryptedFileKeyManager] Loading RSA key parameters from file C:\laragon\www\sapapi\actions-runner\.credentials_rsaparams
[2025-09-07 22:53:39Z INFO GitHubActionsService] AAD Correlation ID for this token request: Unknown
[2025-09-07 22:53:40Z INFO BrokerMessageListener] Session created.
[2025-09-07 22:53:40Z INFO Runner] Successfully created session with migrated settings
[2025-09-07 22:53:40Z INFO Terminal] WRITE LINE: Current runner version: '2.328.0'
[2025-09-07 22:53:40Z INFO Terminal] WRITE LINE: 2025-09-07 22:53:40Z: Listening for Jobs
[2025-09-07 22:53:40Z INFO JobDispatcher] Set runner/worker IPC timeout to 30 seconds.
[2025-09-07 23:43:58Z INFO RSAEncryptedFileKeyManager] Loading RSA key parameters from file C:\laragon\www\sapapi\actions-runner\.credentials_rsaparams
[2025-09-07 23:44:00Z INFO GitHubActionsService] AAD Correlation ID for this token request: Unknown
[2025-09-08 00:34:17Z INFO RSAEncryptedFileKeyManager] Loading RSA key parameters from file C:\laragon\www\sapapi\actions-runner\.credentials_rsaparams
[2025-09-08 00:34:18Z INFO GitHubActionsService] AAD Correlation ID for this token request: Unknown
[2025-09-08 01:24:36Z INFO RSAEncryptedFileKeyManager] Loading RSA key parameters from file C:\laragon\www\sapapi\actions-runner\.credentials_rsaparams
[2025-09-08 01:24:37Z INFO GitHubActionsService] AAD Correlation ID for this token request: Unknown
[2025-09-08 02:14:55Z INFO RSAEncryptedFileKeyManager] Loading RSA key parameters from file C:\laragon\www\sapapi\actions-runner\.credentials_rsaparams
[2025-09-08 02:14:57Z INFO GitHubActionsService] AAD Correlation ID for this token request: Unknown
[2025-09-08 03:05:15Z INFO RSAEncryptedFileKeyManager] Loading RSA key parameters from file C:\laragon\www\sapapi\actions-runner\.credentials_rsaparams
[2025-09-08 03:05:16Z INFO GitHubActionsService] AAD Correlation ID for this token request: Unknown
[2025-09-08 03:48:18Z INFO Runner] Refresh message received, kick-off selfupdate background process.
[2025-09-08 03:48:19Z INFO RSAEncryptedFileKeyManager] Loading RSA key parameters from file C:\laragon\www\sapapi\actions-runner\.credentials_rsaparams
[2025-09-08 03:48:19Z INFO RSAEncryptedFileKeyManager] Loading RSA key parameters from file C:\laragon\www\sapapi\actions-runner\.credentials_rsaparams
[2025-09-08 03:48:21Z INFO GitHubActionsService] AAD Correlation ID for this token request: Unknown
[2025-09-08 03:48:21Z INFO SelfUpdater] Version '2.328.0' of 'agent' package available in server.
[2025-09-08 03:48:21Z INFO SelfUpdater] Current running runner version is 2.328.0
[2025-09-08 03:48:21Z INFO SelfUpdater] Can't find available update package.
[2025-09-08 03:48:21Z INFO Terminal] WRITE LINE: Runner update process finished.
[2025-09-08 03:48:21Z INFO Runner] Auto update task finished at backend, there is no available runner update needs to apply, continue message queue looping.
[2025-09-08 03:55:51Z INFO RSAEncryptedFileKeyManager] Loading RSA key parameters from file C:\laragon\www\sapapi\actions-runner\.credentials_rsaparams
[2025-09-08 03:55:52Z INFO GitHubActionsService] AAD Correlation ID for this token request: Unknown
[2025-09-08 04:46:11Z INFO RSAEncryptedFileKeyManager] Loading RSA key parameters from file C:\laragon\www\sapapi\actions-runner\.credentials_rsaparams
[2025-09-08 04:46:12Z INFO GitHubActionsService] AAD Correlation ID for this token request: Unknown
[2025-09-08 05:36:59Z INFO RSAEncryptedFileKeyManager] Loading RSA key parameters from file C:\laragon\www\sapapi\actions-runner\.credentials_rsaparams
[2025-09-08 05:37:01Z INFO GitHubActionsService] AAD Correlation ID for this token request: Unknown
[2025-09-08 06:08:23Z WARN GitHubActionsService] GET request to https://broker.actions.githubusercontent.com/message?sessionId=03a66670-fee6-44d8-8e12-1c4221d1d233&status=Online&runnerVersion=2.328.0&os=Windows&architecture=X64&disableUpdate=false timed out after 100 seconds.
[2025-09-08 06:08:23Z ERR  BrokerServer] Catch exception during request
[2025-09-08 06:08:23Z ERR  BrokerServer] System.TimeoutException: The HTTP request timed out after 00:01:40.
 ---> System.Threading.Tasks.TaskCanceledException: The operation was canceled.
 ---> System.IO.IOException: Unable to read data from the transport connection: The I/O operation has been aborted because of either a thread exit or an application request..
 ---> System.Net.Sockets.SocketException (995): The I/O operation has been aborted because of either a thread exit or an application request.
   --- End of inner exception stack trace ---
   at System.Net.Sockets.Socket.AwaitableSocketAsyncEventArgs.ThrowException(SocketError error, CancellationToken cancellationToken)
   at System.Net.Sockets.Socket.AwaitableSocketAsyncEventArgs.System.Threading.Tasks.Sources.IValueTaskSource<System.Int32>.GetResult(Int16 token)
   at System.Net.Security.SslStream.EnsureFullTlsFrameAsync[TIOAdapter](CancellationToken cancellationToken, Int32 estimatedSize)
   at System.Runtime.CompilerServices.PoolingAsyncValueTaskMethodBuilder`1.StateMachineBox`1.System.Threading.Tasks.Sources.IValueTaskSource<TResult>.GetResult(Int16 token)
   at System.Net.Security.SslStream.ReadAsyncInternal[TIOAdapter](Memory`1 buffer, CancellationToken cancellationToken)
   at System.Runtime.CompilerServices.PoolingAsyncValueTaskMethodBuilder`1.StateMachineBox`1.System.Threading.Tasks.Sources.IValueTaskSource<TResult>.GetResult(Int16 token)
   at System.Net.Http.HttpConnection.SendAsync(HttpRequestMessage request, Boolean async, CancellationToken cancellationToken)
   --- End of inner exception stack trace ---
   at System.Net.Http.HttpConnection.SendAsync(HttpRequestMessage request, Boolean async, CancellationToken cancellationToken)
   at System.Net.Http.AuthenticationHelper.SendWithNtAuthAsync(HttpRequestMessage request, Uri authUri, Boolean async, ICredentials credentials, Boolean isProxyAuth, HttpConnection connection, HttpConnectionPool connectionPool, CancellationToken cancellationToken)
   at System.Net.Http.HttpConnectionPool.SendWithVersionDetectionAndRetryAsync(HttpRequestMessage request, Boolean async, Boolean doRequestAuth, CancellationToken cancellationToken)
   at System.Net.Http.AuthenticationHelper.SendWithAuthAsync(HttpRequestMessage request, Uri authUri, Boolean async, ICredentials credentials, Boolean preAuthenticate, Boolean isProxyAuth, Boolean doRequestAuth, HttpConnectionPool pool, CancellationToken cancellationToken)
   at System.Net.Http.RedirectHandler.SendAsync(HttpRequestMessage request, Boolean async, CancellationToken cancellationToken)
   at GitHub.Services.Common.RawHttpMessageHandler.SendAsync(HttpRequestMessage request, CancellationToken cancellationToken)
   --- End of inner exception stack trace ---
   at GitHub.Services.Common.RawHttpMessageHandler.SendAsync(HttpRequestMessage request, CancellationToken cancellationToken)
   at GitHub.Services.Common.VssHttpRetryMessageHandler.SendAsync(HttpRequestMessage request, CancellationToken cancellationToken)
   at System.Net.Http.HttpClient.<SendAsync>g__Core|83_0(HttpRequestMessage request, HttpCompletionOption completionOption, CancellationTokenSource cts, Boolean disposeCts, CancellationTokenSource pendingRequestsCts, CancellationToken originalCancellationToken)
   at Sdk.WebApi.WebApi.RawHttpClientBase.SendAsync(HttpRequestMessage message, HttpCompletionOption completionOption, Object userState, CancellationToken cancellationToken)
   at Sdk.WebApi.WebApi.RawHttpClientBase.SendAsync[T](HttpRequestMessage message, Boolean readErrorBody, Object userState, CancellationToken cancellationToken)
   at Sdk.WebApi.WebApi.RawHttpClientBase.SendAsync[T](HttpMethod method, IEnumerable`1 additionalHeaders, Uri requestUri, HttpContent content, IEnumerable`1 queryParameters, Boolean readErrorBody, Object userState, CancellationToken cancellationToken)
   at GitHub.Actions.RunService.WebApi.BrokerHttpClient.GetRunnerMessageAsync(Nullable`1 sessionId, String runnerVersion, Nullable`1 status, String os, String architecture, Nullable`1 disableUpdate, CancellationToken cancellationToken)
   at GitHub.Runner.Common.BrokerServer.<>c__DisplayClass7_0.<<GetRunnerMessageAsync>b__0>d.MoveNext()
--- End of stack trace from previous location ---
   at GitHub.Runner.Common.RunnerService.RetryRequest[T](Func`1 func, CancellationToken cancellationToken, Int32 maxRetryAttemptsCount, Func`2 shouldRetry)
[2025-09-08 06:08:23Z ERR  BrokerServer] #####################################################
[2025-09-08 06:08:23Z ERR  BrokerServer] System.Threading.Tasks.TaskCanceledException: The operation was canceled.
 ---> System.IO.IOException: Unable to read data from the transport connection: The I/O operation has been aborted because of either a thread exit or an application request..
 ---> System.Net.Sockets.SocketException (995): The I/O operation has been aborted because of either a thread exit or an application request.
   --- End of inner exception stack trace ---
   at System.Net.Sockets.Socket.AwaitableSocketAsyncEventArgs.ThrowException(SocketError error, CancellationToken cancellationToken)
   at System.Net.Sockets.Socket.AwaitableSocketAsyncEventArgs.System.Threading.Tasks.Sources.IValueTaskSource<System.Int32>.GetResult(Int16 token)
   at System.Net.Security.SslStream.EnsureFullTlsFrameAsync[TIOAdapter](CancellationToken cancellationToken, Int32 estimatedSize)
   at System.Runtime.CompilerServices.PoolingAsyncValueTaskMethodBuilder`1.StateMachineBox`1.System.Threading.Tasks.Sources.IValueTaskSource<TResult>.GetResult(Int16 token)
   at System.Net.Security.SslStream.ReadAsyncInternal[TIOAdapter](Memory`1 buffer, CancellationToken cancellationToken)
   at System.Runtime.CompilerServices.PoolingAsyncValueTaskMethodBuilder`1.StateMachineBox`1.System.Threading.Tasks.Sources.IValueTaskSource<TResult>.GetResult(Int16 token)
   at System.Net.Http.HttpConnection.SendAsync(HttpRequestMessage request, Boolean async, CancellationToken cancellationToken)
   --- End of inner exception stack trace ---
   at System.Net.Http.HttpConnection.SendAsync(HttpRequestMessage request, Boolean async, CancellationToken cancellationToken)
   at System.Net.Http.AuthenticationHelper.SendWithNtAuthAsync(HttpRequestMessage request, Uri authUri, Boolean async, ICredentials credentials, Boolean isProxyAuth, HttpConnection connection, HttpConnectionPool connectionPool, CancellationToken cancellationToken)
   at System.Net.Http.HttpConnectionPool.SendWithVersionDetectionAndRetryAsync(HttpRequestMessage request, Boolean async, Boolean doRequestAuth, CancellationToken cancellationToken)
   at System.Net.Http.AuthenticationHelper.SendWithAuthAsync(HttpRequestMessage request, Uri authUri, Boolean async, ICredentials credentials, Boolean preAuthenticate, Boolean isProxyAuth, Boolean doRequestAuth, HttpConnectionPool pool, CancellationToken cancellationToken)
   at System.Net.Http.RedirectHandler.SendAsync(HttpRequestMessage request, Boolean async, CancellationToken cancellationToken)
   at GitHub.Services.Common.RawHttpMessageHandler.SendAsync(HttpRequestMessage request, CancellationToken cancellationToken)
[2025-09-08 06:08:23Z ERR  BrokerServer] #####################################################
[2025-09-08 06:08:23Z ERR  BrokerServer] System.IO.IOException: Unable to read data from the transport connection: The I/O operation has been aborted because of either a thread exit or an application request..
 ---> System.Net.Sockets.SocketException (995): The I/O operation has been aborted because of either a thread exit or an application request.
   --- End of inner exception stack trace ---
   at System.Net.Sockets.Socket.AwaitableSocketAsyncEventArgs.ThrowException(SocketError error, CancellationToken cancellationToken)
   at System.Net.Sockets.Socket.AwaitableSocketAsyncEventArgs.System.Threading.Tasks.Sources.IValueTaskSource<System.Int32>.GetResult(Int16 token)
   at System.Net.Security.SslStream.EnsureFullTlsFrameAsync[TIOAdapter](CancellationToken cancellationToken, Int32 estimatedSize)
   at System.Runtime.CompilerServices.PoolingAsyncValueTaskMethodBuilder`1.StateMachineBox`1.System.Threading.Tasks.Sources.IValueTaskSource<TResult>.GetResult(Int16 token)
   at System.Net.Security.SslStream.ReadAsyncInternal[TIOAdapter](Memory`1 buffer, CancellationToken cancellationToken)
   at System.Runtime.CompilerServices.PoolingAsyncValueTaskMethodBuilder`1.StateMachineBox`1.System.Threading.Tasks.Sources.IValueTaskSource<TResult>.GetResult(Int16 token)
   at System.Net.Http.HttpConnection.SendAsync(HttpRequestMessage request, Boolean async, CancellationToken cancellationToken)
[2025-09-08 06:08:23Z ERR  BrokerServer] #####################################################
[2025-09-08 06:08:23Z ERR  BrokerServer] System.Net.Sockets.SocketException (995): The I/O operation has been aborted because of either a thread exit or an application request.
[2025-09-08 06:08:23Z WARN BrokerServer] Back off 14.587 seconds before next retry. 4 attempt left.
[2025-09-08 06:27:05Z INFO RSAEncryptedFileKeyManager] Loading RSA key parameters from file C:\laragon\www\sapapi\actions-runner\.credentials_rsaparams
[2025-09-08 06:27:06Z INFO GitHubActionsService] AAD Correlation ID for this token request: Unknown
[2025-09-08 06:54:25Z WARN GitHubActionsService] GET request to https://broker.actions.githubusercontent.com/message?sessionId=03a66670-fee6-44d8-8e12-1c4221d1d233&status=Online&runnerVersion=2.328.0&os=Windows&architecture=X64&disableUpdate=false timed out after 100 seconds.
[2025-09-08 06:54:25Z ERR  BrokerServer] Catch exception during request
[2025-09-08 06:54:25Z ERR  BrokerServer] System.TimeoutException: The HTTP request timed out after 00:01:40.
 ---> System.Threading.Tasks.TaskCanceledException: The operation was canceled.
 ---> System.IO.IOException: Unable to read data from the transport connection: The I/O operation has been aborted because of either a thread exit or an application request..
 ---> System.Net.Sockets.SocketException (995): The I/O operation has been aborted because of either a thread exit or an application request.
   --- End of inner exception stack trace ---
   at System.Net.Sockets.Socket.AwaitableSocketAsyncEventArgs.ThrowException(SocketError error, CancellationToken cancellationToken)
   at System.Net.Sockets.Socket.AwaitableSocketAsyncEventArgs.System.Threading.Tasks.Sources.IValueTaskSource<System.Int32>.GetResult(Int16 token)
   at System.Net.Security.SslStream.EnsureFullTlsFrameAsync[TIOAdapter](CancellationToken cancellationToken, Int32 estimatedSize)
   at System.Runtime.CompilerServices.PoolingAsyncValueTaskMethodBuilder`1.StateMachineBox`1.System.Threading.Tasks.Sources.IValueTaskSource<TResult>.GetResult(Int16 token)
   at System.Net.Security.SslStream.ReadAsyncInternal[TIOAdapter](Memory`1 buffer, CancellationToken cancellationToken)
   at System.Runtime.CompilerServices.PoolingAsyncValueTaskMethodBuilder`1.StateMachineBox`1.System.Threading.Tasks.Sources.IValueTaskSource<TResult>.GetResult(Int16 token)
   at System.Net.Http.HttpConnection.SendAsync(HttpRequestMessage request, Boolean async, CancellationToken cancellationToken)
   --- End of inner exception stack trace ---
   at System.Net.Http.HttpConnection.SendAsync(HttpRequestMessage request, Boolean async, CancellationToken cancellationToken)
   at System.Net.Http.AuthenticationHelper.SendWithNtAuthAsync(HttpRequestMessage request, Uri authUri, Boolean async, ICredentials credentials, Boolean isProxyAuth, HttpConnection connection, HttpConnectionPool connectionPool, CancellationToken cancellationToken)
   at System.Net.Http.HttpConnectionPool.SendWithVersionDetectionAndRetryAsync(HttpRequestMessage request, Boolean async, Boolean doRequestAuth, CancellationToken cancellationToken)
   at System.Net.Http.AuthenticationHelper.SendWithAuthAsync(HttpRequestMessage request, Uri authUri, Boolean async, ICredentials credentials, Boolean preAuthenticate, Boolean isProxyAuth, Boolean doRequestAuth, HttpConnectionPool pool, CancellationToken cancellationToken)
   at System.Net.Http.RedirectHandler.SendAsync(HttpRequestMessage request, Boolean async, CancellationToken cancellationToken)
   at GitHub.Services.Common.RawHttpMessageHandler.SendAsync(HttpRequestMessage request, CancellationToken cancellationToken)
   --- End of inner exception stack trace ---
   at GitHub.Services.Common.RawHttpMessageHandler.SendAsync(HttpRequestMessage request, CancellationToken cancellationToken)
   at GitHub.Services.Common.VssHttpRetryMessageHandler.SendAsync(HttpRequestMessage request, CancellationToken cancellationToken)
   at System.Net.Http.HttpClient.<SendAsync>g__Core|83_0(HttpRequestMessage request, HttpCompletionOption completionOption, CancellationTokenSource cts, Boolean disposeCts, CancellationTokenSource pendingRequestsCts, CancellationToken originalCancellationToken)
   at Sdk.WebApi.WebApi.RawHttpClientBase.SendAsync(HttpRequestMessage message, HttpCompletionOption completionOption, Object userState, CancellationToken cancellationToken)
   at Sdk.WebApi.WebApi.RawHttpClientBase.SendAsync[T](HttpRequestMessage message, Boolean readErrorBody, Object userState, CancellationToken cancellationToken)
   at Sdk.WebApi.WebApi.RawHttpClientBase.SendAsync[T](HttpMethod method, IEnumerable`1 additionalHeaders, Uri requestUri, HttpContent content, IEnumerable`1 queryParameters, Boolean readErrorBody, Object userState, CancellationToken cancellationToken)
   at GitHub.Actions.RunService.WebApi.BrokerHttpClient.GetRunnerMessageAsync(Nullable`1 sessionId, String runnerVersion, Nullable`1 status, String os, String architecture, Nullable`1 disableUpdate, CancellationToken cancellationToken)
   at GitHub.Runner.Common.BrokerServer.<>c__DisplayClass7_0.<<GetRunnerMessageAsync>b__0>d.MoveNext()
--- End of stack trace from previous location ---
   at GitHub.Runner.Common.RunnerService.RetryRequest[T](Func`1 func, CancellationToken cancellationToken, Int32 maxRetryAttemptsCount, Func`2 shouldRetry)
[2025-09-08 06:54:25Z ERR  BrokerServer] #####################################################
[2025-09-08 06:54:25Z ERR  BrokerServer] System.Threading.Tasks.TaskCanceledException: The operation was canceled.
 ---> System.IO.IOException: Unable to read data from the transport connection: The I/O operation has been aborted because of either a thread exit or an application request..
 ---> System.Net.Sockets.SocketException (995): The I/O operation has been aborted because of either a thread exit or an application request.
   --- End of inner exception stack trace ---
   at System.Net.Sockets.Socket.AwaitableSocketAsyncEventArgs.ThrowException(SocketError error, CancellationToken cancellationToken)
   at System.Net.Sockets.Socket.AwaitableSocketAsyncEventArgs.System.Threading.Tasks.Sources.IValueTaskSource<System.Int32>.GetResult(Int16 token)
   at System.Net.Security.SslStream.EnsureFullTlsFrameAsync[TIOAdapter](CancellationToken cancellationToken, Int32 estimatedSize)
   at System.Runtime.CompilerServices.PoolingAsyncValueTaskMethodBuilder`1.StateMachineBox`1.System.Threading.Tasks.Sources.IValueTaskSource<TResult>.GetResult(Int16 token)
   at System.Net.Security.SslStream.ReadAsyncInternal[TIOAdapter](Memory`1 buffer, CancellationToken cancellationToken)
   at System.Runtime.CompilerServices.PoolingAsyncValueTaskMethodBuilder`1.StateMachineBox`1.System.Threading.Tasks.Sources.IValueTaskSource<TResult>.GetResult(Int16 token)
   at System.Net.Http.HttpConnection.SendAsync(HttpRequestMessage request, Boolean async, CancellationToken cancellationToken)
   --- End of inner exception stack trace ---
   at System.Net.Http.HttpConnection.SendAsync(HttpRequestMessage request, Boolean async, CancellationToken cancellationToken)
   at System.Net.Http.AuthenticationHelper.SendWithNtAuthAsync(HttpRequestMessage request, Uri authUri, Boolean async, ICredentials credentials, Boolean isProxyAuth, HttpConnection connection, HttpConnectionPool connectionPool, CancellationToken cancellationToken)
   at System.Net.Http.HttpConnectionPool.SendWithVersionDetectionAndRetryAsync(HttpRequestMessage request, Boolean async, Boolean doRequestAuth, CancellationToken cancellationToken)
   at System.Net.Http.AuthenticationHelper.SendWithAuthAsync(HttpRequestMessage request, Uri authUri, Boolean async, ICredentials credentials, Boolean preAuthenticate, Boolean isProxyAuth, Boolean doRequestAuth, HttpConnectionPool pool, CancellationToken cancellationToken)
   at System.Net.Http.RedirectHandler.SendAsync(HttpRequestMessage request, Boolean async, CancellationToken cancellationToken)
   at GitHub.Services.Common.RawHttpMessageHandler.SendAsync(HttpRequestMessage request, CancellationToken cancellationToken)
[2025-09-08 06:54:25Z ERR  BrokerServer] #####################################################
[2025-09-08 06:54:25Z ERR  BrokerServer] System.IO.IOException: Unable to read data from the transport connection: The I/O operation has been aborted because of either a thread exit or an application request..
 ---> System.Net.Sockets.SocketException (995): The I/O operation has been aborted because of either a thread exit or an application request.
   --- End of inner exception stack trace ---
   at System.Net.Sockets.Socket.AwaitableSocketAsyncEventArgs.ThrowException(SocketError error, CancellationToken cancellationToken)
   at System.Net.Sockets.Socket.AwaitableSocketAsyncEventArgs.System.Threading.Tasks.Sources.IValueTaskSource<System.Int32>.GetResult(Int16 token)
   at System.Net.Security.SslStream.EnsureFullTlsFrameAsync[TIOAdapter](CancellationToken cancellationToken, Int32 estimatedSize)
   at System.Runtime.CompilerServices.PoolingAsyncValueTaskMethodBuilder`1.StateMachineBox`1.System.Threading.Tasks.Sources.IValueTaskSource<TResult>.GetResult(Int16 token)
   at System.Net.Security.SslStream.ReadAsyncInternal[TIOAdapter](Memory`1 buffer, CancellationToken cancellationToken)
   at System.Runtime.CompilerServices.PoolingAsyncValueTaskMethodBuilder`1.StateMachineBox`1.System.Threading.Tasks.Sources.IValueTaskSource<TResult>.GetResult(Int16 token)
   at System.Net.Http.HttpConnection.SendAsync(HttpRequestMessage request, Boolean async, CancellationToken cancellationToken)
[2025-09-08 06:54:25Z ERR  BrokerServer] #####################################################
[2025-09-08 06:54:25Z ERR  BrokerServer] System.Net.Sockets.SocketException (995): The I/O operation has been aborted because of either a thread exit or an application request.
[2025-09-08 06:54:25Z WARN BrokerServer] Back off 13.55 seconds before next retry. 4 attempt left.
[2025-09-08 06:54:39Z ERR  GitHubActionsService] GET request to https://broker.actions.githubusercontent.com/message?sessionId=03a66670-fee6-44d8-8e12-1c4221d1d233&status=Online&runnerVersion=2.328.0&os=Windows&architecture=X64&disableUpdate=false failed. System.Net.Http.HttpRequestException: No such host is known. (broker.actions.githubusercontent.com:443)
 ---> System.Net.Sockets.SocketException (11001): No such host is known.
   at System.Net.Sockets.Socket.AwaitableSocketAsyncEventArgs.ThrowException(SocketError error, CancellationToken cancellationToken)
   at System.Net.Sockets.Socket.AwaitableSocketAsyncEventArgs.System.Threading.Tasks.Sources.IValueTaskSource.GetResult(Int16 token)
   at System.Net.Sockets.Socket.<ConnectAsync>g__WaitForConnectWithCancellation|285_0(AwaitableSocketAsyncEventArgs saea, ValueTask connectTask, CancellationToken cancellationToken)
   at System.Net.Http.HttpConnectionPool.ConnectToTcpHostAsync(String host, Int32 port, HttpRequestMessage initialRequest, Boolean async, CancellationToken cancellationToken)
   --- End of inner exception stack trace ---
   at System.Net.Http.HttpConnectionPool.ConnectToTcpHostAsync(String host, Int32 port, HttpRequestMessage initialRequest, Boolean async, CancellationToken cancellationToken)
   at System.Net.Http.HttpConnectionPool.ConnectAsync(HttpRequestMessage request, Boolean async, CancellationToken cancellationToken)
   at System.Net.Http.HttpConnectionPool.CreateHttp11ConnectionAsync(HttpRequestMessage request, Boolean async, CancellationToken cancellationToken)
   at System.Net.Http.HttpConnectionPool.AddHttp11ConnectionAsync(QueueItem queueItem)
   at System.Threading.Tasks.TaskCompletionSourceWithCancellation`1.WaitWithCancellationAsync(CancellationToken cancellationToken)
   at System.Net.Http.HttpConnectionPool.SendWithVersionDetectionAndRetryAsync(HttpRequestMessage request, Boolean async, Boolean doRequestAuth, CancellationToken cancellationToken)
   at System.Net.Http.AuthenticationHelper.SendWithAuthAsync(HttpRequestMessage request, Uri authUri, Boolean async, ICredentials credentials, Boolean preAuthenticate, Boolean isProxyAuth, Boolean doRequestAuth, HttpConnectionPool pool, CancellationToken cancellationToken)
   at System.Net.Http.RedirectHandler.SendAsync(HttpRequestMessage request, Boolean async, CancellationToken cancellationToken)
   at GitHub.Services.Common.RawHttpMessageHandler.SendAsync(HttpRequestMessage request, CancellationToken cancellationToken)
   at GitHub.Services.Common.VssHttpRetryMessageHandler.SendAsync(HttpRequestMessage request, CancellationToken cancellationToken)
[2025-09-08 06:54:39Z ERR  BrokerServer] Catch exception during request
[2025-09-08 06:54:39Z ERR  BrokerServer] System.Net.Http.HttpRequestException: No such host is known. (broker.actions.githubusercontent.com:443)
 ---> System.Net.Sockets.SocketException (11001): No such host is known.
   at System.Net.Sockets.Socket.AwaitableSocketAsyncEventArgs.ThrowException(SocketError error, CancellationToken cancellationToken)
   at System.Net.Sockets.Socket.AwaitableSocketAsyncEventArgs.System.Threading.Tasks.Sources.IValueTaskSource.GetResult(Int16 token)
   at System.Net.Sockets.Socket.<ConnectAsync>g__WaitForConnectWithCancellation|285_0(AwaitableSocketAsyncEventArgs saea, ValueTask connectTask, CancellationToken cancellationToken)
   at System.Net.Http.HttpConnectionPool.ConnectToTcpHostAsync(String host, Int32 port, HttpRequestMessage initialRequest, Boolean async, CancellationToken cancellationToken)
   --- End of inner exception stack trace ---
   at GitHub.Services.Common.VssHttpRetryMessageHandler.SendAsync(HttpRequestMessage request, CancellationToken cancellationToken)
   at System.Net.Http.HttpClient.<SendAsync>g__Core|83_0(HttpRequestMessage request, HttpCompletionOption completionOption, CancellationTokenSource cts, Boolean disposeCts, CancellationTokenSource pendingRequestsCts, CancellationToken originalCancellationToken)
   at Sdk.WebApi.WebApi.RawHttpClientBase.SendAsync(HttpRequestMessage message, HttpCompletionOption completionOption, Object userState, CancellationToken cancellationToken)
   at Sdk.WebApi.WebApi.RawHttpClientBase.SendAsync[T](HttpRequestMessage message, Boolean readErrorBody, Object userState, CancellationToken cancellationToken)
   at Sdk.WebApi.WebApi.RawHttpClientBase.SendAsync[T](HttpMethod method, IEnumerable`1 additionalHeaders, Uri requestUri, HttpContent content, IEnumerable`1 queryParameters, Boolean readErrorBody, Object userState, CancellationToken cancellationToken)
   at GitHub.Actions.RunService.WebApi.BrokerHttpClient.GetRunnerMessageAsync(Nullable`1 sessionId, String runnerVersion, Nullable`1 status, String os, String architecture, Nullable`1 disableUpdate, CancellationToken cancellationToken)
   at GitHub.Runner.Common.BrokerServer.<>c__DisplayClass7_0.<<GetRunnerMessageAsync>b__0>d.MoveNext()
--- End of stack trace from previous location ---
   at GitHub.Runner.Common.RunnerService.RetryRequest[T](Func`1 func, CancellationToken cancellationToken, Int32 maxRetryAttemptsCount, Func`2 shouldRetry)
[2025-09-08 06:54:39Z ERR  BrokerServer] #####################################################
[2025-09-08 06:54:39Z ERR  BrokerServer] System.Net.Sockets.SocketException (11001): No such host is known.
   at System.Net.Sockets.Socket.AwaitableSocketAsyncEventArgs.ThrowException(SocketError error, CancellationToken cancellationToken)
   at System.Net.Sockets.Socket.AwaitableSocketAsyncEventArgs.System.Threading.Tasks.Sources.IValueTaskSource.GetResult(Int16 token)
   at System.Net.Sockets.Socket.<ConnectAsync>g__WaitForConnectWithCancellation|285_0(AwaitableSocketAsyncEventArgs saea, ValueTask connectTask, CancellationToken cancellationToken)
   at System.Net.Http.HttpConnectionPool.ConnectToTcpHostAsync(String host, Int32 port, HttpRequestMessage initialRequest, Boolean async, CancellationToken cancellationToken)
[2025-09-08 06:54:39Z WARN BrokerServer] Back off 5.507 seconds before next retry. 3 attempt left.
[2025-09-08 06:54:44Z ERR  GitHubActionsService] GET request to https://broker.actions.githubusercontent.com/message?sessionId=03a66670-fee6-44d8-8e12-1c4221d1d233&status=Online&runnerVersion=2.328.0&os=Windows&architecture=X64&disableUpdate=false failed. System.Net.Http.HttpRequestException: No such host is known. (broker.actions.githubusercontent.com:443)
 ---> System.Net.Sockets.SocketException (11001): No such host is known.
   at System.Net.Sockets.Socket.AwaitableSocketAsyncEventArgs.ThrowException(SocketError error, CancellationToken cancellationToken)
   at System.Net.Sockets.Socket.AwaitableSocketAsyncEventArgs.System.Threading.Tasks.Sources.IValueTaskSource.GetResult(Int16 token)
   at System.Net.Sockets.Socket.<ConnectAsync>g__WaitForConnectWithCancellation|285_0(AwaitableSocketAsyncEventArgs saea, ValueTask connectTask, CancellationToken cancellationToken)
   at System.Net.Http.HttpConnectionPool.ConnectToTcpHostAsync(String host, Int32 port, HttpRequestMessage initialRequest, Boolean async, CancellationToken cancellationToken)
   --- End of inner exception stack trace ---
   at System.Net.Http.HttpConnectionPool.ConnectToTcpHostAsync(String host, Int32 port, HttpRequestMessage initialRequest, Boolean async, CancellationToken cancellationToken)
   at System.Net.Http.HttpConnectionPool.ConnectAsync(HttpRequestMessage request, Boolean async, CancellationToken cancellationToken)
   at System.Net.Http.HttpConnectionPool.CreateHttp11ConnectionAsync(HttpRequestMessage request, Boolean async, CancellationToken cancellationToken)
   at System.Net.Http.HttpConnectionPool.AddHttp11ConnectionAsync(QueueItem queueItem)
   at System.Threading.Tasks.TaskCompletionSourceWithCancellation`1.WaitWithCancellationAsync(CancellationToken cancellationToken)
   at System.Net.Http.HttpConnectionPool.SendWithVersionDetectionAndRetryAsync(HttpRequestMessage request, Boolean async, Boolean doRequestAuth, CancellationToken cancellationToken)
   at System.Net.Http.AuthenticationHelper.SendWithAuthAsync(HttpRequestMessage request, Uri authUri, Boolean async, ICredentials credentials, Boolean preAuthenticate, Boolean isProxyAuth, Boolean doRequestAuth, HttpConnectionPool pool, CancellationToken cancellationToken)
   at System.Net.Http.RedirectHandler.SendAsync(HttpRequestMessage request, Boolean async, CancellationToken cancellationToken)
   at GitHub.Services.Common.RawHttpMessageHandler.SendAsync(HttpRequestMessage request, CancellationToken cancellationToken)
   at GitHub.Services.Common.VssHttpRetryMessageHandler.SendAsync(HttpRequestMessage request, CancellationToken cancellationToken)
[2025-09-08 06:54:44Z ERR  BrokerServer] Catch exception during request
[2025-09-08 06:54:44Z ERR  BrokerServer] System.Net.Http.HttpRequestException: No such host is known. (broker.actions.githubusercontent.com:443)
 ---> System.Net.Sockets.SocketException (11001): No such host is known.
   at System.Net.Sockets.Socket.AwaitableSocketAsyncEventArgs.ThrowException(SocketError error, CancellationToken cancellationToken)
   at System.Net.Sockets.Socket.AwaitableSocketAsyncEventArgs.System.Threading.Tasks.Sources.IValueTaskSource.GetResult(Int16 token)
   at System.Net.Sockets.Socket.<ConnectAsync>g__WaitForConnectWithCancellation|285_0(AwaitableSocketAsyncEventArgs saea, ValueTask connectTask, CancellationToken cancellationToken)
   at System.Net.Http.HttpConnectionPool.ConnectToTcpHostAsync(String host, Int32 port, HttpRequestMessage initialRequest, Boolean async, CancellationToken cancellationToken)
   --- End of inner exception stack trace ---
   at GitHub.Services.Common.VssHttpRetryMessageHandler.SendAsync(HttpRequestMessage request, CancellationToken cancellationToken)
   at System.Net.Http.HttpClient.<SendAsync>g__Core|83_0(HttpRequestMessage request, HttpCompletionOption completionOption, CancellationTokenSource cts, Boolean disposeCts, CancellationTokenSource pendingRequestsCts, CancellationToken originalCancellationToken)
   at Sdk.WebApi.WebApi.RawHttpClientBase.SendAsync(HttpRequestMessage message, HttpCompletionOption completionOption, Object userState, CancellationToken cancellationToken)
   at Sdk.WebApi.WebApi.RawHttpClientBase.SendAsync[T](HttpRequestMessage message, Boolean readErrorBody, Object userState, CancellationToken cancellationToken)
   at Sdk.WebApi.WebApi.RawHttpClientBase.SendAsync[T](HttpMethod method, IEnumerable`1 additionalHeaders, Uri requestUri, HttpContent content, IEnumerable`1 queryParameters, Boolean readErrorBody, Object userState, CancellationToken cancellationToken)
   at GitHub.Actions.RunService.WebApi.BrokerHttpClient.GetRunnerMessageAsync(Nullable`1 sessionId, String runnerVersion, Nullable`1 status, String os, String architecture, Nullable`1 disableUpdate, CancellationToken cancellationToken)
   at GitHub.Runner.Common.BrokerServer.<>c__DisplayClass7_0.<<GetRunnerMessageAsync>b__0>d.MoveNext()
--- End of stack trace from previous location ---
   at GitHub.Runner.Common.RunnerService.RetryRequest[T](Func`1 func, CancellationToken cancellationToken, Int32 maxRetryAttemptsCount, Func`2 shouldRetry)
[2025-09-08 06:54:44Z ERR  BrokerServer] #####################################################
[2025-09-08 06:54:44Z ERR  BrokerServer] System.Net.Sockets.SocketException (11001): No such host is known.
   at System.Net.Sockets.Socket.AwaitableSocketAsyncEventArgs.ThrowException(SocketError error, CancellationToken cancellationToken)
   at System.Net.Sockets.Socket.AwaitableSocketAsyncEventArgs.System.Threading.Tasks.Sources.IValueTaskSource.GetResult(Int16 token)
   at System.Net.Sockets.Socket.<ConnectAsync>g__WaitForConnectWithCancellation|285_0(AwaitableSocketAsyncEventArgs saea, ValueTask connectTask, CancellationToken cancellationToken)
   at System.Net.Http.HttpConnectionPool.ConnectToTcpHostAsync(String host, Int32 port, HttpRequestMessage initialRequest, Boolean async, CancellationToken cancellationToken)
[2025-09-08 06:54:44Z WARN BrokerServer] Back off 9.005 seconds before next retry. 2 attempt left.
[2025-09-08 06:54:53Z ERR  GitHubActionsService] GET request to https://broker.actions.githubusercontent.com/message?sessionId=03a66670-fee6-44d8-8e12-1c4221d1d233&status=Online&runnerVersion=2.328.0&os=Windows&architecture=X64&disableUpdate=false failed. System.Net.Http.HttpRequestException: No such host is known. (broker.actions.githubusercontent.com:443)
 ---> System.Net.Sockets.SocketException (11001): No such host is known.
   at System.Net.Sockets.Socket.AwaitableSocketAsyncEventArgs.ThrowException(SocketError error, CancellationToken cancellationToken)
   at System.Net.Sockets.Socket.AwaitableSocketAsyncEventArgs.System.Threading.Tasks.Sources.IValueTaskSource.GetResult(Int16 token)
   at System.Net.Sockets.Socket.<ConnectAsync>g__WaitForConnectWithCancellation|285_0(AwaitableSocketAsyncEventArgs saea, ValueTask connectTask, CancellationToken cancellationToken)
   at System.Net.Http.HttpConnectionPool.ConnectToTcpHostAsync(String host, Int32 port, HttpRequestMessage initialRequest, Boolean async, CancellationToken cancellationToken)
   --- End of inner exception stack trace ---
   at System.Net.Http.HttpConnectionPool.ConnectToTcpHostAsync(String host, Int32 port, HttpRequestMessage initialRequest, Boolean async, CancellationToken cancellationToken)
   at System.Net.Http.HttpConnectionPool.ConnectAsync(HttpRequestMessage request, Boolean async, CancellationToken cancellationToken)
   at System.Net.Http.HttpConnectionPool.CreateHttp11ConnectionAsync(HttpRequestMessage request, Boolean async, CancellationToken cancellationToken)
   at System.Net.Http.HttpConnectionPool.AddHttp11ConnectionAsync(QueueItem queueItem)
   at System.Threading.Tasks.TaskCompletionSourceWithCancellation`1.WaitWithCancellationAsync(CancellationToken cancellationToken)
   at System.Net.Http.HttpConnectionPool.SendWithVersionDetectionAndRetryAsync(HttpRequestMessage request, Boolean async, Boolean doRequestAuth, CancellationToken cancellationToken)
   at System.Net.Http.AuthenticationHelper.SendWithAuthAsync(HttpRequestMessage request, Uri authUri, Boolean async, ICredentials credentials, Boolean preAuthenticate, Boolean isProxyAuth, Boolean doRequestAuth, HttpConnectionPool pool, CancellationToken cancellationToken)
   at System.Net.Http.RedirectHandler.SendAsync(HttpRequestMessage request, Boolean async, CancellationToken cancellationToken)
   at GitHub.Services.Common.RawHttpMessageHandler.SendAsync(HttpRequestMessage request, CancellationToken cancellationToken)
   at GitHub.Services.Common.VssHttpRetryMessageHandler.SendAsync(HttpRequestMessage request, CancellationToken cancellationToken)
[2025-09-08 06:54:53Z ERR  BrokerServer] Catch exception during request
[2025-09-08 06:54:53Z ERR  BrokerServer] System.Net.Http.HttpRequestException: No such host is known. (broker.actions.githubusercontent.com:443)
 ---> System.Net.Sockets.SocketException (11001): No such host is known.
   at System.Net.Sockets.Socket.AwaitableSocketAsyncEventArgs.ThrowException(SocketError error, CancellationToken cancellationToken)
   at System.Net.Sockets.Socket.AwaitableSocketAsyncEventArgs.System.Threading.Tasks.Sources.IValueTaskSource.GetResult(Int16 token)
   at System.Net.Sockets.Socket.<ConnectAsync>g__WaitForConnectWithCancellation|285_0(AwaitableSocketAsyncEventArgs saea, ValueTask connectTask, CancellationToken cancellationToken)
   at System.Net.Http.HttpConnectionPool.ConnectToTcpHostAsync(String host, Int32 port, HttpRequestMessage initialRequest, Boolean async, CancellationToken cancellationToken)
   --- End of inner exception stack trace ---
   at GitHub.Services.Common.VssHttpRetryMessageHandler.SendAsync(HttpRequestMessage request, CancellationToken cancellationToken)
   at System.Net.Http.HttpClient.<SendAsync>g__Core|83_0(HttpRequestMessage request, HttpCompletionOption completionOption, CancellationTokenSource cts, Boolean disposeCts, CancellationTokenSource pendingRequestsCts, CancellationToken originalCancellationToken)
   at Sdk.WebApi.WebApi.RawHttpClientBase.SendAsync(HttpRequestMessage message, HttpCompletionOption completionOption, Object userState, CancellationToken cancellationToken)
   at Sdk.WebApi.WebApi.RawHttpClientBase.SendAsync[T](HttpRequestMessage message, Boolean readErrorBody, Object userState, CancellationToken cancellationToken)
   at Sdk.WebApi.WebApi.RawHttpClientBase.SendAsync[T](HttpMethod method, IEnumerable`1 additionalHeaders, Uri requestUri, HttpContent content, IEnumerable`1 queryParameters, Boolean readErrorBody, Object userState, CancellationToken cancellationToken)
   at GitHub.Actions.RunService.WebApi.BrokerHttpClient.GetRunnerMessageAsync(Nullable`1 sessionId, String runnerVersion, Nullable`1 status, String os, String architecture, Nullable`1 disableUpdate, CancellationToken cancellationToken)
   at GitHub.Runner.Common.BrokerServer.<>c__DisplayClass7_0.<<GetRunnerMessageAsync>b__0>d.MoveNext()
--- End of stack trace from previous location ---
   at GitHub.Runner.Common.RunnerService.RetryRequest[T](Func`1 func, CancellationToken cancellationToken, Int32 maxRetryAttemptsCount, Func`2 shouldRetry)
[2025-09-08 06:54:53Z ERR  BrokerServer] #####################################################
[2025-09-08 06:54:53Z ERR  BrokerServer] System.Net.Sockets.SocketException (11001): No such host is known.
   at System.Net.Sockets.Socket.AwaitableSocketAsyncEventArgs.ThrowException(SocketError error, CancellationToken cancellationToken)
   at System.Net.Sockets.Socket.AwaitableSocketAsyncEventArgs.System.Threading.Tasks.Sources.IValueTaskSource.GetResult(Int16 token)
   at System.Net.Sockets.Socket.<ConnectAsync>g__WaitForConnectWithCancellation|285_0(AwaitableSocketAsyncEventArgs saea, ValueTask connectTask, CancellationToken cancellationToken)
   at System.Net.Http.HttpConnectionPool.ConnectToTcpHostAsync(String host, Int32 port, HttpRequestMessage initialRequest, Boolean async, CancellationToken cancellationToken)
[2025-09-08 06:54:53Z WARN BrokerServer] Back off 10.337 seconds before next retry. 1 attempt left.
[2025-09-08 07:17:46Z INFO RSAEncryptedFileKeyManager] Loading RSA key parameters from file C:\laragon\www\sapapi\actions-runner\.credentials_rsaparams
[2025-09-08 07:17:48Z INFO GitHubActionsService] AAD Correlation ID for this token request: Unknown
[2025-09-08 07:42:07Z WARN GitHubActionsService] Attempt 1 of GET request to https://broker.actions.githubusercontent.com/message?sessionId=03a66670-fee6-44d8-8e12-1c4221d1d233&status=Online&runnerVersion=2.328.0&os=Windows&architecture=X64&disableUpdate=false failed (Socket Error: ConnectionReset). The operation will be retried in 10.99 seconds.
[2025-09-08 07:47:18Z WARN GitHubActionsService] Attempt 1 of GET request to https://broker.actions.githubusercontent.com/message?sessionId=03a66670-fee6-44d8-8e12-1c4221d1d233&status=Online&runnerVersion=2.328.0&os=Windows&architecture=X64&disableUpdate=false failed (Socket Error: ConnectionReset). The operation will be retried in 11.08 seconds.
[2025-09-08 08:08:30Z INFO RSAEncryptedFileKeyManager] Loading RSA key parameters from file C:\laragon\www\sapapi\actions-runner\.credentials_rsaparams
[2025-09-08 08:08:31Z INFO GitHubActionsService] AAD Correlation ID for this token request: Unknown
[2025-09-08 08:58:51Z INFO RSAEncryptedFileKeyManager] Loading RSA key parameters from file C:\laragon\www\sapapi\actions-runner\.credentials_rsaparams
[2025-09-08 08:58:52Z INFO GitHubActionsService] AAD Correlation ID for this token request: Unknown
[2025-09-08 09:49:10Z INFO RSAEncryptedFileKeyManager] Loading RSA key parameters from file C:\laragon\www\sapapi\actions-runner\.credentials_rsaparams
[2025-09-08 09:49:11Z INFO GitHubActionsService] AAD Correlation ID for this token request: Unknown
[2025-09-08 10:39:29Z INFO RSAEncryptedFileKeyManager] Loading RSA key parameters from file C:\laragon\www\sapapi\actions-runner\.credentials_rsaparams
[2025-09-08 10:39:30Z INFO GitHubActionsService] AAD Correlation ID for this token request: Unknown
[2025-09-08 11:29:49Z INFO RSAEncryptedFileKeyManager] Loading RSA key parameters from file C:\laragon\www\sapapi\actions-runner\.credentials_rsaparams
[2025-09-08 11:29:50Z INFO GitHubActionsService] AAD Correlation ID for this token request: Unknown
[2025-09-08 12:20:12Z INFO RSAEncryptedFileKeyManager] Loading RSA key parameters from file C:\laragon\www\sapapi\actions-runner\.credentials_rsaparams
[2025-09-08 12:20:13Z INFO GitHubActionsService] AAD Correlation ID for this token request: Unknown
[2025-09-08 13:10:32Z INFO RSAEncryptedFileKeyManager] Loading RSA key parameters from file C:\laragon\www\sapapi\actions-runner\.credentials_rsaparams
[2025-09-08 13:10:34Z INFO GitHubActionsService] AAD Correlation ID for this token request: Unknown
[2025-09-08 14:00:53Z INFO RSAEncryptedFileKeyManager] Loading RSA key parameters from file C:\laragon\www\sapapi\actions-runner\.credentials_rsaparams
[2025-09-08 14:00:55Z INFO GitHubActionsService] AAD Correlation ID for this token request: Unknown
[2025-09-08 14:51:13Z INFO RSAEncryptedFileKeyManager] Loading RSA key parameters from file C:\laragon\www\sapapi\actions-runner\.credentials_rsaparams
[2025-09-08 14:51:14Z INFO GitHubActionsService] AAD Correlation ID for this token request: Unknown
[2025-09-08 15:41:31Z INFO RSAEncryptedFileKeyManager] Loading RSA key parameters from file C:\laragon\www\sapapi\actions-runner\.credentials_rsaparams
[2025-09-08 15:41:33Z INFO GitHubActionsService] AAD Correlation ID for this token request: Unknown
[2025-09-08 16:31:51Z INFO RSAEncryptedFileKeyManager] Loading RSA key parameters from file C:\laragon\www\sapapi\actions-runner\.credentials_rsaparams
[2025-09-08 16:31:52Z INFO GitHubActionsService] AAD Correlation ID for this token request: Unknown
[2025-09-08 17:22:11Z INFO RSAEncryptedFileKeyManager] Loading RSA key parameters from file C:\laragon\www\sapapi\actions-runner\.credentials_rsaparams
[2025-09-08 17:22:12Z INFO GitHubActionsService] AAD Correlation ID for this token request: Unknown
[2025-09-08 18:12:30Z INFO RSAEncryptedFileKeyManager] Loading RSA key parameters from file C:\laragon\www\sapapi\actions-runner\.credentials_rsaparams
[2025-09-08 18:12:31Z INFO GitHubActionsService] AAD Correlation ID for this token request: Unknown
[2025-09-08 19:02:49Z INFO RSAEncryptedFileKeyManager] Loading RSA key parameters from file C:\laragon\www\sapapi\actions-runner\.credentials_rsaparams
[2025-09-08 19:02:50Z INFO GitHubActionsService] AAD Correlation ID for this token request: Unknown
[2025-09-08 19:53:08Z INFO RSAEncryptedFileKeyManager] Loading RSA key parameters from file C:\laragon\www\sapapi\actions-runner\.credentials_rsaparams
[2025-09-08 19:53:09Z INFO GitHubActionsService] AAD Correlation ID for this token request: Unknown
[2025-09-08 20:37:34Z WARN GitHubActionsService] GET request to https://broker.actions.githubusercontent.com/message?sessionId=03a66670-fee6-44d8-8e12-1c4221d1d233&status=Online&runnerVersion=2.328.0&os=Windows&architecture=X64&disableUpdate=false timed out after 100 seconds.
[2025-09-08 20:37:34Z ERR  BrokerServer] Catch exception during request
[2025-09-08 20:37:34Z ERR  BrokerServer] System.TimeoutException: The HTTP request timed out after 00:01:40.
 ---> System.Threading.Tasks.TaskCanceledException: The operation was canceled.
 ---> System.IO.IOException: Unable to read data from the transport connection: The I/O operation has been aborted because of either a thread exit or an application request..
 ---> System.Net.Sockets.SocketException (995): The I/O operation has been aborted because of either a thread exit or an application request.
   --- End of inner exception stack trace ---
   at System.Net.Sockets.Socket.AwaitableSocketAsyncEventArgs.ThrowException(SocketError error, CancellationToken cancellationToken)
   at System.Net.Sockets.Socket.AwaitableSocketAsyncEventArgs.System.Threading.Tasks.Sources.IValueTaskSource<System.Int32>.GetResult(Int16 token)
   at System.Net.Security.SslStream.EnsureFullTlsFrameAsync[TIOAdapter](CancellationToken cancellationToken, Int32 estimatedSize)
   at System.Runtime.CompilerServices.PoolingAsyncValueTaskMethodBuilder`1.StateMachineBox`1.System.Threading.Tasks.Sources.IValueTaskSource<TResult>.GetResult(Int16 token)
   at System.Net.Security.SslStream.ReadAsyncInternal[TIOAdapter](Memory`1 buffer, CancellationToken cancellationToken)
   at System.Runtime.CompilerServices.PoolingAsyncValueTaskMethodBuilder`1.StateMachineBox`1.System.Threading.Tasks.Sources.IValueTaskSource<TResult>.GetResult(Int16 token)
   at System.Net.Http.HttpConnection.SendAsync(HttpRequestMessage request, Boolean async, CancellationToken cancellationToken)
   --- End of inner exception stack trace ---
   at System.Net.Http.HttpConnection.SendAsync(HttpRequestMessage request, Boolean async, CancellationToken cancellationToken)
   at System.Net.Http.AuthenticationHelper.SendWithNtAuthAsync(HttpRequestMessage request, Uri authUri, Boolean async, ICredentials credentials, Boolean isProxyAuth, HttpConnection connection, HttpConnectionPool connectionPool, CancellationToken cancellationToken)
   at System.Net.Http.HttpConnectionPool.SendWithVersionDetectionAndRetryAsync(HttpRequestMessage request, Boolean async, Boolean doRequestAuth, CancellationToken cancellationToken)
   at System.Net.Http.AuthenticationHelper.SendWithAuthAsync(HttpRequestMessage request, Uri authUri, Boolean async, ICredentials credentials, Boolean preAuthenticate, Boolean isProxyAuth, Boolean doRequestAuth, HttpConnectionPool pool, CancellationToken cancellationToken)
   at System.Net.Http.RedirectHandler.SendAsync(HttpRequestMessage request, Boolean async, CancellationToken cancellationToken)
   at GitHub.Services.Common.RawHttpMessageHandler.SendAsync(HttpRequestMessage request, CancellationToken cancellationToken)
   --- End of inner exception stack trace ---
   at GitHub.Services.Common.RawHttpMessageHandler.SendAsync(HttpRequestMessage request, CancellationToken cancellationToken)
   at GitHub.Services.Common.VssHttpRetryMessageHandler.SendAsync(HttpRequestMessage request, CancellationToken cancellationToken)
   at System.Net.Http.HttpClient.<SendAsync>g__Core|83_0(HttpRequestMessage request, HttpCompletionOption completionOption, CancellationTokenSource cts, Boolean disposeCts, CancellationTokenSource pendingRequestsCts, CancellationToken originalCancellationToken)
   at Sdk.WebApi.WebApi.RawHttpClientBase.SendAsync(HttpRequestMessage message, HttpCompletionOption completionOption, Object userState, CancellationToken cancellationToken)
   at Sdk.WebApi.WebApi.RawHttpClientBase.SendAsync[T](HttpRequestMessage message, Boolean readErrorBody, Object userState, CancellationToken cancellationToken)
   at Sdk.WebApi.WebApi.RawHttpClientBase.SendAsync[T](HttpMethod method, IEnumerable`1 additionalHeaders, Uri requestUri, HttpContent content, IEnumerable`1 queryParameters, Boolean readErrorBody, Object userState, CancellationToken cancellationToken)
   at GitHub.Actions.RunService.WebApi.BrokerHttpClient.GetRunnerMessageAsync(Nullable`1 sessionId, String runnerVersion, Nullable`1 status, String os, String architecture, Nullable`1 disableUpdate, CancellationToken cancellationToken)
   at GitHub.Runner.Common.BrokerServer.<>c__DisplayClass7_0.<<GetRunnerMessageAsync>b__0>d.MoveNext()
--- End of stack trace from previous location ---
   at GitHub.Runner.Common.RunnerService.RetryRequest[T](Func`1 func, CancellationToken cancellationToken, Int32 maxRetryAttemptsCount, Func`2 shouldRetry)
[2025-09-08 20:37:34Z ERR  BrokerServer] #####################################################
[2025-09-08 20:37:34Z ERR  BrokerServer] System.Threading.Tasks.TaskCanceledException: The operation was canceled.
 ---> System.IO.IOException: Unable to read data from the transport connection: The I/O operation has been aborted because of either a thread exit or an application request..
 ---> System.Net.Sockets.SocketException (995): The I/O operation has been aborted because of either a thread exit or an application request.
   --- End of inner exception stack trace ---
   at System.Net.Sockets.Socket.AwaitableSocketAsyncEventArgs.ThrowException(SocketError error, CancellationToken cancellationToken)
   at System.Net.Sockets.Socket.AwaitableSocketAsyncEventArgs.System.Threading.Tasks.Sources.IValueTaskSource<System.Int32>.GetResult(Int16 token)
   at System.Net.Security.SslStream.EnsureFullTlsFrameAsync[TIOAdapter](CancellationToken cancellationToken, Int32 estimatedSize)
   at System.Runtime.CompilerServices.PoolingAsyncValueTaskMethodBuilder`1.StateMachineBox`1.System.Threading.Tasks.Sources.IValueTaskSource<TResult>.GetResult(Int16 token)
   at System.Net.Security.SslStream.ReadAsyncInternal[TIOAdapter](Memory`1 buffer, CancellationToken cancellationToken)
   at System.Runtime.CompilerServices.PoolingAsyncValueTaskMethodBuilder`1.StateMachineBox`1.System.Threading.Tasks.Sources.IValueTaskSource<TResult>.GetResult(Int16 token)
   at System.Net.Http.HttpConnection.SendAsync(HttpRequestMessage request, Boolean async, CancellationToken cancellationToken)
   --- End of inner exception stack trace ---
   at System.Net.Http.HttpConnection.SendAsync(HttpRequestMessage request, Boolean async, CancellationToken cancellationToken)
   at System.Net.Http.AuthenticationHelper.SendWithNtAuthAsync(HttpRequestMessage request, Uri authUri, Boolean async, ICredentials credentials, Boolean isProxyAuth, HttpConnection connection, HttpConnectionPool connectionPool, CancellationToken cancellationToken)
   at System.Net.Http.HttpConnectionPool.SendWithVersionDetectionAndRetryAsync(HttpRequestMessage request, Boolean async, Boolean doRequestAuth, CancellationToken cancellationToken)
   at System.Net.Http.AuthenticationHelper.SendWithAuthAsync(HttpRequestMessage request, Uri authUri, Boolean async, ICredentials credentials, Boolean preAuthenticate, Boolean isProxyAuth, Boolean doRequestAuth, HttpConnectionPool pool, CancellationToken cancellationToken)
   at System.Net.Http.RedirectHandler.SendAsync(HttpRequestMessage request, Boolean async, CancellationToken cancellationToken)
   at GitHub.Services.Common.RawHttpMessageHandler.SendAsync(HttpRequestMessage request, CancellationToken cancellationToken)
[2025-09-08 20:37:34Z ERR  BrokerServer] #####################################################
[2025-09-08 20:37:34Z ERR  BrokerServer] System.IO.IOException: Unable to read data from the transport connection: The I/O operation has been aborted because of either a thread exit or an application request..
 ---> System.Net.Sockets.SocketException (995): The I/O operation has been aborted because of either a thread exit or an application request.
   --- End of inner exception stack trace ---
   at System.Net.Sockets.Socket.AwaitableSocketAsyncEventArgs.ThrowException(SocketError error, CancellationToken cancellationToken)
   at System.Net.Sockets.Socket.AwaitableSocketAsyncEventArgs.System.Threading.Tasks.Sources.IValueTaskSource<System.Int32>.GetResult(Int16 token)
   at System.Net.Security.SslStream.EnsureFullTlsFrameAsync[TIOAdapter](CancellationToken cancellationToken, Int32 estimatedSize)
   at System.Runtime.CompilerServices.PoolingAsyncValueTaskMethodBuilder`1.StateMachineBox`1.System.Threading.Tasks.Sources.IValueTaskSource<TResult>.GetResult(Int16 token)
   at System.Net.Security.SslStream.ReadAsyncInternal[TIOAdapter](Memory`1 buffer, CancellationToken cancellationToken)
   at System.Runtime.CompilerServices.PoolingAsyncValueTaskMethodBuilder`1.StateMachineBox`1.System.Threading.Tasks.Sources.IValueTaskSource<TResult>.GetResult(Int16 token)
   at System.Net.Http.HttpConnection.SendAsync(HttpRequestMessage request, Boolean async, CancellationToken cancellationToken)
[2025-09-08 20:37:34Z ERR  BrokerServer] #####################################################
[2025-09-08 20:37:34Z ERR  BrokerServer] System.Net.Sockets.SocketException (995): The I/O operation has been aborted because of either a thread exit or an application request.
[2025-09-08 20:37:34Z WARN BrokerServer] Back off 5.769 seconds before next retry. 4 attempt left.
[2025-09-08 20:37:39Z ERR  GitHubActionsService] GET request to https://broker.actions.githubusercontent.com/message?sessionId=03a66670-fee6-44d8-8e12-1c4221d1d233&status=Online&runnerVersion=2.328.0&os=Windows&architecture=X64&disableUpdate=false failed. System.Net.Http.HttpRequestException: No such host is known. (broker.actions.githubusercontent.com:443)
 ---> System.Net.Sockets.SocketException (11001): No such host is known.
   at System.Net.Sockets.Socket.AwaitableSocketAsyncEventArgs.ThrowException(SocketError error, CancellationToken cancellationToken)
   at System.Net.Sockets.Socket.AwaitableSocketAsyncEventArgs.System.Threading.Tasks.Sources.IValueTaskSource.GetResult(Int16 token)
   at System.Net.Sockets.Socket.<ConnectAsync>g__WaitForConnectWithCancellation|285_0(AwaitableSocketAsyncEventArgs saea, ValueTask connectTask, CancellationToken cancellationToken)
   at System.Net.Http.HttpConnectionPool.ConnectToTcpHostAsync(String host, Int32 port, HttpRequestMessage initialRequest, Boolean async, CancellationToken cancellationToken)
   --- End of inner exception stack trace ---
   at System.Net.Http.HttpConnectionPool.ConnectToTcpHostAsync(String host, Int32 port, HttpRequestMessage initialRequest, Boolean async, CancellationToken cancellationToken)
   at System.Net.Http.HttpConnectionPool.ConnectAsync(HttpRequestMessage request, Boolean async, CancellationToken cancellationToken)
   at System.Net.Http.HttpConnectionPool.CreateHttp11ConnectionAsync(HttpRequestMessage request, Boolean async, CancellationToken cancellationToken)
   at System.Net.Http.HttpConnectionPool.AddHttp11ConnectionAsync(QueueItem queueItem)
   at System.Threading.Tasks.TaskCompletionSourceWithCancellation`1.WaitWithCancellationAsync(CancellationToken cancellationToken)
   at System.Net.Http.HttpConnectionPool.SendWithVersionDetectionAndRetryAsync(HttpRequestMessage request, Boolean async, Boolean doRequestAuth, CancellationToken cancellationToken)
   at System.Net.Http.AuthenticationHelper.SendWithAuthAsync(HttpRequestMessage request, Uri authUri, Boolean async, ICredentials credentials, Boolean preAuthenticate, Boolean isProxyAuth, Boolean doRequestAuth, HttpConnectionPool pool, CancellationToken cancellationToken)
   at System.Net.Http.RedirectHandler.SendAsync(HttpRequestMessage request, Boolean async, CancellationToken cancellationToken)
   at GitHub.Services.Common.RawHttpMessageHandler.SendAsync(HttpRequestMessage request, CancellationToken cancellationToken)
   at GitHub.Services.Common.VssHttpRetryMessageHandler.SendAsync(HttpRequestMessage request, CancellationToken cancellationToken)
[2025-09-08 20:37:39Z ERR  BrokerServer] Catch exception during request
[2025-09-08 20:37:39Z ERR  BrokerServer] System.Net.Http.HttpRequestException: No such host is known. (broker.actions.githubusercontent.com:443)
 ---> System.Net.Sockets.SocketException (11001): No such host is known.
   at System.Net.Sockets.Socket.AwaitableSocketAsyncEventArgs.ThrowException(SocketError error, CancellationToken cancellationToken)
   at System.Net.Sockets.Socket.AwaitableSocketAsyncEventArgs.System.Threading.Tasks.Sources.IValueTaskSource.GetResult(Int16 token)
   at System.Net.Sockets.Socket.<ConnectAsync>g__WaitForConnectWithCancellation|285_0(AwaitableSocketAsyncEventArgs saea, ValueTask connectTask, CancellationToken cancellationToken)
   at System.Net.Http.HttpConnectionPool.ConnectToTcpHostAsync(String host, Int32 port, HttpRequestMessage initialRequest, Boolean async, CancellationToken cancellationToken)
   --- End of inner exception stack trace ---
   at GitHub.Services.Common.VssHttpRetryMessageHandler.SendAsync(HttpRequestMessage request, CancellationToken cancellationToken)
   at System.Net.Http.HttpClient.<SendAsync>g__Core|83_0(HttpRequestMessage request, HttpCompletionOption completionOption, CancellationTokenSource cts, Boolean disposeCts, CancellationTokenSource pendingRequestsCts, CancellationToken originalCancellationToken)
   at Sdk.WebApi.WebApi.RawHttpClientBase.SendAsync(HttpRequestMessage message, HttpCompletionOption completionOption, Object userState, CancellationToken cancellationToken)
   at Sdk.WebApi.WebApi.RawHttpClientBase.SendAsync[T](HttpRequestMessage message, Boolean readErrorBody, Object userState, CancellationToken cancellationToken)
   at Sdk.WebApi.WebApi.RawHttpClientBase.SendAsync[T](HttpMethod method, IEnumerable`1 additionalHeaders, Uri requestUri, HttpContent content, IEnumerable`1 queryParameters, Boolean readErrorBody, Object userState, CancellationToken cancellationToken)
   at GitHub.Actions.RunService.WebApi.BrokerHttpClient.GetRunnerMessageAsync(Nullable`1 sessionId, String runnerVersion, Nullable`1 status, String os, String architecture, Nullable`1 disableUpdate, CancellationToken cancellationToken)
   at GitHub.Runner.Common.BrokerServer.<>c__DisplayClass7_0.<<GetRunnerMessageAsync>b__0>d.MoveNext()
--- End of stack trace from previous location ---
   at GitHub.Runner.Common.RunnerService.RetryRequest[T](Func`1 func, CancellationToken cancellationToken, Int32 maxRetryAttemptsCount, Func`2 shouldRetry)
[2025-09-08 20:37:39Z ERR  BrokerServer] #####################################################
[2025-09-08 20:37:39Z ERR  BrokerServer] System.Net.Sockets.SocketException (11001): No such host is known.
   at System.Net.Sockets.Socket.AwaitableSocketAsyncEventArgs.ThrowException(SocketError error, CancellationToken cancellationToken)
   at System.Net.Sockets.Socket.AwaitableSocketAsyncEventArgs.System.Threading.Tasks.Sources.IValueTaskSource.GetResult(Int16 token)
   at System.Net.Sockets.Socket.<ConnectAsync>g__WaitForConnectWithCancellation|285_0(AwaitableSocketAsyncEventArgs saea, ValueTask connectTask, CancellationToken cancellationToken)
   at System.Net.Http.HttpConnectionPool.ConnectToTcpHostAsync(String host, Int32 port, HttpRequestMessage initialRequest, Boolean async, CancellationToken cancellationToken)
[2025-09-08 20:37:39Z WARN BrokerServer] Back off 8.655 seconds before next retry. 3 attempt left.
[2025-09-08 20:37:48Z ERR  GitHubActionsService] GET request to https://broker.actions.githubusercontent.com/message?sessionId=03a66670-fee6-44d8-8e12-1c4221d1d233&status=Online&runnerVersion=2.328.0&os=Windows&architecture=X64&disableUpdate=false failed. System.Net.Http.HttpRequestException: No such host is known. (broker.actions.githubusercontent.com:443)
 ---> System.Net.Sockets.SocketException (11001): No such host is known.
   at System.Net.Sockets.Socket.AwaitableSocketAsyncEventArgs.ThrowException(SocketError error, CancellationToken cancellationToken)
   at System.Net.Sockets.Socket.AwaitableSocketAsyncEventArgs.System.Threading.Tasks.Sources.IValueTaskSource.GetResult(Int16 token)
   at System.Net.Sockets.Socket.<ConnectAsync>g__WaitForConnectWithCancellation|285_0(AwaitableSocketAsyncEventArgs saea, ValueTask connectTask, CancellationToken cancellationToken)
   at System.Net.Http.HttpConnectionPool.ConnectToTcpHostAsync(String host, Int32 port, HttpRequestMessage initialRequest, Boolean async, CancellationToken cancellationToken)
   --- End of inner exception stack trace ---
   at System.Net.Http.HttpConnectionPool.ConnectToTcpHostAsync(String host, Int32 port, HttpRequestMessage initialRequest, Boolean async, CancellationToken cancellationToken)
   at System.Net.Http.HttpConnectionPool.ConnectAsync(HttpRequestMessage request, Boolean async, CancellationToken cancellationToken)
   at System.Net.Http.HttpConnectionPool.CreateHttp11ConnectionAsync(HttpRequestMessage request, Boolean async, CancellationToken cancellationToken)
   at System.Net.Http.HttpConnectionPool.AddHttp11ConnectionAsync(QueueItem queueItem)
   at System.Threading.Tasks.TaskCompletionSourceWithCancellation`1.WaitWithCancellationAsync(CancellationToken cancellationToken)
   at System.Net.Http.HttpConnectionPool.SendWithVersionDetectionAndRetryAsync(HttpRequestMessage request, Boolean async, Boolean doRequestAuth, CancellationToken cancellationToken)
   at System.Net.Http.AuthenticationHelper.SendWithAuthAsync(HttpRequestMessage request, Uri authUri, Boolean async, ICredentials credentials, Boolean preAuthenticate, Boolean isProxyAuth, Boolean doRequestAuth, HttpConnectionPool pool, CancellationToken cancellationToken)
   at System.Net.Http.RedirectHandler.SendAsync(HttpRequestMessage request, Boolean async, CancellationToken cancellationToken)
   at GitHub.Services.Common.RawHttpMessageHandler.SendAsync(HttpRequestMessage request, CancellationToken cancellationToken)
   at GitHub.Services.Common.VssHttpRetryMessageHandler.SendAsync(HttpRequestMessage request, CancellationToken cancellationToken)
[2025-09-08 20:37:48Z ERR  BrokerServer] Catch exception during request
[2025-09-08 20:37:48Z ERR  BrokerServer] System.Net.Http.HttpRequestException: No such host is known. (broker.actions.githubusercontent.com:443)
 ---> System.Net.Sockets.SocketException (11001): No such host is known.
   at System.Net.Sockets.Socket.AwaitableSocketAsyncEventArgs.ThrowException(SocketError error, CancellationToken cancellationToken)
   at System.Net.Sockets.Socket.AwaitableSocketAsyncEventArgs.System.Threading.Tasks.Sources.IValueTaskSource.GetResult(Int16 token)
   at System.Net.Sockets.Socket.<ConnectAsync>g__WaitForConnectWithCancellation|285_0(AwaitableSocketAsyncEventArgs saea, ValueTask connectTask, CancellationToken cancellationToken)
   at System.Net.Http.HttpConnectionPool.ConnectToTcpHostAsync(String host, Int32 port, HttpRequestMessage initialRequest, Boolean async, CancellationToken cancellationToken)
   --- End of inner exception stack trace ---
   at GitHub.Services.Common.VssHttpRetryMessageHandler.SendAsync(HttpRequestMessage request, CancellationToken cancellationToken)
   at System.Net.Http.HttpClient.<SendAsync>g__Core|83_0(HttpRequestMessage request, HttpCompletionOption completionOption, CancellationTokenSource cts, Boolean disposeCts, CancellationTokenSource pendingRequestsCts, CancellationToken originalCancellationToken)
   at Sdk.WebApi.WebApi.RawHttpClientBase.SendAsync(HttpRequestMessage message, HttpCompletionOption completionOption, Object userState, CancellationToken cancellationToken)
   at Sdk.WebApi.WebApi.RawHttpClientBase.SendAsync[T](HttpRequestMessage message, Boolean readErrorBody, Object userState, CancellationToken cancellationToken)
   at Sdk.WebApi.WebApi.RawHttpClientBase.SendAsync[T](HttpMethod method, IEnumerable`1 additionalHeaders, Uri requestUri, HttpContent content, IEnumerable`1 queryParameters, Boolean readErrorBody, Object userState, CancellationToken cancellationToken)
   at GitHub.Actions.RunService.WebApi.BrokerHttpClient.GetRunnerMessageAsync(Nullable`1 sessionId, String runnerVersion, Nullable`1 status, String os, String architecture, Nullable`1 disableUpdate, CancellationToken cancellationToken)
   at GitHub.Runner.Common.BrokerServer.<>c__DisplayClass7_0.<<GetRunnerMessageAsync>b__0>d.MoveNext()
--- End of stack trace from previous location ---
   at GitHub.Runner.Common.RunnerService.RetryRequest[T](Func`1 func, CancellationToken cancellationToken, Int32 maxRetryAttemptsCount, Func`2 shouldRetry)
[2025-09-08 20:37:48Z ERR  BrokerServer] #####################################################
[2025-09-08 20:37:48Z ERR  BrokerServer] System.Net.Sockets.SocketException (11001): No such host is known.
   at System.Net.Sockets.Socket.AwaitableSocketAsyncEventArgs.ThrowException(SocketError error, CancellationToken cancellationToken)
   at System.Net.Sockets.Socket.AwaitableSocketAsyncEventArgs.System.Threading.Tasks.Sources.IValueTaskSource.GetResult(Int16 token)
   at System.Net.Sockets.Socket.<ConnectAsync>g__WaitForConnectWithCancellation|285_0(AwaitableSocketAsyncEventArgs saea, ValueTask connectTask, CancellationToken cancellationToken)
   at System.Net.Http.HttpConnectionPool.ConnectToTcpHostAsync(String host, Int32 port, HttpRequestMessage initialRequest, Boolean async, CancellationToken cancellationToken)
[2025-09-08 20:37:48Z WARN BrokerServer] Back off 8.224 seconds before next retry. 2 attempt left.
[2025-09-08 20:37:56Z ERR  GitHubActionsService] GET request to https://broker.actions.githubusercontent.com/message?sessionId=03a66670-fee6-44d8-8e12-1c4221d1d233&status=Online&runnerVersion=2.328.0&os=Windows&architecture=X64&disableUpdate=false failed. System.Net.Http.HttpRequestException: No such host is known. (broker.actions.githubusercontent.com:443)
 ---> System.Net.Sockets.SocketException (11001): No such host is known.
   at System.Net.Sockets.Socket.AwaitableSocketAsyncEventArgs.ThrowException(SocketError error, CancellationToken cancellationToken)
   at System.Net.Sockets.Socket.AwaitableSocketAsyncEventArgs.System.Threading.Tasks.Sources.IValueTaskSource.GetResult(Int16 token)
   at System.Net.Sockets.Socket.<ConnectAsync>g__WaitForConnectWithCancellation|285_0(AwaitableSocketAsyncEventArgs saea, ValueTask connectTask, CancellationToken cancellationToken)
   at System.Net.Http.HttpConnectionPool.ConnectToTcpHostAsync(String host, Int32 port, HttpRequestMessage initialRequest, Boolean async, CancellationToken cancellationToken)
   --- End of inner exception stack trace ---
   at System.Net.Http.HttpConnectionPool.ConnectToTcpHostAsync(String host, Int32 port, HttpRequestMessage initialRequest, Boolean async, CancellationToken cancellationToken)
   at System.Net.Http.HttpConnectionPool.ConnectAsync(HttpRequestMessage request, Boolean async, CancellationToken cancellationToken)
   at System.Net.Http.HttpConnectionPool.CreateHttp11ConnectionAsync(HttpRequestMessage request, Boolean async, CancellationToken cancellationToken)
   at System.Net.Http.HttpConnectionPool.AddHttp11ConnectionAsync(QueueItem queueItem)
   at System.Threading.Tasks.TaskCompletionSourceWithCancellation`1.WaitWithCancellationAsync(CancellationToken cancellationToken)
   at System.Net.Http.HttpConnectionPool.SendWithVersionDetectionAndRetryAsync(HttpRequestMessage request, Boolean async, Boolean doRequestAuth, CancellationToken cancellationToken)
   at System.Net.Http.AuthenticationHelper.SendWithAuthAsync(HttpRequestMessage request, Uri authUri, Boolean async, ICredentials credentials, Boolean preAuthenticate, Boolean isProxyAuth, Boolean doRequestAuth, HttpConnectionPool pool, CancellationToken cancellationToken)
   at System.Net.Http.RedirectHandler.SendAsync(HttpRequestMessage request, Boolean async, CancellationToken cancellationToken)
   at GitHub.Services.Common.RawHttpMessageHandler.SendAsync(HttpRequestMessage request, CancellationToken cancellationToken)
   at GitHub.Services.Common.VssHttpRetryMessageHandler.SendAsync(HttpRequestMessage request, CancellationToken cancellationToken)
[2025-09-08 20:37:56Z ERR  BrokerServer] Catch exception during request
[2025-09-08 20:37:56Z ERR  BrokerServer] System.Net.Http.HttpRequestException: No such host is known. (broker.actions.githubusercontent.com:443)
 ---> System.Net.Sockets.SocketException (11001): No such host is known.
   at System.Net.Sockets.Socket.AwaitableSocketAsyncEventArgs.ThrowException(SocketError error, CancellationToken cancellationToken)
   at System.Net.Sockets.Socket.AwaitableSocketAsyncEventArgs.System.Threading.Tasks.Sources.IValueTaskSource.GetResult(Int16 token)
   at System.Net.Sockets.Socket.<ConnectAsync>g__WaitForConnectWithCancellation|285_0(AwaitableSocketAsyncEventArgs saea, ValueTask connectTask, CancellationToken cancellationToken)
   at System.Net.Http.HttpConnectionPool.ConnectToTcpHostAsync(String host, Int32 port, HttpRequestMessage initialRequest, Boolean async, CancellationToken cancellationToken)
   --- End of inner exception stack trace ---
   at GitHub.Services.Common.VssHttpRetryMessageHandler.SendAsync(HttpRequestMessage request, CancellationToken cancellationToken)
   at System.Net.Http.HttpClient.<SendAsync>g__Core|83_0(HttpRequestMessage request, HttpCompletionOption completionOption, CancellationTokenSource cts, Boolean disposeCts, CancellationTokenSource pendingRequestsCts, CancellationToken originalCancellationToken)
   at Sdk.WebApi.WebApi.RawHttpClientBase.SendAsync(HttpRequestMessage message, HttpCompletionOption completionOption, Object userState, CancellationToken cancellationToken)
   at Sdk.WebApi.WebApi.RawHttpClientBase.SendAsync[T](HttpRequestMessage message, Boolean readErrorBody, Object userState, CancellationToken cancellationToken)
   at Sdk.WebApi.WebApi.RawHttpClientBase.SendAsync[T](HttpMethod method, IEnumerable`1 additionalHeaders, Uri requestUri, HttpContent content, IEnumerable`1 queryParameters, Boolean readErrorBody, Object userState, CancellationToken cancellationToken)
   at GitHub.Actions.RunService.WebApi.BrokerHttpClient.GetRunnerMessageAsync(Nullable`1 sessionId, String runnerVersion, Nullable`1 status, String os, String architecture, Nullable`1 disableUpdate, CancellationToken cancellationToken)
   at GitHub.Runner.Common.BrokerServer.<>c__DisplayClass7_0.<<GetRunnerMessageAsync>b__0>d.MoveNext()
--- End of stack trace from previous location ---
   at GitHub.Runner.Common.RunnerService.RetryRequest[T](Func`1 func, CancellationToken cancellationToken, Int32 maxRetryAttemptsCount, Func`2 shouldRetry)
[2025-09-08 20:37:56Z ERR  BrokerServer] #####################################################
[2025-09-08 20:37:56Z ERR  BrokerServer] System.Net.Sockets.SocketException (11001): No such host is known.
   at System.Net.Sockets.Socket.AwaitableSocketAsyncEventArgs.ThrowException(SocketError error, CancellationToken cancellationToken)
   at System.Net.Sockets.Socket.AwaitableSocketAsyncEventArgs.System.Threading.Tasks.Sources.IValueTaskSource.GetResult(Int16 token)
   at System.Net.Sockets.Socket.<ConnectAsync>g__WaitForConnectWithCancellation|285_0(AwaitableSocketAsyncEventArgs saea, ValueTask connectTask, CancellationToken cancellationToken)
   at System.Net.Http.HttpConnectionPool.ConnectToTcpHostAsync(String host, Int32 port, HttpRequestMessage initialRequest, Boolean async, CancellationToken cancellationToken)
[2025-09-08 20:37:56Z WARN BrokerServer] Back off 7.223 seconds before next retry. 1 attempt left.
[2025-09-08 20:38:04Z ERR  GitHubActionsService] GET request to https://broker.actions.githubusercontent.com/message?sessionId=03a66670-fee6-44d8-8e12-1c4221d1d233&status=Online&runnerVersion=2.328.0&os=Windows&architecture=X64&disableUpdate=false failed. System.Net.Http.HttpRequestException: No such host is known. (broker.actions.githubusercontent.com:443)
 ---> System.Net.Sockets.SocketException (11001): No such host is known.
   at System.Net.Sockets.Socket.AwaitableSocketAsyncEventArgs.ThrowException(SocketError error, CancellationToken cancellationToken)
   at System.Net.Sockets.Socket.AwaitableSocketAsyncEventArgs.System.Threading.Tasks.Sources.IValueTaskSource.GetResult(Int16 token)
   at System.Net.Sockets.Socket.<ConnectAsync>g__WaitForConnectWithCancellation|285_0(AwaitableSocketAsyncEventArgs saea, ValueTask connectTask, CancellationToken cancellationToken)
   at System.Net.Http.HttpConnectionPool.ConnectToTcpHostAsync(String host, Int32 port, HttpRequestMessage initialRequest, Boolean async, CancellationToken cancellationToken)
   --- End of inner exception stack trace ---
   at System.Net.Http.HttpConnectionPool.ConnectToTcpHostAsync(String host, Int32 port, HttpRequestMessage initialRequest, Boolean async, CancellationToken cancellationToken)
   at System.Net.Http.HttpConnectionPool.ConnectAsync(HttpRequestMessage request, Boolean async, CancellationToken cancellationToken)
   at System.Net.Http.HttpConnectionPool.CreateHttp11ConnectionAsync(HttpRequestMessage request, Boolean async, CancellationToken cancellationToken)
   at System.Net.Http.HttpConnectionPool.AddHttp11ConnectionAsync(QueueItem queueItem)
   at System.Threading.Tasks.TaskCompletionSourceWithCancellation`1.WaitWithCancellationAsync(CancellationToken cancellationToken)
   at System.Net.Http.HttpConnectionPool.SendWithVersionDetectionAndRetryAsync(HttpRequestMessage request, Boolean async, Boolean doRequestAuth, CancellationToken cancellationToken)
   at System.Net.Http.AuthenticationHelper.SendWithAuthAsync(HttpRequestMessage request, Uri authUri, Boolean async, ICredentials credentials, Boolean preAuthenticate, Boolean isProxyAuth, Boolean doRequestAuth, HttpConnectionPool pool, CancellationToken cancellationToken)
   at System.Net.Http.RedirectHandler.SendAsync(HttpRequestMessage request, Boolean async, CancellationToken cancellationToken)
   at GitHub.Services.Common.RawHttpMessageHandler.SendAsync(HttpRequestMessage request, CancellationToken cancellationToken)
   at GitHub.Services.Common.VssHttpRetryMessageHandler.SendAsync(HttpRequestMessage request, CancellationToken cancellationToken)
[2025-09-08 20:38:04Z ERR  BrokerMessageListener] Catch exception during get next message.
[2025-09-08 20:38:04Z ERR  BrokerMessageListener] System.Net.Http.HttpRequestException: No such host is known. (broker.actions.githubusercontent.com:443)
 ---> System.Net.Sockets.SocketException (11001): No such host is known.
   at System.Net.Sockets.Socket.AwaitableSocketAsyncEventArgs.ThrowException(SocketError error, CancellationToken cancellationToken)
   at System.Net.Sockets.Socket.AwaitableSocketAsyncEventArgs.System.Threading.Tasks.Sources.IValueTaskSource.GetResult(Int16 token)
   at System.Net.Sockets.Socket.<ConnectAsync>g__WaitForConnectWithCancellation|285_0(AwaitableSocketAsyncEventArgs saea, ValueTask connectTask, CancellationToken cancellationToken)
   at System.Net.Http.HttpConnectionPool.ConnectToTcpHostAsync(String host, Int32 port, HttpRequestMessage initialRequest, Boolean async, CancellationToken cancellationToken)
   --- End of inner exception stack trace ---
   at GitHub.Services.Common.VssHttpRetryMessageHandler.SendAsync(HttpRequestMessage request, CancellationToken cancellationToken)
   at System.Net.Http.HttpClient.<SendAsync>g__Core|83_0(HttpRequestMessage request, HttpCompletionOption completionOption, CancellationTokenSource cts, Boolean disposeCts, CancellationTokenSource pendingRequestsCts, CancellationToken originalCancellationToken)
   at Sdk.WebApi.WebApi.RawHttpClientBase.SendAsync(HttpRequestMessage message, HttpCompletionOption completionOption, Object userState, CancellationToken cancellationToken)
   at Sdk.WebApi.WebApi.RawHttpClientBase.SendAsync[T](HttpRequestMessage message, Boolean readErrorBody, Object userState, CancellationToken cancellationToken)
   at Sdk.WebApi.WebApi.RawHttpClientBase.SendAsync[T](HttpMethod method, IEnumerable`1 additionalHeaders, Uri requestUri, HttpContent content, IEnumerable`1 queryParameters, Boolean readErrorBody, Object userState, CancellationToken cancellationToken)
   at GitHub.Actions.RunService.WebApi.BrokerHttpClient.GetRunnerMessageAsync(Nullable`1 sessionId, String runnerVersion, Nullable`1 status, String os, String architecture, Nullable`1 disableUpdate, CancellationToken cancellationToken)
   at GitHub.Runner.Common.BrokerServer.<>c__DisplayClass7_0.<<GetRunnerMessageAsync>b__0>d.MoveNext()
--- End of stack trace from previous location ---
   at GitHub.Runner.Common.RunnerService.RetryRequest[T](Func`1 func, CancellationToken cancellationToken, Int32 maxRetryAttemptsCount, Func`2 shouldRetry)
   at GitHub.Runner.Listener.BrokerMessageListener.GetNextMessageAsync(CancellationToken token)
[2025-09-08 20:38:04Z ERR  BrokerMessageListener] #####################################################
[2025-09-08 20:38:04Z ERR  BrokerMessageListener] System.Net.Sockets.SocketException (11001): No such host is known.
   at System.Net.Sockets.Socket.AwaitableSocketAsyncEventArgs.ThrowException(SocketError error, CancellationToken cancellationToken)
   at System.Net.Sockets.Socket.AwaitableSocketAsyncEventArgs.System.Threading.Tasks.Sources.IValueTaskSource.GetResult(Int16 token)
   at System.Net.Sockets.Socket.<ConnectAsync>g__WaitForConnectWithCancellation|285_0(AwaitableSocketAsyncEventArgs saea, ValueTask connectTask, CancellationToken cancellationToken)
   at System.Net.Http.HttpConnectionPool.ConnectToTcpHostAsync(String host, Int32 port, HttpRequestMessage initialRequest, Boolean async, CancellationToken cancellationToken)
[2025-09-08 20:38:04Z INFO BrokerMessageListener] Retriable exception: No such host is known. (broker.actions.githubusercontent.com:443)
[2025-09-08 20:38:04Z ERR  Terminal] WRITE ERROR: 2025-09-08 20:38:04Z: Runner connect error: No such host is known. (broker.actions.githubusercontent.com:443). Retrying until reconnected.
[2025-09-08 20:38:04Z INFO BrokerMessageListener] Reload credentials.
[2025-09-08 20:38:04Z INFO ConfigurationStore] HasCredentials()
[2025-09-08 20:38:04Z INFO ConfigurationStore] stored True
[2025-09-08 20:38:04Z INFO CredentialManager] GetCredentialProvider
[2025-09-08 20:38:04Z INFO CredentialManager] Creating type OAuth
[2025-09-08 20:38:04Z INFO CredentialManager] Creating credential type: OAuth
[2025-09-08 20:38:04Z INFO RSAEncryptedFileKeyManager] Loading RSA key parameters from file C:\laragon\www\sapapi\actions-runner\.credentials_rsaparams
[2025-09-08 20:38:04Z INFO BrokerMessageListener] Connection to Broker Server recreated.
[2025-09-08 20:38:04Z INFO BrokerMessageListener] Sleeping for 25.893 seconds before retrying.
[2025-09-08 20:38:29Z INFO BrokerMessageListener] No message retrieved within last 30 minutes.
[2025-09-08 20:38:29Z INFO RSAEncryptedFileKeyManager] Loading RSA key parameters from file C:\laragon\www\sapapi\actions-runner\.credentials_rsaparams
[2025-09-08 20:38:29Z INFO RSAEncryptedFileKeyManager] Loading RSA key parameters from file C:\laragon\www\sapapi\actions-runner\.credentials_rsaparams
[2025-09-08 20:38:29Z ERR  GitHubActionsService] POST request to https://tokenghub.actions.githubusercontent.com/_apis/oauth2/token/4a82f5fb-da50-4839-b12b-7bef768a8903 failed. System.Net.Http.HttpRequestException: No such host is known. (tokenghub.actions.githubusercontent.com:443)
 ---> System.Net.Sockets.SocketException (11001): No such host is known.
   at System.Net.Sockets.Socket.AwaitableSocketAsyncEventArgs.ThrowException(SocketError error, CancellationToken cancellationToken)
   at System.Net.Sockets.Socket.AwaitableSocketAsyncEventArgs.System.Threading.Tasks.Sources.IValueTaskSource.GetResult(Int16 token)
   at System.Net.Sockets.Socket.<ConnectAsync>g__WaitForConnectWithCancellation|285_0(AwaitableSocketAsyncEventArgs saea, ValueTask connectTask, CancellationToken cancellationToken)
   at System.Net.Http.HttpConnectionPool.ConnectToTcpHostAsync(String host, Int32 port, HttpRequestMessage initialRequest, Boolean async, CancellationToken cancellationToken)
   --- End of inner exception stack trace ---
   at System.Net.Http.HttpConnectionPool.ConnectToTcpHostAsync(String host, Int32 port, HttpRequestMessage initialRequest, Boolean async, CancellationToken cancellationToken)
   at System.Net.Http.HttpConnectionPool.ConnectAsync(HttpRequestMessage request, Boolean async, CancellationToken cancellationToken)
   at System.Net.Http.HttpConnectionPool.CreateHttp11ConnectionAsync(HttpRequestMessage request, Boolean async, CancellationToken cancellationToken)
   at System.Net.Http.HttpConnectionPool.AddHttp11ConnectionAsync(QueueItem queueItem)
   at System.Threading.Tasks.TaskCompletionSourceWithCancellation`1.WaitWithCancellationAsync(CancellationToken cancellationToken)
   at System.Net.Http.HttpConnectionPool.SendWithVersionDetectionAndRetryAsync(HttpRequestMessage request, Boolean async, Boolean doRequestAuth, CancellationToken cancellationToken)
   at System.Net.Http.RedirectHandler.SendAsync(HttpRequestMessage request, Boolean async, CancellationToken cancellationToken)
   at GitHub.Services.Common.VssHttpRetryMessageHandler.SendAsync(HttpRequestMessage request, CancellationToken cancellationToken)
[2025-09-08 20:38:29Z ERR  GitHubActionsService] GET request to https://broker.actions.githubusercontent.com/message?sessionId=03a66670-fee6-44d8-8e12-1c4221d1d233&status=Online&runnerVersion=2.328.0&os=Windows&architecture=X64&disableUpdate=false failed. System.Net.Http.HttpRequestException: No such host is known. (tokenghub.actions.githubusercontent.com:443)
 ---> System.Net.Sockets.SocketException (11001): No such host is known.
   at System.Net.Sockets.Socket.AwaitableSocketAsyncEventArgs.ThrowException(SocketError error, CancellationToken cancellationToken)
   at System.Net.Sockets.Socket.AwaitableSocketAsyncEventArgs.System.Threading.Tasks.Sources.IValueTaskSource.GetResult(Int16 token)
   at System.Net.Sockets.Socket.<ConnectAsync>g__WaitForConnectWithCancellation|285_0(AwaitableSocketAsyncEventArgs saea, ValueTask connectTask, CancellationToken cancellationToken)
   at System.Net.Http.HttpConnectionPool.ConnectToTcpHostAsync(String host, Int32 port, HttpRequestMessage initialRequest, Boolean async, CancellationToken cancellationToken)
   --- End of inner exception stack trace ---
   at GitHub.Services.Common.VssHttpRetryMessageHandler.SendAsync(HttpRequestMessage request, CancellationToken cancellationToken)
   at System.Net.Http.HttpClient.<SendAsync>g__Core|83_0(HttpRequestMessage request, HttpCompletionOption completionOption, CancellationTokenSource cts, Boolean disposeCts, CancellationTokenSource pendingRequestsCts, CancellationToken originalCancellationToken)
   at GitHub.Services.OAuth.VssOAuthTokenHttpClient.GetTokenAsync(VssOAuthGrant grant, VssOAuthClientCredential credential, VssOAuthTokenParameters tokenParameters, CancellationToken cancellationToken)
   at GitHub.Services.OAuth.VssOAuthTokenProvider.OnGetTokenAsync(IssuedToken failedToken, CancellationToken cancellationToken)
   at GitHub.Services.Common.IssuedTokenProvider.GetTokenOperation.GetTokenAsync(VssTraceActivity traceActivity)
   at GitHub.Services.Common.IssuedTokenProvider.GetTokenAsync(IssuedToken failedToken, CancellationToken cancellationToken)
   at GitHub.Services.Common.RawHttpMessageHandler.SendAsync(HttpRequestMessage request, CancellationToken cancellationToken)
   at GitHub.Services.Common.VssHttpRetryMessageHandler.SendAsync(HttpRequestMessage request, CancellationToken cancellationToken)
[2025-09-08 20:38:29Z ERR  BrokerServer] Catch exception during request
[2025-09-08 20:38:29Z ERR  BrokerServer] System.Net.Http.HttpRequestException: No such host is known. (tokenghub.actions.githubusercontent.com:443)
 ---> System.Net.Sockets.SocketException (11001): No such host is known.
   at System.Net.Sockets.Socket.AwaitableSocketAsyncEventArgs.ThrowException(SocketError error, CancellationToken cancellationToken)
   at System.Net.Sockets.Socket.AwaitableSocketAsyncEventArgs.System.Threading.Tasks.Sources.IValueTaskSource.GetResult(Int16 token)
   at System.Net.Sockets.Socket.<ConnectAsync>g__WaitForConnectWithCancellation|285_0(AwaitableSocketAsyncEventArgs saea, ValueTask connectTask, CancellationToken cancellationToken)
   at System.Net.Http.HttpConnectionPool.ConnectToTcpHostAsync(String host, Int32 port, HttpRequestMessage initialRequest, Boolean async, CancellationToken cancellationToken)
   --- End of inner exception stack trace ---
   at GitHub.Services.Common.VssHttpRetryMessageHandler.SendAsync(HttpRequestMessage request, CancellationToken cancellationToken)
   at System.Net.Http.HttpClient.<SendAsync>g__Core|83_0(HttpRequestMessage request, HttpCompletionOption completionOption, CancellationTokenSource cts, Boolean disposeCts, CancellationTokenSource pendingRequestsCts, CancellationToken originalCancellationToken)
   at Sdk.WebApi.WebApi.RawHttpClientBase.SendAsync(HttpRequestMessage message, HttpCompletionOption completionOption, Object userState, CancellationToken cancellationToken)
   at Sdk.WebApi.WebApi.RawHttpClientBase.SendAsync[T](HttpRequestMessage message, Boolean readErrorBody, Object userState, CancellationToken cancellationToken)
   at Sdk.WebApi.WebApi.RawHttpClientBase.SendAsync[T](HttpMethod method, IEnumerable`1 additionalHeaders, Uri requestUri, HttpContent content, IEnumerable`1 queryParameters, Boolean readErrorBody, Object userState, CancellationToken cancellationToken)
   at GitHub.Actions.RunService.WebApi.BrokerHttpClient.GetRunnerMessageAsync(Nullable`1 sessionId, String runnerVersion, Nullable`1 status, String os, String architecture, Nullable`1 disableUpdate, CancellationToken cancellationToken)
   at GitHub.Runner.Common.BrokerServer.<>c__DisplayClass7_0.<<GetRunnerMessageAsync>b__0>d.MoveNext()
--- End of stack trace from previous location ---
   at GitHub.Runner.Common.RunnerService.RetryRequest[T](Func`1 func, CancellationToken cancellationToken, Int32 maxRetryAttemptsCount, Func`2 shouldRetry)
[2025-09-08 20:38:29Z ERR  BrokerServer] #####################################################
[2025-09-08 20:38:29Z ERR  BrokerServer] System.Net.Sockets.SocketException (11001): No such host is known.
   at System.Net.Sockets.Socket.AwaitableSocketAsyncEventArgs.ThrowException(SocketError error, CancellationToken cancellationToken)
   at System.Net.Sockets.Socket.AwaitableSocketAsyncEventArgs.System.Threading.Tasks.Sources.IValueTaskSource.GetResult(Int16 token)
   at System.Net.Sockets.Socket.<ConnectAsync>g__WaitForConnectWithCancellation|285_0(AwaitableSocketAsyncEventArgs saea, ValueTask connectTask, CancellationToken cancellationToken)
   at System.Net.Http.HttpConnectionPool.ConnectToTcpHostAsync(String host, Int32 port, HttpRequestMessage initialRequest, Boolean async, CancellationToken cancellationToken)
[2025-09-08 20:38:29Z WARN BrokerServer] Back off 12.5 seconds before next retry. 4 attempt left.
[2025-09-08 20:38:42Z INFO RSAEncryptedFileKeyManager] Loading RSA key parameters from file C:\laragon\www\sapapi\actions-runner\.credentials_rsaparams
[2025-09-08 20:38:43Z INFO GitHubActionsService] AAD Correlation ID for this token request: Unknown
[2025-09-08 21:29:01Z INFO RSAEncryptedFileKeyManager] Loading RSA key parameters from file C:\laragon\www\sapapi\actions-runner\.credentials_rsaparams
[2025-09-08 21:29:02Z INFO GitHubActionsService] AAD Correlation ID for this token request: Unknown
[2025-09-08 22:19:19Z INFO RSAEncryptedFileKeyManager] Loading RSA key parameters from file C:\laragon\www\sapapi\actions-runner\.credentials_rsaparams
[2025-09-08 22:19:20Z INFO GitHubActionsService] AAD Correlation ID for this token request: Unknown
[2025-09-08 22:53:34Z INFO Runner] Received RunnerRefreshConfigMessage for 'runner' config file
[2025-09-08 22:53:34Z INFO RunnerConfigUpdater] Verifying runner qualified id: U_kgDOAIytEA/R_kgDOPX5Qyg/self-hosted/22
[2025-09-08 22:53:34Z INFO HostContext] Well known directory 'Bin': 'C:\laragon\www\sapapi\actions-runner\bin'
[2025-09-08 22:53:34Z INFO HostContext] Well known directory 'Root': 'C:\laragon\www\sapapi\actions-runner'
[2025-09-08 22:53:34Z INFO HostContext] Well known config file 'Runner': 'C:\laragon\www\sapapi\actions-runner\.runner'
[2025-09-08 22:53:35Z INFO RSAEncryptedFileKeyManager] Loading RSA key parameters from file C:\laragon\www\sapapi\actions-runner\.credentials_rsaparams
[2025-09-08 22:53:37Z INFO GitHubActionsService] AAD Correlation ID for this token request: Unknown
[2025-09-08 22:53:37Z INFO ConfigurationStore] Saving runner migrated settings
[2025-09-08 22:53:37Z INFO ConfigurationStore] Delete exist runner migrated settings file.
[2025-09-08 22:53:37Z INFO ConfigurationStore] Migrated Settings Saved.
[2025-09-08 22:53:37Z INFO Runner] Runner configuration was updated. Session restart has been scheduled
[2025-09-08 22:53:37Z INFO Runner] Pending session restart detected and job dispatcher is not busy. Restarting session now.
[2025-09-08 22:53:37Z INFO JobDispatcher] Shutting down JobDispatcher. Make sure all WorkerDispatcher has finished.
[2025-09-08 22:53:37Z INFO Runner] Deleting Runner Session...
[2025-09-08 22:53:37Z INFO Runner] Restarting runner session after config update...
[2025-09-08 22:53:37Z INFO Runner] Runner configuration was refreshed, restarting session...
[2025-09-08 22:53:37Z INFO ConfigurationManager] LoadSettings
[2025-09-08 22:53:37Z INFO ConfigurationStore] IsConfigured()
[2025-09-08 22:53:37Z INFO ConfigurationStore] IsConfigured: True
[2025-09-08 22:53:37Z INFO ConfigurationManager] Is configured: True
[2025-09-08 22:53:37Z INFO ConfigurationManager] Settings Loaded
[2025-09-08 22:53:37Z INFO Runner] RunAsync
[2025-09-08 22:53:37Z INFO ConfigurationManager] LoadMigratedSettings
[2025-09-08 22:53:37Z INFO ConfigurationStore] IsMigratedConfigured()
[2025-09-08 22:53:37Z INFO ConfigurationStore] IsMigratedConfigured: True
[2025-09-08 22:53:37Z INFO ConfigurationManager] Migrated Settings Loaded
[2025-09-08 22:53:37Z INFO Runner] Loaded migrated settings from .runner_migrated file
[2025-09-08 22:53:37Z INFO Runner] {
  "AgentId": 22,
  "AgentName": "JO",
  "PoolId": 1,
  "PoolName": "Default",
  "ServerUrl": "https://pipelinesghubeus26.actions.githubusercontent.com/OTqsuixwcDOeboiI5ELPh9vt0loVA9erSQMzHOLYofkfIDGeBX/",
  "GitHubUrl": "https://github.com/jauharimalik/sapapi",
  "WorkFolder": "_work",
  "UseV2Flow": true,
  "ServerUrlV2": "https://broker.actions.githubusercontent.com/"
}
[2025-09-08 22:53:37Z INFO Runner] Attempting to create session using migrated settings
[2025-09-08 22:53:37Z INFO Runner] Using BrokerMessageListener
[2025-09-08 22:53:37Z INFO BrokerMessageListener] Using provided settings
[2025-09-08 22:53:37Z INFO BrokerMessageListener] Using migrated settings from .runner_migrated
[2025-09-08 22:53:37Z INFO BrokerMessageListener] {
  "AgentId": 22,
  "AgentName": "JO",
  "PoolId": 1,
  "PoolName": "Default",
  "ServerUrl": "https://pipelinesghubeus26.actions.githubusercontent.com/OTqsuixwcDOeboiI5ELPh9vt0loVA9erSQMzHOLYofkfIDGeBX/",
  "GitHubUrl": "https://github.com/jauharimalik/sapapi",
  "WorkFolder": "_work",
  "UseV2Flow": true,
  "ServerUrlV2": "https://broker.actions.githubusercontent.com/"
}
[2025-09-08 22:53:37Z INFO BrokerMessageListener] Loading Credentials
[2025-09-08 22:53:37Z INFO ConfigurationStore] HasCredentials()
[2025-09-08 22:53:37Z INFO ConfigurationStore] stored True
[2025-09-08 22:53:37Z INFO CredentialManager] GetCredentialProvider
[2025-09-08 22:53:37Z INFO CredentialManager] Creating type OAuth
[2025-09-08 22:53:37Z INFO CredentialManager] Creating credential type: OAuth
[2025-09-08 22:53:37Z INFO RSAEncryptedFileKeyManager] Loading RSA key parameters from file C:\laragon\www\sapapi\actions-runner\.credentials_rsaparams
[2025-09-08 22:53:37Z INFO BrokerMessageListener] Attempt to create session.
[2025-09-08 22:53:37Z INFO BrokerMessageListener] Connecting to the Broker Server...
[2025-09-08 22:53:37Z INFO ConfigurationStore] HasCredentials()
[2025-09-08 22:53:37Z INFO ConfigurationStore] stored True
[2025-09-08 22:53:37Z INFO CredentialManager] GetCredentialProvider
[2025-09-08 22:53:37Z INFO CredentialManager] Creating type OAuth
[2025-09-08 22:53:37Z INFO CredentialManager] Creating credential type: OAuth
[2025-09-08 22:53:37Z INFO RSAEncryptedFileKeyManager] Loading RSA key parameters from file C:\laragon\www\sapapi\actions-runner\.credentials_rsaparams
[2025-09-08 22:53:37Z INFO BrokerMessageListener] VssConnection created
[2025-09-08 22:53:37Z INFO BrokerMessageListener] Connecting to the Runner server...
[2025-09-08 22:53:37Z INFO RunnerServer] EstablishVssConnection
[2025-09-08 22:53:37Z INFO RunnerServer] Establish connection with 100 seconds timeout.
[2025-09-08 22:53:37Z INFO GitHubActionsService] Starting operation Location.GetConnectionData
[2025-09-08 22:53:37Z INFO RunnerServer] EstablishVssConnection
[2025-09-08 22:53:37Z INFO RunnerServer] Establish connection with 60 seconds timeout.
[2025-09-08 22:53:37Z INFO GitHubActionsService] Starting operation Location.GetConnectionData
[2025-09-08 22:53:37Z INFO RunnerServer] EstablishVssConnection
[2025-09-08 22:53:37Z INFO RunnerServer] Establish connection with 60 seconds timeout.
[2025-09-08 22:53:37Z INFO GitHubActionsService] Starting operation Location.GetConnectionData
[2025-09-08 22:53:38Z INFO GitHubActionsService] Finished operation Location.GetConnectionData
[2025-09-08 22:53:38Z INFO GitHubActionsService] Finished operation Location.GetConnectionData
[2025-09-08 22:53:38Z INFO GitHubActionsService] Finished operation Location.GetConnectionData
[2025-09-08 22:53:39Z INFO BrokerMessageListener] VssConnection created
[2025-09-08 22:53:39Z INFO Terminal] WRITE LINE: 
[2025-09-08 22:53:39Z INFO Terminal] WRITE LINE: 
[2025-09-08 22:53:39Z INFO RSAEncryptedFileKeyManager] Loading RSA key parameters from file C:\laragon\www\sapapi\actions-runner\.credentials_rsaparams
[2025-09-08 22:53:39Z INFO RSAEncryptedFileKeyManager] Loading RSA key parameters from file C:\laragon\www\sapapi\actions-runner\.credentials_rsaparams
[2025-09-08 22:53:40Z INFO GitHubActionsService] AAD Correlation ID for this token request: Unknown
[2025-09-08 22:53:41Z INFO BrokerMessageListener] Session created.
[2025-09-08 22:53:41Z INFO Runner] Successfully created session with migrated settings
[2025-09-08 22:53:41Z INFO Terminal] WRITE LINE: Current runner version: '2.328.0'
[2025-09-08 22:53:41Z INFO Terminal] WRITE LINE: 2025-09-08 22:53:41Z: Listening for Jobs
[2025-09-08 22:53:41Z INFO JobDispatcher] Set runner/worker IPC timeout to 30 seconds.
[2025-09-08 23:43:58Z INFO RSAEncryptedFileKeyManager] Loading RSA key parameters from file C:\laragon\www\sapapi\actions-runner\.credentials_rsaparams
[2025-09-08 23:43:59Z INFO GitHubActionsService] AAD Correlation ID for this token request: Unknown
[2025-09-09 00:34:16Z INFO RSAEncryptedFileKeyManager] Loading RSA key parameters from file C:\laragon\www\sapapi\actions-runner\.credentials_rsaparams
[2025-09-09 00:34:17Z INFO GitHubActionsService] AAD Correlation ID for this token request: Unknown
[2025-09-09 01:24:34Z INFO RSAEncryptedFileKeyManager] Loading RSA key parameters from file C:\laragon\www\sapapi\actions-runner\.credentials_rsaparams
[2025-09-09 01:24:35Z INFO GitHubActionsService] AAD Correlation ID for this token request: Unknown
[2025-09-09 02:14:52Z INFO RSAEncryptedFileKeyManager] Loading RSA key parameters from file C:\laragon\www\sapapi\actions-runner\.credentials_rsaparams
[2025-09-09 02:14:53Z INFO GitHubActionsService] AAD Correlation ID for this token request: Unknown
[2025-09-09 03:05:12Z INFO RSAEncryptedFileKeyManager] Loading RSA key parameters from file C:\laragon\www\sapapi\actions-runner\.credentials_rsaparams
[2025-09-09 03:05:13Z INFO GitHubActionsService] AAD Correlation ID for this token request: Unknown
[2025-09-09 03:48:18Z INFO Runner] Refresh message received, kick-off selfupdate background process.
[2025-09-09 03:48:20Z INFO RSAEncryptedFileKeyManager] Loading RSA key parameters from file C:\laragon\www\sapapi\actions-runner\.credentials_rsaparams
[2025-09-09 03:48:20Z INFO RSAEncryptedFileKeyManager] Loading RSA key parameters from file C:\laragon\www\sapapi\actions-runner\.credentials_rsaparams
[2025-09-09 03:48:21Z INFO GitHubActionsService] AAD Correlation ID for this token request: Unknown
[2025-09-09 03:48:21Z INFO SelfUpdater] Version '2.328.0' of 'agent' package available in server.
[2025-09-09 03:48:21Z INFO SelfUpdater] Current running runner version is 2.328.0
[2025-09-09 03:48:21Z INFO SelfUpdater] Can't find available update package.
[2025-09-09 03:48:21Z INFO Terminal] WRITE LINE: Runner update process finished.
[2025-09-09 03:48:21Z INFO Runner] Auto update task finished at backend, there is no available runner update needs to apply, continue message queue looping.
[2025-09-09 03:55:51Z INFO RSAEncryptedFileKeyManager] Loading RSA key parameters from file C:\laragon\www\sapapi\actions-runner\.credentials_rsaparams
[2025-09-09 03:55:52Z INFO GitHubActionsService] AAD Correlation ID for this token request: Unknown
[2025-09-09 04:46:10Z INFO RSAEncryptedFileKeyManager] Loading RSA key parameters from file C:\laragon\www\sapapi\actions-runner\.credentials_rsaparams
[2025-09-09 04:46:12Z INFO GitHubActionsService] AAD Correlation ID for this token request: Unknown
[2025-09-09 05:36:30Z INFO RSAEncryptedFileKeyManager] Loading RSA key parameters from file C:\laragon\www\sapapi\actions-runner\.credentials_rsaparams
[2025-09-09 05:36:31Z INFO GitHubActionsService] AAD Correlation ID for this token request: Unknown
[2025-09-09 06:26:49Z INFO RSAEncryptedFileKeyManager] Loading RSA key parameters from file C:\laragon\www\sapapi\actions-runner\.credentials_rsaparams
[2025-09-09 06:26:50Z INFO GitHubActionsService] AAD Correlation ID for this token request: Unknown
[2025-09-09 07:17:10Z INFO RSAEncryptedFileKeyManager] Loading RSA key parameters from file C:\laragon\www\sapapi\actions-runner\.credentials_rsaparams
[2025-09-09 07:17:12Z INFO GitHubActionsService] AAD Correlation ID for this token request: Unknown
[2025-09-09 08:07:32Z INFO RSAEncryptedFileKeyManager] Loading RSA key parameters from file C:\laragon\www\sapapi\actions-runner\.credentials_rsaparams
[2025-09-09 08:07:33Z INFO GitHubActionsService] AAD Correlation ID for this token request: Unknown
[2025-09-09 08:57:53Z INFO RSAEncryptedFileKeyManager] Loading RSA key parameters from file C:\laragon\www\sapapi\actions-runner\.credentials_rsaparams
[2025-09-09 08:57:54Z INFO GitHubActionsService] AAD Correlation ID for this token request: Unknown
[2025-09-09 09:48:12Z INFO RSAEncryptedFileKeyManager] Loading RSA key parameters from file C:\laragon\www\sapapi\actions-runner\.credentials_rsaparams
[2025-09-09 09:48:13Z INFO GitHubActionsService] AAD Correlation ID for this token request: Unknown
[2025-09-09 10:38:30Z INFO RSAEncryptedFileKeyManager] Loading RSA key parameters from file C:\laragon\www\sapapi\actions-runner\.credentials_rsaparams
[2025-09-09 10:38:31Z INFO GitHubActionsService] AAD Correlation ID for this token request: Unknown
[2025-09-09 11:28:50Z INFO RSAEncryptedFileKeyManager] Loading RSA key parameters from file C:\laragon\www\sapapi\actions-runner\.credentials_rsaparams
[2025-09-09 11:28:51Z INFO GitHubActionsService] AAD Correlation ID for this token request: Unknown
[2025-09-09 11:38:07Z WARN GitHubActionsService] GET request to https://broker.actions.githubusercontent.com/message?sessionId=0f86c40a-4e66-4946-8a0c-8d743e3341b6&status=Online&runnerVersion=2.328.0&os=Windows&architecture=X64&disableUpdate=false timed out after 100 seconds.
[2025-09-09 11:38:07Z ERR  BrokerServer] Catch exception during request
[2025-09-09 11:38:07Z ERR  BrokerServer] System.TimeoutException: The HTTP request timed out after 00:01:40.
 ---> System.Threading.Tasks.TaskCanceledException: The operation was canceled.
 ---> System.IO.IOException: Unable to read data from the transport connection: The I/O operation has been aborted because of either a thread exit or an application request..
 ---> System.Net.Sockets.SocketException (995): The I/O operation has been aborted because of either a thread exit or an application request.
   --- End of inner exception stack trace ---
   at System.Net.Sockets.Socket.AwaitableSocketAsyncEventArgs.ThrowException(SocketError error, CancellationToken cancellationToken)
   at System.Net.Sockets.Socket.AwaitableSocketAsyncEventArgs.System.Threading.Tasks.Sources.IValueTaskSource<System.Int32>.GetResult(Int16 token)
   at System.Net.Security.SslStream.EnsureFullTlsFrameAsync[TIOAdapter](CancellationToken cancellationToken, Int32 estimatedSize)
   at System.Runtime.CompilerServices.PoolingAsyncValueTaskMethodBuilder`1.StateMachineBox`1.System.Threading.Tasks.Sources.IValueTaskSource<TResult>.GetResult(Int16 token)
   at System.Net.Security.SslStream.ReadAsyncInternal[TIOAdapter](Memory`1 buffer, CancellationToken cancellationToken)
   at System.Runtime.CompilerServices.PoolingAsyncValueTaskMethodBuilder`1.StateMachineBox`1.System.Threading.Tasks.Sources.IValueTaskSource<TResult>.GetResult(Int16 token)
   at System.Net.Http.HttpConnection.SendAsync(HttpRequestMessage request, Boolean async, CancellationToken cancellationToken)
   --- End of inner exception stack trace ---
   at System.Net.Http.HttpConnection.SendAsync(HttpRequestMessage request, Boolean async, CancellationToken cancellationToken)
   at System.Net.Http.AuthenticationHelper.SendWithNtAuthAsync(HttpRequestMessage request, Uri authUri, Boolean async, ICredentials credentials, Boolean isProxyAuth, HttpConnection connection, HttpConnectionPool connectionPool, CancellationToken cancellationToken)
   at System.Net.Http.HttpConnectionPool.SendWithVersionDetectionAndRetryAsync(HttpRequestMessage request, Boolean async, Boolean doRequestAuth, CancellationToken cancellationToken)
   at System.Net.Http.AuthenticationHelper.SendWithAuthAsync(HttpRequestMessage request, Uri authUri, Boolean async, ICredentials credentials, Boolean preAuthenticate, Boolean isProxyAuth, Boolean doRequestAuth, HttpConnectionPool pool, CancellationToken cancellationToken)
   at System.Net.Http.RedirectHandler.SendAsync(HttpRequestMessage request, Boolean async, CancellationToken cancellationToken)
   at GitHub.Services.Common.RawHttpMessageHandler.SendAsync(HttpRequestMessage request, CancellationToken cancellationToken)
   --- End of inner exception stack trace ---
   at GitHub.Services.Common.RawHttpMessageHandler.SendAsync(HttpRequestMessage request, CancellationToken cancellationToken)
   at GitHub.Services.Common.VssHttpRetryMessageHandler.SendAsync(HttpRequestMessage request, CancellationToken cancellationToken)
   at System.Net.Http.HttpClient.<SendAsync>g__Core|83_0(HttpRequestMessage request, HttpCompletionOption completionOption, CancellationTokenSource cts, Boolean disposeCts, CancellationTokenSource pendingRequestsCts, CancellationToken originalCancellationToken)
   at Sdk.WebApi.WebApi.RawHttpClientBase.SendAsync(HttpRequestMessage message, HttpCompletionOption completionOption, Object userState, CancellationToken cancellationToken)
   at Sdk.WebApi.WebApi.RawHttpClientBase.SendAsync[T](HttpRequestMessage message, Boolean readErrorBody, Object userState, CancellationToken cancellationToken)
   at Sdk.WebApi.WebApi.RawHttpClientBase.SendAsync[T](HttpMethod method, IEnumerable`1 additionalHeaders, Uri requestUri, HttpContent content, IEnumerable`1 queryParameters, Boolean readErrorBody, Object userState, CancellationToken cancellationToken)
   at GitHub.Actions.RunService.WebApi.BrokerHttpClient.GetRunnerMessageAsync(Nullable`1 sessionId, String runnerVersion, Nullable`1 status, String os, String architecture, Nullable`1 disableUpdate, CancellationToken cancellationToken)
   at GitHub.Runner.Common.BrokerServer.<>c__DisplayClass7_0.<<GetRunnerMessageAsync>b__0>d.MoveNext()
--- End of stack trace from previous location ---
   at GitHub.Runner.Common.RunnerService.RetryRequest[T](Func`1 func, CancellationToken cancellationToken, Int32 maxRetryAttemptsCount, Func`2 shouldRetry)
[2025-09-09 11:38:07Z ERR  BrokerServer] #####################################################
[2025-09-09 11:38:07Z ERR  BrokerServer] System.Threading.Tasks.TaskCanceledException: The operation was canceled.
 ---> System.IO.IOException: Unable to read data from the transport connection: The I/O operation has been aborted because of either a thread exit or an application request..
 ---> System.Net.Sockets.SocketException (995): The I/O operation has been aborted because of either a thread exit or an application request.
   --- End of inner exception stack trace ---
   at System.Net.Sockets.Socket.AwaitableSocketAsyncEventArgs.ThrowException(SocketError error, CancellationToken cancellationToken)
   at System.Net.Sockets.Socket.AwaitableSocketAsyncEventArgs.System.Threading.Tasks.Sources.IValueTaskSource<System.Int32>.GetResult(Int16 token)
   at System.Net.Security.SslStream.EnsureFullTlsFrameAsync[TIOAdapter](CancellationToken cancellationToken, Int32 estimatedSize)
   at System.Runtime.CompilerServices.PoolingAsyncValueTaskMethodBuilder`1.StateMachineBox`1.System.Threading.Tasks.Sources.IValueTaskSource<TResult>.GetResult(Int16 token)
   at System.Net.Security.SslStream.ReadAsyncInternal[TIOAdapter](Memory`1 buffer, CancellationToken cancellationToken)
   at System.Runtime.CompilerServices.PoolingAsyncValueTaskMethodBuilder`1.StateMachineBox`1.System.Threading.Tasks.Sources.IValueTaskSource<TResult>.GetResult(Int16 token)
   at System.Net.Http.HttpConnection.SendAsync(HttpRequestMessage request, Boolean async, CancellationToken cancellationToken)
   --- End of inner exception stack trace ---
   at System.Net.Http.HttpConnection.SendAsync(HttpRequestMessage request, Boolean async, CancellationToken cancellationToken)
   at System.Net.Http.AuthenticationHelper.SendWithNtAuthAsync(HttpRequestMessage request, Uri authUri, Boolean async, ICredentials credentials, Boolean isProxyAuth, HttpConnection connection, HttpConnectionPool connectionPool, CancellationToken cancellationToken)
   at System.Net.Http.HttpConnectionPool.SendWithVersionDetectionAndRetryAsync(HttpRequestMessage request, Boolean async, Boolean doRequestAuth, CancellationToken cancellationToken)
   at System.Net.Http.AuthenticationHelper.SendWithAuthAsync(HttpRequestMessage request, Uri authUri, Boolean async, ICredentials credentials, Boolean preAuthenticate, Boolean isProxyAuth, Boolean doRequestAuth, HttpConnectionPool pool, CancellationToken cancellationToken)
   at System.Net.Http.RedirectHandler.SendAsync(HttpRequestMessage request, Boolean async, CancellationToken cancellationToken)
   at GitHub.Services.Common.RawHttpMessageHandler.SendAsync(HttpRequestMessage request, CancellationToken cancellationToken)
[2025-09-09 11:38:07Z ERR  BrokerServer] #####################################################
[2025-09-09 11:38:07Z ERR  BrokerServer] System.IO.IOException: Unable to read data from the transport connection: The I/O operation has been aborted because of either a thread exit or an application request..
 ---> System.Net.Sockets.SocketException (995): The I/O operation has been aborted because of either a thread exit or an application request.
   --- End of inner exception stack trace ---
   at System.Net.Sockets.Socket.AwaitableSocketAsyncEventArgs.ThrowException(SocketError error, CancellationToken cancellationToken)
   at System.Net.Sockets.Socket.AwaitableSocketAsyncEventArgs.System.Threading.Tasks.Sources.IValueTaskSource<System.Int32>.GetResult(Int16 token)
   at System.Net.Security.SslStream.EnsureFullTlsFrameAsync[TIOAdapter](CancellationToken cancellationToken, Int32 estimatedSize)
   at System.Runtime.CompilerServices.PoolingAsyncValueTaskMethodBuilder`1.StateMachineBox`1.System.Threading.Tasks.Sources.IValueTaskSource<TResult>.GetResult(Int16 token)
   at System.Net.Security.SslStream.ReadAsyncInternal[TIOAdapter](Memory`1 buffer, CancellationToken cancellationToken)
   at System.Runtime.CompilerServices.PoolingAsyncValueTaskMethodBuilder`1.StateMachineBox`1.System.Threading.Tasks.Sources.IValueTaskSource<TResult>.GetResult(Int16 token)
   at System.Net.Http.HttpConnection.SendAsync(HttpRequestMessage request, Boolean async, CancellationToken cancellationToken)
[2025-09-09 11:38:07Z ERR  BrokerServer] #####################################################
[2025-09-09 11:38:07Z ERR  BrokerServer] System.Net.Sockets.SocketException (995): The I/O operation has been aborted because of either a thread exit or an application request.
[2025-09-09 11:38:07Z WARN BrokerServer] Back off 12.333 seconds before next retry. 4 attempt left.
[2025-09-09 12:19:25Z INFO RSAEncryptedFileKeyManager] Loading RSA key parameters from file C:\laragon\www\sapapi\actions-runner\.credentials_rsaparams
[2025-09-09 12:19:27Z INFO GitHubActionsService] AAD Correlation ID for this token request: Unknown
[2025-09-09 13:09:47Z INFO RSAEncryptedFileKeyManager] Loading RSA key parameters from file C:\laragon\www\sapapi\actions-runner\.credentials_rsaparams
[2025-09-09 13:09:48Z INFO GitHubActionsService] AAD Correlation ID for this token request: Unknown
[2025-09-09 14:00:06Z INFO RSAEncryptedFileKeyManager] Loading RSA key parameters from file C:\laragon\www\sapapi\actions-runner\.credentials_rsaparams
[2025-09-09 14:00:07Z INFO GitHubActionsService] AAD Correlation ID for this token request: Unknown
[2025-09-09 14:50:26Z INFO RSAEncryptedFileKeyManager] Loading RSA key parameters from file C:\laragon\www\sapapi\actions-runner\.credentials_rsaparams
[2025-09-09 14:50:27Z INFO GitHubActionsService] AAD Correlation ID for this token request: Unknown
[2025-09-09 15:40:46Z INFO RSAEncryptedFileKeyManager] Loading RSA key parameters from file C:\laragon\www\sapapi\actions-runner\.credentials_rsaparams
[2025-09-09 15:40:47Z INFO GitHubActionsService] AAD Correlation ID for this token request: Unknown
[2025-09-09 16:31:06Z INFO RSAEncryptedFileKeyManager] Loading RSA key parameters from file C:\laragon\www\sapapi\actions-runner\.credentials_rsaparams
[2025-09-09 16:31:07Z INFO GitHubActionsService] AAD Correlation ID for this token request: Unknown
[2025-09-09 17:21:25Z INFO RSAEncryptedFileKeyManager] Loading RSA key parameters from file C:\laragon\www\sapapi\actions-runner\.credentials_rsaparams
[2025-09-09 17:21:27Z INFO GitHubActionsService] AAD Correlation ID for this token request: Unknown
[2025-09-09 18:11:46Z INFO RSAEncryptedFileKeyManager] Loading RSA key parameters from file C:\laragon\www\sapapi\actions-runner\.credentials_rsaparams
[2025-09-09 18:11:47Z INFO GitHubActionsService] AAD Correlation ID for this token request: Unknown
[2025-09-09 19:02:05Z INFO RSAEncryptedFileKeyManager] Loading RSA key parameters from file C:\laragon\www\sapapi\actions-runner\.credentials_rsaparams
[2025-09-09 19:02:06Z INFO GitHubActionsService] AAD Correlation ID for this token request: Unknown
[2025-09-09 19:52:24Z INFO RSAEncryptedFileKeyManager] Loading RSA key parameters from file C:\laragon\www\sapapi\actions-runner\.credentials_rsaparams
[2025-09-09 19:52:26Z INFO GitHubActionsService] AAD Correlation ID for this token request: Unknown
[2025-09-09 20:42:43Z INFO RSAEncryptedFileKeyManager] Loading RSA key parameters from file C:\laragon\www\sapapi\actions-runner\.credentials_rsaparams
[2025-09-09 20:42:45Z INFO GitHubActionsService] AAD Correlation ID for this token request: Unknown
[2025-09-09 21:33:03Z INFO RSAEncryptedFileKeyManager] Loading RSA key parameters from file C:\laragon\www\sapapi\actions-runner\.credentials_rsaparams
[2025-09-09 21:33:04Z INFO GitHubActionsService] AAD Correlation ID for this token request: Unknown
[2025-09-09 22:23:22Z INFO RSAEncryptedFileKeyManager] Loading RSA key parameters from file C:\laragon\www\sapapi\actions-runner\.credentials_rsaparams
[2025-09-09 22:23:23Z INFO GitHubActionsService] AAD Correlation ID for this token request: Unknown
[2025-09-09 22:53:34Z INFO Runner] Received RunnerRefreshConfigMessage for 'runner' config file
[2025-09-09 22:53:34Z INFO RunnerConfigUpdater] Verifying runner qualified id: U_kgDOAIytEA/R_kgDOPX5Qyg/self-hosted/22
[2025-09-09 22:53:34Z INFO HostContext] Well known directory 'Bin': 'C:\laragon\www\sapapi\actions-runner\bin'
[2025-09-09 22:53:34Z INFO HostContext] Well known directory 'Root': 'C:\laragon\www\sapapi\actions-runner'
[2025-09-09 22:53:34Z INFO HostContext] Well known config file 'Runner': 'C:\laragon\www\sapapi\actions-runner\.runner'
[2025-09-09 22:53:35Z INFO RSAEncryptedFileKeyManager] Loading RSA key parameters from file C:\laragon\www\sapapi\actions-runner\.credentials_rsaparams
[2025-09-09 22:53:36Z INFO GitHubActionsService] AAD Correlation ID for this token request: Unknown
[2025-09-09 22:53:37Z INFO ConfigurationStore] Saving runner migrated settings
[2025-09-09 22:53:37Z INFO ConfigurationStore] Delete exist runner migrated settings file.
[2025-09-09 22:53:37Z INFO ConfigurationStore] Migrated Settings Saved.
[2025-09-09 22:53:37Z INFO Runner] Runner configuration was updated. Session restart has been scheduled
[2025-09-09 22:53:37Z INFO Runner] Pending session restart detected and job dispatcher is not busy. Restarting session now.
[2025-09-09 22:53:37Z INFO JobDispatcher] Shutting down JobDispatcher. Make sure all WorkerDispatcher has finished.
[2025-09-09 22:53:37Z INFO Runner] Deleting Runner Session...
[2025-09-09 22:53:37Z INFO Runner] Restarting runner session after config update...
[2025-09-09 22:53:37Z INFO Runner] Runner configuration was refreshed, restarting session...
[2025-09-09 22:53:37Z INFO ConfigurationManager] LoadSettings
[2025-09-09 22:53:37Z INFO ConfigurationStore] IsConfigured()
[2025-09-09 22:53:37Z INFO ConfigurationStore] IsConfigured: True
[2025-09-09 22:53:37Z INFO ConfigurationManager] Is configured: True
[2025-09-09 22:53:37Z INFO ConfigurationManager] Settings Loaded
[2025-09-09 22:53:37Z INFO Runner] RunAsync
[2025-09-09 22:53:37Z INFO ConfigurationManager] LoadMigratedSettings
[2025-09-09 22:53:37Z INFO ConfigurationStore] IsMigratedConfigured()
[2025-09-09 22:53:37Z INFO ConfigurationStore] IsMigratedConfigured: True
[2025-09-09 22:53:37Z INFO ConfigurationManager] Migrated Settings Loaded
[2025-09-09 22:53:37Z INFO Runner] Loaded migrated settings from .runner_migrated file
[2025-09-09 22:53:37Z INFO Runner] {
  "AgentId": 22,
  "AgentName": "JO",
  "PoolId": 1,
  "PoolName": "Default",
  "ServerUrl": "https://pipelinesghubeus26.actions.githubusercontent.com/OTqsuixwcDOeboiI5ELPh9vt0loVA9erSQMzHOLYofkfIDGeBX/",
  "GitHubUrl": "https://github.com/jauharimalik/sapapi",
  "WorkFolder": "_work",
  "UseV2Flow": true,
  "ServerUrlV2": "https://broker.actions.githubusercontent.com/"
}
[2025-09-09 22:53:37Z INFO Runner] Attempting to create session using migrated settings
[2025-09-09 22:53:37Z INFO Runner] Using BrokerMessageListener
[2025-09-09 22:53:37Z INFO BrokerMessageListener] Using provided settings
[2025-09-09 22:53:37Z INFO BrokerMessageListener] Using migrated settings from .runner_migrated
[2025-09-09 22:53:37Z INFO BrokerMessageListener] {
  "AgentId": 22,
  "AgentName": "JO",
  "PoolId": 1,
  "PoolName": "Default",
  "ServerUrl": "https://pipelinesghubeus26.actions.githubusercontent.com/OTqsuixwcDOeboiI5ELPh9vt0loVA9erSQMzHOLYofkfIDGeBX/",
  "GitHubUrl": "https://github.com/jauharimalik/sapapi",
  "WorkFolder": "_work",
  "UseV2Flow": true,
  "ServerUrlV2": "https://broker.actions.githubusercontent.com/"
}
[2025-09-09 22:53:37Z INFO BrokerMessageListener] Loading Credentials
[2025-09-09 22:53:37Z INFO ConfigurationStore] HasCredentials()
[2025-09-09 22:53:37Z INFO ConfigurationStore] stored True
[2025-09-09 22:53:37Z INFO CredentialManager] GetCredentialProvider
[2025-09-09 22:53:37Z INFO CredentialManager] Creating type OAuth
[2025-09-09 22:53:37Z INFO CredentialManager] Creating credential type: OAuth
[2025-09-09 22:53:37Z INFO RSAEncryptedFileKeyManager] Loading RSA key parameters from file C:\laragon\www\sapapi\actions-runner\.credentials_rsaparams
[2025-09-09 22:53:37Z INFO BrokerMessageListener] Attempt to create session.
[2025-09-09 22:53:37Z INFO BrokerMessageListener] Connecting to the Broker Server...
[2025-09-09 22:53:37Z INFO ConfigurationStore] HasCredentials()
[2025-09-09 22:53:37Z INFO ConfigurationStore] stored True
[2025-09-09 22:53:37Z INFO CredentialManager] GetCredentialProvider
[2025-09-09 22:53:37Z INFO CredentialManager] Creating type OAuth
[2025-09-09 22:53:37Z INFO CredentialManager] Creating credential type: OAuth
[2025-09-09 22:53:37Z INFO RSAEncryptedFileKeyManager] Loading RSA key parameters from file C:\laragon\www\sapapi\actions-runner\.credentials_rsaparams
[2025-09-09 22:53:37Z INFO BrokerMessageListener] VssConnection created
[2025-09-09 22:53:37Z INFO BrokerMessageListener] Connecting to the Runner server...
[2025-09-09 22:53:37Z INFO RunnerServer] EstablishVssConnection
[2025-09-09 22:53:37Z INFO RunnerServer] Establish connection with 100 seconds timeout.
[2025-09-09 22:53:37Z INFO GitHubActionsService] Starting operation Location.GetConnectionData
[2025-09-09 22:53:37Z INFO RunnerServer] EstablishVssConnection
[2025-09-09 22:53:37Z INFO RunnerServer] Establish connection with 60 seconds timeout.
[2025-09-09 22:53:37Z INFO GitHubActionsService] Starting operation Location.GetConnectionData
[2025-09-09 22:53:37Z INFO RunnerServer] EstablishVssConnection
[2025-09-09 22:53:37Z INFO RunnerServer] Establish connection with 60 seconds timeout.
[2025-09-09 22:53:37Z INFO GitHubActionsService] Starting operation Location.GetConnectionData
[2025-09-09 22:53:38Z INFO GitHubActionsService] Finished operation Location.GetConnectionData
[2025-09-09 22:53:38Z INFO GitHubActionsService] Finished operation Location.GetConnectionData
[2025-09-09 22:53:38Z INFO GitHubActionsService] Finished operation Location.GetConnectionData
[2025-09-09 22:53:38Z INFO BrokerMessageListener] VssConnection created
[2025-09-09 22:53:38Z INFO Terminal] WRITE LINE: 
[2025-09-09 22:53:38Z INFO Terminal] WRITE LINE: 
[2025-09-09 22:53:38Z INFO RSAEncryptedFileKeyManager] Loading RSA key parameters from file C:\laragon\www\sapapi\actions-runner\.credentials_rsaparams
[2025-09-09 22:53:38Z INFO RSAEncryptedFileKeyManager] Loading RSA key parameters from file C:\laragon\www\sapapi\actions-runner\.credentials_rsaparams
[2025-09-09 22:53:39Z INFO GitHubActionsService] AAD Correlation ID for this token request: Unknown
[2025-09-09 22:53:40Z INFO BrokerMessageListener] Session created.
[2025-09-09 22:53:40Z INFO Runner] Successfully created session with migrated settings
[2025-09-09 22:53:40Z INFO Terminal] WRITE LINE: Current runner version: '2.328.0'
[2025-09-09 22:53:40Z INFO Terminal] WRITE LINE: 2025-09-09 22:53:40Z: Listening for Jobs
[2025-09-09 22:53:40Z INFO JobDispatcher] Set runner/worker IPC timeout to 30 seconds.
[2025-09-09 23:43:58Z INFO RSAEncryptedFileKeyManager] Loading RSA key parameters from file C:\laragon\www\sapapi\actions-runner\.credentials_rsaparams
[2025-09-09 23:43:59Z INFO GitHubActionsService] AAD Correlation ID for this token request: Unknown
[2025-09-10 00:34:17Z INFO RSAEncryptedFileKeyManager] Loading RSA key parameters from file C:\laragon\www\sapapi\actions-runner\.credentials_rsaparams
[2025-09-10 00:34:18Z INFO GitHubActionsService] AAD Correlation ID for this token request: Unknown
[2025-09-10 01:24:36Z INFO RSAEncryptedFileKeyManager] Loading RSA key parameters from file C:\laragon\www\sapapi\actions-runner\.credentials_rsaparams
[2025-09-10 01:24:37Z INFO GitHubActionsService] AAD Correlation ID for this token request: Unknown
[2025-09-10 02:14:56Z INFO RSAEncryptedFileKeyManager] Loading RSA key parameters from file C:\laragon\www\sapapi\actions-runner\.credentials_rsaparams
[2025-09-10 02:14:57Z INFO GitHubActionsService] AAD Correlation ID for this token request: Unknown
[2025-09-10 02:49:19Z WARN GitHubActionsService] Attempt 1 of GET request to https://broker.actions.githubusercontent.com/message?sessionId=96db56b0-3e04-47c2-810b-37c7644c05fc&status=Online&runnerVersion=2.328.0&os=Windows&architecture=X64&disableUpdate=false failed (Socket Error: ConnectionReset). The operation will be retried in 10.828 seconds.
[2025-09-10 03:05:27Z INFO RSAEncryptedFileKeyManager] Loading RSA key parameters from file C:\laragon\www\sapapi\actions-runner\.credentials_rsaparams
[2025-09-10 03:05:28Z INFO GitHubActionsService] AAD Correlation ID for this token request: Unknown
[2025-09-10 03:48:18Z INFO Runner] Refresh message received, kick-off selfupdate background process.
[2025-09-10 03:48:19Z INFO RSAEncryptedFileKeyManager] Loading RSA key parameters from file C:\laragon\www\sapapi\actions-runner\.credentials_rsaparams
[2025-09-10 03:48:19Z INFO RSAEncryptedFileKeyManager] Loading RSA key parameters from file C:\laragon\www\sapapi\actions-runner\.credentials_rsaparams
[2025-09-10 03:48:21Z INFO GitHubActionsService] AAD Correlation ID for this token request: Unknown
[2025-09-10 03:48:21Z INFO SelfUpdater] Version '2.328.0' of 'agent' package available in server.
[2025-09-10 03:48:21Z INFO SelfUpdater] Current running runner version is 2.328.0
[2025-09-10 03:48:21Z INFO SelfUpdater] Can't find available update package.
[2025-09-10 03:48:21Z INFO Terminal] WRITE LINE: Runner update process finished.
[2025-09-10 03:48:21Z INFO Runner] Auto update task finished at backend, there is no available runner update needs to apply, continue message queue looping.
[2025-09-10 03:55:51Z INFO RSAEncryptedFileKeyManager] Loading RSA key parameters from file C:\laragon\www\sapapi\actions-runner\.credentials_rsaparams
[2025-09-10 03:55:53Z INFO GitHubActionsService] AAD Correlation ID for this token request: Unknown
[2025-09-10 04:46:13Z INFO RSAEncryptedFileKeyManager] Loading RSA key parameters from file C:\laragon\www\sapapi\actions-runner\.credentials_rsaparams
[2025-09-10 04:46:14Z INFO GitHubActionsService] AAD Correlation ID for this token request: Unknown
[2025-09-10 05:36:34Z INFO RSAEncryptedFileKeyManager] Loading RSA key parameters from file C:\laragon\www\sapapi\actions-runner\.credentials_rsaparams
[2025-09-10 05:36:35Z INFO GitHubActionsService] AAD Correlation ID for this token request: Unknown
[2025-09-10 06:26:53Z INFO RSAEncryptedFileKeyManager] Loading RSA key parameters from file C:\laragon\www\sapapi\actions-runner\.credentials_rsaparams
[2025-09-10 06:26:55Z INFO GitHubActionsService] AAD Correlation ID for this token request: Unknown
[2025-09-10 07:17:13Z INFO RSAEncryptedFileKeyManager] Loading RSA key parameters from file C:\laragon\www\sapapi\actions-runner\.credentials_rsaparams
[2025-09-10 07:17:14Z INFO GitHubActionsService] AAD Correlation ID for this token request: Unknown
[2025-09-10 08:07:34Z INFO RSAEncryptedFileKeyManager] Loading RSA key parameters from file C:\laragon\www\sapapi\actions-runner\.credentials_rsaparams
[2025-09-10 08:07:35Z INFO GitHubActionsService] AAD Correlation ID for this token request: Unknown
[2025-09-10 08:27:42Z WARN GitHubActionsService] GET request to https://broker.actions.githubusercontent.com/message?sessionId=96db56b0-3e04-47c2-810b-37c7644c05fc&status=Online&runnerVersion=2.328.0&os=Windows&architecture=X64&disableUpdate=false timed out after 100 seconds.
[2025-09-10 08:27:42Z ERR  BrokerServer] Catch exception during request
[2025-09-10 08:27:42Z ERR  BrokerServer] System.TimeoutException: The HTTP request timed out after 00:01:40.
 ---> System.Threading.Tasks.TaskCanceledException: The operation was canceled.
 ---> System.IO.IOException: Unable to read data from the transport connection: The I/O operation has been aborted because of either a thread exit or an application request..
 ---> System.Net.Sockets.SocketException (995): The I/O operation has been aborted because of either a thread exit or an application request.
   --- End of inner exception stack trace ---
   at System.Net.Sockets.Socket.AwaitableSocketAsyncEventArgs.ThrowException(SocketError error, CancellationToken cancellationToken)
   at System.Net.Sockets.Socket.AwaitableSocketAsyncEventArgs.System.Threading.Tasks.Sources.IValueTaskSource<System.Int32>.GetResult(Int16 token)
   at System.Net.Security.SslStream.EnsureFullTlsFrameAsync[TIOAdapter](CancellationToken cancellationToken, Int32 estimatedSize)
   at System.Runtime.CompilerServices.PoolingAsyncValueTaskMethodBuilder`1.StateMachineBox`1.System.Threading.Tasks.Sources.IValueTaskSource<TResult>.GetResult(Int16 token)
   at System.Net.Security.SslStream.ReadAsyncInternal[TIOAdapter](Memory`1 buffer, CancellationToken cancellationToken)
   at System.Runtime.CompilerServices.PoolingAsyncValueTaskMethodBuilder`1.StateMachineBox`1.System.Threading.Tasks.Sources.IValueTaskSource<TResult>.GetResult(Int16 token)
   at System.Net.Http.HttpConnection.SendAsync(HttpRequestMessage request, Boolean async, CancellationToken cancellationToken)
   --- End of inner exception stack trace ---
   at System.Net.Http.HttpConnection.SendAsync(HttpRequestMessage request, Boolean async, CancellationToken cancellationToken)
   at System.Net.Http.AuthenticationHelper.SendWithNtAuthAsync(HttpRequestMessage request, Uri authUri, Boolean async, ICredentials credentials, Boolean isProxyAuth, HttpConnection connection, HttpConnectionPool connectionPool, CancellationToken cancellationToken)
   at System.Net.Http.HttpConnectionPool.SendWithVersionDetectionAndRetryAsync(HttpRequestMessage request, Boolean async, Boolean doRequestAuth, CancellationToken cancellationToken)
   at System.Net.Http.AuthenticationHelper.SendWithAuthAsync(HttpRequestMessage request, Uri authUri, Boolean async, ICredentials credentials, Boolean preAuthenticate, Boolean isProxyAuth, Boolean doRequestAuth, HttpConnectionPool pool, CancellationToken cancellationToken)
   at System.Net.Http.RedirectHandler.SendAsync(HttpRequestMessage request, Boolean async, CancellationToken cancellationToken)
   at GitHub.Services.Common.RawHttpMessageHandler.SendAsync(HttpRequestMessage request, CancellationToken cancellationToken)
   --- End of inner exception stack trace ---
   at GitHub.Services.Common.RawHttpMessageHandler.SendAsync(HttpRequestMessage request, CancellationToken cancellationToken)
   at GitHub.Services.Common.VssHttpRetryMessageHandler.SendAsync(HttpRequestMessage request, CancellationToken cancellationToken)
   at System.Net.Http.HttpClient.<SendAsync>g__Core|83_0(HttpRequestMessage request, HttpCompletionOption completionOption, CancellationTokenSource cts, Boolean disposeCts, CancellationTokenSource pendingRequestsCts, CancellationToken originalCancellationToken)
   at Sdk.WebApi.WebApi.RawHttpClientBase.SendAsync(HttpRequestMessage message, HttpCompletionOption completionOption, Object userState, CancellationToken cancellationToken)
   at Sdk.WebApi.WebApi.RawHttpClientBase.SendAsync[T](HttpRequestMessage message, Boolean readErrorBody, Object userState, CancellationToken cancellationToken)
   at Sdk.WebApi.WebApi.RawHttpClientBase.SendAsync[T](HttpMethod method, IEnumerable`1 additionalHeaders, Uri requestUri, HttpContent content, IEnumerable`1 queryParameters, Boolean readErrorBody, Object userState, CancellationToken cancellationToken)
   at GitHub.Actions.RunService.WebApi.BrokerHttpClient.GetRunnerMessageAsync(Nullable`1 sessionId, String runnerVersion, Nullable`1 status, String os, String architecture, Nullable`1 disableUpdate, CancellationToken cancellationToken)
   at GitHub.Runner.Common.BrokerServer.<>c__DisplayClass7_0.<<GetRunnerMessageAsync>b__0>d.MoveNext()
--- End of stack trace from previous location ---
   at GitHub.Runner.Common.RunnerService.RetryRequest[T](Func`1 func, CancellationToken cancellationToken, Int32 maxRetryAttemptsCount, Func`2 shouldRetry)
[2025-09-10 08:27:42Z ERR  BrokerServer] #####################################################
[2025-09-10 08:27:42Z ERR  BrokerServer] System.Threading.Tasks.TaskCanceledException: The operation was canceled.
 ---> System.IO.IOException: Unable to read data from the transport connection: The I/O operation has been aborted because of either a thread exit or an application request..
 ---> System.Net.Sockets.SocketException (995): The I/O operation has been aborted because of either a thread exit or an application request.
   --- End of inner exception stack trace ---
   at System.Net.Sockets.Socket.AwaitableSocketAsyncEventArgs.ThrowException(SocketError error, CancellationToken cancellationToken)
   at System.Net.Sockets.Socket.AwaitableSocketAsyncEventArgs.System.Threading.Tasks.Sources.IValueTaskSource<System.Int32>.GetResult(Int16 token)
   at System.Net.Security.SslStream.EnsureFullTlsFrameAsync[TIOAdapter](CancellationToken cancellationToken, Int32 estimatedSize)
   at System.Runtime.CompilerServices.PoolingAsyncValueTaskMethodBuilder`1.StateMachineBox`1.System.Threading.Tasks.Sources.IValueTaskSource<TResult>.GetResult(Int16 token)
   at System.Net.Security.SslStream.ReadAsyncInternal[TIOAdapter](Memory`1 buffer, CancellationToken cancellationToken)
   at System.Runtime.CompilerServices.PoolingAsyncValueTaskMethodBuilder`1.StateMachineBox`1.System.Threading.Tasks.Sources.IValueTaskSource<TResult>.GetResult(Int16 token)
   at System.Net.Http.HttpConnection.SendAsync(HttpRequestMessage request, Boolean async, CancellationToken cancellationToken)
   --- End of inner exception stack trace ---
   at System.Net.Http.HttpConnection.SendAsync(HttpRequestMessage request, Boolean async, CancellationToken cancellationToken)
   at System.Net.Http.AuthenticationHelper.SendWithNtAuthAsync(HttpRequestMessage request, Uri authUri, Boolean async, ICredentials credentials, Boolean isProxyAuth, HttpConnection connection, HttpConnectionPool connectionPool, CancellationToken cancellationToken)
   at System.Net.Http.HttpConnectionPool.SendWithVersionDetectionAndRetryAsync(HttpRequestMessage request, Boolean async, Boolean doRequestAuth, CancellationToken cancellationToken)
   at System.Net.Http.AuthenticationHelper.SendWithAuthAsync(HttpRequestMessage request, Uri authUri, Boolean async, ICredentials credentials, Boolean preAuthenticate, Boolean isProxyAuth, Boolean doRequestAuth, HttpConnectionPool pool, CancellationToken cancellationToken)
   at System.Net.Http.RedirectHandler.SendAsync(HttpRequestMessage request, Boolean async, CancellationToken cancellationToken)
   at GitHub.Services.Common.RawHttpMessageHandler.SendAsync(HttpRequestMessage request, CancellationToken cancellationToken)
[2025-09-10 08:27:42Z ERR  BrokerServer] #####################################################
[2025-09-10 08:27:42Z ERR  BrokerServer] System.IO.IOException: Unable to read data from the transport connection: The I/O operation has been aborted because of either a thread exit or an application request..
 ---> System.Net.Sockets.SocketException (995): The I/O operation has been aborted because of either a thread exit or an application request.
   --- End of inner exception stack trace ---
   at System.Net.Sockets.Socket.AwaitableSocketAsyncEventArgs.ThrowException(SocketError error, CancellationToken cancellationToken)
   at System.Net.Sockets.Socket.AwaitableSocketAsyncEventArgs.System.Threading.Tasks.Sources.IValueTaskSource<System.Int32>.GetResult(Int16 token)
   at System.Net.Security.SslStream.EnsureFullTlsFrameAsync[TIOAdapter](CancellationToken cancellationToken, Int32 estimatedSize)
   at System.Runtime.CompilerServices.PoolingAsyncValueTaskMethodBuilder`1.StateMachineBox`1.System.Threading.Tasks.Sources.IValueTaskSource<TResult>.GetResult(Int16 token)
   at System.Net.Security.SslStream.ReadAsyncInternal[TIOAdapter](Memory`1 buffer, CancellationToken cancellationToken)
   at System.Runtime.CompilerServices.PoolingAsyncValueTaskMethodBuilder`1.StateMachineBox`1.System.Threading.Tasks.Sources.IValueTaskSource<TResult>.GetResult(Int16 token)
   at System.Net.Http.HttpConnection.SendAsync(HttpRequestMessage request, Boolean async, CancellationToken cancellationToken)
[2025-09-10 08:27:42Z ERR  BrokerServer] #####################################################
[2025-09-10 08:27:42Z ERR  BrokerServer] System.Net.Sockets.SocketException (995): The I/O operation has been aborted because of either a thread exit or an application request.
[2025-09-10 08:27:42Z WARN BrokerServer] Back off 7.23 seconds before next retry. 4 attempt left.
[2025-09-10 08:58:01Z INFO RSAEncryptedFileKeyManager] Loading RSA key parameters from file C:\laragon\www\sapapi\actions-runner\.credentials_rsaparams
[2025-09-10 08:58:02Z INFO GitHubActionsService] AAD Correlation ID for this token request: Unknown
[2025-09-10 09:48:20Z INFO RSAEncryptedFileKeyManager] Loading RSA key parameters from file C:\laragon\www\sapapi\actions-runner\.credentials_rsaparams
[2025-09-10 09:48:22Z INFO GitHubActionsService] AAD Correlation ID for this token request: Unknown
[2025-09-10 10:38:39Z INFO RSAEncryptedFileKeyManager] Loading RSA key parameters from file C:\laragon\www\sapapi\actions-runner\.credentials_rsaparams
[2025-09-10 10:38:41Z INFO GitHubActionsService] AAD Correlation ID for this token request: Unknown
[2025-09-10 11:28:59Z INFO RSAEncryptedFileKeyManager] Loading RSA key parameters from file C:\laragon\www\sapapi\actions-runner\.credentials_rsaparams
[2025-09-10 11:29:00Z INFO GitHubActionsService] AAD Correlation ID for this token request: Unknown
[2025-09-10 12:19:20Z INFO RSAEncryptedFileKeyManager] Loading RSA key parameters from file C:\laragon\www\sapapi\actions-runner\.credentials_rsaparams
[2025-09-10 12:19:22Z INFO GitHubActionsService] AAD Correlation ID for this token request: Unknown
[2025-09-10 13:09:40Z INFO RSAEncryptedFileKeyManager] Loading RSA key parameters from file C:\laragon\www\sapapi\actions-runner\.credentials_rsaparams
[2025-09-10 13:09:41Z INFO GitHubActionsService] AAD Correlation ID for this token request: Unknown
[2025-09-10 13:59:59Z INFO RSAEncryptedFileKeyManager] Loading RSA key parameters from file C:\laragon\www\sapapi\actions-runner\.credentials_rsaparams
[2025-09-10 14:00:01Z INFO GitHubActionsService] AAD Correlation ID for this token request: Unknown
[2025-09-10 14:50:18Z INFO RSAEncryptedFileKeyManager] Loading RSA key parameters from file C:\laragon\www\sapapi\actions-runner\.credentials_rsaparams
[2025-09-10 14:50:20Z INFO GitHubActionsService] AAD Correlation ID for this token request: Unknown
[2025-09-10 15:40:37Z INFO RSAEncryptedFileKeyManager] Loading RSA key parameters from file C:\laragon\www\sapapi\actions-runner\.credentials_rsaparams
[2025-09-10 15:40:38Z INFO GitHubActionsService] AAD Correlation ID for this token request: Unknown
[2025-09-10 16:30:57Z INFO RSAEncryptedFileKeyManager] Loading RSA key parameters from file C:\laragon\www\sapapi\actions-runner\.credentials_rsaparams
[2025-09-10 16:30:59Z INFO GitHubActionsService] AAD Correlation ID for this token request: Unknown
[2025-09-10 16:30:59Z WARN GitHubActionsService] Retrieving an AAD auth token took a long time (2.0140859 seconds)
[2025-09-10 17:21:18Z INFO RSAEncryptedFileKeyManager] Loading RSA key parameters from file C:\laragon\www\sapapi\actions-runner\.credentials_rsaparams
[2025-09-10 17:21:19Z INFO GitHubActionsService] AAD Correlation ID for this token request: Unknown
[2025-09-10 18:11:37Z INFO RSAEncryptedFileKeyManager] Loading RSA key parameters from file C:\laragon\www\sapapi\actions-runner\.credentials_rsaparams
[2025-09-10 18:11:39Z INFO GitHubActionsService] AAD Correlation ID for this token request: Unknown
[2025-09-10 19:01:57Z INFO RSAEncryptedFileKeyManager] Loading RSA key parameters from file C:\laragon\www\sapapi\actions-runner\.credentials_rsaparams
[2025-09-10 19:01:58Z INFO GitHubActionsService] AAD Correlation ID for this token request: Unknown
[2025-09-10 19:52:16Z INFO RSAEncryptedFileKeyManager] Loading RSA key parameters from file C:\laragon\www\sapapi\actions-runner\.credentials_rsaparams
[2025-09-10 19:52:17Z INFO GitHubActionsService] AAD Correlation ID for this token request: Unknown
[2025-09-10 20:42:34Z INFO RSAEncryptedFileKeyManager] Loading RSA key parameters from file C:\laragon\www\sapapi\actions-runner\.credentials_rsaparams
[2025-09-10 20:42:36Z INFO GitHubActionsService] AAD Correlation ID for this token request: Unknown
[2025-09-10 21:32:53Z INFO RSAEncryptedFileKeyManager] Loading RSA key parameters from file C:\laragon\www\sapapi\actions-runner\.credentials_rsaparams
[2025-09-10 21:32:54Z INFO GitHubActionsService] AAD Correlation ID for this token request: Unknown
[2025-09-10 22:23:12Z INFO RSAEncryptedFileKeyManager] Loading RSA key parameters from file C:\laragon\www\sapapi\actions-runner\.credentials_rsaparams
[2025-09-10 22:23:13Z INFO GitHubActionsService] AAD Correlation ID for this token request: Unknown
[2025-09-10 22:53:34Z INFO Runner] Received RunnerRefreshConfigMessage for 'runner' config file
[2025-09-10 22:53:34Z INFO RunnerConfigUpdater] Verifying runner qualified id: U_kgDOAIytEA/R_kgDOPX5Qyg/self-hosted/22
[2025-09-10 22:53:34Z INFO HostContext] Well known directory 'Bin': 'C:\laragon\www\sapapi\actions-runner\bin'
[2025-09-10 22:53:34Z INFO HostContext] Well known directory 'Root': 'C:\laragon\www\sapapi\actions-runner'
[2025-09-10 22:53:34Z INFO HostContext] Well known config file 'Runner': 'C:\laragon\www\sapapi\actions-runner\.runner'
[2025-09-10 22:53:35Z INFO RSAEncryptedFileKeyManager] Loading RSA key parameters from file C:\laragon\www\sapapi\actions-runner\.credentials_rsaparams
[2025-09-10 22:53:36Z INFO GitHubActionsService] AAD Correlation ID for this token request: Unknown
[2025-09-10 22:53:36Z INFO ConfigurationStore] Saving runner migrated settings
[2025-09-10 22:53:36Z INFO ConfigurationStore] Delete exist runner migrated settings file.
[2025-09-10 22:53:36Z INFO ConfigurationStore] Migrated Settings Saved.
[2025-09-10 22:53:36Z INFO Runner] Runner configuration was updated. Session restart has been scheduled
[2025-09-10 22:53:36Z INFO Runner] Pending session restart detected and job dispatcher is not busy. Restarting session now.
[2025-09-10 22:53:36Z INFO JobDispatcher] Shutting down JobDispatcher. Make sure all WorkerDispatcher has finished.
[2025-09-10 22:53:36Z INFO Runner] Deleting Runner Session...
[2025-09-10 22:53:37Z INFO Runner] Restarting runner session after config update...
[2025-09-10 22:53:37Z INFO Runner] Runner configuration was refreshed, restarting session...
[2025-09-10 22:53:37Z INFO ConfigurationManager] LoadSettings
[2025-09-10 22:53:37Z INFO ConfigurationStore] IsConfigured()
[2025-09-10 22:53:37Z INFO ConfigurationStore] IsConfigured: True
[2025-09-10 22:53:37Z INFO ConfigurationManager] Is configured: True
[2025-09-10 22:53:37Z INFO ConfigurationManager] Settings Loaded
[2025-09-10 22:53:37Z INFO Runner] RunAsync
[2025-09-10 22:53:37Z INFO ConfigurationManager] LoadMigratedSettings
[2025-09-10 22:53:37Z INFO ConfigurationStore] IsMigratedConfigured()
[2025-09-10 22:53:37Z INFO ConfigurationStore] IsMigratedConfigured: True
[2025-09-10 22:53:37Z INFO ConfigurationManager] Migrated Settings Loaded
[2025-09-10 22:53:37Z INFO Runner] Loaded migrated settings from .runner_migrated file
[2025-09-10 22:53:37Z INFO Runner] {
  "AgentId": 22,
  "AgentName": "JO",
  "PoolId": 1,
  "PoolName": "Default",
  "ServerUrl": "https://pipelinesghubeus26.actions.githubusercontent.com/OTqsuixwcDOeboiI5ELPh9vt0loVA9erSQMzHOLYofkfIDGeBX/",
  "GitHubUrl": "https://github.com/jauharimalik/sapapi",
  "WorkFolder": "_work",
  "UseV2Flow": true,
  "ServerUrlV2": "https://broker.actions.githubusercontent.com/"
}
[2025-09-10 22:53:37Z INFO Runner] Attempting to create session using migrated settings
[2025-09-10 22:53:37Z INFO Runner] Using BrokerMessageListener
[2025-09-10 22:53:37Z INFO BrokerMessageListener] Using provided settings
[2025-09-10 22:53:37Z INFO BrokerMessageListener] Using migrated settings from .runner_migrated
[2025-09-10 22:53:37Z INFO BrokerMessageListener] {
  "AgentId": 22,
  "AgentName": "JO",
  "PoolId": 1,
  "PoolName": "Default",
  "ServerUrl": "https://pipelinesghubeus26.actions.githubusercontent.com/OTqsuixwcDOeboiI5ELPh9vt0loVA9erSQMzHOLYofkfIDGeBX/",
  "GitHubUrl": "https://github.com/jauharimalik/sapapi",
  "WorkFolder": "_work",
  "UseV2Flow": true,
  "ServerUrlV2": "https://broker.actions.githubusercontent.com/"
}
[2025-09-10 22:53:37Z INFO BrokerMessageListener] Loading Credentials
[2025-09-10 22:53:37Z INFO ConfigurationStore] HasCredentials()
[2025-09-10 22:53:37Z INFO ConfigurationStore] stored True
[2025-09-10 22:53:37Z INFO CredentialManager] GetCredentialProvider
[2025-09-10 22:53:37Z INFO CredentialManager] Creating type OAuth
[2025-09-10 22:53:37Z INFO CredentialManager] Creating credential type: OAuth
[2025-09-10 22:53:37Z INFO RSAEncryptedFileKeyManager] Loading RSA key parameters from file C:\laragon\www\sapapi\actions-runner\.credentials_rsaparams
[2025-09-10 22:53:37Z INFO BrokerMessageListener] Attempt to create session.
[2025-09-10 22:53:37Z INFO BrokerMessageListener] Connecting to the Broker Server...
[2025-09-10 22:53:37Z INFO ConfigurationStore] HasCredentials()
[2025-09-10 22:53:37Z INFO ConfigurationStore] stored True
[2025-09-10 22:53:37Z INFO CredentialManager] GetCredentialProvider
[2025-09-10 22:53:37Z INFO CredentialManager] Creating type OAuth
[2025-09-10 22:53:37Z INFO CredentialManager] Creating credential type: OAuth
[2025-09-10 22:53:37Z INFO RSAEncryptedFileKeyManager] Loading RSA key parameters from file C:\laragon\www\sapapi\actions-runner\.credentials_rsaparams
[2025-09-10 22:53:37Z INFO BrokerMessageListener] VssConnection created
[2025-09-10 22:53:37Z INFO BrokerMessageListener] Connecting to the Runner server...
[2025-09-10 22:53:37Z INFO RunnerServer] EstablishVssConnection
[2025-09-10 22:53:37Z INFO RunnerServer] Establish connection with 100 seconds timeout.
[2025-09-10 22:53:37Z INFO GitHubActionsService] Starting operation Location.GetConnectionData
[2025-09-10 22:53:37Z INFO RunnerServer] EstablishVssConnection
[2025-09-10 22:53:37Z INFO RunnerServer] Establish connection with 60 seconds timeout.
[2025-09-10 22:53:37Z INFO GitHubActionsService] Starting operation Location.GetConnectionData
[2025-09-10 22:53:37Z INFO RunnerServer] EstablishVssConnection
[2025-09-10 22:53:37Z INFO RunnerServer] Establish connection with 60 seconds timeout.
[2025-09-10 22:53:37Z INFO GitHubActionsService] Starting operation Location.GetConnectionData
[2025-09-10 22:53:38Z INFO GitHubActionsService] Finished operation Location.GetConnectionData
[2025-09-10 22:53:38Z INFO GitHubActionsService] Finished operation Location.GetConnectionData
[2025-09-10 22:53:38Z INFO GitHubActionsService] Finished operation Location.GetConnectionData
[2025-09-10 22:53:38Z INFO BrokerMessageListener] VssConnection created
[2025-09-10 22:53:38Z INFO Terminal] WRITE LINE: 
[2025-09-10 22:53:38Z INFO Terminal] WRITE LINE: 
[2025-09-10 22:53:38Z INFO RSAEncryptedFileKeyManager] Loading RSA key parameters from file C:\laragon\www\sapapi\actions-runner\.credentials_rsaparams
[2025-09-10 22:53:38Z INFO RSAEncryptedFileKeyManager] Loading RSA key parameters from file C:\laragon\www\sapapi\actions-runner\.credentials_rsaparams
[2025-09-10 22:53:39Z INFO GitHubActionsService] AAD Correlation ID for this token request: Unknown
[2025-09-10 22:53:40Z INFO BrokerMessageListener] Session created.
[2025-09-10 22:53:40Z INFO Runner] Successfully created session with migrated settings
[2025-09-10 22:53:40Z INFO Terminal] WRITE LINE: Current runner version: '2.328.0'
[2025-09-10 22:53:40Z INFO Terminal] WRITE LINE: 2025-09-10 22:53:40Z: Listening for Jobs
[2025-09-10 22:53:40Z INFO JobDispatcher] Set runner/worker IPC timeout to 30 seconds.
[2025-09-10 23:43:57Z INFO RSAEncryptedFileKeyManager] Loading RSA key parameters from file C:\laragon\www\sapapi\actions-runner\.credentials_rsaparams
[2025-09-10 23:43:58Z INFO GitHubActionsService] AAD Correlation ID for this token request: Unknown
[2025-09-11 00:34:16Z INFO RSAEncryptedFileKeyManager] Loading RSA key parameters from file C:\laragon\www\sapapi\actions-runner\.credentials_rsaparams
[2025-09-11 00:34:17Z INFO GitHubActionsService] AAD Correlation ID for this token request: Unknown
[2025-09-11 01:24:35Z INFO RSAEncryptedFileKeyManager] Loading RSA key parameters from file C:\laragon\www\sapapi\actions-runner\.credentials_rsaparams
[2025-09-11 01:24:36Z INFO GitHubActionsService] AAD Correlation ID for this token request: Unknown
[2025-09-11 02:14:56Z INFO RSAEncryptedFileKeyManager] Loading RSA key parameters from file C:\laragon\www\sapapi\actions-runner\.credentials_rsaparams
[2025-09-11 02:14:57Z INFO GitHubActionsService] AAD Correlation ID for this token request: Unknown
[2025-09-11 03:05:15Z INFO RSAEncryptedFileKeyManager] Loading RSA key parameters from file C:\laragon\www\sapapi\actions-runner\.credentials_rsaparams
[2025-09-11 03:05:16Z INFO GitHubActionsService] AAD Correlation ID for this token request: Unknown
[2025-09-11 03:48:18Z INFO Runner] Refresh message received, kick-off selfupdate background process.
[2025-09-11 03:48:19Z INFO RSAEncryptedFileKeyManager] Loading RSA key parameters from file C:\laragon\www\sapapi\actions-runner\.credentials_rsaparams
[2025-09-11 03:48:19Z INFO RSAEncryptedFileKeyManager] Loading RSA key parameters from file C:\laragon\www\sapapi\actions-runner\.credentials_rsaparams
[2025-09-11 03:48:20Z INFO GitHubActionsService] AAD Correlation ID for this token request: Unknown
[2025-09-11 03:48:21Z INFO SelfUpdater] Version '2.328.0' of 'agent' package available in server.
[2025-09-11 03:48:21Z INFO SelfUpdater] Current running runner version is 2.328.0
[2025-09-11 03:48:21Z INFO SelfUpdater] Can't find available update package.
[2025-09-11 03:48:21Z INFO Terminal] WRITE LINE: Runner update process finished.
[2025-09-11 03:48:21Z INFO Runner] Auto update task finished at backend, there is no available runner update needs to apply, continue message queue looping.
[2025-09-11 03:55:52Z INFO RSAEncryptedFileKeyManager] Loading RSA key parameters from file C:\laragon\www\sapapi\actions-runner\.credentials_rsaparams
[2025-09-11 03:55:53Z INFO GitHubActionsService] AAD Correlation ID for this token request: Unknown
[2025-09-11 04:38:08Z WARN GitHubActionsService] Attempt 1 of GET request to https://broker.actions.githubusercontent.com/message?sessionId=38d94bab-c270-439b-acfa-eed326d31600&status=Online&runnerVersion=2.328.0&os=Windows&architecture=X64&disableUpdate=false failed (Socket Error: ConnectionReset). The operation will be retried in 10.984 seconds.
[2025-09-11 04:45:53Z INFO RSAEncryptedFileKeyManager] Loading RSA key parameters from file C:\laragon\www\sapapi\actions-runner\.credentials_rsaparams
[2025-09-11 04:45:54Z INFO GitHubActionsService] AAD Correlation ID for this token request: Unknown
[2025-09-11 05:36:12Z INFO RSAEncryptedFileKeyManager] Loading RSA key parameters from file C:\laragon\www\sapapi\actions-runner\.credentials_rsaparams
[2025-09-11 05:36:13Z INFO GitHubActionsService] AAD Correlation ID for this token request: Unknown
[2025-09-11 06:26:31Z INFO RSAEncryptedFileKeyManager] Loading RSA key parameters from file C:\laragon\www\sapapi\actions-runner\.credentials_rsaparams
[2025-09-11 06:26:32Z INFO GitHubActionsService] AAD Correlation ID for this token request: Unknown
[2025-09-11 07:16:49Z INFO RSAEncryptedFileKeyManager] Loading RSA key parameters from file C:\laragon\www\sapapi\actions-runner\.credentials_rsaparams
[2025-09-11 07:16:50Z INFO GitHubActionsService] AAD Correlation ID for this token request: Unknown
[2025-09-11 08:07:08Z INFO RSAEncryptedFileKeyManager] Loading RSA key parameters from file C:\laragon\www\sapapi\actions-runner\.credentials_rsaparams
[2025-09-11 08:07:09Z INFO GitHubActionsService] AAD Correlation ID for this token request: Unknown
[2025-09-11 08:57:27Z INFO RSAEncryptedFileKeyManager] Loading RSA key parameters from file C:\laragon\www\sapapi\actions-runner\.credentials_rsaparams
[2025-09-11 08:57:28Z INFO GitHubActionsService] AAD Correlation ID for this token request: Unknown
[2025-09-11 09:47:46Z INFO RSAEncryptedFileKeyManager] Loading RSA key parameters from file C:\laragon\www\sapapi\actions-runner\.credentials_rsaparams
[2025-09-11 09:47:47Z INFO GitHubActionsService] AAD Correlation ID for this token request: Unknown
[2025-09-11 10:38:05Z INFO RSAEncryptedFileKeyManager] Loading RSA key parameters from file C:\laragon\www\sapapi\actions-runner\.credentials_rsaparams
[2025-09-11 10:38:06Z INFO GitHubActionsService] AAD Correlation ID for this token request: Unknown
[2025-09-11 11:28:23Z INFO RSAEncryptedFileKeyManager] Loading RSA key parameters from file C:\laragon\www\sapapi\actions-runner\.credentials_rsaparams
[2025-09-11 11:28:24Z INFO GitHubActionsService] AAD Correlation ID for this token request: Unknown
[2025-09-11 12:18:42Z INFO RSAEncryptedFileKeyManager] Loading RSA key parameters from file C:\laragon\www\sapapi\actions-runner\.credentials_rsaparams
[2025-09-11 12:18:43Z INFO GitHubActionsService] AAD Correlation ID for this token request: Unknown
[2025-09-11 13:09:01Z INFO RSAEncryptedFileKeyManager] Loading RSA key parameters from file C:\laragon\www\sapapi\actions-runner\.credentials_rsaparams
[2025-09-11 13:09:02Z INFO GitHubActionsService] AAD Correlation ID for this token request: Unknown
[2025-09-11 13:59:20Z INFO RSAEncryptedFileKeyManager] Loading RSA key parameters from file C:\laragon\www\sapapi\actions-runner\.credentials_rsaparams
[2025-09-11 13:59:21Z INFO GitHubActionsService] AAD Correlation ID for this token request: Unknown
[2025-09-11 14:49:38Z INFO RSAEncryptedFileKeyManager] Loading RSA key parameters from file C:\laragon\www\sapapi\actions-runner\.credentials_rsaparams
[2025-09-11 14:49:39Z INFO GitHubActionsService] AAD Correlation ID for this token request: Unknown
[2025-09-11 15:39:58Z INFO RSAEncryptedFileKeyManager] Loading RSA key parameters from file C:\laragon\www\sapapi\actions-runner\.credentials_rsaparams
[2025-09-11 15:39:59Z INFO GitHubActionsService] AAD Correlation ID for this token request: Unknown
[2025-09-11 16:13:56Z INFO HostContext] Runner will be shutdown for UserCancelled
[2025-09-11 16:13:56Z WARN GitHubActionsService] GET request to https://broker.actions.githubusercontent.com/message?sessionId=38d94bab-c270-439b-acfa-eed326d31600&status=Online&runnerVersion=2.328.0&os=Windows&architecture=X64&disableUpdate=false has been cancelled.
[2025-09-11 16:13:56Z ERR  BrokerServer] Catch exception during request
[2025-09-11 16:13:56Z ERR  BrokerServer] System.Threading.Tasks.TaskCanceledException: The operation was canceled.
 ---> System.Threading.Tasks.TaskCanceledException: The operation was canceled.
 ---> System.IO.IOException: Unable to read data from the transport connection: The I/O operation has been aborted because of either a thread exit or an application request..
 ---> System.Net.Sockets.SocketException (995): The I/O operation has been aborted because of either a thread exit or an application request.
   --- End of inner exception stack trace ---
   at System.Net.Sockets.Socket.AwaitableSocketAsyncEventArgs.ThrowException(SocketError error, CancellationToken cancellationToken)
   at System.Net.Sockets.Socket.AwaitableSocketAsyncEventArgs.System.Threading.Tasks.Sources.IValueTaskSource<System.Int32>.GetResult(Int16 token)
   at System.Net.Security.SslStream.EnsureFullTlsFrameAsync[TIOAdapter](CancellationToken cancellationToken, Int32 estimatedSize)
   at System.Runtime.CompilerServices.PoolingAsyncValueTaskMethodBuilder`1.StateMachineBox`1.System.Threading.Tasks.Sources.IValueTaskSource<TResult>.GetResult(Int16 token)
   at System.Net.Security.SslStream.ReadAsyncInternal[TIOAdapter](Memory`1 buffer, CancellationToken cancellationToken)
   at System.Runtime.CompilerServices.PoolingAsyncValueTaskMethodBuilder`1.StateMachineBox`1.System.Threading.Tasks.Sources.IValueTaskSource<TResult>.GetResult(Int16 token)
   at System.Net.Http.HttpConnection.SendAsync(HttpRequestMessage request, Boolean async, CancellationToken cancellationToken)
   --- End of inner exception stack trace ---
   at System.Net.Http.HttpConnection.SendAsync(HttpRequestMessage request, Boolean async, CancellationToken cancellationToken)
   at System.Net.Http.AuthenticationHelper.SendWithNtAuthAsync(HttpRequestMessage request, Uri authUri, Boolean async, ICredentials credentials, Boolean isProxyAuth, HttpConnection connection, HttpConnectionPool connectionPool, CancellationToken cancellationToken)
   at System.Net.Http.HttpConnectionPool.SendWithVersionDetectionAndRetryAsync(HttpRequestMessage request, Boolean async, Boolean doRequestAuth, CancellationToken cancellationToken)
   at System.Net.Http.AuthenticationHelper.SendWithAuthAsync(HttpRequestMessage request, Uri authUri, Boolean async, ICredentials credentials, Boolean preAuthenticate, Boolean isProxyAuth, Boolean doRequestAuth, HttpConnectionPool pool, CancellationToken cancellationToken)
   at System.Net.Http.RedirectHandler.SendAsync(HttpRequestMessage request, Boolean async, CancellationToken cancellationToken)
   at GitHub.Services.Common.RawHttpMessageHandler.SendAsync(HttpRequestMessage request, CancellationToken cancellationToken)
   at GitHub.Services.Common.VssHttpRetryMessageHandler.SendAsync(HttpRequestMessage request, CancellationToken cancellationToken)
   at System.Net.Http.HttpClient.<SendAsync>g__Core|83_0(HttpRequestMessage request, HttpCompletionOption completionOption, CancellationTokenSource cts, Boolean disposeCts, CancellationTokenSource pendingRequestsCts, CancellationToken originalCancellationToken)
   --- End of inner exception stack trace ---
   at System.Net.Http.HttpClient.HandleFailure(Exception e, Boolean telemetryStarted, HttpResponseMessage response, CancellationTokenSource cts, CancellationToken cancellationToken, CancellationTokenSource pendingRequestsCts)
   at System.Net.Http.HttpClient.<SendAsync>g__Core|83_0(HttpRequestMessage request, HttpCompletionOption completionOption, CancellationTokenSource cts, Boolean disposeCts, CancellationTokenSource pendingRequestsCts, CancellationToken originalCancellationToken)
   at Sdk.WebApi.WebApi.RawHttpClientBase.SendAsync(HttpRequestMessage message, HttpCompletionOption completionOption, Object userState, CancellationToken cancellationToken)
   at Sdk.WebApi.WebApi.RawHttpClientBase.SendAsync[T](HttpRequestMessage message, Boolean readErrorBody, Object userState, CancellationToken cancellationToken)
   at Sdk.WebApi.WebApi.RawHttpClientBase.SendAsync[T](HttpMethod method, IEnumerable`1 additionalHeaders, Uri requestUri, HttpContent content, IEnumerable`1 queryParameters, Boolean readErrorBody, Object userState, CancellationToken cancellationToken)
   at GitHub.Actions.RunService.WebApi.BrokerHttpClient.GetRunnerMessageAsync(Nullable`1 sessionId, String runnerVersion, Nullable`1 status, String os, String architecture, Nullable`1 disableUpdate, CancellationToken cancellationToken)
   at GitHub.Runner.Common.BrokerServer.<>c__DisplayClass7_0.<<GetRunnerMessageAsync>b__0>d.MoveNext()
--- End of stack trace from previous location ---
   at GitHub.Runner.Common.RunnerService.RetryRequest[T](Func`1 func, CancellationToken cancellationToken, Int32 maxRetryAttemptsCount, Func`2 shouldRetry)
[2025-09-11 16:13:56Z ERR  BrokerServer] #####################################################
[2025-09-11 16:13:56Z ERR  BrokerServer] System.Threading.Tasks.TaskCanceledException: The operation was canceled.
 ---> System.IO.IOException: Unable to read data from the transport connection: The I/O operation has been aborted because of either a thread exit or an application request..
 ---> System.Net.Sockets.SocketException (995): The I/O operation has been aborted because of either a thread exit or an application request.
   --- End of inner exception stack trace ---
   at System.Net.Sockets.Socket.AwaitableSocketAsyncEventArgs.ThrowException(SocketError error, CancellationToken cancellationToken)
   at System.Net.Sockets.Socket.AwaitableSocketAsyncEventArgs.System.Threading.Tasks.Sources.IValueTaskSource<System.Int32>.GetResult(Int16 token)
   at System.Net.Security.SslStream.EnsureFullTlsFrameAsync[TIOAdapter](CancellationToken cancellationToken, Int32 estimatedSize)
   at System.Runtime.CompilerServices.PoolingAsyncValueTaskMethodBuilder`1.StateMachineBox`1.System.Threading.Tasks.Sources.IValueTaskSource<TResult>.GetResult(Int16 token)
   at System.Net.Security.SslStream.ReadAsyncInternal[TIOAdapter](Memory`1 buffer, CancellationToken cancellationToken)
   at System.Runtime.CompilerServices.PoolingAsyncValueTaskMethodBuilder`1.StateMachineBox`1.System.Threading.Tasks.Sources.IValueTaskSource<TResult>.GetResult(Int16 token)
   at System.Net.Http.HttpConnection.SendAsync(HttpRequestMessage request, Boolean async, CancellationToken cancellationToken)
   --- End of inner exception stack trace ---
   at System.Net.Http.HttpConnection.SendAsync(HttpRequestMessage request, Boolean async, CancellationToken cancellationToken)
   at System.Net.Http.AuthenticationHelper.SendWithNtAuthAsync(HttpRequestMessage request, Uri authUri, Boolean async, ICredentials credentials, Boolean isProxyAuth, HttpConnection connection, HttpConnectionPool connectionPool, CancellationToken cancellationToken)
   at System.Net.Http.HttpConnectionPool.SendWithVersionDetectionAndRetryAsync(HttpRequestMessage request, Boolean async, Boolean doRequestAuth, CancellationToken cancellationToken)
   at System.Net.Http.AuthenticationHelper.SendWithAuthAsync(HttpRequestMessage request, Uri authUri, Boolean async, ICredentials credentials, Boolean preAuthenticate, Boolean isProxyAuth, Boolean doRequestAuth, HttpConnectionPool pool, CancellationToken cancellationToken)
   at System.Net.Http.RedirectHandler.SendAsync(HttpRequestMessage request, Boolean async, CancellationToken cancellationToken)
   at GitHub.Services.Common.RawHttpMessageHandler.SendAsync(HttpRequestMessage request, CancellationToken cancellationToken)
   at GitHub.Services.Common.VssHttpRetryMessageHandler.SendAsync(HttpRequestMessage request, CancellationToken cancellationToken)
   at System.Net.Http.HttpClient.<SendAsync>g__Core|83_0(HttpRequestMessage request, HttpCompletionOption completionOption, CancellationTokenSource cts, Boolean disposeCts, CancellationTokenSource pendingRequestsCts, CancellationToken originalCancellationToken)
[2025-09-11 16:13:56Z ERR  BrokerServer] #####################################################
[2025-09-11 16:13:56Z ERR  BrokerServer] System.IO.IOException: Unable to read data from the transport connection: The I/O operation has been aborted because of either a thread exit or an application request..
 ---> System.Net.Sockets.SocketException (995): The I/O operation has been aborted because of either a thread exit or an application request.
   --- End of inner exception stack trace ---
   at System.Net.Sockets.Socket.AwaitableSocketAsyncEventArgs.ThrowException(SocketError error, CancellationToken cancellationToken)
   at System.Net.Sockets.Socket.AwaitableSocketAsyncEventArgs.System.Threading.Tasks.Sources.IValueTaskSource<System.Int32>.GetResult(Int16 token)
   at System.Net.Security.SslStream.EnsureFullTlsFrameAsync[TIOAdapter](CancellationToken cancellationToken, Int32 estimatedSize)
   at System.Runtime.CompilerServices.PoolingAsyncValueTaskMethodBuilder`1.StateMachineBox`1.System.Threading.Tasks.Sources.IValueTaskSource<TResult>.GetResult(Int16 token)
   at System.Net.Security.SslStream.ReadAsyncInternal[TIOAdapter](Memory`1 buffer, CancellationToken cancellationToken)
   at System.Runtime.CompilerServices.PoolingAsyncValueTaskMethodBuilder`1.StateMachineBox`1.System.Threading.Tasks.Sources.IValueTaskSource<TResult>.GetResult(Int16 token)
   at System.Net.Http.HttpConnection.SendAsync(HttpRequestMessage request, Boolean async, CancellationToken cancellationToken)
[2025-09-11 16:13:56Z ERR  BrokerServer] #####################################################
[2025-09-11 16:13:56Z ERR  BrokerServer] System.Net.Sockets.SocketException (995): The I/O operation has been aborted because of either a thread exit or an application request.
[2025-09-11 16:13:56Z WARN BrokerServer] Back off 13.64 seconds before next retry. 4 attempt left.
[2025-09-11 16:13:56Z INFO BrokerMessageListener] Get next message has been cancelled.
[2025-09-11 16:13:56Z INFO JobDispatcher] Shutting down JobDispatcher. Make sure all WorkerDispatcher has finished.
[2025-09-11 16:13:56Z INFO Runner] Deleting Runner Session...
[2025-09-11 16:13:57Z INFO Listener] Runner execution been cancelled.
