[2025-08-28 15:28:56Z INFO HostContext] No proxy settings were found based on environmental variables (http_proxy/https_proxy/HTTP_PROXY/HTTPS_PROXY)
[2025-08-28 15:28:56Z INFO HostContext] Well known directory 'Bin': 'C:\laragon\www\sapapi\actions-runner\bin'
[2025-08-28 15:28:56Z INFO HostContext] Well known directory 'Root': 'C:\laragon\www\sapapi\actions-runner'
[2025-08-28 15:28:56Z INFO HostContext] Well known config file 'Credentials': 'C:\laragon\www\sapapi\actions-runner\.credentials'
[2025-08-28 15:28:56Z INFO HostContext] Well known directory 'Bin': 'C:\laragon\www\sapapi\actions-runner\bin'
[2025-08-28 15:28:56Z INFO HostContext] Well known directory 'Root': 'C:\laragon\www\sapapi\actions-runner'
[2025-08-28 15:28:56Z INFO HostContext] Well known config file 'Runner': 'C:\laragon\www\sapapi\actions-runner\.runner'
[2025-08-28 15:28:56Z INFO Worker] Version: 2.328.0
[2025-08-28 15:28:56Z INFO Worker] Commit: 6f9a9110adce65f44ca6f7c0ae142b9cc6af937b
[2025-08-28 15:28:56Z INFO Worker] Culture: en-US
[2025-08-28 15:28:56Z INFO Worker] UI Culture: en-US
[2025-08-28 15:28:56Z INFO Worker] Waiting to receive the job message from the channel.
[2025-08-28 15:28:56Z INFO ProcessChannel] Receiving message of length 22246, with hash '10f7de290976a008e66aad9c067c89a2c53e0ea8a30bb9fdd8810e1ecc691945'
[2025-08-28 15:28:56Z INFO Worker] Message received.
[2025-08-28 15:28:56Z INFO Worker] Job message:
 {
  "fileTable": [
    ".github/workflows/deploy.yml"
  ],
  "mask": [
    {
      "type": "regex",
      "value": "***"
    },
    {
      "type": "regex",
      "value": "***"
    },
    {
      "type": "regex",
      "value": "***"
    },
    {
      "type": "regex",
      "value": "***"
    },
    {
      "type": "regex",
      "value": "***"
    },
    {
      "type": "regex",
      "value": "***"
    },
    {
      "type": "regex",
      "value": "***"
    },
    {
      "type": "regex",
      "value": "***"
    },
    {
      "type": "regex",
      "value": "***"
    },
    {
      "type": "regex",
      "value": "***"
    },
    {
      "type": "regex",
      "value": "***"
    },
    {
      "type": "regex",
      "value": "***"
    },
    {
      "type": "regex",
      "value": "***"
    },
    {
      "type": "regex",
      "value": "***"
    },
    {
      "type": "regex",
      "value": "***"
    },
    {
      "type": "regex",
      "value": "***"
    },
    {
      "type": "regex",
      "value": "***"
    },
    {
      "type": "regex",
      "value": "***"
    }
  ],
  "steps": [
    {
      "type": "action",
      "reference": {
        "type": "repository",
        "name": "actions/checkout",
        "ref": "v4",
        "repositoryType": "GitHub"
      },
      "displayNameToken": {
        "type": 0,
        "file": 1,
        "line": 13,
        "col": 15,
        "lit": "Checkout repository"
      },
      "contextName": "__actions_checkout",
      "inputs": {
        "type": 2,
        "file": 1,
        "line": 16,
        "col": 11,
        "map": [
          {
            "key": {
              "type": 0,
              "file": 1,
              "line": 16,
              "col": 11,
              "lit": "repository"
            },
            "value": {
              "type": 0,
              "file": 1,
              "line": 16,
              "col": 23,
              "lit": "jauharimalik/sapapi"
            }
          },
          {
            "key": {
              "type": 0,
              "file": 1,
              "line": 17,
              "col": 11,
              "lit": "token"
            },
            "value": {
              "type": 3,
              "file": 1,
              "line": 17,
              "col": 18,
              "expr": "secrets.GITHUB_TOKEN"
            }
          },
          {
            "key": {
              "type": 0,
              "file": 1,
              "line": 18,
              "col": 11,
              "lit": "submodules"
            },
            "value": {
              "type": 0,
              "file": 1,
              "line": 18,
              "col": 23,
              "lit": "false"
            }
          }
        ]
      },
      "condition": "success()",
      "id": "4adaf716-0642-4b1a-bb42-e45abadc274d",
      "name": "__actions_checkout"
    },
    {
      "type": "action",
      "reference": {
        "type": "script"
      },
      "displayNameToken": {
        "type": 0,
        "file": 1,
        "line": 20,
        "col": 15,
        "lit": "Set HOMEPATH for PM2"
      },
      "contextName": "__run",
      "inputs": {
        "type": 2,
        "map": [
          {
            "key": "script",
            "value": {
              "type": 0,
              "file": 1,
              "line": 21,
              "col": 14,
              "lit": "echo \"HOMEPATH=C:\\Users\\PROGRAM-002\" | Out-File -FilePath $env:GITHUB_ENV -Append\n"
            }
          },
          {
            "key": "shell",
            "value": {
              "type": 0,
              "file": 1,
              "line": 23,
              "col": 16,
              "lit": "powershell"
            }
          }
        ]
      },
      "condition": "success()",
      "id": "fd8782ae-ea38-46aa-bf60-2ad65f0198cf",
      "name": "__run"
    },
    {
      "type": "action",
      "reference": {
        "type": "script"
      },
      "displayNameToken": {
        "type": 0,
        "file": 1,
        "line": 25,
        "col": 15,
        "lit": "Add npm global to PATH"
      },
      "contextName": "__run_2",
      "inputs": {
        "type": 2,
        "map": [
          {
            "key": "script",
            "value": {
              "type": 0,
              "file": 1,
              "line": 26,
              "col": 14,
              "lit": "echo \"C:\\Users\\PROGRAM-002\\AppData\\Roaming\\npm\" | Out-File -FilePath $env:GITHUB_PATH -Append -Encoding utf8"
            }
          },
          {
            "key": "shell",
            "value": {
              "type": 0,
              "file": 1,
              "line": 27,
              "col": 16,
              "lit": "powershell"
            }
          }
        ]
      },
      "condition": "success()",
      "id": "8105b8d6-b459-4aab-821f-af9def3f9257",
      "name": "__run_2"
    },
    {
      "type": "action",
      "reference": {
        "type": "script"
      },
      "displayNameToken": {
        "type": 0,
        "file": 1,
        "line": 29,
        "col": 15,
        "lit": "Install PM2 and dependencies"
      },
      "contextName": "__run_3",
      "inputs": {
        "type": 2,
        "map": [
          {
            "key": "script",
            "value": {
              "type": 0,
              "file": 1,
              "line": 30,
              "col": 14,
              "lit": "npm install -g pm2\nnpm install\n"
            }
          }
        ]
      },
      "condition": "success()",
      "id": "9f934abf-0483-443d-90e3-8111103db8de",
      "name": "__run_3"
    },
    {
      "type": "action",
      "reference": {
        "type": "script"
      },
      "displayNameToken": {
        "type": 0,
        "file": 1,
        "line": 33,
        "col": 15,
        "lit": "Delete existing PM2 processes"
      },
      "contextName": "__run_4",
      "inputs": {
        "type": 2,
        "map": [
          {
            "key": "script",
            "value": {
              "type": 0,
              "file": 1,
              "line": 34,
              "col": 14,
              "lit": "pm2 delete all"
            }
          }
        ]
      },
      "condition": "success()",
      "continueOnError": {
        "type": 5,
        "file": 1,
        "line": 35,
        "col": 28,
        "bool": true
      },
      "id": "4701c356-8c8e-4e68-a6b2-bdc2d8472892",
      "name": "__run_4"
    },
    {
      "type": "action",
      "reference": {
        "type": "script"
      },
      "displayNameToken": {
        "type": 0,
        "file": 1,
        "line": 37,
        "col": 15,
        "lit": "Start all Node.js applications with PM2"
      },
      "contextName": "__run_5",
      "inputs": {
        "type": 2,
        "map": [
          {
            "key": "script",
            "value": {
              "type": 0,
              "file": 1,
              "line": 38,
              "col": 14,
              "lit": "pm2 start prod.js --name \"prod-service\" --watch --ignore-watch \"node_modules\"\npm2 start grpo.js --name \"grpo-service\" --watch --ignore-watch \"node_modules\"\npm2 start guling.js --name \"guling-service\" --watch --ignore-watch \"node_modules\"\npm2 start retur.js --name \"retur-service\" --watch --ignore-watch \"node_modules\"\npm2 start rijek.js --name \"rijek-service\" --watch --ignore-watch \"node_modules\"\npm2 start sto.js --name \"sto-service\" --watch --ignore-watch \"node_modules\"\npm2 start server.js --name \"server-service\" --watch --ignore-watch \"node_modules\"\n"
            }
          },
          {
            "key": "shell",
            "value": {
              "type": 0,
              "file": 1,
              "line": 46,
              "col": 16,
              "lit": "powershell"
            }
          }
        ]
      },
      "condition": "success()",
      "id": "d4420ad3-450a-4d96-b518-05b50915ecc4",
      "name": "__run_5"
    },
    {
      "type": "action",
      "reference": {
        "type": "script"
      },
      "displayNameToken": {
        "type": 0,
        "file": 1,
        "line": 48,
        "col": 15,
        "lit": "Save PM2 process list"
      },
      "contextName": "__run_6",
      "inputs": {
        "type": 2,
        "map": [
          {
            "key": "script",
            "value": {
              "type": 0,
              "file": 1,
              "line": 49,
              "col": 14,
              "lit": "pm2 save"
            }
          }
        ]
      },
      "condition": "success()",
      "id": "a8d2fe29-cb8b-4b18-95ce-9bd6a72f966c",
      "name": "__run_6"
    },
    {
      "type": "action",
      "reference": {
        "type": "script"
      },
      "displayNameToken": {
        "type": 0,
        "file": 1,
        "line": 51,
        "col": 15,
        "lit": "Show PM2 process status"
      },
      "contextName": "__run_7",
      "inputs": {
        "type": 2,
        "map": [
          {
            "key": "script",
            "value": {
              "type": 0,
              "file": 1,
              "line": 52,
              "col": 14,
              "lit": "pm2 list"
            }
          }
        ]
      },
      "condition": "success()",
      "id": "78e2db05-8644-4f96-9373-9dec798594a9",
      "name": "__run_7"
    }
  ],
  "variables": {
    "Actions.EnableHttpRedirects": {
      "value": "true"
    },
    "DistributedTask.AddWarningToNode12Action": {
      "value": "true"
    },
    "DistributedTask.AddWarningToNode16Action": {
      "value": "true"
    },
    "DistributedTask.AllowRunnerContainerHooks": {
      "value": "true"
    },
    "DistributedTask.DeprecaPANDURASA_LIVEepOutputCommands": {
      "value": "true"
    },
    "DistributedTask.DetailUntarFailure": {
      "value": "true"
    },
    "DistributedTask.EnableCompositeActions": {
      "value": "true"
    },
    "DistributedTask.EnableJobServerQueueTelemetry": {
      "value": "true"
    },
    "DistributedTask.EnhancedAnnotations": {
      "value": "true"
    },
    "DistributedTask.ForceGithubJavascriptActionsToNode16": {
      "value": "true"
    },
    "DistributedTask.ForceGithubJavascriptActionsToNode20": {
      "value": "true"
    },
    "DistributedTask.LogTemplateErrorsAsDebugMessages": {
      "value": "true"
    },
    "DistributedTask.MarkJobAsFailedOnWorkerCrash": {
      "value": "true"
    },
    "DistributedTask.NewActionMetadata": {
      "value": "true"
    },
    "DistributedTask.UploadStepSummary": {
      "value": "true"
    },
    "DistributedTask.UseActionArchiveCache": {
      "value": "true"
    },
    "DistributedTask.UseWhich2": {
      "value": "true"
    },
    "RunService.FixEmbeddedIssues": {
      "value": "true"
    },
    "actions_add_check_run_id_to_job_context": {
      "value": "false"
    },
    "actions_display_helpful_actions_download_errors": {
      "value": "true"
    },
    "actions_skip_retry_complete_job_upon_known_errors": {
      "value": "true"
    },
    "actions_uses_cache_service_v2": {
      "value": "true"
    },
    "github_token": {
      "value": "***",
      "isSecret": true
    },
    "system.from_run_service": {
      "value": "true"
    },
    "system.github.job": {
      "value": "deploy"
    },
    "system.github.launch_endpoint": {
      "value": "https://launch.actions.githubusercontent.com"
    },
    "system.github.results_endpoint": {
      "value": "https://results-receiver.actions.githubusercontent.com/"
    },
    "system.github.results_upload_with_sdk": {
      "value": "true"
    },
    "system.github.token": {
      "value": "***",
      "isSecret": true
    },
    "system.github.token.permissions": {
      "value": "{\"Contents\":\"read\",\"Metadata\":\"read\",\"Packages\":\"read\"}"
    },
    "system.orchestrationId": {
      "value": "7212aa00-5c10-4ceb-89ac-18d57dd99a22.deploy.__default"
    },
    "system.phaseDisplayName": {
      "value": "deploy"
    },
    "system.runner.lowdiskspacethreshold": {
      "value": "100"
    },
    "system.runnerEnvironment": {
      "value": "self-hosted"
    },
    "system.runnerGroupName": {
      "value": "Default"
    }
  },
  "messageType": "RunnerJobRequest",
  "plan": {
    "scopeIdentifier": "00000000-0000-0000-0000-000000000000",
    "planType": "actions",
    "version": 0,
    "planId": "7212aa00-5c10-4ceb-89ac-18d57dd99a22",
    "planGroup": null,
    "artifactUri": null,
    "artifactLocation": null,
    "definition": null,
    "owner": null
  },
  "timeline": {
    "id": "7212aa00-5c10-4ceb-89ac-18d57dd99a22",
    "changeId": 0,
    "location": null
  },
  "jobId": "3dc2fe27-485f-53b6-a802-e603d5a48176",
  "jobDisplayName": "deploy",
  "jobName": "__default",
  "requestId": 0,
  "lockedUntil": "0001-01-01T00:00:00",
  "resources": {
    "endpoints": [
      {
        "data": {
          "ServerId": "",
          "ServerName": "",
          "CacheServerUrl": "https://artifactcache.actions.githubusercontent.com/OTqsuixwcDOeboiI5ELPh9vt0loVA9erSQMzHOLYofkfIDGeBX/",
          "FeedStreamUrl": "wss://results-receiver.actions.githubusercontent.com/_ws/ingest.sock",
          "ResultsServiceUrl": "https://results-receiver.actions.githubusercontent.com/",
          "PipelinesServiceUrl": "https://pipelinesghubeus26.actions.githubusercontent.com/OTqsuixwcDOeboiI5ELPh9vt0loVA9erSQMzHOLYofkfIDGeBX/",
          "GenerateIdTokenUrl": ""
        },
        "name": "SystemVssConnection",
        "url": "https://run-actions-3-azure-eastus.actions.githubusercontent.com/19/",
        "authorization": {
          "parameters": {
            "AccessToken": "***"
          },
          "scheme": "OAuth"
        },
        "isShared": false,
        "isReady": true
      }
    ]
  },
  "contextData": {
    "github": {
      "t": 2,
      "d": [
        {
          "k": "ref",
          "v": "refs/heads/main"
        },
        {
          "k": "sha",
          "v": "166aca31bb4a14e106d468d950018eb1dd65d954"
        },
        {
          "k": "repository",
          "v": "jauharimalik/sapapi"
        },
        {
          "k": "repository_owner",
          "v": "jauharimalik"
        },
        {
          "k": "repository_owner_id",
          "v": "9219344"
        },
        {
          "k": "repositoryUrl",
          "v": "git://github.com/jauharimalik/sapapi.git"
        },
        {
          "k": "run_id",
          "v": "17300536391"
        },
        {
          "k": "run_number",
          "v": "91"
        },
        {
          "k": "retention_days",
          "v": "90"
        },
        {
          "k": "run_attempt",
          "v": "1"
        },
        {
          "k": "artifact_cache_size_limit",
          "v": "10"
        },
        {
          "k": "repository_visibility",
          "v": "public"
        },
        {
          "k": "actor_id",
          "v": "9219344"
        },
        {
          "k": "actor",
          "v": "jauharimalik"
        },
        {
          "k": "workflow",
          "v": "Deploy to csxpk"
        },
        {
          "k": "head_ref",
          "v": ""
        },
        {
          "k": "base_ref",
          "v": ""
        },
        {
          "k": "event_name",
          "v": "push"
        },
        {
          "k": "server_url",
          "v": "https://github.com"
        },
        {
          "k": "api_url",
          "v": "https://api.github.com"
        },
        {
          "k": "graphql_url",
          "v": "https://api.github.com/graphql"
        },
        {
          "k": "ref_name",
          "v": "main"
        },
        {
          "k": "ref_protected",
          "v": false
        },
        {
          "k": "ref_type",
          "v": "branch"
        },
        {
          "k": "secret_source",
          "v": "Actions"
        },
        {
          "k": "event",
          "v": {
            "t": 2,
            "d": [
              {
                "k": "after",
                "v": "166aca31bb4a14e106d468d950018eb1dd65d954"
              },
              {
                "k": "base_ref",
                "v": null
              },
              {
                "k": "before",
                "v": "fe5fff7473bf3687f907c879c618cfea00fadb91"
              },
              {
                "k": "commits",
                "v": {
                  "t": 1,
                  "a": [
                    {
                      "t": 2,
                      "d": [
                        {
                          "k": "author",
                          "v": {
                            "t": 2,
                            "d": [
                              {
                                "k": "email",
                                "v": "jauharimalikupil@gmail.com"
                              },
                              {
                                "k": "name",
                                "v": "unknown"
                              },
                              {
                                "k": "username",
                                "v": "jauharimalik"
                              }
                            ]
                          }
                        },
                        {
                          "k": "committer",
                          "v": {
                            "t": 2,
                            "d": [
                              {
                                "k": "email",
                                "v": "jauharimalikupil@gmail.com"
                              },
                              {
                                "k": "name",
                                "v": "unknown"
                              },
                              {
                                "k": "username",
                                "v": "jauharimalik"
                              }
                            ]
                          }
                        },
                        {
                          "k": "distinct",
                          "v": true
                        },
                        {
                          "k": "id",
                          "v": "166aca31bb4a14e106d468d950018eb1dd65d954"
                        },
                        {
                          "k": "message",
                          "v": "revisi grpo"
                        },
                        {
                          "k": "timestamp",
                          "v": "2025-08-28T22:28:37+07:00"
                        },
                        {
                          "k": "tree_id",
                          "v": "dfd80b50d396d20720f145d08bef429fb34490ad"
                        },
                        {
                          "k": "url",
                          "v": "https://github.com/jauharimalik/sapapi/commit/166aca31bb4a14e106d468d950018eb1dd65d954"
                        }
                      ]
                    }
                  ]
                }
              },
              {
                "k": "compare",
                "v": "https://github.com/jauharimalik/sapapi/compare/fe5fff7473bf...166aca31bb4a"
              },
              {
                "k": "created",
                "v": false
              },
              {
                "k": "deleted",
                "v": false
              },
              {
                "k": "forced",
                "v": false
              },
              {
                "k": "head_commit",
                "v": {
                  "t": 2,
                  "d": [
                    {
                      "k": "author",
                      "v": {
                        "t": 2,
                        "d": [
                          {
                            "k": "email",
                            "v": "jauharimalikupil@gmail.com"
                          },
                          {
                            "k": "name",
                            "v": "unknown"
                          },
                          {
                            "k": "username",
                            "v": "jauharimalik"
                          }
                        ]
                      }
                    },
                    {
                      "k": "committer",
                      "v": {
                        "t": 2,
                        "d": [
                          {
                            "k": "email",
                            "v": "jauharimalikupil@gmail.com"
                          },
                          {
                            "k": "name",
                            "v": "unknown"
                          },
                          {
                            "k": "username",
                            "v": "jauharimalik"
                          }
                        ]
                      }
                    },
                    {
                      "k": "distinct",
                      "v": true
                    },
                    {
                      "k": "id",
                      "v": "166aca31bb4a14e106d468d950018eb1dd65d954"
                    },
                    {
                      "k": "message",
                      "v": "revisi grpo"
                    },
                    {
                      "k": "timestamp",
                      "v": "2025-08-28T22:28:37+07:00"
                    },
                    {
                      "k": "tree_id",
                      "v": "dfd80b50d396d20720f145d08bef429fb34490ad"
                    },
                    {
                      "k": "url",
                      "v": "https://github.com/jauharimalik/sapapi/commit/166aca31bb4a14e106d468d950018eb1dd65d954"
                    }
                  ]
                }
              },
              {
                "k": "pusher",
                "v": {
                  "t": 2,
                  "d": [
                    {
                      "k": "email",
                      "v": "jauharimalikupil@gmail.com"
                    },
                    {
                      "k": "name",
                      "v": "jauharimalik"
                    }
                  ]
                }
              },
              {
                "k": "ref",
                "v": "refs/heads/main"
              },
              {
                "k": "repository",
                "v": {
                  "t": 2,
                  "d": [
                    {
                      "k": "allow_forking",
                      "v": true
                    },
                    {
                      "k": "archive_url",
                      "v": "https://api.github.com/repos/jauharimalik/sapapi/{archive_format}{/ref}"
                    },
                    {
                      "k": "archived",
                      "v": false
                    },
                    {
                      "k": "assignees_url",
                      "v": "https://api.github.com/repos/jauharimalik/sapapi/assignees{/user}"
                    },
                    {
                      "k": "blobs_url",
                      "v": "https://api.github.com/repos/jauharimalik/sapapi/git/blobs{/sha}"
                    },
                    {
                      "k": "branches_url",
                      "v": "https://api.github.com/repos/jauharimalik/sapapi/branches{/branch}"
                    },
                    {
                      "k": "clone_url",
                      "v": "https://github.com/jauharimalik/sapapi.git"
                    },
                    {
                      "k": "collaborators_url",
                      "v": "https://api.github.com/repos/jauharimalik/sapapi/collaborators{/collaborator}"
                    },
                    {
                      "k": "comments_url",
                      "v": "https://api.github.com/repos/jauharimalik/sapapi/comments{/number}"
                    },
                    {
                      "k": "commits_url",
                      "v": "https://api.github.com/repos/jauharimalik/sapapi/commits{/sha}"
                    },
                    {
                      "k": "compare_url",
                      "v": "https://api.github.com/repos/jauharimalik/sapapi/compare/{base}...{head}"
                    },
                    {
                      "k": "contents_url",
                      "v": "https://api.github.com/repos/jauharimalik/sapapi/contents/{+path}"
                    },
                    {
                      "k": "contributors_url",
                      "v": "https://api.github.com/repos/jauharimalik/sapapi/contributors"
                    },
                    {
                      "k": "created_at",
                      "v": 1754292236.0
                    },
                    {
                      "k": "default_branch",
                      "v": "main"
                    },
                    {
                      "k": "deployments_url",
                      "v": "https://api.github.com/repos/jauharimalik/sapapi/deployments"
                    },
                    {
                      "k": "description",
                      "v": null
                    },
                    {
                      "k": "disabled",
                      "v": false
                    },
                    {
                      "k": "downloads_url",
                      "v": "https://api.github.com/repos/jauharimalik/sapapi/downloads"
                    },
                    {
                      "k": "events_url",
                      "v": "https://api.github.com/repos/jauharimalik/sapapi/events"
                    },
                    {
                      "k": "fork",
                      "v": false
                    },
                    {
                      "k": "forks",
                      "v": 0.0
                    },
                    {
                      "k": "forks_count",
                      "v": 0.0
                    },
                    {
                      "k": "forks_url",
                      "v": "https://api.github.com/repos/jauharimalik/sapapi/forks"
                    },
                    {
                      "k": "full_name",
                      "v": "jauharimalik/sapapi"
                    },
                    {
                      "k": "git_commits_url",
                      "v": "https://api.github.com/repos/jauharimalik/sapapi/git/commits{/sha}"
                    },
                    {
                      "k": "git_refs_url",
                      "v": "https://api.github.com/repos/jauharimalik/sapapi/git/refs{/sha}"
                    },
                    {
                      "k": "git_tags_url",
                      "v": "https://api.github.com/repos/jauharimalik/sapapi/git/tags{/sha}"
                    },
                    {
                      "k": "git_url",
                      "v": "git://github.com/jauharimalik/sapapi.git"
                    },
                    {
                      "k": "has_discussions",
                      "v": false
                    },
                    {
                      "k": "has_downloads",
                      "v": true
                    },
                    {
                      "k": "has_issues",
                      "v": true
                    },
                    {
                      "k": "has_pages",
                      "v": true
                    },
                    {
                      "k": "has_projects",
                      "v": true
                    },
                    {
                      "k": "has_wiki",
                      "v": true
                    },
                    {
                      "k": "homepage",
                      "v": null
                    },
                    {
                      "k": "hooks_url",
                      "v": "https://api.github.com/repos/jauharimalik/sapapi/hooks"
                    },
                    {
                      "k": "html_url",
                      "v": "https://github.com/jauharimalik/sapapi"
                    },
                    {
                      "k": "id",
                      "v": 1031688394.0
                    },
                    {
                      "k": "is_template",
                      "v": false
                    },
                    {
                      "k": "issue_comment_url",
                      "v": "https://api.github.com/repos/jauharimalik/sapapi/issues/comments{/number}"
                    },
                    {
                      "k": "issue_events_url",
                      "v": "https://api.github.com/repos/jauharimalik/sapapi/issues/events{/number}"
                    },
                    {
                      "k": "issues_url",
                      "v": "https://api.github.com/repos/jauharimalik/sapapi/issues{/number}"
                    },
                    {
                      "k": "keys_url",
                      "v": "https://api.github.com/repos/jauharimalik/sapapi/keys{/key_id}"
                    },
                    {
                      "k": "labels_url",
                      "v": "https://api.github.com/repos/jauharimalik/sapapi/labels{/name}"
                    },
                    {
                      "k": "language",
                      "v": "JavaScript"
                    },
                    {
                      "k": "languages_url",
                      "v": "https://api.github.com/repos/jauharimalik/sapapi/languages"
                    },
                    {
                      "k": "license",
                      "v": null
                    },
                    {
                      "k": "master_branch",
                      "v": "main"
                    },
                    {
                      "k": "merges_url",
                      "v": "https://api.github.com/repos/jauharimalik/sapapi/merges"
                    },
                    {
                      "k": "milestones_url",
                      "v": "https://api.github.com/repos/jauharimalik/sapapi/milestones{/number}"
                    },
                    {
                      "k": "mirror_url",
                      "v": null
                    },
                    {
                      "k": "name",
                      "v": "sapapi"
                    },
                    {
                      "k": "node_id",
                      "v": "R_kgDOPX5Qyg"
                    },
                    {
                      "k": "notifications_url",
                      "v": "https://api.github.com/repos/jauharimalik/sapapi/notifications{?since,all,participating}"
                    },
                    {
                      "k": "open_issues",
                      "v": 0.0
                    },
                    {
                      "k": "open_issues_count",
                      "v": 0.0
                    },
                    {
                      "k": "owner",
                      "v": {
                        "t": 2,
                        "d": [
                          {
                            "k": "avatar_url",
                            "v": "https://avatars.githubusercontent.com/u/9219344?v=4"
                          },
                          {
                            "k": "email",
                            "v": "jauharimalikupil@gmail.com"
                          },
                          {
                            "k": "events_url",
                            "v": "https://api.github.com/users/jauharimalik/events{/privacy}"
                          },
                          {
                            "k": "followers_url",
                            "v": "https://api.github.com/users/jauharimalik/followers"
                          },
                          {
                            "k": "following_url",
                            "v": "https://api.github.com/users/jauharimalik/following{/other_user}"
                          },
                          {
                            "k": "gists_url",
                            "v": "https://api.github.com/users/jauharimalik/gists{/gist_id}"
                          },
                          {
                            "k": "gravatar_id",
                            "v": ""
                          },
                          {
                            "k": "html_url",
                            "v": "https://github.com/jauharimalik"
                          },
                          {
                            "k": "id",
                            "v": 9219344.0
                          },
                          {
                            "k": "login",
                            "v": "jauharimalik"
                          },
                          {
                            "k": "name",
                            "v": "jauharimalik"
                          },
                          {
                            "k": "node_id",
                            "v": "MDQ6VXNlcjkyMTkzNDQ="
                          },
                          {
                            "k": "organizations_url",
                            "v": "https://api.github.com/users/jauharimalik/orgs"
                          },
                          {
                            "k": "received_events_url",
                            "v": "https://api.github.com/users/jauharimalik/received_events"
                          },
                          {
                            "k": "repos_url",
                            "v": "https://api.github.com/users/jauharimalik/repos"
                          },
                          {
                            "k": "site_admin",
                            "v": false
                          },
                          {
                            "k": "starred_url",
                            "v": "https://api.github.com/users/jauharimalik/starred{/owner}{/repo}"
                          },
                          {
                            "k": "subscriptions_url",
                            "v": "https://api.github.com/users/jauharimalik/subscriptions"
                          },
                          {
                            "k": "type",
                            "v": "User"
                          },
                          {
                            "k": "url",
                            "v": "https://api.github.com/users/jauharimalik"
                          },
                          {
                            "k": "user_view_type",
                            "v": "public"
                          }
                        ]
                      }
                    },
                    {
                      "k": "private",
                      "v": false
                    },
                    {
                      "k": "pulls_url",
                      "v": "https://api.github.com/repos/jauharimalik/sapapi/pulls{/number}"
                    },
                    {
                      "k": "pushed_at",
                      "v": 1756394930.0
                    },
                    {
                      "k": "releases_url",
                      "v": "https://api.github.com/repos/jauharimalik/sapapi/releases{/id}"
                    },
                    {
                      "k": "size",
                      "v": 224750.0
                    },
                    {
                      "k": "ssh_url",
                      "v": "git@github.com:jauharimalik/sapapi.git"
                    },
                    {
                      "k": "stargazers",
                      "v": 0.0
                    },
                    {
                      "k": "stargazers_count",
                      "v": 0.0
                    },
                    {
                      "k": "stargazers_url",
                      "v": "https://api.github.com/repos/jauharimalik/sapapi/stargazers"
                    },
                    {
                      "k": "statuses_url",
                      "v": "https://api.github.com/repos/jauharimalik/sapapi/statuses/{sha}"
                    },
                    {
                      "k": "subscribers_url",
                      "v": "https://api.github.com/repos/jauharimalik/sapapi/subscribers"
                    },
                    {
                      "k": "subscription_url",
                      "v": "https://api.github.com/repos/jauharimalik/sapapi/subscription"
                    },
                    {
                      "k": "svn_url",
                      "v": "https://github.com/jauharimalik/sapapi"
                    },
                    {
                      "k": "tags_url",
                      "v": "https://api.github.com/repos/jauharimalik/sapapi/tags"
                    },
                    {
                      "k": "teams_url",
                      "v": "https://api.github.com/repos/jauharimalik/sapapi/teams"
                    },
                    {
                      "k": "topics",
                      "v": {
                        "t": 1
                      }
                    },
                    {
                      "k": "trees_url",
                      "v": "https://api.github.com/repos/jauharimalik/sapapi/git/trees{/sha}"
                    },
                    {
                      "k": "updated_at",
                      "v": "2025-08-21T02:54:35Z"
                    },
                    {
                      "k": "url",
                      "v": "https://api.github.com/repos/jauharimalik/sapapi"
                    },
                    {
                      "k": "visibility",
                      "v": "public"
                    },
                    {
                      "k": "watchers",
                      "v": 0.0
                    },
                    {
                      "k": "watchers_count",
                      "v": 0.0
                    },
                    {
                      "k": "web_commit_signoff_required",
                      "v": false
                    }
                  ]
                }
              },
              {
                "k": "sender",
                "v": {
                  "t": 2,
                  "d": [
                    {
                      "k": "avatar_url",
                      "v": "https://avatars.githubusercontent.com/u/9219344?v=4"
                    },
                    {
                      "k": "events_url",
                      "v": "https://api.github.com/users/jauharimalik/events{/privacy}"
                    },
                    {
                      "k": "followers_url",
                      "v": "https://api.github.com/users/jauharimalik/followers"
                    },
                    {
                      "k": "following_url",
                      "v": "https://api.github.com/users/jauharimalik/following{/other_user}"
                    },
                    {
                      "k": "gists_url",
                      "v": "https://api.github.com/users/jauharimalik/gists{/gist_id}"
                    },
                    {
                      "k": "gravatar_id",
                      "v": ""
                    },
                    {
                      "k": "html_url",
                      "v": "https://github.com/jauharimalik"
                    },
                    {
                      "k": "id",
                      "v": 9219344.0
                    },
                    {
                      "k": "login",
                      "v": "jauharimalik"
                    },
                    {
                      "k": "node_id",
                      "v": "MDQ6VXNlcjkyMTkzNDQ="
                    },
                    {
                      "k": "organizations_url",
                      "v": "https://api.github.com/users/jauharimalik/orgs"
                    },
                    {
                      "k": "received_events_url",
                      "v": "https://api.github.com/users/jauharimalik/received_events"
                    },
                    {
                      "k": "repos_url",
                      "v": "https://api.github.com/users/jauharimalik/repos"
                    },
                    {
                      "k": "site_admin",
                      "v": false
                    },
                    {
                      "k": "starred_url",
                      "v": "https://api.github.com/users/jauharimalik/starred{/owner}{/repo}"
                    },
                    {
                      "k": "subscriptions_url",
                      "v": "https://api.github.com/users/jauharimalik/subscriptions"
                    },
                    {
                      "k": "type",
                      "v": "User"
                    },
                    {
                      "k": "url",
                      "v": "https://api.github.com/users/jauharimalik"
                    },
                    {
                      "k": "user_view_type",
                      "v": "public"
                    }
                  ]
                }
              }
            ]
          }
        },
        {
          "k": "workflow_ref",
          "v": "jauharimalik/sapapi/.github/workflows/deploy.yml@refs/heads/main"
        },
        {
          "k": "workflow_sha",
          "v": "166aca31bb4a14e106d468d950018eb1dd65d954"
        },
        {
          "k": "repository_id",
          "v": "1031688394"
        },
        {
          "k": "triggering_actor",
          "v": "jauharimalik"
        }
      ]
    },
    "inputs": {
      "t": 2
    },
    "matrix": null,
    "needs": {
      "t": 2
    },
    "strategy": {
      "t": 2,
      "d": [
        {
          "k": "fail-fast",
          "v": true
        },
        {
          "k": "job-index",
          "v": 0.0
        },
        {
          "k": "job-total",
          "v": 1.0
        },
        {
          "k": "max-parallel",
          "v": 1.0
        }
      ]
    },
    "vars": {
      "t": 2
    }
  },
  "billingOwnerId": "U_kgDOAIytEA"
}
[2025-08-28 15:28:56Z INFO JobRunner] Job ID 3dc2fe27-485f-53b6-a802-e603d5a48176
[2025-08-28 15:28:56Z INFO ConfigurationStore] currentAssemblyLocation: C:\laragon\www\sapapi\actions-runner\bin\Runner.Worker.dll
[2025-08-28 15:28:56Z INFO HostContext] Well known directory 'Bin': 'C:\laragon\www\sapapi\actions-runner\bin'
[2025-08-28 15:28:56Z INFO ConfigurationStore] binPath: C:\laragon\www\sapapi\actions-runner\bin
[2025-08-28 15:28:56Z INFO HostContext] Well known directory 'Bin': 'C:\laragon\www\sapapi\actions-runner\bin'
[2025-08-28 15:28:56Z INFO HostContext] Well known directory 'Root': 'C:\laragon\www\sapapi\actions-runner'
[2025-08-28 15:28:56Z INFO ConfigurationStore] RootFolder: C:\laragon\www\sapapi\actions-runner
[2025-08-28 15:28:56Z INFO HostContext] Well known directory 'Bin': 'C:\laragon\www\sapapi\actions-runner\bin'
[2025-08-28 15:28:56Z INFO HostContext] Well known directory 'Root': 'C:\laragon\www\sapapi\actions-runner'
[2025-08-28 15:28:56Z INFO HostContext] Well known config file 'Runner': 'C:\laragon\www\sapapi\actions-runner\.runner'
[2025-08-28 15:28:56Z INFO ConfigurationStore] ConfigFilePath: C:\laragon\www\sapapi\actions-runner\.runner
[2025-08-28 15:28:56Z INFO HostContext] Well known directory 'Bin': 'C:\laragon\www\sapapi\actions-runner\bin'
[2025-08-28 15:28:56Z INFO HostContext] Well known directory 'Root': 'C:\laragon\www\sapapi\actions-runner'
[2025-08-28 15:28:56Z INFO HostContext] Well known config file 'MigratedRunner': 'C:\laragon\www\sapapi\actions-runner\.runner_migrated'
[2025-08-28 15:28:56Z INFO ConfigurationStore] MigratedConfigFilePath: C:\laragon\www\sapapi\actions-runner\.runner_migrated
[2025-08-28 15:28:56Z INFO HostContext] Well known directory 'Bin': 'C:\laragon\www\sapapi\actions-runner\bin'
[2025-08-28 15:28:56Z INFO HostContext] Well known directory 'Root': 'C:\laragon\www\sapapi\actions-runner'
[2025-08-28 15:28:56Z INFO HostContext] Well known config file 'Credentials': 'C:\laragon\www\sapapi\actions-runner\.credentials'
[2025-08-28 15:28:56Z INFO ConfigurationStore] CredFilePath: C:\laragon\www\sapapi\actions-runner\.credentials
[2025-08-28 15:28:56Z INFO HostContext] Well known directory 'Bin': 'C:\laragon\www\sapapi\actions-runner\bin'
[2025-08-28 15:28:56Z INFO HostContext] Well known directory 'Root': 'C:\laragon\www\sapapi\actions-runner'
[2025-08-28 15:28:56Z INFO HostContext] Well known config file 'MigratedCredentials': 'C:\laragon\www\sapapi\actions-runner\.credentials_migrated'
[2025-08-28 15:28:56Z INFO ConfigurationStore] MigratedCredFilePath: C:\laragon\www\sapapi\actions-runner\.credentials_migrated
[2025-08-28 15:28:56Z INFO HostContext] Well known directory 'Bin': 'C:\laragon\www\sapapi\actions-runner\bin'
[2025-08-28 15:28:56Z INFO HostContext] Well known directory 'Root': 'C:\laragon\www\sapapi\actions-runner'
[2025-08-28 15:28:56Z INFO HostContext] Well known config file 'Service': 'C:\laragon\www\sapapi\actions-runner\.service'
[2025-08-28 15:28:56Z INFO ConfigurationStore] ServiceConfigFilePath: C:\laragon\www\sapapi\actions-runner\.service
[2025-08-28 15:28:56Z INFO ConfigurationStore] Read setting file: 386 chars
[2025-08-28 15:28:56Z INFO JobRunner] Initializing launch client
[2025-08-28 15:28:56Z INFO JobServerQueue] Initializing results client
[2025-08-28 15:28:56Z INFO ResultServer] Creating websocket client ...wss://results-receiver.actions.githubusercontent.com/_ws/ingest.sock
[2025-08-28 15:28:56Z INFO ResultServer] Attempting to start websocket client with delay 00:00:00.
[2025-08-28 15:28:56Z INFO JobServerQueue] Start process web console line queue.
[2025-08-28 15:28:56Z INFO JobServerQueue] Start process file upload queue.
[2025-08-28 15:28:56Z INFO JobServerQueue] Start results file upload queue.
[2025-08-28 15:28:56Z INFO JobServerQueue] Starting results-based upload queue...
[2025-08-28 15:28:56Z INFO JobServerQueue] Start process timeline update queue.
[2025-08-28 15:28:56Z INFO ExecutionContext] Initializing Job context
[2025-08-28 15:28:57Z INFO ExecutionContext] Initialize GitHub context
[2025-08-28 15:28:57Z INFO ExecutionContext] Initialize Env context
[2025-08-28 15:28:57Z INFO HostContext] Well known directory 'Bin': 'C:\laragon\www\sapapi\actions-runner\bin'
[2025-08-28 15:28:57Z INFO HostContext] Well known directory 'Root': 'C:\laragon\www\sapapi\actions-runner'
[2025-08-28 15:28:57Z INFO HostContext] Well known directory 'Diag': 'C:\laragon\www\sapapi\actions-runner\_diag'
[2025-08-28 15:28:57Z INFO HostContext] Well known directory 'Bin': 'C:\laragon\www\sapapi\actions-runner\bin'
[2025-08-28 15:28:57Z INFO HostContext] Well known directory 'Root': 'C:\laragon\www\sapapi\actions-runner'
[2025-08-28 15:28:57Z INFO HostContext] Well known directory 'Diag': 'C:\laragon\www\sapapi\actions-runner\_diag'
[2025-08-28 15:28:57Z INFO JobRunner] Starting the job execution context.
[2025-08-28 15:28:57Z INFO HostContext] Well known directory 'Bin': 'C:\laragon\www\sapapi\actions-runner\bin'
[2025-08-28 15:28:57Z INFO HostContext] Well known directory 'Root': 'C:\laragon\www\sapapi\actions-runner'
[2025-08-28 15:28:57Z INFO HostContext] Well known directory 'Work': 'C:\laragon\www\sapapi\actions-runner\_work'
[2025-08-28 15:28:57Z INFO JobRunner] Validating directory permissions for: 'C:\laragon\www\sapapi\actions-runner\_work'
[2025-08-28 15:28:57Z INFO HostContext] Well known directory 'Bin': 'C:\laragon\www\sapapi\actions-runner\bin'
[2025-08-28 15:28:57Z INFO HostContext] Well known directory 'Root': 'C:\laragon\www\sapapi\actions-runner'
[2025-08-28 15:28:57Z INFO HostContext] Well known directory 'Work': 'C:\laragon\www\sapapi\actions-runner\_work'
[2025-08-28 15:28:57Z INFO HostContext] Well known directory 'Tools': 'C:\laragon\www\sapapi\actions-runner\_work\_tool'
[2025-08-28 15:28:57Z INFO HostContext] Well known directory 'Bin': 'C:\laragon\www\sapapi\actions-runner\bin'
[2025-08-28 15:28:57Z INFO HostContext] Well known directory 'Root': 'C:\laragon\www\sapapi\actions-runner'
[2025-08-28 15:28:57Z INFO HostContext] Well known directory 'Work': 'C:\laragon\www\sapapi\actions-runner\_work'
[2025-08-28 15:28:57Z INFO HostContext] Well known directory 'Temp': 'C:\laragon\www\sapapi\actions-runner\_work\_temp'
[2025-08-28 15:28:57Z INFO JobRunner] Getting job extension.
[2025-08-28 15:28:57Z INFO JobRunner] Initialize job. Getting all job steps.
[2025-08-28 15:28:57Z INFO HostContext] Well known directory 'Bin': 'C:\laragon\www\sapapi\actions-runner\bin'
[2025-08-28 15:28:57Z INFO HostContext] Well known directory 'Root': 'C:\laragon\www\sapapi\actions-runner'
[2025-08-28 15:28:57Z INFO HostContext] Well known directory 'Diag': 'C:\laragon\www\sapapi\actions-runner\_diag'
[2025-08-28 15:28:57Z INFO HostContext] Well known directory 'Bin': 'C:\laragon\www\sapapi\actions-runner\bin'
[2025-08-28 15:28:57Z INFO HostContext] Well known directory 'Root': 'C:\laragon\www\sapapi\actions-runner'
[2025-08-28 15:28:57Z INFO HostContext] Well known directory 'Diag': 'C:\laragon\www\sapapi\actions-runner\_diag'
[2025-08-28 15:28:57Z INFO HostContext] Well known directory 'Bin': 'C:\laragon\www\sapapi\actions-runner\bin'
[2025-08-28 15:28:57Z INFO HostContext] Well known directory 'Root': 'C:\laragon\www\sapapi\actions-runner'
[2025-08-28 15:28:57Z INFO HostContext] Well known config file 'Credentials': 'C:\laragon\www\sapapi\actions-runner\.credentials'
[2025-08-28 15:28:57Z INFO HostContext] Well known directory 'Bin': 'C:\laragon\www\sapapi\actions-runner\bin'
[2025-08-28 15:28:57Z INFO HostContext] Well known directory 'Root': 'C:\laragon\www\sapapi\actions-runner'
[2025-08-28 15:28:57Z INFO HostContext] Well known config file 'SetupInfo': 'C:\laragon\www\sapapi\actions-runner\.setup_info'
[2025-08-28 15:28:57Z INFO HostContext] Well known directory 'Bin': 'C:\laragon\www\sapapi\actions-runner\bin'
[2025-08-28 15:28:57Z INFO HostContext] Well known directory 'Root': 'C:\laragon\www\sapapi\actions-runner'
[2025-08-28 15:28:57Z INFO HostContext] Well known directory 'Work': 'C:\laragon\www\sapapi\actions-runner\_work'
[2025-08-28 15:28:57Z INFO PipelineDirectoryManager] Loading tracking config if exists: C:\laragon\www\sapapi\actions-runner\_work\_PipelineMapping\jauharimalik/sapapi\PipelineFolder.json
[2025-08-28 15:28:57Z INFO PipelineDirectoryManager] Updating job run properties.
[2025-08-28 15:28:57Z INFO HostContext] Well known directory 'Bin': 'C:\laragon\www\sapapi\actions-runner\bin'
[2025-08-28 15:28:57Z INFO HostContext] Well known directory 'Root': 'C:\laragon\www\sapapi\actions-runner'
[2025-08-28 15:28:57Z INFO HostContext] Well known directory 'Work': 'C:\laragon\www\sapapi\actions-runner\_work'
[2025-08-28 15:28:57Z INFO HostContext] Well known directory 'Bin': 'C:\laragon\www\sapapi\actions-runner\bin'
[2025-08-28 15:28:57Z INFO HostContext] Well known directory 'Root': 'C:\laragon\www\sapapi\actions-runner'
[2025-08-28 15:28:57Z INFO HostContext] Well known directory 'Work': 'C:\laragon\www\sapapi\actions-runner\_work'
[2025-08-28 15:28:57Z INFO HostContext] Well known directory 'Bin': 'C:\laragon\www\sapapi\actions-runner\bin'
[2025-08-28 15:28:57Z INFO HostContext] Well known directory 'Root': 'C:\laragon\www\sapapi\actions-runner'
[2025-08-28 15:28:57Z INFO HostContext] Well known directory 'Work': 'C:\laragon\www\sapapi\actions-runner\_work'
[2025-08-28 15:28:57Z INFO JobExtension] Downloading actions
[2025-08-28 15:28:57Z INFO HostContext] Well known directory 'Bin': 'C:\laragon\www\sapapi\actions-runner\bin'
[2025-08-28 15:28:57Z INFO HostContext] Well known directory 'Root': 'C:\laragon\www\sapapi\actions-runner'
[2025-08-28 15:28:57Z INFO HostContext] Well known directory 'Work': 'C:\laragon\www\sapapi\actions-runner\_work'
[2025-08-28 15:28:57Z INFO HostContext] Well known directory 'Actions': 'C:\laragon\www\sapapi\actions-runner\_work\_actions'
[2025-08-28 15:28:57Z INFO Worker] Listening for cancel message from the channel.
[2025-08-28 15:28:57Z INFO Worker] Waiting for the job to complete or for a cancel message from the channel.
[2025-08-28 15:28:58Z INFO ResultServer] Successfully started websocket client.
[2025-08-28 15:28:58Z INFO JobServerQueue] Try to append 1 batches web console lines for record 'f7e016e7-edcf-4f5e-8a39-e2384b0e3d54', success rate: 1/1.
[2025-08-28 15:28:58Z INFO HostContext] Well known directory 'Bin': 'C:\laragon\www\sapapi\actions-runner\bin'
[2025-08-28 15:28:58Z INFO HostContext] Well known directory 'Root': 'C:\laragon\www\sapapi\actions-runner'
[2025-08-28 15:28:58Z INFO HostContext] Well known directory 'Work': 'C:\laragon\www\sapapi\actions-runner\_work'
[2025-08-28 15:28:58Z INFO HostContext] Well known directory 'Actions': 'C:\laragon\www\sapapi\actions-runner\_work\_actions'
[2025-08-28 15:28:58Z INFO HostContext] Well known directory 'Bin': 'C:\laragon\www\sapapi\actions-runner\bin'
[2025-08-28 15:28:58Z INFO HostContext] Well known directory 'Root': 'C:\laragon\www\sapapi\actions-runner'
[2025-08-28 15:28:58Z INFO HostContext] Well known directory 'Work': 'C:\laragon\www\sapapi\actions-runner\_work'
[2025-08-28 15:28:58Z INFO HostContext] Well known directory 'Actions': 'C:\laragon\www\sapapi\actions-runner\_work\_actions'
[2025-08-28 15:28:58Z INFO ActionManager] Save archive 'https://api.github.com/repos/actions/checkout/zipball/08eba0b27e820071cde6df949e0beb9ba4906955' into C:\laragon\www\sapapi\actions-runner\_work\_actions\_temp_87848b1f-8bad-4eee-8aa9-4d459e9b6b44\d77e5c7d-2aa4-4453-912a-7051d58b741d.zip.
[2025-08-28 15:28:58Z INFO JobServerQueue] Try to append 1 batches web console lines for record 'f7e016e7-edcf-4f5e-8a39-e2384b0e3d54', success rate: 1/1.
[2025-08-28 15:28:58Z INFO JobServerQueue] Job timeline record has been updated for the first time.
[2025-08-28 15:29:01Z INFO ActionManager] Request URL: https://api.github.com/repos/actions/checkout/zipball/08eba0b27e820071cde6df949e0beb9ba4906955 X-GitHub-Request-Id: 46A0:AC01D:71F1:19CC9:68B075BE Http Status: OK
[2025-08-28 15:29:01Z INFO ActionManager] Finished getting action repository.
[2025-08-28 15:29:01Z INFO HostContext] Well known directory 'Bin': 'C:\laragon\www\sapapi\actions-runner\bin'
[2025-08-28 15:29:01Z INFO HostContext] Well known directory 'Root': 'C:\laragon\www\sapapi\actions-runner'
[2025-08-28 15:29:01Z INFO HostContext] Well known directory 'Work': 'C:\laragon\www\sapapi\actions-runner\_work'
[2025-08-28 15:29:01Z INFO HostContext] Well known directory 'Actions': 'C:\laragon\www\sapapi\actions-runner\_work\_actions'
[2025-08-28 15:29:01Z INFO ActionManifestManager] Load schema file with definitions: [
  "null",
  "boolean",
  "number",
  "string",
  "sequence",
  "mapping",
  "any",
  "action-root",
  "inputs",
  "input",
  "outputs",
  "output-definition",
  "runs",
  "container-runs",
  "container-runs-args",
  "container-runs-env",
  "node-runs",
  "plugin-runs",
  "composite-runs",
  "composite-steps",
  "composite-step",
  "run-step",
  "uses-step",
  "container-runs-context",
  "output-value",
  "input-default-context",
  "non-empty-string",
  "string-steps-context",
  "boolean-steps-context",
  "step-env",
  "step-if",
  "step-with"
]
[2025-08-28 15:29:01Z INFO HostContext] Well known directory 'Bin': 'C:\laragon\www\sapapi\actions-runner\bin'
[2025-08-28 15:29:01Z INFO HostContext] Well known directory 'Root': 'C:\laragon\www\sapapi\actions-runner'
[2025-08-28 15:29:01Z INFO HostContext] Well known directory 'Work': 'C:\laragon\www\sapapi\actions-runner\_work'
[2025-08-28 15:29:01Z INFO HostContext] Well known directory 'Actions': 'C:\laragon\www\sapapi\actions-runner\_work\_actions'
[2025-08-28 15:29:02Z INFO ActionManifestManager] Loaded action.yml file: {
  "name": "Checkout",
  "description": "Checkout a Git repository at a particular version",
  "inputs": {
    "type": 2,
    "map": [
      {
        "key": {
          "type": 0,
          "file": 2,
          "line": 4,
          "col": 3,
          "lit": "repository"
        },
        "value": {
          "type": 3,
          "file": 2,
          "line": 6,
          "col": 14,
          "expr": "github.repository"
        }
      },
      {
        "key": {
          "type": 0,
          "file": 2,
          "line": 7,
          "col": 3,
          "lit": "ref"
        },
        "value": ""
      },
      {
        "key": {
          "type": 0,
          "file": 2,
          "line": 12,
          "col": 3,
          "lit": "token"
        },
        "value": {
          "type": 3,
          "file": 2,
          "line": 24,
          "col": 14,
          "expr": "github.token"
        }
      },
      {
        "key": {
          "type": 0,
          "file": 2,
          "line": 25,
          "col": 3,
          "lit": "ssh-key"
        },
        "value": ""
      },
      {
        "key": {
          "type": 0,
          "file": 2,
          "line": 37,
          "col": 3,
          "lit": "ssh-known-hosts"
        },
        "value": ""
      },
      {
        "key": {
          "type": 0,
          "file": 2,
          "line": 42,
          "col": 3,
          "lit": "ssh-strict"
        },
        "value": {
          "type": 0,
          "file": 2,
          "line": 47,
          "col": 14,
          "lit": "true"
        }
      },
      {
        "key": {
          "type": 0,
          "file": 2,
          "line": 48,
          "col": 3,
          "lit": "ssh-user"
        },
        "value": {
          "type": 0,
          "file": 2,
          "line": 51,
          "col": 14,
          "lit": "git"
        }
      },
      {
        "key": {
          "type": 0,
          "file": 2,
          "line": 52,
          "col": 3,
          "lit": "persist-credentials"
        },
        "value": {
          "type": 0,
          "file": 2,
          "line": 54,
          "col": 14,
          "lit": "true"
        }
      },
      {
        "key": {
          "type": 0,
          "file": 2,
          "line": 55,
          "col": 3,
          "lit": "path"
        },
        "value": ""
      },
      {
        "key": {
          "type": 0,
          "file": 2,
          "line": 57,
          "col": 3,
          "lit": "clean"
        },
        "value": {
          "type": 0,
          "file": 2,
          "line": 59,
          "col": 14,
          "lit": "true"
        }
      },
      {
        "key": {
          "type": 0,
          "file": 2,
          "line": 60,
          "col": 3,
          "lit": "filter"
        },
        "value": {
          "type": 0,
          "file": 2,
          "line": 64,
          "col": 14,
          "lit": ""
        }
      },
      {
        "key": {
          "type": 0,
          "file": 2,
          "line": 65,
          "col": 3,
          "lit": "sparse-checkout"
        },
        "value": {
          "type": 0,
          "file": 2,
          "line": 69,
          "col": 14,
          "lit": ""
        }
      },
      {
        "key": {
          "type": 0,
          "file": 2,
          "line": 70,
          "col": 3,
          "lit": "sparse-checkout-cone-mode"
        },
        "value": {
          "type": 0,
          "file": 2,
          "line": 73,
          "col": 14,
          "lit": "true"
        }
      },
      {
        "key": {
          "type": 0,
          "file": 2,
          "line": 74,
          "col": 3,
          "lit": "fetch-depth"
        },
        "value": {
          "type": 0,
          "file": 2,
          "line": 76,
          "col": 14,
          "lit": "1"
        }
      },
      {
        "key": {
          "type": 0,
          "file": 2,
          "line": 77,
          "col": 3,
          "lit": "fetch-tags"
        },
        "value": {
          "type": 0,
          "file": 2,
          "line": 79,
          "col": 14,
          "lit": "false"
        }
      },
      {
        "key": {
          "type": 0,
          "file": 2,
          "line": 80,
          "col": 3,
          "lit": "show-progress"
        },
        "value": {
          "type": 0,
          "file": 2,
          "line": 82,
          "col": 14,
          "lit": "true"
        }
      },
      {
        "key": {
          "type": 0,
          "file": 2,
          "line": 83,
          "col": 3,
          "lit": "lfs"
        },
        "value": {
          "type": 0,
          "file": 2,
          "line": 85,
          "col": 14,
          "lit": "false"
        }
      },
      {
        "key": {
          "type": 0,
          "file": 2,
          "line": 86,
          "col": 3,
          "lit": "submodules"
        },
        "value": {
          "type": 0,
          "file": 2,
          "line": 94,
          "col": 14,
          "lit": "false"
        }
      },
      {
        "key": {
          "type": 0,
          "file": 2,
          "line": 95,
          "col": 3,
          "lit": "set-safe-directory"
        },
        "value": {
          "type": 0,
          "file": 2,
          "line": 97,
          "col": 14,
          "lit": "true"
        }
      },
      {
        "key": {
          "type": 0,
          "file": 2,
          "line": 98,
          "col": 3,
          "lit": "github-server-url"
        },
        "value": ""
      }
    ]
  },
  "execution": {
    "executionType": "nodeJS",
    "hasPre": false,
    "hasPost": true,
    "script": "dist/index.js",
    "pre": null,
    "post": "dist/index.js",
    "nodeVersion": "node20",
    "cleanupCondition": "always()",
    "initCondition": "always()"
  },
  "deprecated": null
}
[2025-08-28 15:29:02Z INFO ActionManager] Action node.js file: dist/index.js, no more preparation.
[2025-08-28 15:29:02Z INFO HostContext] Well known directory 'Bin': 'C:\laragon\www\sapapi\actions-runner\bin'
[2025-08-28 15:29:02Z INFO HostContext] Well known directory 'Root': 'C:\laragon\www\sapapi\actions-runner'
[2025-08-28 15:29:02Z INFO HostContext] Well known directory 'Work': 'C:\laragon\www\sapapi\actions-runner\_work'
[2025-08-28 15:29:02Z INFO HostContext] Well known directory 'Actions': 'C:\laragon\www\sapapi\actions-runner\_work\_actions'
[2025-08-28 15:29:02Z INFO ActionManager] Load action that reference repository from 'C:\laragon\www\sapapi\actions-runner\_work\_actions\actions\checkout\v4'
[2025-08-28 15:29:02Z INFO HostContext] Well known directory 'Bin': 'C:\laragon\www\sapapi\actions-runner\bin'
[2025-08-28 15:29:02Z INFO HostContext] Well known directory 'Root': 'C:\laragon\www\sapapi\actions-runner'
[2025-08-28 15:29:02Z INFO HostContext] Well known directory 'Work': 'C:\laragon\www\sapapi\actions-runner\_work'
[2025-08-28 15:29:02Z INFO HostContext] Well known directory 'Actions': 'C:\laragon\www\sapapi\actions-runner\_work\_actions'
[2025-08-28 15:29:02Z INFO ActionManifestManager] Loaded action.yml file: {
  "name": "Checkout",
  "description": "Checkout a Git repository at a particular version",
  "inputs": {
    "type": 2,
    "map": [
      {
        "key": {
          "type": 0,
          "file": 2,
          "line": 4,
          "col": 3,
          "lit": "repository"
        },
        "value": {
          "type": 3,
          "file": 2,
          "line": 6,
          "col": 14,
          "expr": "github.repository"
        }
      },
      {
        "key": {
          "type": 0,
          "file": 2,
          "line": 7,
          "col": 3,
          "lit": "ref"
        },
        "value": ""
      },
      {
        "key": {
          "type": 0,
          "file": 2,
          "line": 12,
          "col": 3,
          "lit": "token"
        },
        "value": {
          "type": 3,
          "file": 2,
          "line": 24,
          "col": 14,
          "expr": "github.token"
        }
      },
      {
        "key": {
          "type": 0,
          "file": 2,
          "line": 25,
          "col": 3,
          "lit": "ssh-key"
        },
        "value": ""
      },
      {
        "key": {
          "type": 0,
          "file": 2,
          "line": 37,
          "col": 3,
          "lit": "ssh-known-hosts"
        },
        "value": ""
      },
      {
        "key": {
          "type": 0,
          "file": 2,
          "line": 42,
          "col": 3,
          "lit": "ssh-strict"
        },
        "value": {
          "type": 0,
          "file": 2,
          "line": 47,
          "col": 14,
          "lit": "true"
        }
      },
      {
        "key": {
          "type": 0,
          "file": 2,
          "line": 48,
          "col": 3,
          "lit": "ssh-user"
        },
        "value": {
          "type": 0,
          "file": 2,
          "line": 51,
          "col": 14,
          "lit": "git"
        }
      },
      {
        "key": {
          "type": 0,
          "file": 2,
          "line": 52,
          "col": 3,
          "lit": "persist-credentials"
        },
        "value": {
          "type": 0,
          "file": 2,
          "line": 54,
          "col": 14,
          "lit": "true"
        }
      },
      {
        "key": {
          "type": 0,
          "file": 2,
          "line": 55,
          "col": 3,
          "lit": "path"
        },
        "value": ""
      },
      {
        "key": {
          "type": 0,
          "file": 2,
          "line": 57,
          "col": 3,
          "lit": "clean"
        },
        "value": {
          "type": 0,
          "file": 2,
          "line": 59,
          "col": 14,
          "lit": "true"
        }
      },
      {
        "key": {
          "type": 0,
          "file": 2,
          "line": 60,
          "col": 3,
          "lit": "filter"
        },
        "value": {
          "type": 0,
          "file": 2,
          "line": 64,
          "col": 14,
          "lit": ""
        }
      },
      {
        "key": {
          "type": 0,
          "file": 2,
          "line": 65,
          "col": 3,
          "lit": "sparse-checkout"
        },
        "value": {
          "type": 0,
          "file": 2,
          "line": 69,
          "col": 14,
          "lit": ""
        }
      },
      {
        "key": {
          "type": 0,
          "file": 2,
          "line": 70,
          "col": 3,
          "lit": "sparse-checkout-cone-mode"
        },
        "value": {
          "type": 0,
          "file": 2,
          "line": 73,
          "col": 14,
          "lit": "true"
        }
      },
      {
        "key": {
          "type": 0,
          "file": 2,
          "line": 74,
          "col": 3,
          "lit": "fetch-depth"
        },
        "value": {
          "type": 0,
          "file": 2,
          "line": 76,
          "col": 14,
          "lit": "1"
        }
      },
      {
        "key": {
          "type": 0,
          "file": 2,
          "line": 77,
          "col": 3,
          "lit": "fetch-tags"
        },
        "value": {
          "type": 0,
          "file": 2,
          "line": 79,
          "col": 14,
          "lit": "false"
        }
      },
      {
        "key": {
          "type": 0,
          "file": 2,
          "line": 80,
          "col": 3,
          "lit": "show-progress"
        },
        "value": {
          "type": 0,
          "file": 2,
          "line": 82,
          "col": 14,
          "lit": "true"
        }
      },
      {
        "key": {
          "type": 0,
          "file": 2,
          "line": 83,
          "col": 3,
          "lit": "lfs"
        },
        "value": {
          "type": 0,
          "file": 2,
          "line": 85,
          "col": 14,
          "lit": "false"
        }
      },
      {
        "key": {
          "type": 0,
          "file": 2,
          "line": 86,
          "col": 3,
          "lit": "submodules"
        },
        "value": {
          "type": 0,
          "file": 2,
          "line": 94,
          "col": 14,
          "lit": "false"
        }
      },
      {
        "key": {
          "type": 0,
          "file": 2,
          "line": 95,
          "col": 3,
          "lit": "set-safe-directory"
        },
        "value": {
          "type": 0,
          "file": 2,
          "line": 97,
          "col": 14,
          "lit": "true"
        }
      },
      {
        "key": {
          "type": 0,
          "file": 2,
          "line": 98,
          "col": 3,
          "lit": "github-server-url"
        },
        "value": ""
      }
    ]
  },
  "execution": {
    "executionType": "nodeJS",
    "hasPre": false,
    "hasPost": true,
    "script": "dist/index.js",
    "pre": null,
    "post": "dist/index.js",
    "nodeVersion": "node20",
    "cleanupCondition": "always()",
    "initCondition": "always()"
  },
  "deprecated": null
}
[2025-08-28 15:29:02Z INFO ActionManager] Action pre node.js file: N/A.
[2025-08-28 15:29:02Z INFO ActionManager] Action node.js file: dist/index.js.
[2025-08-28 15:29:02Z INFO ActionManager] Action post node.js file: dist/index.js.
[2025-08-28 15:29:02Z INFO JobExtension] Adding .
[2025-08-28 15:29:02Z INFO JobExtension] Adding .
[2025-08-28 15:29:02Z INFO JobExtension] Adding .
[2025-08-28 15:29:02Z INFO JobExtension] Adding .
[2025-08-28 15:29:02Z INFO JobExtension] Adding .
[2025-08-28 15:29:02Z INFO JobExtension] Adding .
[2025-08-28 15:29:02Z INFO JobExtension] Adding .
[2025-08-28 15:29:02Z INFO JobExtension] Adding .
[2025-08-28 15:29:02Z INFO HostContext] Well known directory 'Bin': 'C:\laragon\www\sapapi\actions-runner\bin'
[2025-08-28 15:29:02Z INFO HostContext] Well known directory 'Root': 'C:\laragon\www\sapapi\actions-runner'
[2025-08-28 15:29:02Z INFO HostContext] Well known directory 'Diag': 'C:\laragon\www\sapapi\actions-runner\_diag'
[2025-08-28 15:29:02Z INFO HostContext] Well known directory 'Bin': 'C:\laragon\www\sapapi\actions-runner\bin'
[2025-08-28 15:29:02Z INFO HostContext] Well known directory 'Root': 'C:\laragon\www\sapapi\actions-runner'
[2025-08-28 15:29:02Z INFO HostContext] Well known directory 'Diag': 'C:\laragon\www\sapapi\actions-runner\_diag'
[2025-08-28 15:29:02Z INFO HostContext] Well known directory 'Bin': 'C:\laragon\www\sapapi\actions-runner\bin'
[2025-08-28 15:29:02Z INFO HostContext] Well known directory 'Root': 'C:\laragon\www\sapapi\actions-runner'
[2025-08-28 15:29:02Z INFO HostContext] Well known directory 'Diag': 'C:\laragon\www\sapapi\actions-runner\_diag'
[2025-08-28 15:29:02Z INFO HostContext] Well known directory 'Bin': 'C:\laragon\www\sapapi\actions-runner\bin'
[2025-08-28 15:29:02Z INFO HostContext] Well known directory 'Root': 'C:\laragon\www\sapapi\actions-runner'
[2025-08-28 15:29:02Z INFO HostContext] Well known directory 'Diag': 'C:\laragon\www\sapapi\actions-runner\_diag'
[2025-08-28 15:29:02Z INFO HostContext] Well known directory 'Bin': 'C:\laragon\www\sapapi\actions-runner\bin'
[2025-08-28 15:29:02Z INFO HostContext] Well known directory 'Root': 'C:\laragon\www\sapapi\actions-runner'
[2025-08-28 15:29:02Z INFO HostContext] Well known directory 'Diag': 'C:\laragon\www\sapapi\actions-runner\_diag'
[2025-08-28 15:29:02Z INFO HostContext] Well known directory 'Bin': 'C:\laragon\www\sapapi\actions-runner\bin'
[2025-08-28 15:29:02Z INFO HostContext] Well known directory 'Root': 'C:\laragon\www\sapapi\actions-runner'
[2025-08-28 15:29:02Z INFO HostContext] Well known directory 'Diag': 'C:\laragon\www\sapapi\actions-runner\_diag'
[2025-08-28 15:29:02Z INFO HostContext] Well known directory 'Bin': 'C:\laragon\www\sapapi\actions-runner\bin'
[2025-08-28 15:29:02Z INFO HostContext] Well known directory 'Root': 'C:\laragon\www\sapapi\actions-runner'
[2025-08-28 15:29:02Z INFO HostContext] Well known directory 'Diag': 'C:\laragon\www\sapapi\actions-runner\_diag'
[2025-08-28 15:29:02Z INFO HostContext] Well known directory 'Bin': 'C:\laragon\www\sapapi\actions-runner\bin'
[2025-08-28 15:29:02Z INFO HostContext] Well known directory 'Root': 'C:\laragon\www\sapapi\actions-runner'
[2025-08-28 15:29:02Z INFO HostContext] Well known directory 'Diag': 'C:\laragon\www\sapapi\actions-runner\_diag'
[2025-08-28 15:29:02Z INFO HostContext] Well known directory 'Bin': 'C:\laragon\www\sapapi\actions-runner\bin'
[2025-08-28 15:29:02Z INFO HostContext] Well known directory 'Root': 'C:\laragon\www\sapapi\actions-runner'
[2025-08-28 15:29:02Z INFO HostContext] Well known directory 'Diag': 'C:\laragon\www\sapapi\actions-runner\_diag'
[2025-08-28 15:29:02Z INFO HostContext] Well known directory 'Bin': 'C:\laragon\www\sapapi\actions-runner\bin'
[2025-08-28 15:29:02Z INFO HostContext] Well known directory 'Root': 'C:\laragon\www\sapapi\actions-runner'
[2025-08-28 15:29:02Z INFO HostContext] Well known directory 'Diag': 'C:\laragon\www\sapapi\actions-runner\_diag'
[2025-08-28 15:29:02Z INFO HostContext] Well known directory 'Bin': 'C:\laragon\www\sapapi\actions-runner\bin'
[2025-08-28 15:29:02Z INFO HostContext] Well known directory 'Root': 'C:\laragon\www\sapapi\actions-runner'
[2025-08-28 15:29:02Z INFO HostContext] Well known directory 'Diag': 'C:\laragon\www\sapapi\actions-runner\_diag'
[2025-08-28 15:29:02Z INFO HostContext] Well known directory 'Bin': 'C:\laragon\www\sapapi\actions-runner\bin'
[2025-08-28 15:29:02Z INFO HostContext] Well known directory 'Root': 'C:\laragon\www\sapapi\actions-runner'
[2025-08-28 15:29:02Z INFO HostContext] Well known directory 'Diag': 'C:\laragon\www\sapapi\actions-runner\_diag'
[2025-08-28 15:29:02Z INFO HostContext] Well known directory 'Bin': 'C:\laragon\www\sapapi\actions-runner\bin'
[2025-08-28 15:29:02Z INFO HostContext] Well known directory 'Root': 'C:\laragon\www\sapapi\actions-runner'
[2025-08-28 15:29:02Z INFO HostContext] Well known directory 'Diag': 'C:\laragon\www\sapapi\actions-runner\_diag'
[2025-08-28 15:29:02Z INFO HostContext] Well known directory 'Bin': 'C:\laragon\www\sapapi\actions-runner\bin'
[2025-08-28 15:29:02Z INFO HostContext] Well known directory 'Root': 'C:\laragon\www\sapapi\actions-runner'
[2025-08-28 15:29:02Z INFO HostContext] Well known directory 'Diag': 'C:\laragon\www\sapapi\actions-runner\_diag'
[2025-08-28 15:29:02Z INFO HostContext] Well known directory 'Bin': 'C:\laragon\www\sapapi\actions-runner\bin'
[2025-08-28 15:29:02Z INFO HostContext] Well known directory 'Root': 'C:\laragon\www\sapapi\actions-runner'
[2025-08-28 15:29:02Z INFO HostContext] Well known directory 'Diag': 'C:\laragon\www\sapapi\actions-runner\_diag'
[2025-08-28 15:29:02Z INFO HostContext] Well known directory 'Bin': 'C:\laragon\www\sapapi\actions-runner\bin'
[2025-08-28 15:29:02Z INFO HostContext] Well known directory 'Root': 'C:\laragon\www\sapapi\actions-runner'
[2025-08-28 15:29:02Z INFO HostContext] Well known directory 'Diag': 'C:\laragon\www\sapapi\actions-runner\_diag'
[2025-08-28 15:29:02Z INFO JobExtension] Total accessible running process: 475.
[2025-08-28 15:29:02Z INFO HostContext] Well known directory 'Bin': 'C:\laragon\www\sapapi\actions-runner\bin'
[2025-08-28 15:29:02Z INFO HostContext] Well known directory 'Root': 'C:\laragon\www\sapapi\actions-runner'
[2025-08-28 15:29:02Z INFO HostContext] Well known directory 'Work': 'C:\laragon\www\sapapi\actions-runner\_work'
[2025-08-28 15:29:02Z INFO JobExtension] Start checking service connectivity in background.
[2025-08-28 15:29:02Z INFO ExecutionContext] Publish step telemetry for current step {
  "action": "setup_job",
  "type": "runner",
  "stage": "Pre",
  "stepId": "f7e016e7-edcf-4f5e-8a39-e2384b0e3d54",
  "result": "succeeded",
  "errorMessages": [],
  "executionTimeInSeconds": 6,
  "startTime": "2025-08-28T15:28:57.038893Z",
  "finishTime": "2025-08-28T15:29:02.0798499Z"
}.
[2025-08-28 15:29:02Z INFO JobRunner] Total job steps: 8.
[2025-08-28 15:29:02Z INFO JobRunner] Run all job steps.
[2025-08-28 15:29:02Z INFO StepsRunner] Processing step: DisplayName='Checkout repository'
[2025-08-28 15:29:02Z INFO StepsRunner] Evaluating: success()
[2025-08-28 15:29:02Z INFO StepsRunner] Result: true
[2025-08-28 15:29:02Z INFO StepsRunner] Starting the step.
[2025-08-28 15:29:02Z INFO HostContext] Well known directory 'Bin': 'C:\laragon\www\sapapi\actions-runner\bin'
[2025-08-28 15:29:02Z INFO HostContext] Well known directory 'Root': 'C:\laragon\www\sapapi\actions-runner'
[2025-08-28 15:29:02Z INFO HostContext] Well known directory 'Work': 'C:\laragon\www\sapapi\actions-runner\_work'
[2025-08-28 15:29:02Z INFO StepsRunner] Which2: 'chcp'
[2025-08-28 15:29:02Z INFO StepsRunner] Location: 'C:\Windows\system32\chcp.COM'
[2025-08-28 15:29:02Z INFO ProcessInvokerWrapper] Starting process:
[2025-08-28 15:29:02Z INFO ProcessInvokerWrapper]   File name: 'C:\Windows\system32\chcp.COM'
[2025-08-28 15:29:02Z INFO ProcessInvokerWrapper]   Arguments: '65001'
[2025-08-28 15:29:02Z INFO ProcessInvokerWrapper]   Working directory: 'C:\laragon\www\sapapi\actions-runner\_work'
[2025-08-28 15:29:02Z INFO ProcessInvokerWrapper]   Require exit code zero: 'False'
[2025-08-28 15:29:02Z INFO ProcessInvokerWrapper]   Encoding web name:  ; code page: ''
[2025-08-28 15:29:02Z INFO ProcessInvokerWrapper]   Force kill process on cancellation: 'False'
[2025-08-28 15:29:02Z INFO ProcessInvokerWrapper]   Redirected STDIN: 'False'
[2025-08-28 15:29:02Z INFO ProcessInvokerWrapper]   Persist current code page: 'True'
[2025-08-28 15:29:02Z INFO ProcessInvokerWrapper]   Keep redirected STDIN open: 'False'
[2025-08-28 15:29:02Z INFO ProcessInvokerWrapper]   High priority process: 'False'
[2025-08-28 15:29:02Z INFO ProcessInvokerWrapper] Process started with process id 45080, waiting for process exit.
[2025-08-28 15:29:02Z INFO ProcessInvokerWrapper] STDOUT/STDERR stream read finished.
[2025-08-28 15:29:02Z INFO ProcessInvokerWrapper] STDOUT/STDERR stream read finished.
[2025-08-28 15:29:02Z INFO ProcessInvokerWrapper] Finished process 45080 with exit code 0, and elapsed time 00:00:00.0172532.
[2025-08-28 15:29:02Z INFO StepsRunner] Successfully returned to code page 65001 (UTF8)
[2025-08-28 15:29:02Z INFO HostContext] Well known directory 'Bin': 'C:\laragon\www\sapapi\actions-runner\bin'
[2025-08-28 15:29:02Z INFO HostContext] Well known directory 'Root': 'C:\laragon\www\sapapi\actions-runner'
[2025-08-28 15:29:02Z INFO HostContext] Well known directory 'Work': 'C:\laragon\www\sapapi\actions-runner\_work'
[2025-08-28 15:29:02Z INFO HostContext] Well known directory 'Actions': 'C:\laragon\www\sapapi\actions-runner\_work\_actions'
[2025-08-28 15:29:02Z INFO ActionManager] Load action that reference repository from 'C:\laragon\www\sapapi\actions-runner\_work\_actions\actions\checkout\v4'
[2025-08-28 15:29:02Z INFO HostContext] Well known directory 'Bin': 'C:\laragon\www\sapapi\actions-runner\bin'
[2025-08-28 15:29:02Z INFO HostContext] Well known directory 'Root': 'C:\laragon\www\sapapi\actions-runner'
[2025-08-28 15:29:02Z INFO HostContext] Well known directory 'Work': 'C:\laragon\www\sapapi\actions-runner\_work'
[2025-08-28 15:29:02Z INFO HostContext] Well known directory 'Actions': 'C:\laragon\www\sapapi\actions-runner\_work\_actions'
[2025-08-28 15:29:02Z INFO ActionManifestManager] Loaded action.yml file: {
  "name": "Checkout",
  "description": "Checkout a Git repository at a particular version",
  "inputs": {
    "type": 2,
    "map": [
      {
        "key": {
          "type": 0,
          "file": 2,
          "line": 4,
          "col": 3,
          "lit": "repository"
        },
        "value": {
          "type": 3,
          "file": 2,
          "line": 6,
          "col": 14,
          "expr": "github.repository"
        }
      },
      {
        "key": {
          "type": 0,
          "file": 2,
          "line": 7,
          "col": 3,
          "lit": "ref"
        },
        "value": ""
      },
      {
        "key": {
          "type": 0,
          "file": 2,
          "line": 12,
          "col": 3,
          "lit": "token"
        },
        "value": {
          "type": 3,
          "file": 2,
          "line": 24,
          "col": 14,
          "expr": "github.token"
        }
      },
      {
        "key": {
          "type": 0,
          "file": 2,
          "line": 25,
          "col": 3,
          "lit": "ssh-key"
        },
        "value": ""
      },
      {
        "key": {
          "type": 0,
          "file": 2,
          "line": 37,
          "col": 3,
          "lit": "ssh-known-hosts"
        },
        "value": ""
      },
      {
        "key": {
          "type": 0,
          "file": 2,
          "line": 42,
          "col": 3,
          "lit": "ssh-strict"
        },
        "value": {
          "type": 0,
          "file": 2,
          "line": 47,
          "col": 14,
          "lit": "true"
        }
      },
      {
        "key": {
          "type": 0,
          "file": 2,
          "line": 48,
          "col": 3,
          "lit": "ssh-user"
        },
        "value": {
          "type": 0,
          "file": 2,
          "line": 51,
          "col": 14,
          "lit": "git"
        }
      },
      {
        "key": {
          "type": 0,
          "file": 2,
          "line": 52,
          "col": 3,
          "lit": "persist-credentials"
        },
        "value": {
          "type": 0,
          "file": 2,
          "line": 54,
          "col": 14,
          "lit": "true"
        }
      },
      {
        "key": {
          "type": 0,
          "file": 2,
          "line": 55,
          "col": 3,
          "lit": "path"
        },
        "value": ""
      },
      {
        "key": {
          "type": 0,
          "file": 2,
          "line": 57,
          "col": 3,
          "lit": "clean"
        },
        "value": {
          "type": 0,
          "file": 2,
          "line": 59,
          "col": 14,
          "lit": "true"
        }
      },
      {
        "key": {
          "type": 0,
          "file": 2,
          "line": 60,
          "col": 3,
          "lit": "filter"
        },
        "value": {
          "type": 0,
          "file": 2,
          "line": 64,
          "col": 14,
          "lit": ""
        }
      },
      {
        "key": {
          "type": 0,
          "file": 2,
          "line": 65,
          "col": 3,
          "lit": "sparse-checkout"
        },
        "value": {
          "type": 0,
          "file": 2,
          "line": 69,
          "col": 14,
          "lit": ""
        }
      },
      {
        "key": {
          "type": 0,
          "file": 2,
          "line": 70,
          "col": 3,
          "lit": "sparse-checkout-cone-mode"
        },
        "value": {
          "type": 0,
          "file": 2,
          "line": 73,
          "col": 14,
          "lit": "true"
        }
      },
      {
        "key": {
          "type": 0,
          "file": 2,
          "line": 74,
          "col": 3,
          "lit": "fetch-depth"
        },
        "value": {
          "type": 0,
          "file": 2,
          "line": 76,
          "col": 14,
          "lit": "1"
        }
      },
      {
        "key": {
          "type": 0,
          "file": 2,
          "line": 77,
          "col": 3,
          "lit": "fetch-tags"
        },
        "value": {
          "type": 0,
          "file": 2,
          "line": 79,
          "col": 14,
          "lit": "false"
        }
      },
      {
        "key": {
          "type": 0,
          "file": 2,
          "line": 80,
          "col": 3,
          "lit": "show-progress"
        },
        "value": {
          "type": 0,
          "file": 2,
          "line": 82,
          "col": 14,
          "lit": "true"
        }
      },
      {
        "key": {
          "type": 0,
          "file": 2,
          "line": 83,
          "col": 3,
          "lit": "lfs"
        },
        "value": {
          "type": 0,
          "file": 2,
          "line": 85,
          "col": 14,
          "lit": "false"
        }
      },
      {
        "key": {
          "type": 0,
          "file": 2,
          "line": 86,
          "col": 3,
          "lit": "submodules"
        },
        "value": {
          "type": 0,
          "file": 2,
          "line": 94,
          "col": 14,
          "lit": "false"
        }
      },
      {
        "key": {
          "type": 0,
          "file": 2,
          "line": 95,
          "col": 3,
          "lit": "set-safe-directory"
        },
        "value": {
          "type": 0,
          "file": 2,
          "line": 97,
          "col": 14,
          "lit": "true"
        }
      },
      {
        "key": {
          "type": 0,
          "file": 2,
          "line": 98,
          "col": 3,
          "lit": "github-server-url"
        },
        "value": ""
      }
    ]
  },
  "execution": {
    "executionType": "nodeJS",
    "hasPre": false,
    "hasPost": true,
    "script": "dist/index.js",
    "pre": null,
    "post": "dist/index.js",
    "nodeVersion": "node20",
    "cleanupCondition": "always()",
    "initCondition": "always()"
  },
  "deprecated": null
}
[2025-08-28 15:29:02Z INFO ActionManager] Action pre node.js file: N/A.
[2025-08-28 15:29:02Z INFO ActionManager] Action node.js file: dist/index.js.
[2025-08-28 15:29:02Z INFO ActionManager] Action post node.js file: dist/index.js.
[2025-08-28 15:29:02Z INFO ExecutionContext] Reserve record order 10 to 18 for post job actions.
[2025-08-28 15:29:02Z INFO HostContext] Well known directory 'Bin': 'C:\laragon\www\sapapi\actions-runner\bin'
[2025-08-28 15:29:02Z INFO HostContext] Well known directory 'Root': 'C:\laragon\www\sapapi\actions-runner'
[2025-08-28 15:29:02Z INFO HostContext] Well known directory 'Diag': 'C:\laragon\www\sapapi\actions-runner\_diag'
[2025-08-28 15:29:02Z INFO HostContext] Well known directory 'Bin': 'C:\laragon\www\sapapi\actions-runner\bin'
[2025-08-28 15:29:02Z INFO HostContext] Well known directory 'Root': 'C:\laragon\www\sapapi\actions-runner'
[2025-08-28 15:29:02Z INFO HostContext] Well known directory 'Diag': 'C:\laragon\www\sapapi\actions-runner\_diag'
[2025-08-28 15:29:02Z INFO HostContext] Well known directory 'Bin': 'C:\laragon\www\sapapi\actions-runner\bin'
[2025-08-28 15:29:02Z INFO HostContext] Well known directory 'Root': 'C:\laragon\www\sapapi\actions-runner'
[2025-08-28 15:29:02Z INFO HostContext] Well known directory 'Work': 'C:\laragon\www\sapapi\actions-runner\_work'
[2025-08-28 15:29:02Z INFO HostContext] Well known directory 'Temp': 'C:\laragon\www\sapapi\actions-runner\_work\_temp'
[2025-08-28 15:29:02Z INFO ExecutionContext] Write event payload to C:\laragon\www\sapapi\actions-runner\_work\_temp\_github_workflow\event.json
[2025-08-28 15:29:02Z INFO HostContext] Well known directory 'Bin': 'C:\laragon\www\sapapi\actions-runner\bin'
[2025-08-28 15:29:02Z INFO HostContext] Well known directory 'Root': 'C:\laragon\www\sapapi\actions-runner'
[2025-08-28 15:29:02Z INFO HostContext] Well known directory 'Work': 'C:\laragon\www\sapapi\actions-runner\_work'
[2025-08-28 15:29:02Z INFO HostContext] Well known directory 'Temp': 'C:\laragon\www\sapapi\actions-runner\_work\_temp'
[2025-08-28 15:29:02Z INFO ExtensionManager] Getting extensions for interface: 'GitHub.Runner.Worker.IFileCommandExtension'
[2025-08-28 15:29:02Z INFO ExtensionManager] Creating instance: GitHub.Runner.Worker.AddPathFileCommand, Runner.Worker
[2025-08-28 15:29:02Z INFO ExtensionManager] Creating instance: GitHub.Runner.Worker.SetEnvFileCommand, Runner.Worker
[2025-08-28 15:29:02Z INFO ExtensionManager] Creating instance: GitHub.Runner.Worker.CreaPANDURASA_LIVEepSummaryCommand, Runner.Worker
[2025-08-28 15:29:02Z INFO ExtensionManager] Creating instance: GitHub.Runner.Worker.SaveStateFileCommand, Runner.Worker
[2025-08-28 15:29:02Z INFO ExtensionManager] Creating instance: GitHub.Runner.Worker.SetOutputFileCommand, Runner.Worker
[2025-08-28 15:29:02Z INFO ActionManifestManager] Input 'ref': default value evaluate result: ""
[2025-08-28 15:29:02Z INFO ActionManifestManager] Input 'ssh-key': default value evaluate result: ""
[2025-08-28 15:29:02Z INFO ActionManifestManager] Input 'ssh-known-hosts': default value evaluate result: ""
[2025-08-28 15:29:02Z INFO ActionManifestManager] Input 'ssh-strict': default value evaluate result: {
  "type": 0,
  "file": 2,
  "line": 47,
  "col": 14,
  "lit": "true"
}
[2025-08-28 15:29:02Z INFO ActionManifestManager] Input 'ssh-user': default value evaluate result: {
  "type": 0,
  "file": 2,
  "line": 51,
  "col": 14,
  "lit": "git"
}
[2025-08-28 15:29:02Z INFO ActionManifestManager] Input 'persist-credentials': default value evaluate result: {
  "type": 0,
  "file": 2,
  "line": 54,
  "col": 14,
  "lit": "true"
}
[2025-08-28 15:29:02Z INFO ActionManifestManager] Input 'path': default value evaluate result: ""
[2025-08-28 15:29:02Z INFO ActionManifestManager] Input 'clean': default value evaluate result: {
  "type": 0,
  "file": 2,
  "line": 59,
  "col": 14,
  "lit": "true"
}
[2025-08-28 15:29:02Z INFO ActionManifestManager] Input 'filter': default value evaluate result: {
  "type": 0,
  "file": 2,
  "line": 64,
  "col": 14,
  "lit": ""
}
[2025-08-28 15:29:02Z INFO ActionManifestManager] Input 'sparse-checkout': default value evaluate result: {
  "type": 0,
  "file": 2,
  "line": 69,
  "col": 14,
  "lit": ""
}
[2025-08-28 15:29:02Z INFO ActionManifestManager] Input 'sparse-checkout-cone-mode': default value evaluate result: {
  "type": 0,
  "file": 2,
  "line": 73,
  "col": 14,
  "lit": "true"
}
[2025-08-28 15:29:02Z INFO ActionManifestManager] Input 'fetch-depth': default value evaluate result: {
  "type": 0,
  "file": 2,
  "line": 76,
  "col": 14,
  "lit": "1"
}
[2025-08-28 15:29:02Z INFO ActionManifestManager] Input 'fetch-tags': default value evaluate result: {
  "type": 0,
  "file": 2,
  "line": 79,
  "col": 14,
  "lit": "false"
}
[2025-08-28 15:29:02Z INFO ActionManifestManager] Input 'show-progress': default value evaluate result: {
  "type": 0,
  "file": 2,
  "line": 82,
  "col": 14,
  "lit": "true"
}
[2025-08-28 15:29:02Z INFO ActionManifestManager] Input 'lfs': default value evaluate result: {
  "type": 0,
  "file": 2,
  "line": 85,
  "col": 14,
  "lit": "false"
}
[2025-08-28 15:29:02Z INFO ActionManifestManager] Input 'set-safe-directory': default value evaluate result: {
  "type": 0,
  "file": 2,
  "line": 97,
  "col": 14,
  "lit": "true"
}
[2025-08-28 15:29:02Z INFO ActionManifestManager] Input 'github-server-url': default value evaluate result: ""
[2025-08-28 15:29:02Z INFO ExtensionManager] Getting extensions for interface: 'GitHub.Runner.Worker.IActionCommandExtension'
[2025-08-28 15:29:02Z INFO ExtensionManager] Creating instance: GitHub.Runner.Worker.InternalPluginSetRepoPathCommandExtension, Runner.Worker
[2025-08-28 15:29:02Z INFO ExtensionManager] Creating instance: GitHub.Runner.Worker.SetEnvCommandExtension, Runner.Worker
[2025-08-28 15:29:02Z INFO ExtensionManager] Creating instance: GitHub.Runner.Worker.SetOutputCommandExtension, Runner.Worker
[2025-08-28 15:29:02Z INFO ExtensionManager] Creating instance: GitHub.Runner.Worker.SaveStateCommandExtension, Runner.Worker
[2025-08-28 15:29:02Z INFO ExtensionManager] Creating instance: GitHub.Runner.Worker.AddPathCommandExtension, Runner.Worker
[2025-08-28 15:29:02Z INFO ExtensionManager] Creating instance: GitHub.Runner.Worker.AddMaskCommandExtension, Runner.Worker
[2025-08-28 15:29:02Z INFO ExtensionManager] Creating instance: GitHub.Runner.Worker.AddMatcherCommandExtension, Runner.Worker
[2025-08-28 15:29:02Z INFO ExtensionManager] Creating instance: GitHub.Runner.Worker.RemoveMatcherCommandExtension, Runner.Worker
[2025-08-28 15:29:02Z INFO ExtensionManager] Creating instance: GitHub.Runner.Worker.WarningCommandExtension, Runner.Worker
[2025-08-28 15:29:02Z INFO ExtensionManager] Creating instance: GitHub.Runner.Worker.ErrorCommandExtension, Runner.Worker
[2025-08-28 15:29:02Z INFO ExtensionManager] Creating instance: GitHub.Runner.Worker.NoticeCommandExtension, Runner.Worker
[2025-08-28 15:29:02Z INFO ExtensionManager] Creating instance: GitHub.Runner.Worker.DebugCommandExtension, Runner.Worker
[2025-08-28 15:29:02Z INFO ExtensionManager] Creating instance: GitHub.Runner.Worker.GroupCommandExtension, Runner.Worker
[2025-08-28 15:29:02Z INFO ExtensionManager] Creating instance: GitHub.Runner.Worker.EndGroupCommandExtension, Runner.Worker
[2025-08-28 15:29:02Z INFO ExtensionManager] Creating instance: GitHub.Runner.Worker.EchoCommandExtension, Runner.Worker
[2025-08-28 15:29:02Z INFO ActionCommandManager] Register action command extension for command internal-set-repo-path
[2025-08-28 15:29:02Z INFO ActionCommandManager] Register action command extension for command set-env
[2025-08-28 15:29:02Z INFO ActionCommandManager] Register action command extension for command set-output
[2025-08-28 15:29:02Z INFO ActionCommandManager] Register action command extension for command save-state
[2025-08-28 15:29:02Z INFO ActionCommandManager] Register action command extension for command add-path
[2025-08-28 15:29:02Z INFO ActionCommandManager] Register action command extension for command add-mask
[2025-08-28 15:29:02Z INFO ActionCommandManager] Register action command extension for command add-matcher
[2025-08-28 15:29:02Z INFO ActionCommandManager] Register action command extension for command remove-matcher
[2025-08-28 15:29:02Z INFO ActionCommandManager] Register action command extension for command warning
[2025-08-28 15:29:02Z INFO ActionCommandManager] Register action command extension for command error
[2025-08-28 15:29:02Z INFO ActionCommandManager] Register action command extension for command notice
[2025-08-28 15:29:02Z INFO ActionCommandManager] Register action command extension for command debug
[2025-08-28 15:29:02Z INFO ActionCommandManager] Register action command extension for command group
[2025-08-28 15:29:02Z INFO ActionCommandManager] Register action command extension for command endgroup
[2025-08-28 15:29:02Z INFO ActionCommandManager] Register action command extension for command echo
[2025-08-28 15:29:02Z INFO HostContext] Well known directory 'Bin': 'C:\laragon\www\sapapi\actions-runner\bin'
[2025-08-28 15:29:02Z INFO HostContext] Well known directory 'Root': 'C:\laragon\www\sapapi\actions-runner'
[2025-08-28 15:29:02Z INFO HostContext] Well known directory 'Externals': 'C:\laragon\www\sapapi\actions-runner\externals'
[2025-08-28 15:29:02Z INFO ProcessInvokerWrapper] Starting process:
[2025-08-28 15:29:02Z INFO ProcessInvokerWrapper]   File name: 'C:\laragon\www\sapapi\actions-runner\externals\node20\bin\node.exe'
[2025-08-28 15:29:02Z INFO ProcessInvokerWrapper]   Arguments: '"C:\laragon\www\sapapi\actions-runner\_work\_actions\actions\checkout\v4\dist/index.js"'
[2025-08-28 15:29:02Z INFO ProcessInvokerWrapper]   Working directory: 'C:\laragon\www\sapapi\actions-runner\_work\sapapi\sapapi'
[2025-08-28 15:29:02Z INFO ProcessInvokerWrapper]   Require exit code zero: 'False'
[2025-08-28 15:29:02Z INFO ProcessInvokerWrapper]   Encoding web name: utf-8 ; code page: '65001'
[2025-08-28 15:29:02Z INFO ProcessInvokerWrapper]   Force kill process on cancellation: 'False'
[2025-08-28 15:29:02Z INFO ProcessInvokerWrapper]   Redirected STDIN: 'False'
[2025-08-28 15:29:02Z INFO ProcessInvokerWrapper]   Persist current code page: 'True'
[2025-08-28 15:29:02Z INFO ProcessInvokerWrapper]   Keep redirected STDIN open: 'False'
[2025-08-28 15:29:02Z INFO ProcessInvokerWrapper]   High priority process: 'False'
[2025-08-28 15:29:02Z INFO JobServerQueue] Try to append 1 batches web console lines for record 'f7e016e7-edcf-4f5e-8a39-e2384b0e3d54', success rate: 1/1.
[2025-08-28 15:29:02Z INFO JobServerQueue] Try to append 1 batches web console lines for record '4adaf716-0642-4b1a-bb42-e45abadc274d', success rate: 1/1.
[2025-08-28 15:29:03Z INFO JobServerQueue] Got a step log file to send to results service.
[2025-08-28 15:29:03Z INFO JobServerQueue] Starting upload of step log file to results service ResultsLog, C:\laragon\www\sapapi\actions-runner\_diag\blocks\7212aa00-5c10-4ceb-89ac-18d57dd99a22_f7e016e7-edcf-4f5e-8a39-e2384b0e3d54.1
[2025-08-28 15:29:03Z INFO JobServerQueue] Try to upload 1 log files or attachments, success rate: 1/1.
[2025-08-28 15:29:03Z INFO ProcessInvokerWrapper] Process started with process id 36748, waiting for process exit.
[2025-08-28 15:29:03Z INFO JobServerQueue] Try to append 1 batches web console lines for record '4adaf716-0642-4b1a-bb42-e45abadc274d', success rate: 1/1.
[2025-08-28 15:29:03Z INFO AddMaskCommandExtension] Add new secret mask with length of 76
[2025-08-28 15:29:04Z INFO JobServerQueue] Try to append 1 batches web console lines for record '4adaf716-0642-4b1a-bb42-e45abadc274d', success rate: 1/1.
[2025-08-28 15:29:04Z INFO JobServerQueue] Try to append 1 batches web console lines for record '4adaf716-0642-4b1a-bb42-e45abadc274d', success rate: 1/1.
[2025-08-28 15:29:05Z INFO JobServerQueue] Try to append 1 batches web console lines for record '4adaf716-0642-4b1a-bb42-e45abadc274d', success rate: 1/1.
[2025-08-28 15:29:05Z INFO JobServerQueue] Tried to upload 1 file(s) to results, success rate: 1/1.
[2025-08-28 15:29:12Z INFO HostContext] Well known directory 'Bin': 'C:\laragon\www\sapapi\actions-runner\bin'
[2025-08-28 15:29:12Z INFO HostContext] Well known directory 'Root': 'C:\laragon\www\sapapi\actions-runner'
[2025-08-28 15:29:12Z INFO HostContext] Well known directory 'Work': 'C:\laragon\www\sapapi\actions-runner\_work'
[2025-08-28 15:29:14Z INFO JobServerQueue] Try to append 1 batches web console lines for record '4adaf716-0642-4b1a-bb42-e45abadc274d', success rate: 1/1.
[2025-08-28 15:29:14Z INFO JobServerQueue] Try to append 1 batches web console lines for record '4adaf716-0642-4b1a-bb42-e45abadc274d', success rate: 1/1.
[2025-08-28 15:29:15Z INFO JobServerQueue] Try to append 1 batches web console lines for record '4adaf716-0642-4b1a-bb42-e45abadc274d', success rate: 1/1.
[2025-08-28 15:29:16Z INFO JobServerQueue] Try to append 1 batches web console lines for record '4adaf716-0642-4b1a-bb42-e45abadc274d', success rate: 1/1.
[2025-08-28 15:29:17Z INFO JobServerQueue] Try to append 1 batches web console lines for record '4adaf716-0642-4b1a-bb42-e45abadc274d', success rate: 1/1.
[2025-08-28 15:29:17Z INFO ProcessInvokerWrapper] STDOUT/STDERR stream read finished.
[2025-08-28 15:29:17Z INFO ProcessInvokerWrapper] STDOUT/STDERR stream read finished.
[2025-08-28 15:29:17Z INFO ProcessInvokerWrapper] Finished process 36748 with exit code 0, and elapsed time 00:00:15.5196011.
[2025-08-28 15:29:17Z INFO CreaPANDURASA_LIVEepSummaryCommand] Step Summary file (C:\laragon\www\sapapi\actions-runner\_work\_temp\_runner_file_commands\step_summary_6ad36a95-5318-4c4a-a9de-a02ac56c5c8c) is empty; skipping attachment upload
[2025-08-28 15:29:17Z INFO StepsRunner] Step result: 
[2025-08-28 15:29:17Z INFO ExecutionContext] Publish step telemetry for current step {
  "action": "actions/checkout",
  "ref": "v4",
  "type": "node20",
  "stage": "Main",
  "stepId": "4adaf716-0642-4b1a-bb42-e45abadc274d",
  "stepContextName": "__actions_checkout",
  "hasPreStep": false,
  "hasPostStep": true,
  "result": "succeeded",
  "errorMessages": [],
  "executionTimeInSeconds": 16,
  "startTime": "2025-08-28T15:29:02.0934393Z",
  "finishTime": "2025-08-28T15:29:17.7121662Z"
}.
[2025-08-28 15:29:17Z INFO StepsRunner] No need for updating job result with current step result 'Succeeded'.
[2025-08-28 15:29:17Z INFO StepsRunner] Current state: job state = ''
[2025-08-28 15:29:17Z INFO StepsRunner] Processing step: DisplayName='Set HOMEPATH for PM2'
[2025-08-28 15:29:17Z INFO StepsRunner] Evaluating: success()
[2025-08-28 15:29:17Z INFO StepsRunner] Result: true
[2025-08-28 15:29:17Z INFO StepsRunner] Starting the step.
[2025-08-28 15:29:17Z INFO HostContext] Well known directory 'Bin': 'C:\laragon\www\sapapi\actions-runner\bin'
[2025-08-28 15:29:17Z INFO HostContext] Well known directory 'Root': 'C:\laragon\www\sapapi\actions-runner'
[2025-08-28 15:29:17Z INFO HostContext] Well known directory 'Work': 'C:\laragon\www\sapapi\actions-runner\_work'
[2025-08-28 15:29:17Z INFO StepsRunner] Which2: 'chcp'
[2025-08-28 15:29:17Z INFO StepsRunner] Location: 'C:\Windows\system32\chcp.COM'
[2025-08-28 15:29:17Z INFO ProcessInvokerWrapper] Starting process:
[2025-08-28 15:29:17Z INFO ProcessInvokerWrapper]   File name: 'C:\Windows\system32\chcp.COM'
[2025-08-28 15:29:17Z INFO ProcessInvokerWrapper]   Arguments: '65001'
[2025-08-28 15:29:17Z INFO ProcessInvokerWrapper]   Working directory: 'C:\laragon\www\sapapi\actions-runner\_work'
[2025-08-28 15:29:17Z INFO ProcessInvokerWrapper]   Require exit code zero: 'False'
[2025-08-28 15:29:17Z INFO ProcessInvokerWrapper]   Encoding web name:  ; code page: ''
[2025-08-28 15:29:17Z INFO ProcessInvokerWrapper]   Force kill process on cancellation: 'False'
[2025-08-28 15:29:17Z INFO ProcessInvokerWrapper]   Redirected STDIN: 'False'
[2025-08-28 15:29:17Z INFO ProcessInvokerWrapper]   Persist current code page: 'True'
[2025-08-28 15:29:17Z INFO ProcessInvokerWrapper]   Keep redirected STDIN open: 'False'
[2025-08-28 15:29:17Z INFO ProcessInvokerWrapper]   High priority process: 'False'
[2025-08-28 15:29:17Z INFO ProcessInvokerWrapper] Process started with process id 33856, waiting for process exit.
[2025-08-28 15:29:17Z INFO ProcessInvokerWrapper] STDOUT/STDERR stream read finished.
[2025-08-28 15:29:17Z INFO ProcessInvokerWrapper] STDOUT/STDERR stream read finished.
[2025-08-28 15:29:17Z INFO ProcessInvokerWrapper] Finished process 33856 with exit code 0, and elapsed time 00:00:00.0072361.
[2025-08-28 15:29:17Z INFO StepsRunner] Successfully returned to code page 65001 (UTF8)
[2025-08-28 15:29:17Z INFO HostContext] Well known directory 'Bin': 'C:\laragon\www\sapapi\actions-runner\bin'
[2025-08-28 15:29:17Z INFO HostContext] Well known directory 'Root': 'C:\laragon\www\sapapi\actions-runner'
[2025-08-28 15:29:17Z INFO HostContext] Well known directory 'Work': 'C:\laragon\www\sapapi\actions-runner\_work'
[2025-08-28 15:29:17Z INFO HostContext] Well known directory 'Temp': 'C:\laragon\www\sapapi\actions-runner\_work\_temp'
[2025-08-28 15:29:17Z INFO ExecutionContext] Write event payload to C:\laragon\www\sapapi\actions-runner\_work\_temp\_github_workflow\event.json
[2025-08-28 15:29:17Z INFO HostContext] Well known directory 'Bin': 'C:\laragon\www\sapapi\actions-runner\bin'
[2025-08-28 15:29:17Z INFO HostContext] Well known directory 'Root': 'C:\laragon\www\sapapi\actions-runner'
[2025-08-28 15:29:17Z INFO HostContext] Well known directory 'Work': 'C:\laragon\www\sapapi\actions-runner\_work'
[2025-08-28 15:29:17Z INFO HostContext] Well known directory 'Temp': 'C:\laragon\www\sapapi\actions-runner\_work\_temp'
[2025-08-28 15:29:17Z INFO ExtensionManager] Getting extensions for interface: 'GitHub.Runner.Worker.IFileCommandExtension'
[2025-08-28 15:29:17Z INFO ExtensionManager] Getting extensions for interface: 'GitHub.Runner.Worker.IActionCommandExtension'
[2025-08-28 15:29:17Z INFO ActionCommandManager] Register action command extension for command internal-set-repo-path
[2025-08-28 15:29:17Z INFO ActionCommandManager] Register action command extension for command set-env
[2025-08-28 15:29:17Z INFO ActionCommandManager] Register action command extension for command set-output
[2025-08-28 15:29:17Z INFO ActionCommandManager] Register action command extension for command save-state
[2025-08-28 15:29:17Z INFO ActionCommandManager] Register action command extension for command add-path
[2025-08-28 15:29:17Z INFO ActionCommandManager] Register action command extension for command add-mask
[2025-08-28 15:29:17Z INFO ActionCommandManager] Register action command extension for command add-matcher
[2025-08-28 15:29:17Z INFO ActionCommandManager] Register action command extension for command remove-matcher
[2025-08-28 15:29:17Z INFO ActionCommandManager] Register action command extension for command warning
[2025-08-28 15:29:17Z INFO ActionCommandManager] Register action command extension for command error
[2025-08-28 15:29:17Z INFO ActionCommandManager] Register action command extension for command notice
[2025-08-28 15:29:17Z INFO ActionCommandManager] Register action command extension for command debug
[2025-08-28 15:29:17Z INFO ActionCommandManager] Register action command extension for command group
[2025-08-28 15:29:17Z INFO ActionCommandManager] Register action command extension for command endgroup
[2025-08-28 15:29:17Z INFO ActionCommandManager] Register action command extension for command echo
[2025-08-28 15:29:17Z INFO ScriptHandler] Which2: 'powershell'
[2025-08-28 15:29:17Z INFO ScriptHandler] Location: 'C:\Windows\System32\WindowsPowerShell\v1.0\powershell.EXE'
[2025-08-28 15:29:17Z INFO HostContext] Well known directory 'Bin': 'C:\laragon\www\sapapi\actions-runner\bin'
[2025-08-28 15:29:17Z INFO HostContext] Well known directory 'Root': 'C:\laragon\www\sapapi\actions-runner'
[2025-08-28 15:29:17Z INFO HostContext] Well known directory 'Work': 'C:\laragon\www\sapapi\actions-runner\_work'
[2025-08-28 15:29:17Z INFO HostContext] Well known directory 'Temp': 'C:\laragon\www\sapapi\actions-runner\_work\_temp'
[2025-08-28 15:29:17Z INFO ScriptHandler] Which2: 'powershell'
[2025-08-28 15:29:17Z INFO ScriptHandler] Location: 'C:\Windows\System32\WindowsPowerShell\v1.0\powershell.EXE'
[2025-08-28 15:29:17Z INFO ProcessInvokerWrapper] Starting process:
[2025-08-28 15:29:17Z INFO ProcessInvokerWrapper]   File name: 'C:\Windows\System32\WindowsPowerShell\v1.0\powershell.EXE'
[2025-08-28 15:29:17Z INFO ProcessInvokerWrapper]   Arguments: '-command ". 'C:\laragon\www\sapapi\actions-runner\_work\_temp\6e385220-c17c-4ef1-ad40-f6e4eeb4f190.ps1'"'
[2025-08-28 15:29:17Z INFO ProcessInvokerWrapper]   Working directory: 'C:\laragon\www\sapapi\actions-runner\_work\sapapi\sapapi'
[2025-08-28 15:29:17Z INFO ProcessInvokerWrapper]   Require exit code zero: 'False'
[2025-08-28 15:29:17Z INFO ProcessInvokerWrapper]   Encoding web name:  ; code page: ''
[2025-08-28 15:29:17Z INFO ProcessInvokerWrapper]   Force kill process on cancellation: 'False'
[2025-08-28 15:29:17Z INFO ProcessInvokerWrapper]   Redirected STDIN: 'False'
[2025-08-28 15:29:17Z INFO ProcessInvokerWrapper]   Persist current code page: 'True'
[2025-08-28 15:29:17Z INFO ProcessInvokerWrapper]   Keep redirected STDIN open: 'False'
[2025-08-28 15:29:17Z INFO ProcessInvokerWrapper]   High priority process: 'False'
[2025-08-28 15:29:17Z INFO ProcessInvokerWrapper] Process started with process id 53500, waiting for process exit.
[2025-08-28 15:29:17Z INFO JobServerQueue] Try to append 1 batches web console lines for record '4adaf716-0642-4b1a-bb42-e45abadc274d', success rate: 1/1.
[2025-08-28 15:29:17Z INFO JobServerQueue] Try to append 1 batches web console lines for record 'fd8782ae-ea38-46aa-bf60-2ad65f0198cf', success rate: 1/1.
[2025-08-28 15:29:18Z INFO JobServerQueue] Try to upload 1 log files or attachments, success rate: 1/1.
[2025-08-28 15:29:18Z INFO ProcessInvokerWrapper] STDOUT/STDERR stream read finished.
[2025-08-28 15:29:18Z INFO ProcessInvokerWrapper] STDOUT/STDERR stream read finished.
[2025-08-28 15:29:18Z INFO ProcessInvokerWrapper] Finished process 53500 with exit code 0, and elapsed time 00:00:00.8244992.
[2025-08-28 15:29:18Z INFO CreaPANDURASA_LIVEepSummaryCommand] Step Summary file (C:\laragon\www\sapapi\actions-runner\_work\_temp\_runner_file_commands\step_summary_97369945-0acf-4a98-a56d-f82c725d1df8) is empty; skipping attachment upload
[2025-08-28 15:29:18Z INFO StepsRunner] Step result: 
[2025-08-28 15:29:18Z INFO ExecutionContext] Publish step telemetry for current step {
  "action": "powershell",
  "type": "run",
  "stage": "Main",
  "stepId": "fd8782ae-ea38-46aa-bf60-2ad65f0198cf",
  "stepContextName": "__run",
  "result": "succeeded",
  "errorMessages": [],
  "executionTimeInSeconds": 1,
  "startTime": "2025-08-28T15:29:17.7132705Z",
  "finishTime": "2025-08-28T15:29:18.574608Z"
}.
[2025-08-28 15:29:18Z INFO StepsRunner] No need for updating job result with current step result 'Succeeded'.
[2025-08-28 15:29:18Z INFO StepsRunner] Current state: job state = ''
[2025-08-28 15:29:18Z INFO StepsRunner] Processing step: DisplayName='Add npm global to PATH'
[2025-08-28 15:29:18Z INFO StepsRunner] Evaluating: success()
[2025-08-28 15:29:18Z INFO StepsRunner] Result: true
[2025-08-28 15:29:18Z INFO StepsRunner] Starting the step.
[2025-08-28 15:29:18Z INFO HostContext] Well known directory 'Bin': 'C:\laragon\www\sapapi\actions-runner\bin'
[2025-08-28 15:29:18Z INFO HostContext] Well known directory 'Root': 'C:\laragon\www\sapapi\actions-runner'
[2025-08-28 15:29:18Z INFO HostContext] Well known directory 'Work': 'C:\laragon\www\sapapi\actions-runner\_work'
[2025-08-28 15:29:18Z INFO StepsRunner] Which2: 'chcp'
[2025-08-28 15:29:18Z INFO StepsRunner] Location: 'C:\Windows\system32\chcp.COM'
[2025-08-28 15:29:18Z INFO ProcessInvokerWrapper] Starting process:
[2025-08-28 15:29:18Z INFO ProcessInvokerWrapper]   File name: 'C:\Windows\system32\chcp.COM'
[2025-08-28 15:29:18Z INFO ProcessInvokerWrapper]   Arguments: '65001'
[2025-08-28 15:29:18Z INFO ProcessInvokerWrapper]   Working directory: 'C:\laragon\www\sapapi\actions-runner\_work'
[2025-08-28 15:29:18Z INFO ProcessInvokerWrapper]   Require exit code zero: 'False'
[2025-08-28 15:29:18Z INFO ProcessInvokerWrapper]   Encoding web name:  ; code page: ''
[2025-08-28 15:29:18Z INFO ProcessInvokerWrapper]   Force kill process on cancellation: 'False'
[2025-08-28 15:29:18Z INFO ProcessInvokerWrapper]   Redirected STDIN: 'False'
[2025-08-28 15:29:18Z INFO ProcessInvokerWrapper]   Persist current code page: 'True'
[2025-08-28 15:29:18Z INFO ProcessInvokerWrapper]   Keep redirected STDIN open: 'False'
[2025-08-28 15:29:18Z INFO ProcessInvokerWrapper]   High priority process: 'False'
[2025-08-28 15:29:18Z INFO ProcessInvokerWrapper] Process started with process id 54640, waiting for process exit.
[2025-08-28 15:29:18Z INFO ProcessInvokerWrapper] STDOUT/STDERR stream read finished.
[2025-08-28 15:29:18Z INFO ProcessInvokerWrapper] STDOUT/STDERR stream read finished.
[2025-08-28 15:29:18Z INFO ProcessInvokerWrapper] Finished process 54640 with exit code 0, and elapsed time 00:00:00.0060458.
[2025-08-28 15:29:18Z INFO StepsRunner] Successfully returned to code page 65001 (UTF8)
[2025-08-28 15:29:18Z INFO HostContext] Well known directory 'Bin': 'C:\laragon\www\sapapi\actions-runner\bin'
[2025-08-28 15:29:18Z INFO HostContext] Well known directory 'Root': 'C:\laragon\www\sapapi\actions-runner'
[2025-08-28 15:29:18Z INFO HostContext] Well known directory 'Work': 'C:\laragon\www\sapapi\actions-runner\_work'
[2025-08-28 15:29:18Z INFO HostContext] Well known directory 'Temp': 'C:\laragon\www\sapapi\actions-runner\_work\_temp'
[2025-08-28 15:29:18Z INFO ExecutionContext] Write event payload to C:\laragon\www\sapapi\actions-runner\_work\_temp\_github_workflow\event.json
[2025-08-28 15:29:18Z INFO HostContext] Well known directory 'Bin': 'C:\laragon\www\sapapi\actions-runner\bin'
[2025-08-28 15:29:18Z INFO HostContext] Well known directory 'Root': 'C:\laragon\www\sapapi\actions-runner'
[2025-08-28 15:29:18Z INFO HostContext] Well known directory 'Work': 'C:\laragon\www\sapapi\actions-runner\_work'
[2025-08-28 15:29:18Z INFO HostContext] Well known directory 'Temp': 'C:\laragon\www\sapapi\actions-runner\_work\_temp'
[2025-08-28 15:29:18Z INFO ExtensionManager] Getting extensions for interface: 'GitHub.Runner.Worker.IFileCommandExtension'
[2025-08-28 15:29:18Z INFO ExtensionManager] Getting extensions for interface: 'GitHub.Runner.Worker.IActionCommandExtension'
[2025-08-28 15:29:18Z INFO ActionCommandManager] Register action command extension for command internal-set-repo-path
[2025-08-28 15:29:18Z INFO ActionCommandManager] Register action command extension for command set-env
[2025-08-28 15:29:18Z INFO ActionCommandManager] Register action command extension for command set-output
[2025-08-28 15:29:18Z INFO ActionCommandManager] Register action command extension for command save-state
[2025-08-28 15:29:18Z INFO ActionCommandManager] Register action command extension for command add-path
[2025-08-28 15:29:18Z INFO ActionCommandManager] Register action command extension for command add-mask
[2025-08-28 15:29:18Z INFO ActionCommandManager] Register action command extension for command add-matcher
[2025-08-28 15:29:18Z INFO ActionCommandManager] Register action command extension for command remove-matcher
[2025-08-28 15:29:18Z INFO ActionCommandManager] Register action command extension for command warning
[2025-08-28 15:29:18Z INFO ActionCommandManager] Register action command extension for command error
[2025-08-28 15:29:18Z INFO ActionCommandManager] Register action command extension for command notice
[2025-08-28 15:29:18Z INFO ActionCommandManager] Register action command extension for command debug
[2025-08-28 15:29:18Z INFO ActionCommandManager] Register action command extension for command group
[2025-08-28 15:29:18Z INFO ActionCommandManager] Register action command extension for command endgroup
[2025-08-28 15:29:18Z INFO ActionCommandManager] Register action command extension for command echo
[2025-08-28 15:29:18Z INFO ScriptHandler] Which2: 'powershell'
[2025-08-28 15:29:18Z INFO ScriptHandler] Location: 'C:\Windows\System32\WindowsPowerShell\v1.0\powershell.EXE'
[2025-08-28 15:29:18Z INFO HostContext] Well known directory 'Bin': 'C:\laragon\www\sapapi\actions-runner\bin'
[2025-08-28 15:29:18Z INFO HostContext] Well known directory 'Root': 'C:\laragon\www\sapapi\actions-runner'
[2025-08-28 15:29:18Z INFO HostContext] Well known directory 'Work': 'C:\laragon\www\sapapi\actions-runner\_work'
[2025-08-28 15:29:18Z INFO HostContext] Well known directory 'Temp': 'C:\laragon\www\sapapi\actions-runner\_work\_temp'
[2025-08-28 15:29:18Z INFO ScriptHandler] Which2: 'powershell'
[2025-08-28 15:29:18Z INFO ScriptHandler] Location: 'C:\Windows\System32\WindowsPowerShell\v1.0\powershell.EXE'
[2025-08-28 15:29:18Z INFO ProcessInvokerWrapper] Starting process:
[2025-08-28 15:29:18Z INFO ProcessInvokerWrapper]   File name: 'C:\Windows\System32\WindowsPowerShell\v1.0\powershell.EXE'
[2025-08-28 15:29:18Z INFO ProcessInvokerWrapper]   Arguments: '-command ". 'C:\laragon\www\sapapi\actions-runner\_work\_temp\9c78f1e7-1932-40d4-8eab-f1dc85a348f0.ps1'"'
[2025-08-28 15:29:18Z INFO ProcessInvokerWrapper]   Working directory: 'C:\laragon\www\sapapi\actions-runner\_work\sapapi\sapapi'
[2025-08-28 15:29:18Z INFO ProcessInvokerWrapper]   Require exit code zero: 'False'
[2025-08-28 15:29:18Z INFO ProcessInvokerWrapper]   Encoding web name:  ; code page: ''
[2025-08-28 15:29:18Z INFO ProcessInvokerWrapper]   Force kill process on cancellation: 'False'
[2025-08-28 15:29:18Z INFO ProcessInvokerWrapper]   Redirected STDIN: 'False'
[2025-08-28 15:29:18Z INFO ProcessInvokerWrapper]   Persist current code page: 'True'
[2025-08-28 15:29:18Z INFO ProcessInvokerWrapper]   Keep redirected STDIN open: 'False'
[2025-08-28 15:29:18Z INFO ProcessInvokerWrapper]   High priority process: 'False'
[2025-08-28 15:29:18Z INFO ProcessInvokerWrapper] Process started with process id 62376, waiting for process exit.
[2025-08-28 15:29:18Z INFO JobServerQueue] Try to append 1 batches web console lines for record '8105b8d6-b459-4aab-821f-af9def3f9257', success rate: 1/1.
[2025-08-28 15:29:18Z INFO JobServerQueue] Got a step log file to send to results service.
[2025-08-28 15:29:18Z INFO JobServerQueue] Starting upload of step log file to results service ResultsLog, C:\laragon\www\sapapi\actions-runner\_diag\blocks\7212aa00-5c10-4ceb-89ac-18d57dd99a22_4adaf716-0642-4b1a-bb42-e45abadc274d.1
[2025-08-28 15:29:18Z INFO ProcessInvokerWrapper] STDOUT/STDERR stream read finished.
[2025-08-28 15:29:18Z INFO ProcessInvokerWrapper] STDOUT/STDERR stream read finished.
[2025-08-28 15:29:18Z INFO ProcessInvokerWrapper] Finished process 62376 with exit code 0, and elapsed time 00:00:00.2909793.
[2025-08-28 15:29:18Z INFO CreaPANDURASA_LIVEepSummaryCommand] Step Summary file (C:\laragon\www\sapapi\actions-runner\_work\_temp\_runner_file_commands\step_summary_41d6e41c-a859-4e82-9653-1dd50e50734b) is empty; skipping attachment upload
[2025-08-28 15:29:18Z INFO StepsRunner] Step result: 
[2025-08-28 15:29:18Z INFO ExecutionContext] Publish step telemetry for current step {
  "action": "powershell",
  "type": "run",
  "stage": "Main",
  "stepId": "8105b8d6-b459-4aab-821f-af9def3f9257",
  "stepContextName": "__run_2",
  "result": "succeeded",
  "errorMessages": [],
  "executionTimeInSeconds": 1,
  "startTime": "2025-08-28T15:29:18.5753858Z",
  "finishTime": "2025-08-28T15:29:18.8907317Z"
}.
[2025-08-28 15:29:18Z INFO StepsRunner] No need for updating job result with current step result 'Succeeded'.
[2025-08-28 15:29:18Z INFO StepsRunner] Current state: job state = ''
[2025-08-28 15:29:18Z INFO StepsRunner] Processing step: DisplayName='Install PM2 and dependencies'
[2025-08-28 15:29:18Z INFO StepsRunner] Evaluating: success()
[2025-08-28 15:29:18Z INFO StepsRunner] Result: true
[2025-08-28 15:29:18Z INFO StepsRunner] Starting the step.
[2025-08-28 15:29:18Z INFO HostContext] Well known directory 'Bin': 'C:\laragon\www\sapapi\actions-runner\bin'
[2025-08-28 15:29:18Z INFO HostContext] Well known directory 'Root': 'C:\laragon\www\sapapi\actions-runner'
[2025-08-28 15:29:18Z INFO HostContext] Well known directory 'Work': 'C:\laragon\www\sapapi\actions-runner\_work'
[2025-08-28 15:29:18Z INFO StepsRunner] Which2: 'chcp'
[2025-08-28 15:29:18Z INFO StepsRunner] Location: 'C:\Windows\system32\chcp.COM'
[2025-08-28 15:29:18Z INFO ProcessInvokerWrapper] Starting process:
[2025-08-28 15:29:18Z INFO ProcessInvokerWrapper]   File name: 'C:\Windows\system32\chcp.COM'
[2025-08-28 15:29:18Z INFO ProcessInvokerWrapper]   Arguments: '65001'
[2025-08-28 15:29:18Z INFO ProcessInvokerWrapper]   Working directory: 'C:\laragon\www\sapapi\actions-runner\_work'
[2025-08-28 15:29:18Z INFO ProcessInvokerWrapper]   Require exit code zero: 'False'
[2025-08-28 15:29:18Z INFO ProcessInvokerWrapper]   Encoding web name:  ; code page: ''
[2025-08-28 15:29:18Z INFO ProcessInvokerWrapper]   Force kill process on cancellation: 'False'
[2025-08-28 15:29:18Z INFO ProcessInvokerWrapper]   Redirected STDIN: 'False'
[2025-08-28 15:29:18Z INFO ProcessInvokerWrapper]   Persist current code page: 'True'
[2025-08-28 15:29:18Z INFO ProcessInvokerWrapper]   Keep redirected STDIN open: 'False'
[2025-08-28 15:29:18Z INFO ProcessInvokerWrapper]   High priority process: 'False'
[2025-08-28 15:29:18Z INFO ProcessInvokerWrapper] Process started with process id 48800, waiting for process exit.
[2025-08-28 15:29:18Z INFO ProcessInvokerWrapper] STDOUT/STDERR stream read finished.
[2025-08-28 15:29:18Z INFO ProcessInvokerWrapper] STDOUT/STDERR stream read finished.
[2025-08-28 15:29:18Z INFO ProcessInvokerWrapper] Finished process 48800 with exit code 0, and elapsed time 00:00:00.0070681.
[2025-08-28 15:29:18Z INFO StepsRunner] Successfully returned to code page 65001 (UTF8)
[2025-08-28 15:29:18Z INFO HostContext] Well known directory 'Bin': 'C:\laragon\www\sapapi\actions-runner\bin'
[2025-08-28 15:29:18Z INFO HostContext] Well known directory 'Root': 'C:\laragon\www\sapapi\actions-runner'
[2025-08-28 15:29:18Z INFO HostContext] Well known directory 'Work': 'C:\laragon\www\sapapi\actions-runner\_work'
[2025-08-28 15:29:18Z INFO HostContext] Well known directory 'Temp': 'C:\laragon\www\sapapi\actions-runner\_work\_temp'
[2025-08-28 15:29:18Z INFO ExecutionContext] Write event payload to C:\laragon\www\sapapi\actions-runner\_work\_temp\_github_workflow\event.json
[2025-08-28 15:29:18Z INFO HostContext] Well known directory 'Bin': 'C:\laragon\www\sapapi\actions-runner\bin'
[2025-08-28 15:29:18Z INFO HostContext] Well known directory 'Root': 'C:\laragon\www\sapapi\actions-runner'
[2025-08-28 15:29:18Z INFO HostContext] Well known directory 'Work': 'C:\laragon\www\sapapi\actions-runner\_work'
[2025-08-28 15:29:18Z INFO HostContext] Well known directory 'Temp': 'C:\laragon\www\sapapi\actions-runner\_work\_temp'
[2025-08-28 15:29:18Z INFO ExtensionManager] Getting extensions for interface: 'GitHub.Runner.Worker.IFileCommandExtension'
[2025-08-28 15:29:18Z INFO ExtensionManager] Getting extensions for interface: 'GitHub.Runner.Worker.IActionCommandExtension'
[2025-08-28 15:29:18Z INFO ActionCommandManager] Register action command extension for command internal-set-repo-path
[2025-08-28 15:29:18Z INFO ActionCommandManager] Register action command extension for command set-env
[2025-08-28 15:29:18Z INFO ActionCommandManager] Register action command extension for command set-output
[2025-08-28 15:29:18Z INFO ActionCommandManager] Register action command extension for command save-state
[2025-08-28 15:29:18Z INFO ActionCommandManager] Register action command extension for command add-path
[2025-08-28 15:29:18Z INFO ActionCommandManager] Register action command extension for command add-mask
[2025-08-28 15:29:18Z INFO ActionCommandManager] Register action command extension for command add-matcher
[2025-08-28 15:29:18Z INFO ActionCommandManager] Register action command extension for command remove-matcher
[2025-08-28 15:29:18Z INFO ActionCommandManager] Register action command extension for command warning
[2025-08-28 15:29:18Z INFO ActionCommandManager] Register action command extension for command error
[2025-08-28 15:29:18Z INFO ActionCommandManager] Register action command extension for command notice
[2025-08-28 15:29:18Z INFO ActionCommandManager] Register action command extension for command debug
[2025-08-28 15:29:18Z INFO ActionCommandManager] Register action command extension for command group
[2025-08-28 15:29:18Z INFO ActionCommandManager] Register action command extension for command endgroup
[2025-08-28 15:29:18Z INFO ActionCommandManager] Register action command extension for command echo
[2025-08-28 15:29:18Z INFO ScriptHandler] Which2: 'pwsh'
[2025-08-28 15:29:18Z INFO ScriptHandler] pwsh: command not found. Make sure 'pwsh' is installed and its location included in the 'Path' environment variable.
[2025-08-28 15:29:18Z INFO ScriptHandler] Defaulting to powershell
[2025-08-28 15:29:18Z INFO ScriptHandler] Which2: 'powershell'
[2025-08-28 15:29:18Z INFO ScriptHandler] Location: 'C:\Windows\System32\WindowsPowerShell\v1.0\powershell.EXE'
[2025-08-28 15:29:18Z INFO HostContext] Well known directory 'Bin': 'C:\laragon\www\sapapi\actions-runner\bin'
[2025-08-28 15:29:18Z INFO HostContext] Well known directory 'Root': 'C:\laragon\www\sapapi\actions-runner'
[2025-08-28 15:29:18Z INFO HostContext] Well known directory 'Work': 'C:\laragon\www\sapapi\actions-runner\_work'
[2025-08-28 15:29:18Z INFO HostContext] Well known directory 'Temp': 'C:\laragon\www\sapapi\actions-runner\_work\_temp'
[2025-08-28 15:29:18Z INFO ScriptHandler] Which2: 'pwsh'
[2025-08-28 15:29:18Z INFO ScriptHandler] pwsh: command not found. Make sure 'pwsh' is installed and its location included in the 'Path' environment variable.
[2025-08-28 15:29:18Z INFO ScriptHandler] Defaulting to powershell
[2025-08-28 15:29:18Z INFO ScriptHandler] Which2: 'powershell'
[2025-08-28 15:29:18Z INFO ScriptHandler] Location: 'C:\Windows\System32\WindowsPowerShell\v1.0\powershell.EXE'
[2025-08-28 15:29:18Z INFO ProcessInvokerWrapper] Starting process:
[2025-08-28 15:29:18Z INFO ProcessInvokerWrapper]   File name: 'C:\Windows\System32\WindowsPowerShell\v1.0\powershell.EXE'
[2025-08-28 15:29:18Z INFO ProcessInvokerWrapper]   Arguments: '-command ". 'C:\laragon\www\sapapi\actions-runner\_work\_temp\16fa3aab-1831-44be-9bea-16417b031a0b.ps1'"'
[2025-08-28 15:29:18Z INFO ProcessInvokerWrapper]   Working directory: 'C:\laragon\www\sapapi\actions-runner\_work\sapapi\sapapi'
[2025-08-28 15:29:18Z INFO ProcessInvokerWrapper]   Require exit code zero: 'False'
[2025-08-28 15:29:18Z INFO ProcessInvokerWrapper]   Encoding web name:  ; code page: ''
[2025-08-28 15:29:18Z INFO ProcessInvokerWrapper]   Force kill process on cancellation: 'False'
[2025-08-28 15:29:18Z INFO ProcessInvokerWrapper]   Redirected STDIN: 'False'
[2025-08-28 15:29:18Z INFO ProcessInvokerWrapper]   Persist current code page: 'True'
[2025-08-28 15:29:18Z INFO ProcessInvokerWrapper]   Keep redirected STDIN open: 'False'
[2025-08-28 15:29:18Z INFO ProcessInvokerWrapper]   High priority process: 'False'
[2025-08-28 15:29:18Z INFO ProcessInvokerWrapper] Process started with process id 37848, waiting for process exit.
[2025-08-28 15:29:19Z INFO JobServerQueue] Try to append 1 batches web console lines for record '9f934abf-0483-443d-90e3-8111103db8de', success rate: 1/1.
[2025-08-28 15:29:19Z INFO JobServerQueue] Try to upload 2 log files or attachments, success rate: 2/2.
[2025-08-28 15:29:20Z INFO JobServerQueue] Got a step log file to send to results service.
[2025-08-28 15:29:20Z INFO JobServerQueue] Starting upload of step log file to results service ResultsLog, C:\laragon\www\sapapi\actions-runner\_diag\blocks\7212aa00-5c10-4ceb-89ac-18d57dd99a22_fd8782ae-ea38-46aa-bf60-2ad65f0198cf.1
[2025-08-28 15:29:21Z INFO JobServerQueue] Tried to upload 2 file(s) to results, success rate: 2/2.
[2025-08-28 15:29:22Z INFO HostContext] Well known directory 'Bin': 'C:\laragon\www\sapapi\actions-runner\bin'
[2025-08-28 15:29:22Z INFO HostContext] Well known directory 'Root': 'C:\laragon\www\sapapi\actions-runner'
[2025-08-28 15:29:22Z INFO HostContext] Well known directory 'Work': 'C:\laragon\www\sapapi\actions-runner\_work'
[2025-08-28 15:29:22Z INFO JobServerQueue] Got a step log file to send to results service.
[2025-08-28 15:29:22Z INFO JobServerQueue] Starting upload of step log file to results service ResultsLog, C:\laragon\www\sapapi\actions-runner\_diag\blocks\7212aa00-5c10-4ceb-89ac-18d57dd99a22_8105b8d6-b459-4aab-821f-af9def3f9257.1
[2025-08-28 15:29:23Z INFO JobServerQueue] Tried to upload 1 file(s) to results, success rate: 1/1.
[2025-08-28 15:29:26Z INFO JobServerQueue] Try to append 1 batches web console lines for record '9f934abf-0483-443d-90e3-8111103db8de', success rate: 1/1.
[2025-08-28 15:29:28Z INFO JobServerQueue] Try to append 1 batches web console lines for record '9f934abf-0483-443d-90e3-8111103db8de', success rate: 1/1.
[2025-08-28 15:29:32Z INFO HostContext] Well known directory 'Bin': 'C:\laragon\www\sapapi\actions-runner\bin'
[2025-08-28 15:29:32Z INFO HostContext] Well known directory 'Root': 'C:\laragon\www\sapapi\actions-runner'
[2025-08-28 15:29:32Z INFO HostContext] Well known directory 'Work': 'C:\laragon\www\sapapi\actions-runner\_work'
[2025-08-28 15:29:32Z INFO JobServerQueue] Try to append 1 batches web console lines for record '9f934abf-0483-443d-90e3-8111103db8de', success rate: 1/1.
[2025-08-28 15:29:42Z INFO HostContext] Well known directory 'Bin': 'C:\laragon\www\sapapi\actions-runner\bin'
[2025-08-28 15:29:42Z INFO HostContext] Well known directory 'Root': 'C:\laragon\www\sapapi\actions-runner'
[2025-08-28 15:29:42Z INFO HostContext] Well known directory 'Work': 'C:\laragon\www\sapapi\actions-runner\_work'
[2025-08-28 15:29:47Z INFO ProcessInvokerWrapper] STDOUT/STDERR stream read finished.
[2025-08-28 15:29:47Z INFO ProcessInvokerWrapper] STDOUT/STDERR stream read finished.
[2025-08-28 15:29:47Z INFO ProcessInvokerWrapper] Finished process 37848 with exit code 0, and elapsed time 00:00:28.2212814.
[2025-08-28 15:29:47Z INFO CreaPANDURASA_LIVEepSummaryCommand] Step Summary file (C:\laragon\www\sapapi\actions-runner\_work\_temp\_runner_file_commands\step_summary_2a2e7bc4-2136-4c0e-a5c6-381be6f33cdf) is empty; skipping attachment upload
[2025-08-28 15:29:47Z INFO StepsRunner] Step result: 
[2025-08-28 15:29:47Z INFO ExecutionContext] Publish step telemetry for current step {
  "action": "powershell",
  "type": "run",
  "stage": "Main",
  "stepId": "9f934abf-0483-443d-90e3-8111103db8de",
  "stepContextName": "__run_3",
  "result": "succeeded",
  "errorMessages": [],
  "executionTimeInSeconds": 29,
  "startTime": "2025-08-28T15:29:18.8924253Z",
  "finishTime": "2025-08-28T15:29:47.1577141Z"
}.
[2025-08-28 15:29:47Z INFO StepsRunner] No need for updating job result with current step result 'Succeeded'.
[2025-08-28 15:29:47Z INFO StepsRunner] Current state: job state = ''
[2025-08-28 15:29:47Z INFO StepsRunner] Processing step: DisplayName='Delete existing PM2 processes'
[2025-08-28 15:29:47Z INFO StepsRunner] Evaluating: success()
[2025-08-28 15:29:47Z INFO StepsRunner] Result: true
[2025-08-28 15:29:47Z INFO StepsRunner] Starting the step.
[2025-08-28 15:29:47Z INFO HostContext] Well known directory 'Bin': 'C:\laragon\www\sapapi\actions-runner\bin'
[2025-08-28 15:29:47Z INFO HostContext] Well known directory 'Root': 'C:\laragon\www\sapapi\actions-runner'
[2025-08-28 15:29:47Z INFO HostContext] Well known directory 'Work': 'C:\laragon\www\sapapi\actions-runner\_work'
[2025-08-28 15:29:47Z INFO StepsRunner] Which2: 'chcp'
[2025-08-28 15:29:47Z INFO StepsRunner] Location: 'C:\Windows\system32\chcp.COM'
[2025-08-28 15:29:47Z INFO ProcessInvokerWrapper] Starting process:
[2025-08-28 15:29:47Z INFO ProcessInvokerWrapper]   File name: 'C:\Windows\system32\chcp.COM'
[2025-08-28 15:29:47Z INFO ProcessInvokerWrapper]   Arguments: '65001'
[2025-08-28 15:29:47Z INFO ProcessInvokerWrapper]   Working directory: 'C:\laragon\www\sapapi\actions-runner\_work'
[2025-08-28 15:29:47Z INFO ProcessInvokerWrapper]   Require exit code zero: 'False'
[2025-08-28 15:29:47Z INFO ProcessInvokerWrapper]   Encoding web name:  ; code page: ''
[2025-08-28 15:29:47Z INFO ProcessInvokerWrapper]   Force kill process on cancellation: 'False'
[2025-08-28 15:29:47Z INFO ProcessInvokerWrapper]   Redirected STDIN: 'False'
[2025-08-28 15:29:47Z INFO ProcessInvokerWrapper]   Persist current code page: 'True'
[2025-08-28 15:29:47Z INFO ProcessInvokerWrapper]   Keep redirected STDIN open: 'False'
[2025-08-28 15:29:47Z INFO ProcessInvokerWrapper]   High priority process: 'False'
[2025-08-28 15:29:47Z INFO ProcessInvokerWrapper] Process started with process id 62028, waiting for process exit.
[2025-08-28 15:29:47Z INFO ProcessInvokerWrapper] STDOUT/STDERR stream read finished.
[2025-08-28 15:29:47Z INFO ProcessInvokerWrapper] STDOUT/STDERR stream read finished.
[2025-08-28 15:29:47Z INFO ProcessInvokerWrapper] Finished process 62028 with exit code 0, and elapsed time 00:00:00.0074073.
[2025-08-28 15:29:47Z INFO StepsRunner] Successfully returned to code page 65001 (UTF8)
[2025-08-28 15:29:47Z INFO HostContext] Well known directory 'Bin': 'C:\laragon\www\sapapi\actions-runner\bin'
[2025-08-28 15:29:47Z INFO HostContext] Well known directory 'Root': 'C:\laragon\www\sapapi\actions-runner'
[2025-08-28 15:29:47Z INFO HostContext] Well known directory 'Work': 'C:\laragon\www\sapapi\actions-runner\_work'
[2025-08-28 15:29:47Z INFO HostContext] Well known directory 'Temp': 'C:\laragon\www\sapapi\actions-runner\_work\_temp'
[2025-08-28 15:29:47Z INFO ExecutionContext] Write event payload to C:\laragon\www\sapapi\actions-runner\_work\_temp\_github_workflow\event.json
[2025-08-28 15:29:47Z INFO HostContext] Well known directory 'Bin': 'C:\laragon\www\sapapi\actions-runner\bin'
[2025-08-28 15:29:47Z INFO HostContext] Well known directory 'Root': 'C:\laragon\www\sapapi\actions-runner'
[2025-08-28 15:29:47Z INFO HostContext] Well known directory 'Work': 'C:\laragon\www\sapapi\actions-runner\_work'
[2025-08-28 15:29:47Z INFO HostContext] Well known directory 'Temp': 'C:\laragon\www\sapapi\actions-runner\_work\_temp'
[2025-08-28 15:29:47Z INFO ExtensionManager] Getting extensions for interface: 'GitHub.Runner.Worker.IFileCommandExtension'
[2025-08-28 15:29:47Z INFO ExtensionManager] Getting extensions for interface: 'GitHub.Runner.Worker.IActionCommandExtension'
[2025-08-28 15:29:47Z INFO ActionCommandManager] Register action command extension for command internal-set-repo-path
[2025-08-28 15:29:47Z INFO ActionCommandManager] Register action command extension for command set-env
[2025-08-28 15:29:47Z INFO ActionCommandManager] Register action command extension for command set-output
[2025-08-28 15:29:47Z INFO ActionCommandManager] Register action command extension for command save-state
[2025-08-28 15:29:47Z INFO ActionCommandManager] Register action command extension for command add-path
[2025-08-28 15:29:47Z INFO ActionCommandManager] Register action command extension for command add-mask
[2025-08-28 15:29:47Z INFO ActionCommandManager] Register action command extension for command add-matcher
[2025-08-28 15:29:47Z INFO ActionCommandManager] Register action command extension for command remove-matcher
[2025-08-28 15:29:47Z INFO ActionCommandManager] Register action command extension for command warning
[2025-08-28 15:29:47Z INFO ActionCommandManager] Register action command extension for command error
[2025-08-28 15:29:47Z INFO ActionCommandManager] Register action command extension for command notice
[2025-08-28 15:29:47Z INFO ActionCommandManager] Register action command extension for command debug
[2025-08-28 15:29:47Z INFO ActionCommandManager] Register action command extension for command group
[2025-08-28 15:29:47Z INFO ActionCommandManager] Register action command extension for command endgroup
[2025-08-28 15:29:47Z INFO ActionCommandManager] Register action command extension for command echo
[2025-08-28 15:29:47Z INFO ScriptHandler] Which2: 'pwsh'
[2025-08-28 15:29:47Z INFO JobServerQueue] Try to append 1 batches web console lines for record '9f934abf-0483-443d-90e3-8111103db8de', success rate: 1/1.
[2025-08-28 15:29:47Z INFO JobServerQueue] Try to append 1 batches web console lines for record '4701c356-8c8e-4e68-a6b2-bdc2d8472892', success rate: 1/1.
[2025-08-28 15:29:47Z INFO ScriptHandler] pwsh: command not found. Make sure 'pwsh' is installed and its location included in the 'Path' environment variable.
[2025-08-28 15:29:47Z INFO ScriptHandler] Defaulting to powershell
[2025-08-28 15:29:47Z INFO ScriptHandler] Which2: 'powershell'
[2025-08-28 15:29:47Z INFO ScriptHandler] Location: 'C:\Windows\System32\WindowsPowerShell\v1.0\powershell.EXE'
[2025-08-28 15:29:47Z INFO HostContext] Well known directory 'Bin': 'C:\laragon\www\sapapi\actions-runner\bin'
[2025-08-28 15:29:47Z INFO HostContext] Well known directory 'Root': 'C:\laragon\www\sapapi\actions-runner'
[2025-08-28 15:29:47Z INFO HostContext] Well known directory 'Work': 'C:\laragon\www\sapapi\actions-runner\_work'
[2025-08-28 15:29:47Z INFO HostContext] Well known directory 'Temp': 'C:\laragon\www\sapapi\actions-runner\_work\_temp'
[2025-08-28 15:29:47Z INFO ScriptHandler] Which2: 'pwsh'
[2025-08-28 15:29:47Z INFO ScriptHandler] pwsh: command not found. Make sure 'pwsh' is installed and its location included in the 'Path' environment variable.
[2025-08-28 15:29:47Z INFO ScriptHandler] Defaulting to powershell
[2025-08-28 15:29:47Z INFO ScriptHandler] Which2: 'powershell'
[2025-08-28 15:29:47Z INFO ScriptHandler] Location: 'C:\Windows\System32\WindowsPowerShell\v1.0\powershell.EXE'
[2025-08-28 15:29:47Z INFO ProcessInvokerWrapper] Starting process:
[2025-08-28 15:29:47Z INFO ProcessInvokerWrapper]   File name: 'C:\Windows\System32\WindowsPowerShell\v1.0\powershell.EXE'
[2025-08-28 15:29:47Z INFO ProcessInvokerWrapper]   Arguments: '-command ". 'C:\laragon\www\sapapi\actions-runner\_work\_temp\bf49b789-3aa8-43a4-b6bf-797ac60413b9.ps1'"'
[2025-08-28 15:29:47Z INFO ProcessInvokerWrapper]   Working directory: 'C:\laragon\www\sapapi\actions-runner\_work\sapapi\sapapi'
[2025-08-28 15:29:47Z INFO ProcessInvokerWrapper]   Require exit code zero: 'False'
[2025-08-28 15:29:47Z INFO ProcessInvokerWrapper]   Encoding web name:  ; code page: ''
[2025-08-28 15:29:47Z INFO ProcessInvokerWrapper]   Force kill process on cancellation: 'False'
[2025-08-28 15:29:47Z INFO ProcessInvokerWrapper]   Redirected STDIN: 'False'
[2025-08-28 15:29:47Z INFO ProcessInvokerWrapper]   Persist current code page: 'True'
[2025-08-28 15:29:47Z INFO ProcessInvokerWrapper]   Keep redirected STDIN open: 'False'
[2025-08-28 15:29:47Z INFO ProcessInvokerWrapper]   High priority process: 'False'
[2025-08-28 15:29:47Z INFO ProcessInvokerWrapper] Process started with process id 59556, waiting for process exit.
[2025-08-28 15:29:47Z INFO JobServerQueue] Try to append 1 batches web console lines for record '4701c356-8c8e-4e68-a6b2-bdc2d8472892', success rate: 1/1.
[2025-08-28 15:29:47Z INFO JobServerQueue] Try to upload 1 log files or attachments, success rate: 1/1.
[2025-08-28 15:29:47Z INFO JobServerQueue] Try to append 1 batches web console lines for record '4701c356-8c8e-4e68-a6b2-bdc2d8472892', success rate: 1/1.
[2025-08-28 15:29:48Z INFO JobServerQueue] Got a step log file to send to results service.
[2025-08-28 15:29:48Z INFO JobServerQueue] Starting upload of step log file to results service ResultsLog, C:\laragon\www\sapapi\actions-runner\_diag\blocks\7212aa00-5c10-4ceb-89ac-18d57dd99a22_9f934abf-0483-443d-90e3-8111103db8de.1
[2025-08-28 15:29:48Z INFO ProcessInvokerWrapper] STDOUT/STDERR stream read finished.
[2025-08-28 15:29:48Z INFO JobServerQueue] Try to append 1 batches web console lines for record '4701c356-8c8e-4e68-a6b2-bdc2d8472892', success rate: 1/1.
[2025-08-28 15:29:49Z INFO JobServerQueue] Tried to upload 1 file(s) to results, success rate: 1/1.
[2025-08-28 15:29:52Z INFO HostContext] Well known directory 'Bin': 'C:\laragon\www\sapapi\actions-runner\bin'
[2025-08-28 15:29:52Z INFO HostContext] Well known directory 'Root': 'C:\laragon\www\sapapi\actions-runner'
[2025-08-28 15:29:52Z INFO HostContext] Well known directory 'Work': 'C:\laragon\www\sapapi\actions-runner\_work'
[2025-08-28 15:29:53Z INFO ProcessInvokerWrapper] Scan all processes to find relationship between all processes.
[2025-08-28 15:29:53Z INFO ProcessInvokerWrapper] Find all child processes of process '59556'.
[2025-08-28 15:29:53Z INFO ProcessInvokerWrapper] Kill process '59556'.
[2025-08-28 15:29:53Z INFO ProcessInvokerWrapper] Finished process 59556 with exit code 1, and elapsed time 00:00:06.0299601.
[2025-08-28 15:29:53Z INFO CreaPANDURASA_LIVEepSummaryCommand] Step Summary file (C:\laragon\www\sapapi\actions-runner\_work\_temp\_runner_file_commands\step_summary_0c681435-346c-4ad5-acd6-1cb71aaa39ea) is empty; skipping attachment upload
[2025-08-28 15:29:53Z INFO ExecutionContext] Updated step result (continue on error)
[2025-08-28 15:29:53Z INFO StepsRunner] Step result: Succeeded
[2025-08-28 15:29:53Z INFO ExecutionContext] Publish step telemetry for current step {
  "action": "powershell",
  "type": "run",
  "stage": "Main",
  "stepId": "4701c356-8c8e-4e68-a6b2-bdc2d8472892",
  "stepContextName": "__run_4",
  "result": "succeeded",
  "errorMessages": [
    "Process completed with exit code 1."
  ],
  "executionTimeInSeconds": 7,
  "startTime": "2025-08-28T15:29:47.1587131Z",
  "finishTime": "2025-08-28T15:29:53.2310556Z"
}.
[2025-08-28 15:29:53Z INFO StepsRunner] No need for updating job result with current step result 'Succeeded'.
[2025-08-28 15:29:53Z INFO StepsRunner] Current state: job state = ''
[2025-08-28 15:29:53Z INFO StepsRunner] Processing step: DisplayName='Start all Node.js applications with PM2'
[2025-08-28 15:29:53Z INFO StepsRunner] Evaluating: success()
[2025-08-28 15:29:53Z INFO StepsRunner] Result: true
[2025-08-28 15:29:53Z INFO StepsRunner] Starting the step.
[2025-08-28 15:29:53Z INFO HostContext] Well known directory 'Bin': 'C:\laragon\www\sapapi\actions-runner\bin'
[2025-08-28 15:29:53Z INFO HostContext] Well known directory 'Root': 'C:\laragon\www\sapapi\actions-runner'
[2025-08-28 15:29:53Z INFO HostContext] Well known directory 'Work': 'C:\laragon\www\sapapi\actions-runner\_work'
[2025-08-28 15:29:53Z INFO StepsRunner] Which2: 'chcp'
[2025-08-28 15:29:53Z INFO StepsRunner] Location: 'C:\Windows\system32\chcp.COM'
[2025-08-28 15:29:53Z INFO ProcessInvokerWrapper] Starting process:
[2025-08-28 15:29:53Z INFO ProcessInvokerWrapper]   File name: 'C:\Windows\system32\chcp.COM'
[2025-08-28 15:29:53Z INFO ProcessInvokerWrapper]   Arguments: '65001'
[2025-08-28 15:29:53Z INFO ProcessInvokerWrapper]   Working directory: 'C:\laragon\www\sapapi\actions-runner\_work'
[2025-08-28 15:29:53Z INFO ProcessInvokerWrapper]   Require exit code zero: 'False'
[2025-08-28 15:29:53Z INFO ProcessInvokerWrapper]   Encoding web name:  ; code page: ''
[2025-08-28 15:29:53Z INFO ProcessInvokerWrapper]   Force kill process on cancellation: 'False'
[2025-08-28 15:29:53Z INFO ProcessInvokerWrapper]   Redirected STDIN: 'False'
[2025-08-28 15:29:53Z INFO ProcessInvokerWrapper]   Persist current code page: 'True'
[2025-08-28 15:29:53Z INFO ProcessInvokerWrapper]   Keep redirected STDIN open: 'False'
[2025-08-28 15:29:53Z INFO ProcessInvokerWrapper]   High priority process: 'False'
[2025-08-28 15:29:53Z INFO ProcessInvokerWrapper] Process started with process id 5960, waiting for process exit.
[2025-08-28 15:29:53Z INFO ProcessInvokerWrapper] STDOUT/STDERR stream read finished.
[2025-08-28 15:29:53Z INFO ProcessInvokerWrapper] STDOUT/STDERR stream read finished.
[2025-08-28 15:29:53Z INFO ProcessInvokerWrapper] Finished process 5960 with exit code 0, and elapsed time 00:00:00.0065745.
[2025-08-28 15:29:53Z INFO StepsRunner] Successfully returned to code page 65001 (UTF8)
[2025-08-28 15:29:53Z INFO HostContext] Well known directory 'Bin': 'C:\laragon\www\sapapi\actions-runner\bin'
[2025-08-28 15:29:53Z INFO HostContext] Well known directory 'Root': 'C:\laragon\www\sapapi\actions-runner'
[2025-08-28 15:29:53Z INFO HostContext] Well known directory 'Work': 'C:\laragon\www\sapapi\actions-runner\_work'
[2025-08-28 15:29:53Z INFO HostContext] Well known directory 'Temp': 'C:\laragon\www\sapapi\actions-runner\_work\_temp'
[2025-08-28 15:29:53Z INFO ExecutionContext] Write event payload to C:\laragon\www\sapapi\actions-runner\_work\_temp\_github_workflow\event.json
[2025-08-28 15:29:53Z INFO HostContext] Well known directory 'Bin': 'C:\laragon\www\sapapi\actions-runner\bin'
[2025-08-28 15:29:53Z INFO HostContext] Well known directory 'Root': 'C:\laragon\www\sapapi\actions-runner'
[2025-08-28 15:29:53Z INFO HostContext] Well known directory 'Work': 'C:\laragon\www\sapapi\actions-runner\_work'
[2025-08-28 15:29:53Z INFO HostContext] Well known directory 'Temp': 'C:\laragon\www\sapapi\actions-runner\_work\_temp'
[2025-08-28 15:29:53Z INFO ExtensionManager] Getting extensions for interface: 'GitHub.Runner.Worker.IFileCommandExtension'
[2025-08-28 15:29:53Z INFO ExtensionManager] Getting extensions for interface: 'GitHub.Runner.Worker.IActionCommandExtension'
[2025-08-28 15:29:53Z INFO ActionCommandManager] Register action command extension for command internal-set-repo-path
[2025-08-28 15:29:53Z INFO ActionCommandManager] Register action command extension for command set-env
[2025-08-28 15:29:53Z INFO ActionCommandManager] Register action command extension for command set-output
[2025-08-28 15:29:53Z INFO ActionCommandManager] Register action command extension for command save-state
[2025-08-28 15:29:53Z INFO ActionCommandManager] Register action command extension for command add-path
[2025-08-28 15:29:53Z INFO ActionCommandManager] Register action command extension for command add-mask
[2025-08-28 15:29:53Z INFO ActionCommandManager] Register action command extension for command add-matcher
[2025-08-28 15:29:53Z INFO ActionCommandManager] Register action command extension for command remove-matcher
[2025-08-28 15:29:53Z INFO ActionCommandManager] Register action command extension for command warning
[2025-08-28 15:29:53Z INFO ActionCommandManager] Register action command extension for command error
[2025-08-28 15:29:53Z INFO ActionCommandManager] Register action command extension for command notice
[2025-08-28 15:29:53Z INFO ActionCommandManager] Register action command extension for command debug
[2025-08-28 15:29:53Z INFO ActionCommandManager] Register action command extension for command group
[2025-08-28 15:29:53Z INFO ActionCommandManager] Register action command extension for command endgroup
[2025-08-28 15:29:53Z INFO ActionCommandManager] Register action command extension for command echo
[2025-08-28 15:29:53Z INFO ScriptHandler] Which2: 'powershell'
[2025-08-28 15:29:53Z INFO ScriptHandler] Location: 'C:\Windows\System32\WindowsPowerShell\v1.0\powershell.EXE'
[2025-08-28 15:29:53Z INFO HostContext] Well known directory 'Bin': 'C:\laragon\www\sapapi\actions-runner\bin'
[2025-08-28 15:29:53Z INFO HostContext] Well known directory 'Root': 'C:\laragon\www\sapapi\actions-runner'
[2025-08-28 15:29:53Z INFO HostContext] Well known directory 'Work': 'C:\laragon\www\sapapi\actions-runner\_work'
[2025-08-28 15:29:53Z INFO HostContext] Well known directory 'Temp': 'C:\laragon\www\sapapi\actions-runner\_work\_temp'
[2025-08-28 15:29:53Z INFO ScriptHandler] Which2: 'powershell'
[2025-08-28 15:29:53Z INFO ScriptHandler] Location: 'C:\Windows\System32\WindowsPowerShell\v1.0\powershell.EXE'
[2025-08-28 15:29:53Z INFO ProcessInvokerWrapper] Starting process:
[2025-08-28 15:29:53Z INFO ProcessInvokerWrapper]   File name: 'C:\Windows\System32\WindowsPowerShell\v1.0\powershell.EXE'
[2025-08-28 15:29:53Z INFO ProcessInvokerWrapper]   Arguments: '-command ". 'C:\laragon\www\sapapi\actions-runner\_work\_temp\6d79ef34-3c11-4f5e-a7cb-d52464cc3ce5.ps1'"'
[2025-08-28 15:29:53Z INFO ProcessInvokerWrapper]   Working directory: 'C:\laragon\www\sapapi\actions-runner\_work\sapapi\sapapi'
[2025-08-28 15:29:53Z INFO ProcessInvokerWrapper]   Require exit code zero: 'False'
[2025-08-28 15:29:53Z INFO ProcessInvokerWrapper]   Encoding web name:  ; code page: ''
[2025-08-28 15:29:53Z INFO ProcessInvokerWrapper]   Force kill process on cancellation: 'False'
[2025-08-28 15:29:53Z INFO ProcessInvokerWrapper]   Redirected STDIN: 'False'
[2025-08-28 15:29:53Z INFO ProcessInvokerWrapper]   Persist current code page: 'True'
[2025-08-28 15:29:53Z INFO ProcessInvokerWrapper]   Keep redirected STDIN open: 'False'
[2025-08-28 15:29:53Z INFO ProcessInvokerWrapper]   High priority process: 'False'
[2025-08-28 15:29:53Z INFO ProcessInvokerWrapper] Process started with process id 40352, waiting for process exit.
[2025-08-28 15:29:53Z INFO JobServerQueue] Try to append 1 batches web console lines for record '4701c356-8c8e-4e68-a6b2-bdc2d8472892', success rate: 1/1.
[2025-08-28 15:29:53Z INFO JobServerQueue] Try to append 1 batches web console lines for record 'd4420ad3-450a-4d96-b518-05b50915ecc4', success rate: 1/1.
[2025-08-28 15:29:53Z INFO JobServerQueue] Try to upload 1 log files or attachments, success rate: 1/1.
[2025-08-28 15:29:53Z INFO JobServerQueue] Got a step log file to send to results service.
[2025-08-28 15:29:53Z INFO JobServerQueue] Starting upload of step log file to results service ResultsLog, C:\laragon\www\sapapi\actions-runner\_diag\blocks\7212aa00-5c10-4ceb-89ac-18d57dd99a22_4701c356-8c8e-4e68-a6b2-bdc2d8472892.1
[2025-08-28 15:29:53Z INFO JobServerQueue] Try to append 1 batches web console lines for record 'd4420ad3-450a-4d96-b518-05b50915ecc4', success rate: 1/1.
[2025-08-28 15:29:54Z INFO JobServerQueue] Tried to upload 1 file(s) to results, success rate: 1/1.
[2025-08-28 15:29:55Z INFO JobServerQueue] Try to append 1 batches web console lines for record 'd4420ad3-450a-4d96-b518-05b50915ecc4', success rate: 1/1.
[2025-08-28 15:29:55Z INFO JobServerQueue] Try to append 1 batches web console lines for record 'd4420ad3-450a-4d96-b518-05b50915ecc4', success rate: 1/1.
[2025-08-28 15:29:56Z INFO JobServerQueue] Try to append 1 batches web console lines for record 'd4420ad3-450a-4d96-b518-05b50915ecc4', success rate: 1/1.
[2025-08-28 15:29:56Z INFO JobServerQueue] Try to append 1 batches web console lines for record 'd4420ad3-450a-4d96-b518-05b50915ecc4', success rate: 1/1.
[2025-08-28 15:29:57Z INFO JobServerQueue] Try to append 1 batches web console lines for record 'd4420ad3-450a-4d96-b518-05b50915ecc4', success rate: 1/1.
[2025-08-28 15:29:58Z INFO JobServerQueue] Try to append 1 batches web console lines for record 'd4420ad3-450a-4d96-b518-05b50915ecc4', success rate: 1/1.
[2025-08-28 15:29:58Z INFO JobServerQueue] Try to append 1 batches web console lines for record 'd4420ad3-450a-4d96-b518-05b50915ecc4', success rate: 1/1.
[2025-08-28 15:29:59Z INFO JobServerQueue] Try to append 1 batches web console lines for record 'd4420ad3-450a-4d96-b518-05b50915ecc4', success rate: 1/1.
[2025-08-28 15:30:00Z INFO JobServerQueue] Try to append 1 batches web console lines for record 'd4420ad3-450a-4d96-b518-05b50915ecc4', success rate: 1/1.
[2025-08-28 15:30:00Z INFO JobServerQueue] Stop aggressive process web console line queue.
[2025-08-28 15:30:01Z INFO JobServerQueue] Try to append 1 batches web console lines for record 'd4420ad3-450a-4d96-b518-05b50915ecc4', success rate: 1/1.
[2025-08-28 15:30:01Z INFO JobServerQueue] Try to append 1 batches web console lines for record 'd4420ad3-450a-4d96-b518-05b50915ecc4', success rate: 1/1.
[2025-08-28 15:30:02Z INFO HostContext] Well known directory 'Bin': 'C:\laragon\www\sapapi\actions-runner\bin'
[2025-08-28 15:30:02Z INFO HostContext] Well known directory 'Root': 'C:\laragon\www\sapapi\actions-runner'
[2025-08-28 15:30:02Z INFO HostContext] Well known directory 'Work': 'C:\laragon\www\sapapi\actions-runner\_work'
[2025-08-28 15:30:02Z INFO JobServerQueue] Try to append 1 batches web console lines for record 'd4420ad3-450a-4d96-b518-05b50915ecc4', success rate: 1/1.
[2025-08-28 15:30:02Z INFO ProcessInvokerWrapper] STDOUT/STDERR stream read finished.
[2025-08-28 15:30:02Z INFO ProcessInvokerWrapper] STDOUT/STDERR stream read finished.
[2025-08-28 15:30:02Z INFO ProcessInvokerWrapper] Finished process 40352 with exit code 0, and elapsed time 00:00:09.5354569.
[2025-08-28 15:30:02Z INFO CreaPANDURASA_LIVEepSummaryCommand] Step Summary file (C:\laragon\www\sapapi\actions-runner\_work\_temp\_runner_file_commands\step_summary_78ec6c3c-5b67-487e-9d1b-d800dff564b6) is empty; skipping attachment upload
[2025-08-28 15:30:02Z INFO StepsRunner] Step result: 
[2025-08-28 15:30:02Z INFO ExecutionContext] Publish step telemetry for current step {
  "action": "powershell",
  "type": "run",
  "stage": "Main",
  "stepId": "d4420ad3-450a-4d96-b518-05b50915ecc4",
  "stepContextName": "__run_5",
  "result": "succeeded",
  "errorMessages": [],
  "executionTimeInSeconds": 10,
  "startTime": "2025-08-28T15:29:53.2329012Z",
  "finishTime": "2025-08-28T15:30:02.7995241Z"
}.
[2025-08-28 15:30:02Z INFO StepsRunner] No need for updating job result with current step result 'Succeeded'.
[2025-08-28 15:30:02Z INFO StepsRunner] Current state: job state = ''
[2025-08-28 15:30:02Z INFO StepsRunner] Processing step: DisplayName='Save PM2 process list'
[2025-08-28 15:30:02Z INFO StepsRunner] Evaluating: success()
[2025-08-28 15:30:02Z INFO StepsRunner] Result: true
[2025-08-28 15:30:02Z INFO StepsRunner] Starting the step.
[2025-08-28 15:30:02Z INFO HostContext] Well known directory 'Bin': 'C:\laragon\www\sapapi\actions-runner\bin'
[2025-08-28 15:30:02Z INFO HostContext] Well known directory 'Root': 'C:\laragon\www\sapapi\actions-runner'
[2025-08-28 15:30:02Z INFO HostContext] Well known directory 'Work': 'C:\laragon\www\sapapi\actions-runner\_work'
[2025-08-28 15:30:02Z INFO StepsRunner] Which2: 'chcp'
[2025-08-28 15:30:02Z INFO StepsRunner] Location: 'C:\Windows\system32\chcp.COM'
[2025-08-28 15:30:02Z INFO ProcessInvokerWrapper] Starting process:
[2025-08-28 15:30:02Z INFO ProcessInvokerWrapper]   File name: 'C:\Windows\system32\chcp.COM'
[2025-08-28 15:30:02Z INFO ProcessInvokerWrapper]   Arguments: '65001'
[2025-08-28 15:30:02Z INFO ProcessInvokerWrapper]   Working directory: 'C:\laragon\www\sapapi\actions-runner\_work'
[2025-08-28 15:30:02Z INFO ProcessInvokerWrapper]   Require exit code zero: 'False'
[2025-08-28 15:30:02Z INFO ProcessInvokerWrapper]   Encoding web name:  ; code page: ''
[2025-08-28 15:30:02Z INFO ProcessInvokerWrapper]   Force kill process on cancellation: 'False'
[2025-08-28 15:30:02Z INFO ProcessInvokerWrapper]   Redirected STDIN: 'False'
[2025-08-28 15:30:02Z INFO ProcessInvokerWrapper]   Persist current code page: 'True'
[2025-08-28 15:30:02Z INFO ProcessInvokerWrapper]   Keep redirected STDIN open: 'False'
[2025-08-28 15:30:02Z INFO ProcessInvokerWrapper]   High priority process: 'False'
[2025-08-28 15:30:02Z INFO ProcessInvokerWrapper] Process started with process id 4104, waiting for process exit.
[2025-08-28 15:30:02Z INFO ProcessInvokerWrapper] STDOUT/STDERR stream read finished.
[2025-08-28 15:30:02Z INFO ProcessInvokerWrapper] STDOUT/STDERR stream read finished.
[2025-08-28 15:30:02Z INFO ProcessInvokerWrapper] Finished process 4104 with exit code 0, and elapsed time 00:00:00.0078800.
[2025-08-28 15:30:02Z INFO StepsRunner] Successfully returned to code page 65001 (UTF8)
[2025-08-28 15:30:02Z INFO HostContext] Well known directory 'Bin': 'C:\laragon\www\sapapi\actions-runner\bin'
[2025-08-28 15:30:02Z INFO HostContext] Well known directory 'Root': 'C:\laragon\www\sapapi\actions-runner'
[2025-08-28 15:30:02Z INFO HostContext] Well known directory 'Work': 'C:\laragon\www\sapapi\actions-runner\_work'
[2025-08-28 15:30:02Z INFO HostContext] Well known directory 'Temp': 'C:\laragon\www\sapapi\actions-runner\_work\_temp'
[2025-08-28 15:30:02Z INFO ExecutionContext] Write event payload to C:\laragon\www\sapapi\actions-runner\_work\_temp\_github_workflow\event.json
[2025-08-28 15:30:02Z INFO HostContext] Well known directory 'Bin': 'C:\laragon\www\sapapi\actions-runner\bin'
[2025-08-28 15:30:02Z INFO HostContext] Well known directory 'Root': 'C:\laragon\www\sapapi\actions-runner'
[2025-08-28 15:30:02Z INFO HostContext] Well known directory 'Work': 'C:\laragon\www\sapapi\actions-runner\_work'
[2025-08-28 15:30:02Z INFO HostContext] Well known directory 'Temp': 'C:\laragon\www\sapapi\actions-runner\_work\_temp'
[2025-08-28 15:30:02Z INFO ExtensionManager] Getting extensions for interface: 'GitHub.Runner.Worker.IFileCommandExtension'
[2025-08-28 15:30:02Z INFO ExtensionManager] Getting extensions for interface: 'GitHub.Runner.Worker.IActionCommandExtension'
[2025-08-28 15:30:02Z INFO ActionCommandManager] Register action command extension for command internal-set-repo-path
[2025-08-28 15:30:02Z INFO ActionCommandManager] Register action command extension for command set-env
[2025-08-28 15:30:02Z INFO ActionCommandManager] Register action command extension for command set-output
[2025-08-28 15:30:02Z INFO ActionCommandManager] Register action command extension for command save-state
[2025-08-28 15:30:02Z INFO ActionCommandManager] Register action command extension for command add-path
[2025-08-28 15:30:02Z INFO ActionCommandManager] Register action command extension for command add-mask
[2025-08-28 15:30:02Z INFO ActionCommandManager] Register action command extension for command add-matcher
[2025-08-28 15:30:02Z INFO ActionCommandManager] Register action command extension for command remove-matcher
[2025-08-28 15:30:02Z INFO ActionCommandManager] Register action command extension for command warning
[2025-08-28 15:30:02Z INFO ActionCommandManager] Register action command extension for command error
[2025-08-28 15:30:02Z INFO ActionCommandManager] Register action command extension for command notice
[2025-08-28 15:30:02Z INFO ActionCommandManager] Register action command extension for command debug
[2025-08-28 15:30:02Z INFO ActionCommandManager] Register action command extension for command group
[2025-08-28 15:30:02Z INFO ActionCommandManager] Register action command extension for command endgroup
[2025-08-28 15:30:02Z INFO ActionCommandManager] Register action command extension for command echo
[2025-08-28 15:30:02Z INFO ScriptHandler] Which2: 'pwsh'
[2025-08-28 15:30:02Z INFO ScriptHandler] pwsh: command not found. Make sure 'pwsh' is installed and its location included in the 'Path' environment variable.
[2025-08-28 15:30:02Z INFO ScriptHandler] Defaulting to powershell
[2025-08-28 15:30:02Z INFO ScriptHandler] Which2: 'powershell'
[2025-08-28 15:30:02Z INFO ScriptHandler] Location: 'C:\Windows\System32\WindowsPowerShell\v1.0\powershell.EXE'
[2025-08-28 15:30:02Z INFO HostContext] Well known directory 'Bin': 'C:\laragon\www\sapapi\actions-runner\bin'
[2025-08-28 15:30:02Z INFO HostContext] Well known directory 'Root': 'C:\laragon\www\sapapi\actions-runner'
[2025-08-28 15:30:02Z INFO HostContext] Well known directory 'Work': 'C:\laragon\www\sapapi\actions-runner\_work'
[2025-08-28 15:30:02Z INFO HostContext] Well known directory 'Temp': 'C:\laragon\www\sapapi\actions-runner\_work\_temp'
[2025-08-28 15:30:02Z INFO ScriptHandler] Which2: 'pwsh'
[2025-08-28 15:30:02Z INFO ScriptHandler] pwsh: command not found. Make sure 'pwsh' is installed and its location included in the 'Path' environment variable.
[2025-08-28 15:30:02Z INFO ScriptHandler] Defaulting to powershell
[2025-08-28 15:30:02Z INFO ScriptHandler] Which2: 'powershell'
[2025-08-28 15:30:02Z INFO ScriptHandler] Location: 'C:\Windows\System32\WindowsPowerShell\v1.0\powershell.EXE'
[2025-08-28 15:30:02Z INFO ProcessInvokerWrapper] Starting process:
[2025-08-28 15:30:02Z INFO ProcessInvokerWrapper]   File name: 'C:\Windows\System32\WindowsPowerShell\v1.0\powershell.EXE'
[2025-08-28 15:30:02Z INFO ProcessInvokerWrapper]   Arguments: '-command ". 'C:\laragon\www\sapapi\actions-runner\_work\_temp\4c5fdcb9-ec68-431b-9095-fc1131cd595b.ps1'"'
[2025-08-28 15:30:02Z INFO ProcessInvokerWrapper]   Working directory: 'C:\laragon\www\sapapi\actions-runner\_work\sapapi\sapapi'
[2025-08-28 15:30:02Z INFO ProcessInvokerWrapper]   Require exit code zero: 'False'
[2025-08-28 15:30:02Z INFO ProcessInvokerWrapper]   Encoding web name:  ; code page: ''
[2025-08-28 15:30:02Z INFO ProcessInvokerWrapper]   Force kill process on cancellation: 'False'
[2025-08-28 15:30:02Z INFO ProcessInvokerWrapper]   Redirected STDIN: 'False'
[2025-08-28 15:30:02Z INFO ProcessInvokerWrapper]   Persist current code page: 'True'
[2025-08-28 15:30:02Z INFO ProcessInvokerWrapper]   Keep redirected STDIN open: 'False'
[2025-08-28 15:30:02Z INFO ProcessInvokerWrapper]   High priority process: 'False'
[2025-08-28 15:30:02Z INFO JobServerQueue] Got a step log file to send to results service.
[2025-08-28 15:30:02Z INFO JobServerQueue] Starting upload of step log file to results service ResultsLog, C:\laragon\www\sapapi\actions-runner\_diag\blocks\7212aa00-5c10-4ceb-89ac-18d57dd99a22_d4420ad3-450a-4d96-b518-05b50915ecc4.1
[2025-08-28 15:30:02Z INFO ProcessInvokerWrapper] Process started with process id 57856, waiting for process exit.
[2025-08-28 15:30:03Z INFO JobServerQueue] Try to append 1 batches web console lines for record 'd4420ad3-450a-4d96-b518-05b50915ecc4', success rate: 1/1.
[2025-08-28 15:30:03Z INFO JobServerQueue] Try to append 1 batches web console lines for record 'a8d2fe29-cb8b-4b18-95ce-9bd6a72f966c', success rate: 1/1.
[2025-08-28 15:30:03Z INFO JobServerQueue] Try to append 1 batches web console lines for record 'a8d2fe29-cb8b-4b18-95ce-9bd6a72f966c', success rate: 1/1.
[2025-08-28 15:30:03Z INFO JobServerQueue] Try to upload 1 log files or attachments, success rate: 1/1.
[2025-08-28 15:30:04Z INFO ProcessInvokerWrapper] STDOUT/STDERR stream read finished.
[2025-08-28 15:30:04Z INFO ProcessInvokerWrapper] STDOUT/STDERR stream read finished.
[2025-08-28 15:30:04Z INFO ProcessInvokerWrapper] Finished process 57856 with exit code 0, and elapsed time 00:00:01.1914434.
[2025-08-28 15:30:04Z INFO CreaPANDURASA_LIVEepSummaryCommand] Step Summary file (C:\laragon\www\sapapi\actions-runner\_work\_temp\_runner_file_commands\step_summary_7a5733e7-9c4d-4b3f-8770-8d669f27170f) is empty; skipping attachment upload
[2025-08-28 15:30:04Z INFO StepsRunner] Step result: 
[2025-08-28 15:30:04Z INFO ExecutionContext] Publish step telemetry for current step {
  "action": "powershell",
  "type": "run",
  "stage": "Main",
  "stepId": "a8d2fe29-cb8b-4b18-95ce-9bd6a72f966c",
  "stepContextName": "__run_6",
  "result": "succeeded",
  "errorMessages": [],
  "executionTimeInSeconds": 2,
  "startTime": "2025-08-28T15:30:02.8006899Z",
  "finishTime": "2025-08-28T15:30:04.0488886Z"
}.
[2025-08-28 15:30:04Z INFO StepsRunner] No need for updating job result with current step result 'Succeeded'.
[2025-08-28 15:30:04Z INFO StepsRunner] Current state: job state = ''
[2025-08-28 15:30:04Z INFO StepsRunner] Processing step: DisplayName='Show PM2 process status'
[2025-08-28 15:30:04Z INFO StepsRunner] Evaluating: success()
[2025-08-28 15:30:04Z INFO StepsRunner] Result: true
[2025-08-28 15:30:04Z INFO StepsRunner] Starting the step.
[2025-08-28 15:30:04Z INFO HostContext] Well known directory 'Bin': 'C:\laragon\www\sapapi\actions-runner\bin'
[2025-08-28 15:30:04Z INFO HostContext] Well known directory 'Root': 'C:\laragon\www\sapapi\actions-runner'
[2025-08-28 15:30:04Z INFO HostContext] Well known directory 'Work': 'C:\laragon\www\sapapi\actions-runner\_work'
[2025-08-28 15:30:04Z INFO StepsRunner] Which2: 'chcp'
[2025-08-28 15:30:04Z INFO StepsRunner] Location: 'C:\Windows\system32\chcp.COM'
[2025-08-28 15:30:04Z INFO ProcessInvokerWrapper] Starting process:
[2025-08-28 15:30:04Z INFO ProcessInvokerWrapper]   File name: 'C:\Windows\system32\chcp.COM'
[2025-08-28 15:30:04Z INFO ProcessInvokerWrapper]   Arguments: '65001'
[2025-08-28 15:30:04Z INFO ProcessInvokerWrapper]   Working directory: 'C:\laragon\www\sapapi\actions-runner\_work'
[2025-08-28 15:30:04Z INFO ProcessInvokerWrapper]   Require exit code zero: 'False'
[2025-08-28 15:30:04Z INFO ProcessInvokerWrapper]   Encoding web name:  ; code page: ''
[2025-08-28 15:30:04Z INFO ProcessInvokerWrapper]   Force kill process on cancellation: 'False'
[2025-08-28 15:30:04Z INFO ProcessInvokerWrapper]   Redirected STDIN: 'False'
[2025-08-28 15:30:04Z INFO ProcessInvokerWrapper]   Persist current code page: 'True'
[2025-08-28 15:30:04Z INFO ProcessInvokerWrapper]   Keep redirected STDIN open: 'False'
[2025-08-28 15:30:04Z INFO ProcessInvokerWrapper]   High priority process: 'False'
[2025-08-28 15:30:04Z INFO ProcessInvokerWrapper] Process started with process id 54212, waiting for process exit.
[2025-08-28 15:30:04Z INFO ProcessInvokerWrapper] STDOUT/STDERR stream read finished.
[2025-08-28 15:30:04Z INFO ProcessInvokerWrapper] STDOUT/STDERR stream read finished.
[2025-08-28 15:30:04Z INFO ProcessInvokerWrapper] Finished process 54212 with exit code 0, and elapsed time 00:00:00.0072198.
[2025-08-28 15:30:04Z INFO StepsRunner] Successfully returned to code page 65001 (UTF8)
[2025-08-28 15:30:04Z INFO HostContext] Well known directory 'Bin': 'C:\laragon\www\sapapi\actions-runner\bin'
[2025-08-28 15:30:04Z INFO HostContext] Well known directory 'Root': 'C:\laragon\www\sapapi\actions-runner'
[2025-08-28 15:30:04Z INFO HostContext] Well known directory 'Work': 'C:\laragon\www\sapapi\actions-runner\_work'
[2025-08-28 15:30:04Z INFO HostContext] Well known directory 'Temp': 'C:\laragon\www\sapapi\actions-runner\_work\_temp'
[2025-08-28 15:30:04Z INFO ExecutionContext] Write event payload to C:\laragon\www\sapapi\actions-runner\_work\_temp\_github_workflow\event.json
[2025-08-28 15:30:04Z INFO HostContext] Well known directory 'Bin': 'C:\laragon\www\sapapi\actions-runner\bin'
[2025-08-28 15:30:04Z INFO HostContext] Well known directory 'Root': 'C:\laragon\www\sapapi\actions-runner'
[2025-08-28 15:30:04Z INFO HostContext] Well known directory 'Work': 'C:\laragon\www\sapapi\actions-runner\_work'
[2025-08-28 15:30:04Z INFO HostContext] Well known directory 'Temp': 'C:\laragon\www\sapapi\actions-runner\_work\_temp'
[2025-08-28 15:30:04Z INFO ExtensionManager] Getting extensions for interface: 'GitHub.Runner.Worker.IFileCommandExtension'
[2025-08-28 15:30:04Z INFO ExtensionManager] Getting extensions for interface: 'GitHub.Runner.Worker.IActionCommandExtension'
[2025-08-28 15:30:04Z INFO ActionCommandManager] Register action command extension for command internal-set-repo-path
[2025-08-28 15:30:04Z INFO ActionCommandManager] Register action command extension for command set-env
[2025-08-28 15:30:04Z INFO ActionCommandManager] Register action command extension for command set-output
[2025-08-28 15:30:04Z INFO ActionCommandManager] Register action command extension for command save-state
[2025-08-28 15:30:04Z INFO ActionCommandManager] Register action command extension for command add-path
[2025-08-28 15:30:04Z INFO ActionCommandManager] Register action command extension for command add-mask
[2025-08-28 15:30:04Z INFO ActionCommandManager] Register action command extension for command add-matcher
[2025-08-28 15:30:04Z INFO ActionCommandManager] Register action command extension for command remove-matcher
[2025-08-28 15:30:04Z INFO ActionCommandManager] Register action command extension for command warning
[2025-08-28 15:30:04Z INFO ActionCommandManager] Register action command extension for command error
[2025-08-28 15:30:04Z INFO ActionCommandManager] Register action command extension for command notice
[2025-08-28 15:30:04Z INFO ActionCommandManager] Register action command extension for command debug
[2025-08-28 15:30:04Z INFO ActionCommandManager] Register action command extension for command group
[2025-08-28 15:30:04Z INFO ActionCommandManager] Register action command extension for command endgroup
[2025-08-28 15:30:04Z INFO ActionCommandManager] Register action command extension for command echo
[2025-08-28 15:30:04Z INFO ScriptHandler] Which2: 'pwsh'
[2025-08-28 15:30:04Z INFO ScriptHandler] pwsh: command not found. Make sure 'pwsh' is installed and its location included in the 'Path' environment variable.
[2025-08-28 15:30:04Z INFO ScriptHandler] Defaulting to powershell
[2025-08-28 15:30:04Z INFO ScriptHandler] Which2: 'powershell'
[2025-08-28 15:30:04Z INFO ScriptHandler] Location: 'C:\Windows\System32\WindowsPowerShell\v1.0\powershell.EXE'
[2025-08-28 15:30:04Z INFO HostContext] Well known directory 'Bin': 'C:\laragon\www\sapapi\actions-runner\bin'
[2025-08-28 15:30:04Z INFO HostContext] Well known directory 'Root': 'C:\laragon\www\sapapi\actions-runner'
[2025-08-28 15:30:04Z INFO HostContext] Well known directory 'Work': 'C:\laragon\www\sapapi\actions-runner\_work'
[2025-08-28 15:30:04Z INFO HostContext] Well known directory 'Temp': 'C:\laragon\www\sapapi\actions-runner\_work\_temp'
[2025-08-28 15:30:04Z INFO ScriptHandler] Which2: 'pwsh'
[2025-08-28 15:30:04Z INFO ScriptHandler] pwsh: command not found. Make sure 'pwsh' is installed and its location included in the 'Path' environment variable.
[2025-08-28 15:30:04Z INFO ScriptHandler] Defaulting to powershell
[2025-08-28 15:30:04Z INFO ScriptHandler] Which2: 'powershell'
[2025-08-28 15:30:04Z INFO ScriptHandler] Location: 'C:\Windows\System32\WindowsPowerShell\v1.0\powershell.EXE'
[2025-08-28 15:30:04Z INFO ProcessInvokerWrapper] Starting process:
[2025-08-28 15:30:04Z INFO ProcessInvokerWrapper]   File name: 'C:\Windows\System32\WindowsPowerShell\v1.0\powershell.EXE'
[2025-08-28 15:30:04Z INFO ProcessInvokerWrapper]   Arguments: '-command ". 'C:\laragon\www\sapapi\actions-runner\_work\_temp\09f901a9-1227-4b42-8f60-1e00c69ae5a4.ps1'"'
[2025-08-28 15:30:04Z INFO ProcessInvokerWrapper]   Working directory: 'C:\laragon\www\sapapi\actions-runner\_work\sapapi\sapapi'
[2025-08-28 15:30:04Z INFO ProcessInvokerWrapper]   Require exit code zero: 'False'
[2025-08-28 15:30:04Z INFO ProcessInvokerWrapper]   Encoding web name:  ; code page: ''
[2025-08-28 15:30:04Z INFO ProcessInvokerWrapper]   Force kill process on cancellation: 'False'
[2025-08-28 15:30:04Z INFO ProcessInvokerWrapper]   Redirected STDIN: 'False'
[2025-08-28 15:30:04Z INFO ProcessInvokerWrapper]   Persist current code page: 'True'
[2025-08-28 15:30:04Z INFO ProcessInvokerWrapper]   Keep redirected STDIN open: 'False'
[2025-08-28 15:30:04Z INFO ProcessInvokerWrapper]   High priority process: 'False'
[2025-08-28 15:30:04Z INFO JobServerQueue] Try to append 1 batches web console lines for record 'a8d2fe29-cb8b-4b18-95ce-9bd6a72f966c', success rate: 1/1.
[2025-08-28 15:30:04Z INFO JobServerQueue] Try to append 1 batches web console lines for record '78e2db05-8644-4f96-9373-9dec798594a9', success rate: 1/1.
[2025-08-28 15:30:04Z INFO ProcessInvokerWrapper] Process started with process id 52592, waiting for process exit.
[2025-08-28 15:30:04Z INFO JobServerQueue] Tried to upload 1 file(s) to results, success rate: 1/1.
[2025-08-28 15:30:04Z INFO JobServerQueue] Try to upload 1 log files or attachments, success rate: 1/1.
[2025-08-28 15:30:05Z INFO ProcessInvokerWrapper] STDOUT/STDERR stream read finished.
[2025-08-28 15:30:05Z INFO ProcessInvokerWrapper] STDOUT/STDERR stream read finished.
[2025-08-28 15:30:05Z INFO ProcessInvokerWrapper] Finished process 52592 with exit code 0, and elapsed time 00:00:01.2922390.
[2025-08-28 15:30:05Z INFO CreaPANDURASA_LIVEepSummaryCommand] Step Summary file (C:\laragon\www\sapapi\actions-runner\_work\_temp\_runner_file_commands\step_summary_6ef5d824-f43e-40dd-9dab-a98cda7d0b39) is empty; skipping attachment upload
[2025-08-28 15:30:05Z INFO StepsRunner] Step result: 
[2025-08-28 15:30:05Z INFO ExecutionContext] Publish step telemetry for current step {
  "action": "powershell",
  "type": "run",
  "stage": "Main",
  "stepId": "78e2db05-8644-4f96-9373-9dec798594a9",
  "stepContextName": "__run_7",
  "result": "succeeded",
  "errorMessages": [],
  "executionTimeInSeconds": 2,
  "startTime": "2025-08-28T15:30:04.0502175Z",
  "finishTime": "2025-08-28T15:30:05.3853378Z"
}.
[2025-08-28 15:30:05Z INFO StepsRunner] No need for updating job result with current step result 'Succeeded'.
[2025-08-28 15:30:05Z INFO StepsRunner] Current state: job state = ''
[2025-08-28 15:30:05Z INFO StepsRunner] Processing step: DisplayName='Post Checkout repository'
[2025-08-28 15:30:05Z INFO StepsRunner] Evaluating: always()
[2025-08-28 15:30:05Z INFO StepsRunner] Result: true
[2025-08-28 15:30:05Z INFO StepsRunner] Starting the step.
[2025-08-28 15:30:05Z INFO HostContext] Well known directory 'Bin': 'C:\laragon\www\sapapi\actions-runner\bin'
[2025-08-28 15:30:05Z INFO HostContext] Well known directory 'Root': 'C:\laragon\www\sapapi\actions-runner'
[2025-08-28 15:30:05Z INFO HostContext] Well known directory 'Work': 'C:\laragon\www\sapapi\actions-runner\_work'
[2025-08-28 15:30:05Z INFO StepsRunner] Which2: 'chcp'
[2025-08-28 15:30:05Z INFO StepsRunner] Location: 'C:\Windows\system32\chcp.COM'
[2025-08-28 15:30:05Z INFO ProcessInvokerWrapper] Starting process:
[2025-08-28 15:30:05Z INFO ProcessInvokerWrapper]   File name: 'C:\Windows\system32\chcp.COM'
[2025-08-28 15:30:05Z INFO ProcessInvokerWrapper]   Arguments: '65001'
[2025-08-28 15:30:05Z INFO ProcessInvokerWrapper]   Working directory: 'C:\laragon\www\sapapi\actions-runner\_work'
[2025-08-28 15:30:05Z INFO ProcessInvokerWrapper]   Require exit code zero: 'False'
[2025-08-28 15:30:05Z INFO ProcessInvokerWrapper]   Encoding web name:  ; code page: ''
[2025-08-28 15:30:05Z INFO ProcessInvokerWrapper]   Force kill process on cancellation: 'False'
[2025-08-28 15:30:05Z INFO ProcessInvokerWrapper]   Redirected STDIN: 'False'
[2025-08-28 15:30:05Z INFO ProcessInvokerWrapper]   Persist current code page: 'True'
[2025-08-28 15:30:05Z INFO ProcessInvokerWrapper]   Keep redirected STDIN open: 'False'
[2025-08-28 15:30:05Z INFO ProcessInvokerWrapper]   High priority process: 'False'
[2025-08-28 15:30:05Z INFO ProcessInvokerWrapper] Process started with process id 39244, waiting for process exit.
[2025-08-28 15:30:05Z INFO ProcessInvokerWrapper] STDOUT/STDERR stream read finished.
[2025-08-28 15:30:05Z INFO ProcessInvokerWrapper] STDOUT/STDERR stream read finished.
[2025-08-28 15:30:05Z INFO ProcessInvokerWrapper] Finished process 39244 with exit code 0, and elapsed time 00:00:00.0074473.
[2025-08-28 15:30:05Z INFO StepsRunner] Successfully returned to code page 65001 (UTF8)
[2025-08-28 15:30:05Z INFO HostContext] Well known directory 'Bin': 'C:\laragon\www\sapapi\actions-runner\bin'
[2025-08-28 15:30:05Z INFO HostContext] Well known directory 'Root': 'C:\laragon\www\sapapi\actions-runner'
[2025-08-28 15:30:05Z INFO HostContext] Well known directory 'Work': 'C:\laragon\www\sapapi\actions-runner\_work'
[2025-08-28 15:30:05Z INFO HostContext] Well known directory 'Actions': 'C:\laragon\www\sapapi\actions-runner\_work\_actions'
[2025-08-28 15:30:05Z INFO ActionManager] Load action that reference repository from 'C:\laragon\www\sapapi\actions-runner\_work\_actions\actions\checkout\v4'
[2025-08-28 15:30:05Z INFO HostContext] Well known directory 'Bin': 'C:\laragon\www\sapapi\actions-runner\bin'
[2025-08-28 15:30:05Z INFO HostContext] Well known directory 'Root': 'C:\laragon\www\sapapi\actions-runner'
[2025-08-28 15:30:05Z INFO HostContext] Well known directory 'Work': 'C:\laragon\www\sapapi\actions-runner\_work'
[2025-08-28 15:30:05Z INFO HostContext] Well known directory 'Actions': 'C:\laragon\www\sapapi\actions-runner\_work\_actions'
[2025-08-28 15:30:05Z INFO ActionManifestManager] Loaded action.yml file: {
  "name": "Checkout",
  "description": "Checkout a Git repository at a particular version",
  "inputs": {
    "type": 2,
    "map": [
      {
        "key": {
          "type": 0,
          "file": 2,
          "line": 4,
          "col": 3,
          "lit": "repository"
        },
        "value": {
          "type": 3,
          "file": 2,
          "line": 6,
          "col": 14,
          "expr": "github.repository"
        }
      },
      {
        "key": {
          "type": 0,
          "file": 2,
          "line": 7,
          "col": 3,
          "lit": "ref"
        },
        "value": ""
      },
      {
        "key": {
          "type": 0,
          "file": 2,
          "line": 12,
          "col": 3,
          "lit": "token"
        },
        "value": {
          "type": 3,
          "file": 2,
          "line": 24,
          "col": 14,
          "expr": "github.token"
        }
      },
      {
        "key": {
          "type": 0,
          "file": 2,
          "line": 25,
          "col": 3,
          "lit": "ssh-key"
        },
        "value": ""
      },
      {
        "key": {
          "type": 0,
          "file": 2,
          "line": 37,
          "col": 3,
          "lit": "ssh-known-hosts"
        },
        "value": ""
      },
      {
        "key": {
          "type": 0,
          "file": 2,
          "line": 42,
          "col": 3,
          "lit": "ssh-strict"
        },
        "value": {
          "type": 0,
          "file": 2,
          "line": 47,
          "col": 14,
          "lit": "true"
        }
      },
      {
        "key": {
          "type": 0,
          "file": 2,
          "line": 48,
          "col": 3,
          "lit": "ssh-user"
        },
        "value": {
          "type": 0,
          "file": 2,
          "line": 51,
          "col": 14,
          "lit": "git"
        }
      },
      {
        "key": {
          "type": 0,
          "file": 2,
          "line": 52,
          "col": 3,
          "lit": "persist-credentials"
        },
        "value": {
          "type": 0,
          "file": 2,
          "line": 54,
          "col": 14,
          "lit": "true"
        }
      },
      {
        "key": {
          "type": 0,
          "file": 2,
          "line": 55,
          "col": 3,
          "lit": "path"
        },
        "value": ""
      },
      {
        "key": {
          "type": 0,
          "file": 2,
          "line": 57,
          "col": 3,
          "lit": "clean"
        },
        "value": {
          "type": 0,
          "file": 2,
          "line": 59,
          "col": 14,
          "lit": "true"
        }
      },
      {
        "key": {
          "type": 0,
          "file": 2,
          "line": 60,
          "col": 3,
          "lit": "filter"
        },
        "value": {
          "type": 0,
          "file": 2,
          "line": 64,
          "col": 14,
          "lit": ""
        }
      },
      {
        "key": {
          "type": 0,
          "file": 2,
          "line": 65,
          "col": 3,
          "lit": "sparse-checkout"
        },
        "value": {
          "type": 0,
          "file": 2,
          "line": 69,
          "col": 14,
          "lit": ""
        }
      },
      {
        "key": {
          "type": 0,
          "file": 2,
          "line": 70,
          "col": 3,
          "lit": "sparse-checkout-cone-mode"
        },
        "value": {
          "type": 0,
          "file": 2,
          "line": 73,
          "col": 14,
          "lit": "true"
        }
      },
      {
        "key": {
          "type": 0,
          "file": 2,
          "line": 74,
          "col": 3,
          "lit": "fetch-depth"
        },
        "value": {
          "type": 0,
          "file": 2,
          "line": 76,
          "col": 14,
          "lit": "1"
        }
      },
      {
        "key": {
          "type": 0,
          "file": 2,
          "line": 77,
          "col": 3,
          "lit": "fetch-tags"
        },
        "value": {
          "type": 0,
          "file": 2,
          "line": 79,
          "col": 14,
          "lit": "false"
        }
      },
      {
        "key": {
          "type": 0,
          "file": 2,
          "line": 80,
          "col": 3,
          "lit": "show-progress"
        },
        "value": {
          "type": 0,
          "file": 2,
          "line": 82,
          "col": 14,
          "lit": "true"
        }
      },
      {
        "key": {
          "type": 0,
          "file": 2,
          "line": 83,
          "col": 3,
          "lit": "lfs"
        },
        "value": {
          "type": 0,
          "file": 2,
          "line": 85,
          "col": 14,
          "lit": "false"
        }
      },
      {
        "key": {
          "type": 0,
          "file": 2,
          "line": 86,
          "col": 3,
          "lit": "submodules"
        },
        "value": {
          "type": 0,
          "file": 2,
          "line": 94,
          "col": 14,
          "lit": "false"
        }
      },
      {
        "key": {
          "type": 0,
          "file": 2,
          "line": 95,
          "col": 3,
          "lit": "set-safe-directory"
        },
        "value": {
          "type": 0,
          "file": 2,
          "line": 97,
          "col": 14,
          "lit": "true"
        }
      },
      {
        "key": {
          "type": 0,
          "file": 2,
          "line": 98,
          "col": 3,
          "lit": "github-server-url"
        },
        "value": ""
      }
    ]
  },
  "execution": {
    "executionType": "nodeJS",
    "hasPre": false,
    "hasPost": true,
    "script": "dist/index.js",
    "pre": null,
    "post": "dist/index.js",
    "nodeVersion": "node20",
    "cleanupCondition": "always()",
    "initCondition": "always()"
  },
  "deprecated": null
}
[2025-08-28 15:30:05Z INFO ActionManager] Action pre node.js file: N/A.
[2025-08-28 15:30:05Z INFO ActionManager] Action node.js file: dist/index.js.
[2025-08-28 15:30:05Z INFO ActionManager] Action post node.js file: dist/index.js.
[2025-08-28 15:30:05Z INFO HostContext] Well known directory 'Bin': 'C:\laragon\www\sapapi\actions-runner\bin'
[2025-08-28 15:30:05Z INFO HostContext] Well known directory 'Root': 'C:\laragon\www\sapapi\actions-runner'
[2025-08-28 15:30:05Z INFO HostContext] Well known directory 'Work': 'C:\laragon\www\sapapi\actions-runner\_work'
[2025-08-28 15:30:05Z INFO HostContext] Well known directory 'Temp': 'C:\laragon\www\sapapi\actions-runner\_work\_temp'
[2025-08-28 15:30:05Z INFO ExecutionContext] Write event payload to C:\laragon\www\sapapi\actions-runner\_work\_temp\_github_workflow\event.json
[2025-08-28 15:30:05Z INFO JobServerQueue] Got a step log file to send to results service.
[2025-08-28 15:30:05Z INFO JobServerQueue] Starting upload of step log file to results service ResultsLog, C:\laragon\www\sapapi\actions-runner\_diag\blocks\7212aa00-5c10-4ceb-89ac-18d57dd99a22_a8d2fe29-cb8b-4b18-95ce-9bd6a72f966c.1
[2025-08-28 15:30:05Z INFO HostContext] Well known directory 'Bin': 'C:\laragon\www\sapapi\actions-runner\bin'
[2025-08-28 15:30:05Z INFO HostContext] Well known directory 'Root': 'C:\laragon\www\sapapi\actions-runner'
[2025-08-28 15:30:05Z INFO HostContext] Well known directory 'Work': 'C:\laragon\www\sapapi\actions-runner\_work'
[2025-08-28 15:30:05Z INFO HostContext] Well known directory 'Temp': 'C:\laragon\www\sapapi\actions-runner\_work\_temp'
[2025-08-28 15:30:05Z INFO ExtensionManager] Getting extensions for interface: 'GitHub.Runner.Worker.IFileCommandExtension'
[2025-08-28 15:30:05Z INFO JobServerQueue] Try to append 1 batches web console lines for record '78e2db05-8644-4f96-9373-9dec798594a9', success rate: 1/1.
[2025-08-28 15:30:05Z INFO JobServerQueue] Try to upload 1 log files or attachments, success rate: 1/1.
[2025-08-28 15:30:06Z INFO ActionManifestManager] Input 'ref': default value evaluate result: ""
[2025-08-28 15:30:06Z INFO ActionManifestManager] Input 'ssh-key': default value evaluate result: ""
[2025-08-28 15:30:06Z INFO ActionManifestManager] Input 'ssh-known-hosts': default value evaluate result: ""
[2025-08-28 15:30:06Z INFO ActionManifestManager] Input 'ssh-strict': default value evaluate result: {
  "type": 0,
  "file": 2,
  "line": 47,
  "col": 14,
  "lit": "true"
}
[2025-08-28 15:30:06Z INFO ActionManifestManager] Input 'ssh-user': default value evaluate result: {
  "type": 0,
  "file": 2,
  "line": 51,
  "col": 14,
  "lit": "git"
}
[2025-08-28 15:30:06Z INFO ActionManifestManager] Input 'persist-credentials': default value evaluate result: {
  "type": 0,
  "file": 2,
  "line": 54,
  "col": 14,
  "lit": "true"
}
[2025-08-28 15:30:06Z INFO ActionManifestManager] Input 'path': default value evaluate result: ""
[2025-08-28 15:30:06Z INFO ActionManifestManager] Input 'clean': default value evaluate result: {
  "type": 0,
  "file": 2,
  "line": 59,
  "col": 14,
  "lit": "true"
}
[2025-08-28 15:30:06Z INFO ActionManifestManager] Input 'filter': default value evaluate result: {
  "type": 0,
  "file": 2,
  "line": 64,
  "col": 14,
  "lit": ""
}
[2025-08-28 15:30:06Z INFO ActionManifestManager] Input 'sparse-checkout': default value evaluate result: {
  "type": 0,
  "file": 2,
  "line": 69,
  "col": 14,
  "lit": ""
}
[2025-08-28 15:30:06Z INFO ActionManifestManager] Input 'sparse-checkout-cone-mode': default value evaluate result: {
  "type": 0,
  "file": 2,
  "line": 73,
  "col": 14,
  "lit": "true"
}
[2025-08-28 15:30:06Z INFO ActionManifestManager] Input 'fetch-depth': default value evaluate result: {
  "type": 0,
  "file": 2,
  "line": 76,
  "col": 14,
  "lit": "1"
}
[2025-08-28 15:30:06Z INFO ActionManifestManager] Input 'fetch-tags': default value evaluate result: {
  "type": 0,
  "file": 2,
  "line": 79,
  "col": 14,
  "lit": "false"
}
[2025-08-28 15:30:06Z INFO ActionManifestManager] Input 'show-progress': default value evaluate result: {
  "type": 0,
  "file": 2,
  "line": 82,
  "col": 14,
  "lit": "true"
}
[2025-08-28 15:30:06Z INFO ActionManifestManager] Input 'lfs': default value evaluate result: {
  "type": 0,
  "file": 2,
  "line": 85,
  "col": 14,
  "lit": "false"
}
[2025-08-28 15:30:06Z INFO ActionManifestManager] Input 'set-safe-directory': default value evaluate result: {
  "type": 0,
  "file": 2,
  "line": 97,
  "col": 14,
  "lit": "true"
}
[2025-08-28 15:30:06Z INFO ActionManifestManager] Input 'github-server-url': default value evaluate result: ""
[2025-08-28 15:30:06Z INFO ExtensionManager] Getting extensions for interface: 'GitHub.Runner.Worker.IActionCommandExtension'
[2025-08-28 15:30:06Z INFO ActionCommandManager] Register action command extension for command internal-set-repo-path
[2025-08-28 15:30:06Z INFO ActionCommandManager] Register action command extension for command set-env
[2025-08-28 15:30:06Z INFO ActionCommandManager] Register action command extension for command set-output
[2025-08-28 15:30:06Z INFO ActionCommandManager] Register action command extension for command save-state
[2025-08-28 15:30:06Z INFO ActionCommandManager] Register action command extension for command add-path
[2025-08-28 15:30:06Z INFO ActionCommandManager] Register action command extension for command add-mask
[2025-08-28 15:30:06Z INFO ActionCommandManager] Register action command extension for command add-matcher
[2025-08-28 15:30:06Z INFO ActionCommandManager] Register action command extension for command remove-matcher
[2025-08-28 15:30:06Z INFO ActionCommandManager] Register action command extension for command warning
[2025-08-28 15:30:06Z INFO ActionCommandManager] Register action command extension for command error
[2025-08-28 15:30:06Z INFO ActionCommandManager] Register action command extension for command notice
[2025-08-28 15:30:06Z INFO ActionCommandManager] Register action command extension for command debug
[2025-08-28 15:30:06Z INFO ActionCommandManager] Register action command extension for command group
[2025-08-28 15:30:06Z INFO ActionCommandManager] Register action command extension for command endgroup
[2025-08-28 15:30:06Z INFO ActionCommandManager] Register action command extension for command echo
[2025-08-28 15:30:06Z INFO HostContext] Well known directory 'Bin': 'C:\laragon\www\sapapi\actions-runner\bin'
[2025-08-28 15:30:06Z INFO HostContext] Well known directory 'Root': 'C:\laragon\www\sapapi\actions-runner'
[2025-08-28 15:30:06Z INFO HostContext] Well known directory 'Externals': 'C:\laragon\www\sapapi\actions-runner\externals'
[2025-08-28 15:30:06Z INFO ProcessInvokerWrapper] Starting process:
[2025-08-28 15:30:06Z INFO ProcessInvokerWrapper]   File name: 'C:\laragon\www\sapapi\actions-runner\externals\node20\bin\node.exe'
[2025-08-28 15:30:06Z INFO ProcessInvokerWrapper]   Arguments: '"C:\laragon\www\sapapi\actions-runner\_work\_actions\actions\checkout\v4\dist/index.js"'
[2025-08-28 15:30:06Z INFO ProcessInvokerWrapper]   Working directory: 'C:\laragon\www\sapapi\actions-runner\_work\sapapi\sapapi'
[2025-08-28 15:30:06Z INFO ProcessInvokerWrapper]   Require exit code zero: 'False'
[2025-08-28 15:30:06Z INFO ProcessInvokerWrapper]   Encoding web name: utf-8 ; code page: '65001'
[2025-08-28 15:30:06Z INFO ProcessInvokerWrapper]   Force kill process on cancellation: 'False'
[2025-08-28 15:30:06Z INFO ProcessInvokerWrapper]   Redirected STDIN: 'False'
[2025-08-28 15:30:06Z INFO ProcessInvokerWrapper]   Persist current code page: 'True'
[2025-08-28 15:30:06Z INFO ProcessInvokerWrapper]   Keep redirected STDIN open: 'False'
[2025-08-28 15:30:06Z INFO ProcessInvokerWrapper]   High priority process: 'False'
[2025-08-28 15:30:06Z INFO ProcessInvokerWrapper] Process started with process id 58320, waiting for process exit.
[2025-08-28 15:30:06Z INFO AddMaskCommandExtension] Add new secret mask with length of 32
[2025-08-28 15:30:06Z INFO JobServerQueue] Try to append 1 batches web console lines for record 'da904145-81ba-434d-a58e-25819bf60326', success rate: 1/1.
[2025-08-28 15:30:06Z INFO JobServerQueue] Got a step log file to send to results service.
[2025-08-28 15:30:06Z INFO JobServerQueue] Starting upload of step log file to results service ResultsLog, C:\laragon\www\sapapi\actions-runner\_diag\blocks\7212aa00-5c10-4ceb-89ac-18d57dd99a22_78e2db05-8644-4f96-9373-9dec798594a9.1
[2025-08-28 15:30:07Z INFO JobServerQueue] Try to append 1 batches web console lines for record 'da904145-81ba-434d-a58e-25819bf60326', success rate: 1/1.
[2025-08-28 15:30:07Z INFO JobServerQueue] Try to append 1 batches web console lines for record 'da904145-81ba-434d-a58e-25819bf60326', success rate: 1/1.
[2025-08-28 15:30:08Z INFO JobServerQueue] Tried to upload 2 file(s) to results, success rate: 2/2.
[2025-08-28 15:30:12Z INFO HostContext] Well known directory 'Bin': 'C:\laragon\www\sapapi\actions-runner\bin'
[2025-08-28 15:30:12Z INFO HostContext] Well known directory 'Root': 'C:\laragon\www\sapapi\actions-runner'
[2025-08-28 15:30:12Z INFO HostContext] Well known directory 'Work': 'C:\laragon\www\sapapi\actions-runner\_work'
[2025-08-28 15:30:14Z INFO ProcessInvokerWrapper] STDOUT/STDERR stream read finished.
[2025-08-28 15:30:14Z INFO ProcessInvokerWrapper] STDOUT/STDERR stream read finished.
[2025-08-28 15:30:14Z INFO ProcessInvokerWrapper] Finished process 58320 with exit code 0, and elapsed time 00:00:08.2468792.
[2025-08-28 15:30:14Z INFO CreaPANDURASA_LIVEepSummaryCommand] Step Summary file (C:\laragon\www\sapapi\actions-runner\_work\_temp\_runner_file_commands\step_summary_9335c0f5-da51-488d-b8a9-ce97be4be39b) is empty; skipping attachment upload
[2025-08-28 15:30:14Z INFO StepsRunner] Step result: 
[2025-08-28 15:30:14Z INFO ExecutionContext] Publish step telemetry for current step {
  "action": "actions/checkout",
  "ref": "v4",
  "type": "node20",
  "stage": "Post",
  "stepId": "da904145-81ba-434d-a58e-25819bf60326",
  "result": "succeeded",
  "errorMessages": [],
  "executionTimeInSeconds": 10,
  "startTime": "2025-08-28T15:30:05.3864989Z",
  "finishTime": "2025-08-28T15:30:14.5633969Z"
}.
[2025-08-28 15:30:14Z INFO StepsRunner] No need for updating job result with current step result 'Succeeded'.
[2025-08-28 15:30:14Z INFO StepsRunner] Current state: job state = ''
[2025-08-28 15:30:14Z INFO JobRunner] Finalize job.
[2025-08-28 15:30:14Z INFO HostContext] Well known directory 'Bin': 'C:\laragon\www\sapapi\actions-runner\bin'
[2025-08-28 15:30:14Z INFO HostContext] Well known directory 'Root': 'C:\laragon\www\sapapi\actions-runner'
[2025-08-28 15:30:14Z INFO HostContext] Well known directory 'Diag': 'C:\laragon\www\sapapi\actions-runner\_diag'
[2025-08-28 15:30:14Z INFO HostContext] Well known directory 'Bin': 'C:\laragon\www\sapapi\actions-runner\bin'
[2025-08-28 15:30:14Z INFO HostContext] Well known directory 'Root': 'C:\laragon\www\sapapi\actions-runner'
[2025-08-28 15:30:14Z INFO HostContext] Well known directory 'Diag': 'C:\laragon\www\sapapi\actions-runner\_diag'
[2025-08-28 15:30:14Z INFO JobExtension] Initialize Env context
[2025-08-28 15:30:14Z INFO JobExtension] Initialize steps context
[2025-08-28 15:30:14Z INFO JobExtension] Total accessible running process: 488.
[2025-08-28 15:30:14Z INFO JobExtension] Inspecting process environment variables. PID: 44412 (TrustedInstaller)
[2025-08-28 15:30:14Z INFO JobExtension] Inspecting process environment variables. PID: 52664 (TiWorker)
[2025-08-28 15:30:14Z INFO JobExtension] Inspecting process environment variables. PID: 30492 (vctip)
[2025-08-28 15:30:14Z INFO JobExtension] Inspecting process environment variables. PID: 41724 (node)
[2025-08-28 15:30:14Z INFO JobExtension] Inspecting process environment variables. PID: 56576 (SearchProtocolHost)
[2025-08-28 15:30:14Z INFO JobExtension] Inspecting process environment variables. PID: 58016 (SearchFilterHost)
[2025-08-28 15:30:14Z INFO JobServerQueue] Try to upload 1 log files or attachments, success rate: 1/1.
[2025-08-28 15:30:14Z INFO JobExtension] Inspecting process environment variables. PID: 61616 (node)
[2025-08-28 15:30:14Z INFO JobExtension] Inspecting process environment variables. PID: 51692 (node)
[2025-08-28 15:30:14Z INFO JobExtension] Inspecting process environment variables. PID: 17308 (node)
[2025-08-28 15:30:14Z INFO JobServerQueue] Try to append 1 batches web console lines for record '61695530-b2b4-4217-a0fb-5560517f39d0', success rate: 1/1.
[2025-08-28 15:30:14Z INFO JobExtension] Inspecting process environment variables. PID: 18720 (node)
[2025-08-28 15:30:14Z INFO JobExtension] Inspecting process environment variables. PID: 45936 (node)
[2025-08-28 15:30:14Z INFO JobExtension] Inspecting process environment variables. PID: 36752 (node)
[2025-08-28 15:30:14Z INFO JobExtension] Inspecting process environment variables. PID: 54336 (node)
[2025-08-28 15:30:14Z INFO ExecutionContext] Publish step telemetry for current step {
  "action": "complete_job",
  "type": "runner",
  "stage": "Post",
  "stepId": "61695530-b2b4-4217-a0fb-5560517f39d0",
  "result": "succeeded",
  "errorMessages": [],
  "executionTimeInSeconds": 1,
  "startTime": "2025-08-28T15:30:14.5777663Z",
  "finishTime": "2025-08-28T15:30:14.9646103Z"
}.
[2025-08-28 15:30:14Z INFO JobServerQueue] Got a step log file to send to results service.
[2025-08-28 15:30:14Z INFO JobServerQueue] Starting upload of step log file to results service ResultsLog, C:\laragon\www\sapapi\actions-runner\_diag\blocks\7212aa00-5c10-4ceb-89ac-18d57dd99a22_da904145-81ba-434d-a58e-25819bf60326.1
[2025-08-28 15:30:14Z INFO ProcessInvokerWrapper] STDOUT/STDERR stream read finished.
[2025-08-28 15:30:14Z INFO JobRunner] Job result after all job steps finish: Succeeded
[2025-08-28 15:30:14Z INFO JobRunner] Completing the job execution context.
[2025-08-28 15:30:14Z INFO JobRunner] Shutting down the job server queue.
[2025-08-28 15:30:14Z INFO JobServerQueue] Fire signal to shutdown all queues.
[2025-08-28 15:30:16Z INFO JobServerQueue] Tried to upload 1 file(s) to results, success rate: 1/1.
[2025-08-28 15:30:17Z INFO JobServerQueue] All queue process task stopped.
[2025-08-28 15:30:17Z INFO JobServerQueue] Try to append 1 batches web console lines for record '61695530-b2b4-4217-a0fb-5560517f39d0', success rate: 1/1.
[2025-08-28 15:30:17Z INFO JobServerQueue] Web console line queue drained.
[2025-08-28 15:30:17Z INFO JobServerQueue] Uploading 2 files in one shot.
[2025-08-28 15:30:17Z INFO JobServerQueue] Try to upload 2 log files or attachments, success rate: 2/2.
[2025-08-28 15:30:17Z INFO JobServerQueue] File upload queue drained.
[2025-08-28 15:30:17Z INFO JobServerQueue] Starting results-based upload queue...
[2025-08-28 15:30:17Z INFO JobServerQueue] Uploading 2 file(s) in one shot through results service.
[2025-08-28 15:30:17Z INFO JobServerQueue] Got a step log file to send to results service.
[2025-08-28 15:30:17Z INFO JobServerQueue] Starting upload of step log file to results service ResultsLog, C:\laragon\www\sapapi\actions-runner\_diag\blocks\7212aa00-5c10-4ceb-89ac-18d57dd99a22_61695530-b2b4-4217-a0fb-5560517f39d0.1
[2025-08-28 15:30:18Z INFO JobServerQueue] Got a job log file to send to results service.
[2025-08-28 15:30:18Z INFO JobServerQueue] Starting upload of job log file to results service ResultsLog, C:\laragon\www\sapapi\actions-runner\_diag\blocks\7212aa00-5c10-4ceb-89ac-18d57dd99a22_3dc2fe27-485f-53b6-a802-e603d5a48176.1
[2025-08-28 15:30:20Z INFO JobServerQueue] Tried to upload 2 file(s) to results, success rate: 2/2.
[2025-08-28 15:30:20Z INFO JobServerQueue] Results upload queue drained.
[2025-08-28 15:30:21Z INFO JobServerQueue] Timeline update queue drained.
[2025-08-28 15:30:21Z INFO JobServerQueue] Disposing job server ...
[2025-08-28 15:30:21Z INFO JobServerQueue] Disposing results server ...
[2025-08-28 15:30:21Z INFO JobServerQueue] All queue process tasks have been stopped, and all queues are drained.
[2025-08-28 15:30:21Z INFO TempDirectoryManager] Cleaning runner temp folder: C:\laragon\www\sapapi\actions-runner\_work\_temp
[2025-08-28 15:30:21Z INFO HostContext] Well known directory 'Bin': 'C:\laragon\www\sapapi\actions-runner\bin'
[2025-08-28 15:30:21Z INFO HostContext] Well known directory 'Root': 'C:\laragon\www\sapapi\actions-runner'
[2025-08-28 15:30:21Z INFO HostContext] Well known directory 'Diag': 'C:\laragon\www\sapapi\actions-runner\_diag'
[2025-08-28 15:30:21Z INFO HostContext] Well known config file 'Telemetry': 'C:\laragon\www\sapapi\actions-runner\_diag\.telemetry'
[2025-08-28 15:30:21Z INFO JobRunner] Raising job completed against run service
[2025-08-28 15:30:22Z INFO Worker] Job completed.
