[2025-09-16 02:16:41Z INFO HostContext] No proxy settings were found based on environmental variables (http_proxy/https_proxy/HTTP_PROXY/HTTPS_PROXY)
[2025-09-16 02:16:41Z INFO HostContext] Well known directory 'Bin': 'C:\laragon\www\sapapi\actions-runner\bin'
[2025-09-16 02:16:41Z INFO HostContext] Well known directory 'Root': 'C:\laragon\www\sapapi\actions-runner'
[2025-09-16 02:16:41Z INFO HostContext] Well known config file 'Credentials': 'C:\laragon\www\sapapi\actions-runner\.credentials'
[2025-09-16 02:16:41Z INFO HostContext] Well known directory 'Bin': 'C:\laragon\www\sapapi\actions-runner\bin'
[2025-09-16 02:16:41Z INFO HostContext] Well known directory 'Root': 'C:\laragon\www\sapapi\actions-runner'
[2025-09-16 02:16:41Z INFO HostContext] Well known config file 'Runner': 'C:\laragon\www\sapapi\actions-runner\.runner'
[2025-09-16 02:16:41Z INFO Worker] Version: 2.328.0
[2025-09-16 02:16:41Z INFO Worker] Commit: 6f9a9110adce65f44ca6f7c0ae142b9cc6af937b
[2025-09-16 02:16:41Z INFO Worker] Culture: en-US
[2025-09-16 02:16:41Z INFO Worker] UI Culture: en-US
[2025-09-16 02:16:41Z INFO Worker] Waiting to receive the job message from the channel.
[2025-09-16 02:16:41Z INFO ProcessChannel] Receiving message of length 22306, with hash 'a396bc03de631ae628d2320aec7b5504af77493089584a2a7930b15594d64b24'
[2025-09-16 02:16:41Z INFO Worker] Message received.
[2025-09-16 02:16:41Z INFO Worker] Job message:
 {
  "fileTable": [
    ".github/workflows/deploy.yml"
  ],
  "mask": [
    {
      "type": "regex",
      "value": "***"
    },
    {
      "type": "regex",
      "value": "***"
    },
    {
      "type": "regex",
      "value": "***"
    },
    {
      "type": "regex",
      "value": "***"
    },
    {
      "type": "regex",
      "value": "***"
    },
    {
      "type": "regex",
      "value": "***"
    },
    {
      "type": "regex",
      "value": "***"
    },
    {
      "type": "regex",
      "value": "***"
    },
    {
      "type": "regex",
      "value": "***"
    },
    {
      "type": "regex",
      "value": "***"
    },
    {
      "type": "regex",
      "value": "***"
    },
    {
      "type": "regex",
      "value": "***"
    },
    {
      "type": "regex",
      "value": "***"
    },
    {
      "type": "regex",
      "value": "***"
    },
    {
      "type": "regex",
      "value": "***"
    },
    {
      "type": "regex",
      "value": "***"
    },
    {
      "type": "regex",
      "value": "***"
    },
    {
      "type": "regex",
      "value": "***"
    }
  ],
  "steps": [
    {
      "type": "action",
      "reference": {
        "type": "repository",
        "name": "actions/checkout",
        "ref": "v4",
        "repositoryType": "GitHub"
      },
      "displayNameToken": {
        "type": 0,
        "file": 1,
        "line": 13,
        "col": 15,
        "lit": "Checkout repository"
      },
      "contextName": "__actions_checkout",
      "inputs": {
        "type": 2,
        "file": 1,
        "line": 16,
        "col": 11,
        "map": [
          {
            "key": {
              "type": 0,
              "file": 1,
              "line": 16,
              "col": 11,
              "lit": "repository"
            },
            "value": {
              "type": 0,
              "file": 1,
              "line": 16,
              "col": 23,
              "lit": "jauharimalik/sapapi"
            }
          },
          {
            "key": {
              "type": 0,
              "file": 1,
              "line": 17,
              "col": 11,
              "lit": "token"
            },
            "value": {
              "type": 3,
              "file": 1,
              "line": 17,
              "col": 18,
              "expr": "secrets.GITHUB_TOKEN"
            }
          },
          {
            "key": {
              "type": 0,
              "file": 1,
              "line": 18,
              "col": 11,
              "lit": "submodules"
            },
            "value": {
              "type": 0,
              "file": 1,
              "line": 18,
              "col": 23,
              "lit": "false"
            }
          }
        ]
      },
      "condition": "success()",
      "id": "b2888e4d-8703-473a-8bcb-73ce30fd5cd0",
      "name": "__actions_checkout"
    },
    {
      "type": "action",
      "reference": {
        "type": "script"
      },
      "displayNameToken": {
        "type": 0,
        "file": 1,
        "line": 20,
        "col": 15,
        "lit": "Set HOMEPATH for PM2"
      },
      "contextName": "__run",
      "inputs": {
        "type": 2,
        "map": [
          {
            "key": "script",
            "value": {
              "type": 0,
              "file": 1,
              "line": 21,
              "col": 14,
              "lit": "echo \"HOMEPATH=C:\\Users\\PROGRAM-002\" | Out-File -FilePath $env:GITHUB_ENV -Append\n"
            }
          },
          {
            "key": "shell",
            "value": {
              "type": 0,
              "file": 1,
              "line": 23,
              "col": 16,
              "lit": "powershell"
            }
          }
        ]
      },
      "condition": "success()",
      "id": "3cac2d0b-40ff-4372-b648-9a1cafa4b703",
      "name": "__run"
    },
    {
      "type": "action",
      "reference": {
        "type": "script"
      },
      "displayNameToken": {
        "type": 0,
        "file": 1,
        "line": 25,
        "col": 15,
        "lit": "Add npm global to PATH"
      },
      "contextName": "__run_2",
      "inputs": {
        "type": 2,
        "map": [
          {
            "key": "script",
            "value": {
              "type": 0,
              "file": 1,
              "line": 26,
              "col": 14,
              "lit": "echo \"C:\\Users\\PROGRAM-002\\AppData\\Roaming\\npm\" | Out-File -FilePath $env:GITHUB_PATH -Append -Encoding utf8"
            }
          },
          {
            "key": "shell",
            "value": {
              "type": 0,
              "file": 1,
              "line": 27,
              "col": 16,
              "lit": "powershell"
            }
          }
        ]
      },
      "condition": "success()",
      "id": "42077363-cbe7-4416-a7d0-4aadec2ca1ed",
      "name": "__run_2"
    },
    {
      "type": "action",
      "reference": {
        "type": "script"
      },
      "displayNameToken": {
        "type": 0,
        "file": 1,
        "line": 29,
        "col": 15,
        "lit": "Install PM2 and dependencies"
      },
      "contextName": "__run_3",
      "inputs": {
        "type": 2,
        "map": [
          {
            "key": "script",
            "value": {
              "type": 0,
              "file": 1,
              "line": 30,
              "col": 14,
              "lit": "npm install -g pm2\nnpm install\n"
            }
          }
        ]
      },
      "condition": "success()",
      "id": "42d9f8c1-bf62-4a9f-9d72-7f3a2d8f177c",
      "name": "__run_3"
    },
    {
      "type": "action",
      "reference": {
        "type": "script"
      },
      "displayNameToken": {
        "type": 0,
        "file": 1,
        "line": 33,
        "col": 15,
        "lit": "Delete existing PM2 processes"
      },
      "contextName": "__run_4",
      "inputs": {
        "type": 2,
        "map": [
          {
            "key": "script",
            "value": {
              "type": 0,
              "file": 1,
              "line": 34,
              "col": 14,
              "lit": "pm2 delete all"
            }
          }
        ]
      },
      "condition": "success()",
      "continueOnError": {
        "type": 5,
        "file": 1,
        "line": 35,
        "col": 28,
        "bool": true
      },
      "id": "f2ebc507-5915-43b7-b620-7154ca910d43",
      "name": "__run_4"
    },
    {
      "type": "action",
      "reference": {
        "type": "script"
      },
      "displayNameToken": {
        "type": 0,
        "file": 1,
        "line": 37,
        "col": 15,
        "lit": "Start all Node.js applications with PM2"
      },
      "contextName": "__run_5",
      "inputs": {
        "type": 2,
        "map": [
          {
            "key": "script",
            "value": {
              "type": 0,
              "file": 1,
              "line": 38,
              "col": 14,
              "lit": "pm2 start prod.js --name \"prod-service\" --watch --ignore-watch \"node_modules\"\npm2 start grpo.js --name \"grpo-service\" --watch --ignore-watch \"node_modules\"\npm2 start guling.js --name \"guling-service\" --watch --ignore-watch \"node_modules\"\npm2 start retur.js --name \"retur-service\" --watch --ignore-watch \"node_modules\"\npm2 start rijek.js --name \"rijek-service\" --watch --ignore-watch \"node_modules\"\npm2 start sto.js --name \"sto-service\" --watch --ignore-watch \"node_modules\"\npm2 start server.js --name \"server-service\" --watch --ignore-watch \"node_modules\"\n"
            }
          },
          {
            "key": "shell",
            "value": {
              "type": 0,
              "file": 1,
              "line": 46,
              "col": 16,
              "lit": "powershell"
            }
          }
        ]
      },
      "condition": "success()",
      "id": "df64adf2-094b-4ecf-87ef-f918e56ed48e",
      "name": "__run_5"
    },
    {
      "type": "action",
      "reference": {
        "type": "script"
      },
      "displayNameToken": {
        "type": 0,
        "file": 1,
        "line": 48,
        "col": 15,
        "lit": "Save PM2 process list"
      },
      "contextName": "__run_6",
      "inputs": {
        "type": 2,
        "map": [
          {
            "key": "script",
            "value": {
              "type": 0,
              "file": 1,
              "line": 49,
              "col": 14,
              "lit": "pm2 save"
            }
          }
        ]
      },
      "condition": "success()",
      "id": "7f9e2ff9-b3a5-4b13-8b05-8f6077ce3c9a",
      "name": "__run_6"
    },
    {
      "type": "action",
      "reference": {
        "type": "script"
      },
      "displayNameToken": {
        "type": 0,
        "file": 1,
        "line": 51,
        "col": 15,
        "lit": "Show PM2 process status"
      },
      "contextName": "__run_7",
      "inputs": {
        "type": 2,
        "map": [
          {
            "key": "script",
            "value": {
              "type": 0,
              "file": 1,
              "line": 52,
              "col": 14,
              "lit": "pm2 list"
            }
          }
        ]
      },
      "condition": "success()",
      "id": "dc50f404-855c-43ca-8f88-0406ac597d54",
      "name": "__run_7"
    }
  ],
  "variables": {
    "Actions.EnableHttpRedirects": {
      "value": "true"
    },
    "DistributedTask.AddWarningToNode12Action": {
      "value": "true"
    },
    "DistributedTask.AddWarningToNode16Action": {
      "value": "true"
    },
    "DistributedTask.AllowRunnerContainerHooks": {
      "value": "true"
    },
    "DistributedTask.DeprecateStepOutputCommands": {
      "value": "true"
    },
    "DistributedTask.DetailUntarFailure": {
      "value": "true"
    },
    "DistributedTask.EnableCompositeActions": {
      "value": "true"
    },
    "DistributedTask.EnableJobServerQueueTelemetry": {
      "value": "true"
    },
    "DistributedTask.EnhancedAnnotations": {
      "value": "true"
    },
    "DistributedTask.ForceGithubJavascriptActionsToNode16": {
      "value": "true"
    },
    "DistributedTask.ForceGithubJavascriptActionsToNode20": {
      "value": "true"
    },
    "DistributedTask.LogTemplateErrorsAsDebugMessages": {
      "value": "true"
    },
    "DistributedTask.MarkJobAsFailedOnWorkerCrash": {
      "value": "true"
    },
    "DistributedTask.NewActionMetadata": {
      "value": "true"
    },
    "DistributedTask.UploadStepSummary": {
      "value": "true"
    },
    "DistributedTask.UseActionArchiveCache": {
      "value": "true"
    },
    "DistributedTask.UseWhich2": {
      "value": "true"
    },
    "RunService.FixEmbeddedIssues": {
      "value": "true"
    },
    "actions_add_check_run_id_to_job_context": {
      "value": "true"
    },
    "actions_display_helpful_actions_download_errors": {
      "value": "true"
    },
    "actions_skip_retry_complete_job_upon_known_errors": {
      "value": "true"
    },
    "actions_uses_cache_service_v2": {
      "value": "true"
    },
    "github_token": {
      "value": "***",
      "isSecret": true
    },
    "system.from_run_service": {
      "value": "true"
    },
    "system.github.job": {
      "value": "deploy"
    },
    "system.github.launch_endpoint": {
      "value": "https://launch.actions.githubusercontent.com"
    },
    "system.github.results_endpoint": {
      "value": "https://results-receiver.actions.githubusercontent.com/"
    },
    "system.github.results_upload_with_sdk": {
      "value": "true"
    },
    "system.github.token": {
      "value": "***",
      "isSecret": true
    },
    "system.github.token.permissions": {
      "value": "{\"Contents\":\"read\",\"Metadata\":\"read\",\"Packages\":\"read\"}"
    },
    "system.orchestrationId": {
      "value": "cfb31f24-a8f8-4011-aa30-eaf722464218.deploy.__default"
    },
    "system.phaseDisplayName": {
      "value": "deploy"
    },
    "system.runner.lowdiskspacethreshold": {
      "value": "100"
    },
    "system.runnerEnvironment": {
      "value": "self-hosted"
    },
    "system.runnerGroupName": {
      "value": "Default"
    }
  },
  "messageType": "RunnerJobRequest",
  "plan": {
    "scopeIdentifier": "00000000-0000-0000-0000-000000000000",
    "planType": "actions",
    "version": 0,
    "planId": "cfb31f24-a8f8-4011-aa30-eaf722464218",
    "planGroup": null,
    "artifactUri": null,
    "artifactLocation": null,
    "definition": null,
    "owner": null
  },
  "timeline": {
    "id": "cfb31f24-a8f8-4011-aa30-eaf722464218",
    "changeId": 0,
    "location": null
  },
  "jobId": "33d50106-6ff4-5fd9-84fd-accb3221f369",
  "jobDisplayName": "deploy",
  "jobName": "__default",
  "requestId": 0,
  "lockedUntil": "0001-01-01T00:00:00",
  "resources": {
    "endpoints": [
      {
        "data": {
          "ServerId": "",
          "ServerName": "",
          "CacheServerUrl": "https://artifactcache.actions.githubusercontent.com/OTqsuixwcDOeboiI5ELPh9vt0loVA9erSQMzHOLYofkfIDGeBX/",
          "FeedStreamUrl": "wss://results-receiver.actions.githubusercontent.com/_ws/ingest.sock",
          "ResultsServiceUrl": "https://results-receiver.actions.githubusercontent.com/",
          "PipelinesServiceUrl": "https://pipelinesghubeus26.actions.githubusercontent.com/OTqsuixwcDOeboiI5ELPh9vt0loVA9erSQMzHOLYofkfIDGeBX/",
          "GenerateIdTokenUrl": ""
        },
        "name": "SystemVssConnection",
        "url": "https://run-actions-1-azure-eastus.actions.githubusercontent.com/61/",
        "authorization": {
          "parameters": {
            "AccessToken": "***"
          },
          "scheme": "OAuth"
        },
        "isShared": false,
        "isReady": true
      }
    ]
  },
  "contextData": {
    "github": {
      "t": 2,
      "d": [
        {
          "k": "ref",
          "v": "refs/heads/main"
        },
        {
          "k": "sha",
          "v": "31979c8d239295518692629f52bd2a3613d3e1d8"
        },
        {
          "k": "repository",
          "v": "jauharimalik/sapapi"
        },
        {
          "k": "repository_owner",
          "v": "jauharimalik"
        },
        {
          "k": "repository_owner_id",
          "v": "9219344"
        },
        {
          "k": "repositoryUrl",
          "v": "git://github.com/jauharimalik/sapapi.git"
        },
        {
          "k": "run_id",
          "v": "17752342756"
        },
        {
          "k": "run_number",
          "v": "92"
        },
        {
          "k": "retention_days",
          "v": "90"
        },
        {
          "k": "run_attempt",
          "v": "1"
        },
        {
          "k": "artifact_cache_size_limit",
          "v": "10"
        },
        {
          "k": "repository_visibility",
          "v": "public"
        },
        {
          "k": "actor_id",
          "v": "9219344"
        },
        {
          "k": "actor",
          "v": "jauharimalik"
        },
        {
          "k": "workflow",
          "v": "Deploy to csxpk"
        },
        {
          "k": "head_ref",
          "v": ""
        },
        {
          "k": "base_ref",
          "v": ""
        },
        {
          "k": "event_name",
          "v": "push"
        },
        {
          "k": "server_url",
          "v": "https://github.com"
        },
        {
          "k": "api_url",
          "v": "https://api.github.com"
        },
        {
          "k": "graphql_url",
          "v": "https://api.github.com/graphql"
        },
        {
          "k": "ref_name",
          "v": "main"
        },
        {
          "k": "ref_protected",
          "v": false
        },
        {
          "k": "ref_type",
          "v": "branch"
        },
        {
          "k": "secret_source",
          "v": "Actions"
        },
        {
          "k": "event",
          "v": {
            "t": 2,
            "d": [
              {
                "k": "after",
                "v": "31979c8d239295518692629f52bd2a3613d3e1d8"
              },
              {
                "k": "base_ref",
                "v": null
              },
              {
                "k": "before",
                "v": "166aca31bb4a14e106d468d950018eb1dd65d954"
              },
              {
                "k": "commits",
                "v": {
                  "t": 1,
                  "a": [
                    {
                      "t": 2,
                      "d": [
                        {
                          "k": "author",
                          "v": {
                            "t": 2,
                            "d": [
                              {
                                "k": "email",
                                "v": "jauharimalikupil@gmail.com"
                              },
                              {
                                "k": "name",
                                "v": "unknown"
                              },
                              {
                                "k": "username",
                                "v": "jauharimalik"
                              }
                            ]
                          }
                        },
                        {
                          "k": "committer",
                          "v": {
                            "t": 2,
                            "d": [
                              {
                                "k": "email",
                                "v": "jauharimalikupil@gmail.com"
                              },
                              {
                                "k": "name",
                                "v": "unknown"
                              },
                              {
                                "k": "username",
                                "v": "jauharimalik"
                              }
                            ]
                          }
                        },
                        {
                          "k": "distinct",
                          "v": true
                        },
                        {
                          "k": "id",
                          "v": "31979c8d239295518692629f52bd2a3613d3e1d8"
                        },
                        {
                          "k": "message",
                          "v": "perbaikan dn"
                        },
                        {
                          "k": "timestamp",
                          "v": "2025-09-16T09:16:27+07:00"
                        },
                        {
                          "k": "tree_id",
                          "v": "660732ac37498814601a94e593e5e2b254f57442"
                        },
                        {
                          "k": "url",
                          "v": "https://github.com/jauharimalik/sapapi/commit/31979c8d239295518692629f52bd2a3613d3e1d8"
                        }
                      ]
                    }
                  ]
                }
              },
              {
                "k": "compare",
                "v": "https://github.com/jauharimalik/sapapi/compare/166aca31bb4a...31979c8d2392"
              },
              {
                "k": "created",
                "v": false
              },
              {
                "k": "deleted",
                "v": false
              },
              {
                "k": "forced",
                "v": false
              },
              {
                "k": "head_commit",
                "v": {
                  "t": 2,
                  "d": [
                    {
                      "k": "author",
                      "v": {
                        "t": 2,
                        "d": [
                          {
                            "k": "email",
                            "v": "jauharimalikupil@gmail.com"
                          },
                          {
                            "k": "name",
                            "v": "unknown"
                          },
                          {
                            "k": "username",
                            "v": "jauharimalik"
                          }
                        ]
                      }
                    },
                    {
                      "k": "committer",
                      "v": {
                        "t": 2,
                        "d": [
                          {
                            "k": "email",
                            "v": "jauharimalikupil@gmail.com"
                          },
                          {
                            "k": "name",
                            "v": "unknown"
                          },
                          {
                            "k": "username",
                            "v": "jauharimalik"
                          }
                        ]
                      }
                    },
                    {
                      "k": "distinct",
                      "v": true
                    },
                    {
                      "k": "id",
                      "v": "31979c8d239295518692629f52bd2a3613d3e1d8"
                    },
                    {
                      "k": "message",
                      "v": "perbaikan dn"
                    },
                    {
                      "k": "timestamp",
                      "v": "2025-09-16T09:16:27+07:00"
                    },
                    {
                      "k": "tree_id",
                      "v": "660732ac37498814601a94e593e5e2b254f57442"
                    },
                    {
                      "k": "url",
                      "v": "https://github.com/jauharimalik/sapapi/commit/31979c8d239295518692629f52bd2a3613d3e1d8"
                    }
                  ]
                }
              },
              {
                "k": "pusher",
                "v": {
                  "t": 2,
                  "d": [
                    {
                      "k": "email",
                      "v": "jauharimalikupil@gmail.com"
                    },
                    {
                      "k": "name",
                      "v": "jauharimalik"
                    }
                  ]
                }
              },
              {
                "k": "ref",
                "v": "refs/heads/main"
              },
              {
                "k": "repository",
                "v": {
                  "t": 2,
                  "d": [
                    {
                      "k": "allow_forking",
                      "v": true
                    },
                    {
                      "k": "archive_url",
                      "v": "https://api.github.com/repos/jauharimalik/sapapi/{archive_format}{/ref}"
                    },
                    {
                      "k": "archived",
                      "v": false
                    },
                    {
                      "k": "assignees_url",
                      "v": "https://api.github.com/repos/jauharimalik/sapapi/assignees{/user}"
                    },
                    {
                      "k": "blobs_url",
                      "v": "https://api.github.com/repos/jauharimalik/sapapi/git/blobs{/sha}"
                    },
                    {
                      "k": "branches_url",
                      "v": "https://api.github.com/repos/jauharimalik/sapapi/branches{/branch}"
                    },
                    {
                      "k": "clone_url",
                      "v": "https://github.com/jauharimalik/sapapi.git"
                    },
                    {
                      "k": "collaborators_url",
                      "v": "https://api.github.com/repos/jauharimalik/sapapi/collaborators{/collaborator}"
                    },
                    {
                      "k": "comments_url",
                      "v": "https://api.github.com/repos/jauharimalik/sapapi/comments{/number}"
                    },
                    {
                      "k": "commits_url",
                      "v": "https://api.github.com/repos/jauharimalik/sapapi/commits{/sha}"
                    },
                    {
                      "k": "compare_url",
                      "v": "https://api.github.com/repos/jauharimalik/sapapi/compare/{base}...{head}"
                    },
                    {
                      "k": "contents_url",
                      "v": "https://api.github.com/repos/jauharimalik/sapapi/contents/{+path}"
                    },
                    {
                      "k": "contributors_url",
                      "v": "https://api.github.com/repos/jauharimalik/sapapi/contributors"
                    },
                    {
                      "k": "created_at",
                      "v": 1754292236.0
                    },
                    {
                      "k": "default_branch",
                      "v": "main"
                    },
                    {
                      "k": "deployments_url",
                      "v": "https://api.github.com/repos/jauharimalik/sapapi/deployments"
                    },
                    {
                      "k": "description",
                      "v": null
                    },
                    {
                      "k": "disabled",
                      "v": false
                    },
                    {
                      "k": "downloads_url",
                      "v": "https://api.github.com/repos/jauharimalik/sapapi/downloads"
                    },
                    {
                      "k": "events_url",
                      "v": "https://api.github.com/repos/jauharimalik/sapapi/events"
                    },
                    {
                      "k": "fork",
                      "v": false
                    },
                    {
                      "k": "forks",
                      "v": 0.0
                    },
                    {
                      "k": "forks_count",
                      "v": 0.0
                    },
                    {
                      "k": "forks_url",
                      "v": "https://api.github.com/repos/jauharimalik/sapapi/forks"
                    },
                    {
                      "k": "full_name",
                      "v": "jauharimalik/sapapi"
                    },
                    {
                      "k": "git_commits_url",
                      "v": "https://api.github.com/repos/jauharimalik/sapapi/git/commits{/sha}"
                    },
                    {
                      "k": "git_refs_url",
                      "v": "https://api.github.com/repos/jauharimalik/sapapi/git/refs{/sha}"
                    },
                    {
                      "k": "git_tags_url",
                      "v": "https://api.github.com/repos/jauharimalik/sapapi/git/tags{/sha}"
                    },
                    {
                      "k": "git_url",
                      "v": "git://github.com/jauharimalik/sapapi.git"
                    },
                    {
                      "k": "has_discussions",
                      "v": false
                    },
                    {
                      "k": "has_downloads",
                      "v": true
                    },
                    {
                      "k": "has_issues",
                      "v": true
                    },
                    {
                      "k": "has_pages",
                      "v": true
                    },
                    {
                      "k": "has_projects",
                      "v": true
                    },
                    {
                      "k": "has_wiki",
                      "v": true
                    },
                    {
                      "k": "homepage",
                      "v": null
                    },
                    {
                      "k": "hooks_url",
                      "v": "https://api.github.com/repos/jauharimalik/sapapi/hooks"
                    },
                    {
                      "k": "html_url",
                      "v": "https://github.com/jauharimalik/sapapi"
                    },
                    {
                      "k": "id",
                      "v": 1031688394.0
                    },
                    {
                      "k": "is_template",
                      "v": false
                    },
                    {
                      "k": "issue_comment_url",
                      "v": "https://api.github.com/repos/jauharimalik/sapapi/issues/comments{/number}"
                    },
                    {
                      "k": "issue_events_url",
                      "v": "https://api.github.com/repos/jauharimalik/sapapi/issues/events{/number}"
                    },
                    {
                      "k": "issues_url",
                      "v": "https://api.github.com/repos/jauharimalik/sapapi/issues{/number}"
                    },
                    {
                      "k": "keys_url",
                      "v": "https://api.github.com/repos/jauharimalik/sapapi/keys{/key_id}"
                    },
                    {
                      "k": "labels_url",
                      "v": "https://api.github.com/repos/jauharimalik/sapapi/labels{/name}"
                    },
                    {
                      "k": "language",
                      "v": "JavaScript"
                    },
                    {
                      "k": "languages_url",
                      "v": "https://api.github.com/repos/jauharimalik/sapapi/languages"
                    },
                    {
                      "k": "license",
                      "v": null
                    },
                    {
                      "k": "master_branch",
                      "v": "main"
                    },
                    {
                      "k": "merges_url",
                      "v": "https://api.github.com/repos/jauharimalik/sapapi/merges"
                    },
                    {
                      "k": "milestones_url",
                      "v": "https://api.github.com/repos/jauharimalik/sapapi/milestones{/number}"
                    },
                    {
                      "k": "mirror_url",
                      "v": null
                    },
                    {
                      "k": "name",
                      "v": "sapapi"
                    },
                    {
                      "k": "node_id",
                      "v": "R_kgDOPX5Qyg"
                    },
                    {
                      "k": "notifications_url",
                      "v": "https://api.github.com/repos/jauharimalik/sapapi/notifications{?since,all,participating}"
                    },
                    {
                      "k": "open_issues",
                      "v": 0.0
                    },
                    {
                      "k": "open_issues_count",
                      "v": 0.0
                    },
                    {
                      "k": "owner",
                      "v": {
                        "t": 2,
                        "d": [
                          {
                            "k": "avatar_url",
                            "v": "https://avatars.githubusercontent.com/u/9219344?v=4"
                          },
                          {
                            "k": "email",
                            "v": "jauharimalikupil@gmail.com"
                          },
                          {
                            "k": "events_url",
                            "v": "https://api.github.com/users/jauharimalik/events{/privacy}"
                          },
                          {
                            "k": "followers_url",
                            "v": "https://api.github.com/users/jauharimalik/followers"
                          },
                          {
                            "k": "following_url",
                            "v": "https://api.github.com/users/jauharimalik/following{/other_user}"
                          },
                          {
                            "k": "gists_url",
                            "v": "https://api.github.com/users/jauharimalik/gists{/gist_id}"
                          },
                          {
                            "k": "gravatar_id",
                            "v": ""
                          },
                          {
                            "k": "html_url",
                            "v": "https://github.com/jauharimalik"
                          },
                          {
                            "k": "id",
                            "v": 9219344.0
                          },
                          {
                            "k": "login",
                            "v": "jauharimalik"
                          },
                          {
                            "k": "name",
                            "v": "jauharimalik"
                          },
                          {
                            "k": "node_id",
                            "v": "MDQ6VXNlcjkyMTkzNDQ="
                          },
                          {
                            "k": "organizations_url",
                            "v": "https://api.github.com/users/jauharimalik/orgs"
                          },
                          {
                            "k": "received_events_url",
                            "v": "https://api.github.com/users/jauharimalik/received_events"
                          },
                          {
                            "k": "repos_url",
                            "v": "https://api.github.com/users/jauharimalik/repos"
                          },
                          {
                            "k": "site_admin",
                            "v": false
                          },
                          {
                            "k": "starred_url",
                            "v": "https://api.github.com/users/jauharimalik/starred{/owner}{/repo}"
                          },
                          {
                            "k": "subscriptions_url",
                            "v": "https://api.github.com/users/jauharimalik/subscriptions"
                          },
                          {
                            "k": "type",
                            "v": "User"
                          },
                          {
                            "k": "url",
                            "v": "https://api.github.com/users/jauharimalik"
                          },
                          {
                            "k": "user_view_type",
                            "v": "public"
                          }
                        ]
                      }
                    },
                    {
                      "k": "private",
                      "v": false
                    },
                    {
                      "k": "pulls_url",
                      "v": "https://api.github.com/repos/jauharimalik/sapapi/pulls{/number}"
                    },
                    {
                      "k": "pushed_at",
                      "v": 1757988998.0
                    },
                    {
                      "k": "releases_url",
                      "v": "https://api.github.com/repos/jauharimalik/sapapi/releases{/id}"
                    },
                    {
                      "k": "size",
                      "v": 224823.0
                    },
                    {
                      "k": "ssh_url",
                      "v": "git@github.com:jauharimalik/sapapi.git"
                    },
                    {
                      "k": "stargazers",
                      "v": 0.0
                    },
                    {
                      "k": "stargazers_count",
                      "v": 0.0
                    },
                    {
                      "k": "stargazers_url",
                      "v": "https://api.github.com/repos/jauharimalik/sapapi/stargazers"
                    },
                    {
                      "k": "statuses_url",
                      "v": "https://api.github.com/repos/jauharimalik/sapapi/statuses/{sha}"
                    },
                    {
                      "k": "subscribers_url",
                      "v": "https://api.github.com/repos/jauharimalik/sapapi/subscribers"
                    },
                    {
                      "k": "subscription_url",
                      "v": "https://api.github.com/repos/jauharimalik/sapapi/subscription"
                    },
                    {
                      "k": "svn_url",
                      "v": "https://github.com/jauharimalik/sapapi"
                    },
                    {
                      "k": "tags_url",
                      "v": "https://api.github.com/repos/jauharimalik/sapapi/tags"
                    },
                    {
                      "k": "teams_url",
                      "v": "https://api.github.com/repos/jauharimalik/sapapi/teams"
                    },
                    {
                      "k": "topics",
                      "v": {
                        "t": 1
                      }
                    },
                    {
                      "k": "trees_url",
                      "v": "https://api.github.com/repos/jauharimalik/sapapi/git/trees{/sha}"
                    },
                    {
                      "k": "updated_at",
                      "v": "2025-08-28T15:28:54Z"
                    },
                    {
                      "k": "url",
                      "v": "https://api.github.com/repos/jauharimalik/sapapi"
                    },
                    {
                      "k": "visibility",
                      "v": "public"
                    },
                    {
                      "k": "watchers",
                      "v": 0.0
                    },
                    {
                      "k": "watchers_count",
                      "v": 0.0
                    },
                    {
                      "k": "web_commit_signoff_required",
                      "v": false
                    }
                  ]
                }
              },
              {
                "k": "sender",
                "v": {
                  "t": 2,
                  "d": [
                    {
                      "k": "avatar_url",
                      "v": "https://avatars.githubusercontent.com/u/9219344?v=4"
                    },
                    {
                      "k": "events_url",
                      "v": "https://api.github.com/users/jauharimalik/events{/privacy}"
                    },
                    {
                      "k": "followers_url",
                      "v": "https://api.github.com/users/jauharimalik/followers"
                    },
                    {
                      "k": "following_url",
                      "v": "https://api.github.com/users/jauharimalik/following{/other_user}"
                    },
                    {
                      "k": "gists_url",
                      "v": "https://api.github.com/users/jauharimalik/gists{/gist_id}"
                    },
                    {
                      "k": "gravatar_id",
                      "v": ""
                    },
                    {
                      "k": "html_url",
                      "v": "https://github.com/jauharimalik"
                    },
                    {
                      "k": "id",
                      "v": 9219344.0
                    },
                    {
                      "k": "login",
                      "v": "jauharimalik"
                    },
                    {
                      "k": "node_id",
                      "v": "MDQ6VXNlcjkyMTkzNDQ="
                    },
                    {
                      "k": "organizations_url",
                      "v": "https://api.github.com/users/jauharimalik/orgs"
                    },
                    {
                      "k": "received_events_url",
                      "v": "https://api.github.com/users/jauharimalik/received_events"
                    },
                    {
                      "k": "repos_url",
                      "v": "https://api.github.com/users/jauharimalik/repos"
                    },
                    {
                      "k": "site_admin",
                      "v": false
                    },
                    {
                      "k": "starred_url",
                      "v": "https://api.github.com/users/jauharimalik/starred{/owner}{/repo}"
                    },
                    {
                      "k": "subscriptions_url",
                      "v": "https://api.github.com/users/jauharimalik/subscriptions"
                    },
                    {
                      "k": "type",
                      "v": "User"
                    },
                    {
                      "k": "url",
                      "v": "https://api.github.com/users/jauharimalik"
                    },
                    {
                      "k": "user_view_type",
                      "v": "public"
                    }
                  ]
                }
              }
            ]
          }
        },
        {
          "k": "workflow_ref",
          "v": "jauharimalik/sapapi/.github/workflows/deploy.yml@refs/heads/main"
        },
        {
          "k": "workflow_sha",
          "v": "31979c8d239295518692629f52bd2a3613d3e1d8"
        },
        {
          "k": "repository_id",
          "v": "1031688394"
        },
        {
          "k": "triggering_actor",
          "v": "jauharimalik"
        }
      ]
    },
    "inputs": {
      "t": 2
    },
    "job": {
      "t": 2,
      "d": [
        {
          "k": "check_run_id",
          "v": 50449259505.0
        }
      ]
    },
    "matrix": null,
    "needs": {
      "t": 2
    },
    "strategy": {
      "t": 2,
      "d": [
        {
          "k": "fail-fast",
          "v": true
        },
        {
          "k": "job-index",
          "v": 0.0
        },
        {
          "k": "job-total",
          "v": 1.0
        },
        {
          "k": "max-parallel",
          "v": 1.0
        }
      ]
    },
    "vars": {
      "t": 2
    }
  },
  "billingOwnerId": "U_kgDOAIytEA"
}
[2025-09-16 02:16:41Z INFO JobRunner] Job ID 33d50106-6ff4-5fd9-84fd-accb3221f369
[2025-09-16 02:16:41Z INFO ConfigurationStore] currentAssemblyLocation: C:\laragon\www\sapapi\actions-runner\bin\Runner.Worker.dll
[2025-09-16 02:16:41Z INFO HostContext] Well known directory 'Bin': 'C:\laragon\www\sapapi\actions-runner\bin'
[2025-09-16 02:16:41Z INFO ConfigurationStore] binPath: C:\laragon\www\sapapi\actions-runner\bin
[2025-09-16 02:16:41Z INFO HostContext] Well known directory 'Bin': 'C:\laragon\www\sapapi\actions-runner\bin'
[2025-09-16 02:16:41Z INFO HostContext] Well known directory 'Root': 'C:\laragon\www\sapapi\actions-runner'
[2025-09-16 02:16:41Z INFO ConfigurationStore] RootFolder: C:\laragon\www\sapapi\actions-runner
[2025-09-16 02:16:41Z INFO HostContext] Well known directory 'Bin': 'C:\laragon\www\sapapi\actions-runner\bin'
[2025-09-16 02:16:41Z INFO HostContext] Well known directory 'Root': 'C:\laragon\www\sapapi\actions-runner'
[2025-09-16 02:16:41Z INFO HostContext] Well known config file 'Runner': 'C:\laragon\www\sapapi\actions-runner\.runner'
[2025-09-16 02:16:41Z INFO ConfigurationStore] ConfigFilePath: C:\laragon\www\sapapi\actions-runner\.runner
[2025-09-16 02:16:41Z INFO HostContext] Well known directory 'Bin': 'C:\laragon\www\sapapi\actions-runner\bin'
[2025-09-16 02:16:41Z INFO HostContext] Well known directory 'Root': 'C:\laragon\www\sapapi\actions-runner'
[2025-09-16 02:16:41Z INFO HostContext] Well known config file 'MigratedRunner': 'C:\laragon\www\sapapi\actions-runner\.runner_migrated'
[2025-09-16 02:16:41Z INFO ConfigurationStore] MigratedConfigFilePath: C:\laragon\www\sapapi\actions-runner\.runner_migrated
[2025-09-16 02:16:41Z INFO HostContext] Well known directory 'Bin': 'C:\laragon\www\sapapi\actions-runner\bin'
[2025-09-16 02:16:41Z INFO HostContext] Well known directory 'Root': 'C:\laragon\www\sapapi\actions-runner'
[2025-09-16 02:16:41Z INFO HostContext] Well known config file 'Credentials': 'C:\laragon\www\sapapi\actions-runner\.credentials'
[2025-09-16 02:16:41Z INFO ConfigurationStore] CredFilePath: C:\laragon\www\sapapi\actions-runner\.credentials
[2025-09-16 02:16:41Z INFO HostContext] Well known directory 'Bin': 'C:\laragon\www\sapapi\actions-runner\bin'
[2025-09-16 02:16:41Z INFO HostContext] Well known directory 'Root': 'C:\laragon\www\sapapi\actions-runner'
[2025-09-16 02:16:41Z INFO HostContext] Well known config file 'MigratedCredentials': 'C:\laragon\www\sapapi\actions-runner\.credentials_migrated'
[2025-09-16 02:16:41Z INFO ConfigurationStore] MigratedCredFilePath: C:\laragon\www\sapapi\actions-runner\.credentials_migrated
[2025-09-16 02:16:41Z INFO HostContext] Well known directory 'Bin': 'C:\laragon\www\sapapi\actions-runner\bin'
[2025-09-16 02:16:41Z INFO HostContext] Well known directory 'Root': 'C:\laragon\www\sapapi\actions-runner'
[2025-09-16 02:16:41Z INFO HostContext] Well known config file 'Service': 'C:\laragon\www\sapapi\actions-runner\.service'
[2025-09-16 02:16:41Z INFO ConfigurationStore] ServiceConfigFilePath: C:\laragon\www\sapapi\actions-runner\.service
[2025-09-16 02:16:41Z INFO ConfigurationStore] Read setting file: 386 chars
[2025-09-16 02:16:42Z INFO JobRunner] Initializing launch client
[2025-09-16 02:16:42Z INFO JobServerQueue] Initializing results client
[2025-09-16 02:16:42Z INFO ResultServer] Creating websocket client ...wss://results-receiver.actions.githubusercontent.com/_ws/ingest.sock
[2025-09-16 02:16:42Z INFO ResultServer] Attempting to start websocket client with delay 00:00:00.
[2025-09-16 02:16:42Z INFO JobServerQueue] Start process web console line queue.
[2025-09-16 02:16:42Z INFO JobServerQueue] Start process file upload queue.
[2025-09-16 02:16:42Z INFO JobServerQueue] Start results file upload queue.
[2025-09-16 02:16:42Z INFO JobServerQueue] Starting results-based upload queue...
[2025-09-16 02:16:42Z INFO JobServerQueue] Start process timeline update queue.
[2025-09-16 02:16:42Z INFO ExecutionContext] Initializing Job context
[2025-09-16 02:16:42Z INFO ExecutionContext] Initialize GitHub context
[2025-09-16 02:16:42Z INFO ExecutionContext] Initialize Env context
[2025-09-16 02:16:42Z INFO HostContext] Well known directory 'Bin': 'C:\laragon\www\sapapi\actions-runner\bin'
[2025-09-16 02:16:42Z INFO HostContext] Well known directory 'Root': 'C:\laragon\www\sapapi\actions-runner'
[2025-09-16 02:16:42Z INFO HostContext] Well known directory 'Diag': 'C:\laragon\www\sapapi\actions-runner\_diag'
[2025-09-16 02:16:42Z INFO HostContext] Well known directory 'Bin': 'C:\laragon\www\sapapi\actions-runner\bin'
[2025-09-16 02:16:42Z INFO HostContext] Well known directory 'Root': 'C:\laragon\www\sapapi\actions-runner'
[2025-09-16 02:16:42Z INFO HostContext] Well known directory 'Diag': 'C:\laragon\www\sapapi\actions-runner\_diag'
[2025-09-16 02:16:42Z INFO JobRunner] Starting the job execution context.
[2025-09-16 02:16:42Z INFO HostContext] Well known directory 'Bin': 'C:\laragon\www\sapapi\actions-runner\bin'
[2025-09-16 02:16:42Z INFO HostContext] Well known directory 'Root': 'C:\laragon\www\sapapi\actions-runner'
[2025-09-16 02:16:42Z INFO HostContext] Well known directory 'Work': 'C:\laragon\www\sapapi\actions-runner\_work'
[2025-09-16 02:16:42Z INFO JobRunner] Validating directory permissions for: 'C:\laragon\www\sapapi\actions-runner\_work'
[2025-09-16 02:16:42Z INFO HostContext] Well known directory 'Bin': 'C:\laragon\www\sapapi\actions-runner\bin'
[2025-09-16 02:16:42Z INFO HostContext] Well known directory 'Root': 'C:\laragon\www\sapapi\actions-runner'
[2025-09-16 02:16:42Z INFO HostContext] Well known directory 'Work': 'C:\laragon\www\sapapi\actions-runner\_work'
[2025-09-16 02:16:42Z INFO HostContext] Well known directory 'Tools': 'C:\laragon\www\sapapi\actions-runner\_work\_tool'
[2025-09-16 02:16:42Z INFO HostContext] Well known directory 'Bin': 'C:\laragon\www\sapapi\actions-runner\bin'
[2025-09-16 02:16:42Z INFO HostContext] Well known directory 'Root': 'C:\laragon\www\sapapi\actions-runner'
[2025-09-16 02:16:42Z INFO HostContext] Well known directory 'Work': 'C:\laragon\www\sapapi\actions-runner\_work'
[2025-09-16 02:16:42Z INFO HostContext] Well known directory 'Temp': 'C:\laragon\www\sapapi\actions-runner\_work\_temp'
[2025-09-16 02:16:42Z INFO JobRunner] Getting job extension.
[2025-09-16 02:16:42Z INFO JobRunner] Initialize job. Getting all job steps.
[2025-09-16 02:16:42Z INFO HostContext] Well known directory 'Bin': 'C:\laragon\www\sapapi\actions-runner\bin'
[2025-09-16 02:16:42Z INFO HostContext] Well known directory 'Root': 'C:\laragon\www\sapapi\actions-runner'
[2025-09-16 02:16:42Z INFO HostContext] Well known directory 'Diag': 'C:\laragon\www\sapapi\actions-runner\_diag'
[2025-09-16 02:16:42Z INFO HostContext] Well known directory 'Bin': 'C:\laragon\www\sapapi\actions-runner\bin'
[2025-09-16 02:16:42Z INFO HostContext] Well known directory 'Root': 'C:\laragon\www\sapapi\actions-runner'
[2025-09-16 02:16:42Z INFO HostContext] Well known directory 'Diag': 'C:\laragon\www\sapapi\actions-runner\_diag'
[2025-09-16 02:16:42Z INFO HostContext] Well known directory 'Bin': 'C:\laragon\www\sapapi\actions-runner\bin'
[2025-09-16 02:16:42Z INFO HostContext] Well known directory 'Root': 'C:\laragon\www\sapapi\actions-runner'
[2025-09-16 02:16:42Z INFO HostContext] Well known config file 'Credentials': 'C:\laragon\www\sapapi\actions-runner\.credentials'
[2025-09-16 02:16:42Z INFO HostContext] Well known directory 'Bin': 'C:\laragon\www\sapapi\actions-runner\bin'
[2025-09-16 02:16:42Z INFO HostContext] Well known directory 'Root': 'C:\laragon\www\sapapi\actions-runner'
[2025-09-16 02:16:42Z INFO HostContext] Well known config file 'SetupInfo': 'C:\laragon\www\sapapi\actions-runner\.setup_info'
[2025-09-16 02:16:42Z INFO HostContext] Well known directory 'Bin': 'C:\laragon\www\sapapi\actions-runner\bin'
[2025-09-16 02:16:42Z INFO HostContext] Well known directory 'Root': 'C:\laragon\www\sapapi\actions-runner'
[2025-09-16 02:16:42Z INFO HostContext] Well known directory 'Work': 'C:\laragon\www\sapapi\actions-runner\_work'
[2025-09-16 02:16:42Z INFO PipelineDirectoryManager] Loading tracking config if exists: C:\laragon\www\sapapi\actions-runner\_work\_PipelineMapping\jauharimalik/sapapi\PipelineFolder.json
[2025-09-16 02:16:42Z INFO PipelineDirectoryManager] Updating job run properties.
[2025-09-16 02:16:42Z INFO HostContext] Well known directory 'Bin': 'C:\laragon\www\sapapi\actions-runner\bin'
[2025-09-16 02:16:42Z INFO HostContext] Well known directory 'Root': 'C:\laragon\www\sapapi\actions-runner'
[2025-09-16 02:16:42Z INFO HostContext] Well known directory 'Work': 'C:\laragon\www\sapapi\actions-runner\_work'
[2025-09-16 02:16:42Z INFO HostContext] Well known directory 'Bin': 'C:\laragon\www\sapapi\actions-runner\bin'
[2025-09-16 02:16:42Z INFO HostContext] Well known directory 'Root': 'C:\laragon\www\sapapi\actions-runner'
[2025-09-16 02:16:42Z INFO HostContext] Well known directory 'Work': 'C:\laragon\www\sapapi\actions-runner\_work'
[2025-09-16 02:16:42Z INFO HostContext] Well known directory 'Bin': 'C:\laragon\www\sapapi\actions-runner\bin'
[2025-09-16 02:16:42Z INFO HostContext] Well known directory 'Root': 'C:\laragon\www\sapapi\actions-runner'
[2025-09-16 02:16:42Z INFO HostContext] Well known directory 'Work': 'C:\laragon\www\sapapi\actions-runner\_work'
[2025-09-16 02:16:42Z INFO JobExtension] Downloading actions
[2025-09-16 02:16:42Z INFO HostContext] Well known directory 'Bin': 'C:\laragon\www\sapapi\actions-runner\bin'
[2025-09-16 02:16:42Z INFO HostContext] Well known directory 'Root': 'C:\laragon\www\sapapi\actions-runner'
[2025-09-16 02:16:42Z INFO HostContext] Well known directory 'Work': 'C:\laragon\www\sapapi\actions-runner\_work'
[2025-09-16 02:16:42Z INFO HostContext] Well known directory 'Actions': 'C:\laragon\www\sapapi\actions-runner\_work\_actions'
[2025-09-16 02:16:42Z INFO Worker] Listening for cancel message from the channel.
[2025-09-16 02:16:42Z INFO Worker] Waiting for the job to complete or for a cancel message from the channel.
[2025-09-16 02:16:43Z INFO ResultServer] Successfully started websocket client.
[2025-09-16 02:16:43Z INFO JobServerQueue] Try to append 1 batches web console lines for record '9005d546-dee4-427e-85a3-d5a8a62c5c17', success rate: 1/1.
[2025-09-16 02:16:43Z INFO JobServerQueue] Job timeline record has been updated for the first time.
[2025-09-16 02:16:43Z INFO HostContext] Well known directory 'Bin': 'C:\laragon\www\sapapi\actions-runner\bin'
[2025-09-16 02:16:43Z INFO HostContext] Well known directory 'Root': 'C:\laragon\www\sapapi\actions-runner'
[2025-09-16 02:16:43Z INFO HostContext] Well known directory 'Work': 'C:\laragon\www\sapapi\actions-runner\_work'
[2025-09-16 02:16:43Z INFO HostContext] Well known directory 'Actions': 'C:\laragon\www\sapapi\actions-runner\_work\_actions'
[2025-09-16 02:16:43Z INFO HostContext] Well known directory 'Bin': 'C:\laragon\www\sapapi\actions-runner\bin'
[2025-09-16 02:16:43Z INFO HostContext] Well known directory 'Root': 'C:\laragon\www\sapapi\actions-runner'
[2025-09-16 02:16:43Z INFO HostContext] Well known directory 'Work': 'C:\laragon\www\sapapi\actions-runner\_work'
[2025-09-16 02:16:43Z INFO HostContext] Well known directory 'Actions': 'C:\laragon\www\sapapi\actions-runner\_work\_actions'
[2025-09-16 02:16:43Z INFO ActionManager] Save archive 'https://api.github.com/repos/actions/checkout/zipball/08eba0b27e820071cde6df949e0beb9ba4906955' into C:\laragon\www\sapapi\actions-runner\_work\_actions\_temp_a4bdabaf-7d6e-4470-8160-b778b4c90402\ab1311ba-2ba7-4451-9ceb-daf253af9df0.zip.
[2025-09-16 02:16:44Z INFO JobServerQueue] Try to append 1 batches web console lines for record '9005d546-dee4-427e-85a3-d5a8a62c5c17', success rate: 1/1.
[2025-09-16 02:16:44Z INFO ActionManager] Request URL: https://api.github.com/repos/actions/checkout/zipball/08eba0b27e820071cde6df949e0beb9ba4906955 X-GitHub-Request-Id: 7DE6:BFB63:A47A:32184:68C8C890 Http Status: OK
[2025-09-16 02:16:45Z INFO ActionManager] Finished getting action repository.
[2025-09-16 02:16:45Z INFO HostContext] Well known directory 'Bin': 'C:\laragon\www\sapapi\actions-runner\bin'
[2025-09-16 02:16:45Z INFO HostContext] Well known directory 'Root': 'C:\laragon\www\sapapi\actions-runner'
[2025-09-16 02:16:45Z INFO HostContext] Well known directory 'Work': 'C:\laragon\www\sapapi\actions-runner\_work'
[2025-09-16 02:16:45Z INFO HostContext] Well known directory 'Actions': 'C:\laragon\www\sapapi\actions-runner\_work\_actions'
[2025-09-16 02:16:45Z INFO ActionManifestManager] Load schema file with definitions: [
  "null",
  "boolean",
  "number",
  "string",
  "sequence",
  "mapping",
  "any",
  "action-root",
  "inputs",
  "input",
  "outputs",
  "output-definition",
  "runs",
  "container-runs",
  "container-runs-args",
  "container-runs-env",
  "node-runs",
  "plugin-runs",
  "composite-runs",
  "composite-steps",
  "composite-step",
  "run-step",
  "uses-step",
  "container-runs-context",
  "output-value",
  "input-default-context",
  "non-empty-string",
  "string-steps-context",
  "boolean-steps-context",
  "step-env",
  "step-if",
  "step-with"
]
[2025-09-16 02:16:45Z INFO HostContext] Well known directory 'Bin': 'C:\laragon\www\sapapi\actions-runner\bin'
[2025-09-16 02:16:45Z INFO HostContext] Well known directory 'Root': 'C:\laragon\www\sapapi\actions-runner'
[2025-09-16 02:16:45Z INFO HostContext] Well known directory 'Work': 'C:\laragon\www\sapapi\actions-runner\_work'
[2025-09-16 02:16:45Z INFO HostContext] Well known directory 'Actions': 'C:\laragon\www\sapapi\actions-runner\_work\_actions'
[2025-09-16 02:16:45Z INFO ActionManifestManager] Loaded action.yml file: {
  "name": "Checkout",
  "description": "Checkout a Git repository at a particular version",
  "inputs": {
    "type": 2,
    "map": [
      {
        "key": {
          "type": 0,
          "file": 2,
          "line": 4,
          "col": 3,
          "lit": "repository"
        },
        "value": {
          "type": 3,
          "file": 2,
          "line": 6,
          "col": 14,
          "expr": "github.repository"
        }
      },
      {
        "key": {
          "type": 0,
          "file": 2,
          "line": 7,
          "col": 3,
          "lit": "ref"
        },
        "value": ""
      },
      {
        "key": {
          "type": 0,
          "file": 2,
          "line": 12,
          "col": 3,
          "lit": "token"
        },
        "value": {
          "type": 3,
          "file": 2,
          "line": 24,
          "col": 14,
          "expr": "github.token"
        }
      },
      {
        "key": {
          "type": 0,
          "file": 2,
          "line": 25,
          "col": 3,
          "lit": "ssh-key"
        },
        "value": ""
      },
      {
        "key": {
          "type": 0,
          "file": 2,
          "line": 37,
          "col": 3,
          "lit": "ssh-known-hosts"
        },
        "value": ""
      },
      {
        "key": {
          "type": 0,
          "file": 2,
          "line": 42,
          "col": 3,
          "lit": "ssh-strict"
        },
        "value": {
          "type": 0,
          "file": 2,
          "line": 47,
          "col": 14,
          "lit": "true"
        }
      },
      {
        "key": {
          "type": 0,
          "file": 2,
          "line": 48,
          "col": 3,
          "lit": "ssh-user"
        },
        "value": {
          "type": 0,
          "file": 2,
          "line": 51,
          "col": 14,
          "lit": "git"
        }
      },
      {
        "key": {
          "type": 0,
          "file": 2,
          "line": 52,
          "col": 3,
          "lit": "persist-credentials"
        },
        "value": {
          "type": 0,
          "file": 2,
          "line": 54,
          "col": 14,
          "lit": "true"
        }
      },
      {
        "key": {
          "type": 0,
          "file": 2,
          "line": 55,
          "col": 3,
          "lit": "path"
        },
        "value": ""
      },
      {
        "key": {
          "type": 0,
          "file": 2,
          "line": 57,
          "col": 3,
          "lit": "clean"
        },
        "value": {
          "type": 0,
          "file": 2,
          "line": 59,
          "col": 14,
          "lit": "true"
        }
      },
      {
        "key": {
          "type": 0,
          "file": 2,
          "line": 60,
          "col": 3,
          "lit": "filter"
        },
        "value": {
          "type": 0,
          "file": 2,
          "line": 64,
          "col": 14,
          "lit": ""
        }
      },
      {
        "key": {
          "type": 0,
          "file": 2,
          "line": 65,
          "col": 3,
          "lit": "sparse-checkout"
        },
        "value": {
          "type": 0,
          "file": 2,
          "line": 69,
          "col": 14,
          "lit": ""
        }
      },
      {
        "key": {
          "type": 0,
          "file": 2,
          "line": 70,
          "col": 3,
          "lit": "sparse-checkout-cone-mode"
        },
        "value": {
          "type": 0,
          "file": 2,
          "line": 73,
          "col": 14,
          "lit": "true"
        }
      },
      {
        "key": {
          "type": 0,
          "file": 2,
          "line": 74,
          "col": 3,
          "lit": "fetch-depth"
        },
        "value": {
          "type": 0,
          "file": 2,
          "line": 76,
          "col": 14,
          "lit": "1"
        }
      },
      {
        "key": {
          "type": 0,
          "file": 2,
          "line": 77,
          "col": 3,
          "lit": "fetch-tags"
        },
        "value": {
          "type": 0,
          "file": 2,
          "line": 79,
          "col": 14,
          "lit": "false"
        }
      },
      {
        "key": {
          "type": 0,
          "file": 2,
          "line": 80,
          "col": 3,
          "lit": "show-progress"
        },
        "value": {
          "type": 0,
          "file": 2,
          "line": 82,
          "col": 14,
          "lit": "true"
        }
      },
      {
        "key": {
          "type": 0,
          "file": 2,
          "line": 83,
          "col": 3,
          "lit": "lfs"
        },
        "value": {
          "type": 0,
          "file": 2,
          "line": 85,
          "col": 14,
          "lit": "false"
        }
      },
      {
        "key": {
          "type": 0,
          "file": 2,
          "line": 86,
          "col": 3,
          "lit": "submodules"
        },
        "value": {
          "type": 0,
          "file": 2,
          "line": 94,
          "col": 14,
          "lit": "false"
        }
      },
      {
        "key": {
          "type": 0,
          "file": 2,
          "line": 95,
          "col": 3,
          "lit": "set-safe-directory"
        },
        "value": {
          "type": 0,
          "file": 2,
          "line": 97,
          "col": 14,
          "lit": "true"
        }
      },
      {
        "key": {
          "type": 0,
          "file": 2,
          "line": 98,
          "col": 3,
          "lit": "github-server-url"
        },
        "value": ""
      }
    ]
  },
  "execution": {
    "executionType": "nodeJS",
    "hasPre": false,
    "hasPost": true,
    "script": "dist/index.js",
    "pre": null,
    "post": "dist/index.js",
    "nodeVersion": "node20",
    "cleanupCondition": "always()",
    "initCondition": "always()"
  },
  "deprecated": null
}
[2025-09-16 02:16:45Z INFO ActionManager] Action node.js file: dist/index.js, no more preparation.
[2025-09-16 02:16:45Z INFO HostContext] Well known directory 'Bin': 'C:\laragon\www\sapapi\actions-runner\bin'
[2025-09-16 02:16:45Z INFO HostContext] Well known directory 'Root': 'C:\laragon\www\sapapi\actions-runner'
[2025-09-16 02:16:45Z INFO HostContext] Well known directory 'Work': 'C:\laragon\www\sapapi\actions-runner\_work'
[2025-09-16 02:16:45Z INFO HostContext] Well known directory 'Actions': 'C:\laragon\www\sapapi\actions-runner\_work\_actions'
[2025-09-16 02:16:45Z INFO ActionManager] Load action that reference repository from 'C:\laragon\www\sapapi\actions-runner\_work\_actions\actions\checkout\v4'
[2025-09-16 02:16:45Z INFO HostContext] Well known directory 'Bin': 'C:\laragon\www\sapapi\actions-runner\bin'
[2025-09-16 02:16:45Z INFO HostContext] Well known directory 'Root': 'C:\laragon\www\sapapi\actions-runner'
[2025-09-16 02:16:45Z INFO HostContext] Well known directory 'Work': 'C:\laragon\www\sapapi\actions-runner\_work'
[2025-09-16 02:16:45Z INFO HostContext] Well known directory 'Actions': 'C:\laragon\www\sapapi\actions-runner\_work\_actions'
[2025-09-16 02:16:45Z INFO ActionManifestManager] Loaded action.yml file: {
  "name": "Checkout",
  "description": "Checkout a Git repository at a particular version",
  "inputs": {
    "type": 2,
    "map": [
      {
        "key": {
          "type": 0,
          "file": 2,
          "line": 4,
          "col": 3,
          "lit": "repository"
        },
        "value": {
          "type": 3,
          "file": 2,
          "line": 6,
          "col": 14,
          "expr": "github.repository"
        }
      },
      {
        "key": {
          "type": 0,
          "file": 2,
          "line": 7,
          "col": 3,
          "lit": "ref"
        },
        "value": ""
      },
      {
        "key": {
          "type": 0,
          "file": 2,
          "line": 12,
          "col": 3,
          "lit": "token"
        },
        "value": {
          "type": 3,
          "file": 2,
          "line": 24,
          "col": 14,
          "expr": "github.token"
        }
      },
      {
        "key": {
          "type": 0,
          "file": 2,
          "line": 25,
          "col": 3,
          "lit": "ssh-key"
        },
        "value": ""
      },
      {
        "key": {
          "type": 0,
          "file": 2,
          "line": 37,
          "col": 3,
          "lit": "ssh-known-hosts"
        },
        "value": ""
      },
      {
        "key": {
          "type": 0,
          "file": 2,
          "line": 42,
          "col": 3,
          "lit": "ssh-strict"
        },
        "value": {
          "type": 0,
          "file": 2,
          "line": 47,
          "col": 14,
          "lit": "true"
        }
      },
      {
        "key": {
          "type": 0,
          "file": 2,
          "line": 48,
          "col": 3,
          "lit": "ssh-user"
        },
        "value": {
          "type": 0,
          "file": 2,
          "line": 51,
          "col": 14,
          "lit": "git"
        }
      },
      {
        "key": {
          "type": 0,
          "file": 2,
          "line": 52,
          "col": 3,
          "lit": "persist-credentials"
        },
        "value": {
          "type": 0,
          "file": 2,
          "line": 54,
          "col": 14,
          "lit": "true"
        }
      },
      {
        "key": {
          "type": 0,
          "file": 2,
          "line": 55,
          "col": 3,
          "lit": "path"
        },
        "value": ""
      },
      {
        "key": {
          "type": 0,
          "file": 2,
          "line": 57,
          "col": 3,
          "lit": "clean"
        },
        "value": {
          "type": 0,
          "file": 2,
          "line": 59,
          "col": 14,
          "lit": "true"
        }
      },
      {
        "key": {
          "type": 0,
          "file": 2,
          "line": 60,
          "col": 3,
          "lit": "filter"
        },
        "value": {
          "type": 0,
          "file": 2,
          "line": 64,
          "col": 14,
          "lit": ""
        }
      },
      {
        "key": {
          "type": 0,
          "file": 2,
          "line": 65,
          "col": 3,
          "lit": "sparse-checkout"
        },
        "value": {
          "type": 0,
          "file": 2,
          "line": 69,
          "col": 14,
          "lit": ""
        }
      },
      {
        "key": {
          "type": 0,
          "file": 2,
          "line": 70,
          "col": 3,
          "lit": "sparse-checkout-cone-mode"
        },
        "value": {
          "type": 0,
          "file": 2,
          "line": 73,
          "col": 14,
          "lit": "true"
        }
      },
      {
        "key": {
          "type": 0,
          "file": 2,
          "line": 74,
          "col": 3,
          "lit": "fetch-depth"
        },
        "value": {
          "type": 0,
          "file": 2,
          "line": 76,
          "col": 14,
          "lit": "1"
        }
      },
      {
        "key": {
          "type": 0,
          "file": 2,
          "line": 77,
          "col": 3,
          "lit": "fetch-tags"
        },
        "value": {
          "type": 0,
          "file": 2,
          "line": 79,
          "col": 14,
          "lit": "false"
        }
      },
      {
        "key": {
          "type": 0,
          "file": 2,
          "line": 80,
          "col": 3,
          "lit": "show-progress"
        },
        "value": {
          "type": 0,
          "file": 2,
          "line": 82,
          "col": 14,
          "lit": "true"
        }
      },
      {
        "key": {
          "type": 0,
          "file": 2,
          "line": 83,
          "col": 3,
          "lit": "lfs"
        },
        "value": {
          "type": 0,
          "file": 2,
          "line": 85,
          "col": 14,
          "lit": "false"
        }
      },
      {
        "key": {
          "type": 0,
          "file": 2,
          "line": 86,
          "col": 3,
          "lit": "submodules"
        },
        "value": {
          "type": 0,
          "file": 2,
          "line": 94,
          "col": 14,
          "lit": "false"
        }
      },
      {
        "key": {
          "type": 0,
          "file": 2,
          "line": 95,
          "col": 3,
          "lit": "set-safe-directory"
        },
        "value": {
          "type": 0,
          "file": 2,
          "line": 97,
          "col": 14,
          "lit": "true"
        }
      },
      {
        "key": {
          "type": 0,
          "file": 2,
          "line": 98,
          "col": 3,
          "lit": "github-server-url"
        },
        "value": ""
      }
    ]
  },
  "execution": {
    "executionType": "nodeJS",
    "hasPre": false,
    "hasPost": true,
    "script": "dist/index.js",
    "pre": null,
    "post": "dist/index.js",
    "nodeVersion": "node20",
    "cleanupCondition": "always()",
    "initCondition": "always()"
  },
  "deprecated": null
}
[2025-09-16 02:16:45Z INFO ActionManager] Action pre node.js file: N/A.
[2025-09-16 02:16:45Z INFO ActionManager] Action node.js file: dist/index.js.
[2025-09-16 02:16:45Z INFO ActionManager] Action post node.js file: dist/index.js.
[2025-09-16 02:16:45Z INFO JobExtension] Adding .
[2025-09-16 02:16:45Z INFO JobExtension] Adding .
[2025-09-16 02:16:45Z INFO JobExtension] Adding .
[2025-09-16 02:16:45Z INFO JobExtension] Adding .
[2025-09-16 02:16:45Z INFO JobExtension] Adding .
[2025-09-16 02:16:45Z INFO JobExtension] Adding .
[2025-09-16 02:16:45Z INFO JobExtension] Adding .
[2025-09-16 02:16:45Z INFO JobExtension] Adding .
[2025-09-16 02:16:45Z INFO HostContext] Well known directory 'Bin': 'C:\laragon\www\sapapi\actions-runner\bin'
[2025-09-16 02:16:45Z INFO HostContext] Well known directory 'Root': 'C:\laragon\www\sapapi\actions-runner'
[2025-09-16 02:16:45Z INFO HostContext] Well known directory 'Diag': 'C:\laragon\www\sapapi\actions-runner\_diag'
[2025-09-16 02:16:45Z INFO HostContext] Well known directory 'Bin': 'C:\laragon\www\sapapi\actions-runner\bin'
[2025-09-16 02:16:45Z INFO HostContext] Well known directory 'Root': 'C:\laragon\www\sapapi\actions-runner'
[2025-09-16 02:16:45Z INFO HostContext] Well known directory 'Diag': 'C:\laragon\www\sapapi\actions-runner\_diag'
[2025-09-16 02:16:45Z INFO HostContext] Well known directory 'Bin': 'C:\laragon\www\sapapi\actions-runner\bin'
[2025-09-16 02:16:45Z INFO HostContext] Well known directory 'Root': 'C:\laragon\www\sapapi\actions-runner'
[2025-09-16 02:16:45Z INFO HostContext] Well known directory 'Diag': 'C:\laragon\www\sapapi\actions-runner\_diag'
[2025-09-16 02:16:45Z INFO HostContext] Well known directory 'Bin': 'C:\laragon\www\sapapi\actions-runner\bin'
[2025-09-16 02:16:45Z INFO HostContext] Well known directory 'Root': 'C:\laragon\www\sapapi\actions-runner'
[2025-09-16 02:16:45Z INFO HostContext] Well known directory 'Diag': 'C:\laragon\www\sapapi\actions-runner\_diag'
[2025-09-16 02:16:45Z INFO HostContext] Well known directory 'Bin': 'C:\laragon\www\sapapi\actions-runner\bin'
[2025-09-16 02:16:45Z INFO HostContext] Well known directory 'Root': 'C:\laragon\www\sapapi\actions-runner'
[2025-09-16 02:16:45Z INFO HostContext] Well known directory 'Diag': 'C:\laragon\www\sapapi\actions-runner\_diag'
[2025-09-16 02:16:45Z INFO HostContext] Well known directory 'Bin': 'C:\laragon\www\sapapi\actions-runner\bin'
[2025-09-16 02:16:45Z INFO HostContext] Well known directory 'Root': 'C:\laragon\www\sapapi\actions-runner'
[2025-09-16 02:16:45Z INFO HostContext] Well known directory 'Diag': 'C:\laragon\www\sapapi\actions-runner\_diag'
[2025-09-16 02:16:45Z INFO HostContext] Well known directory 'Bin': 'C:\laragon\www\sapapi\actions-runner\bin'
[2025-09-16 02:16:45Z INFO HostContext] Well known directory 'Root': 'C:\laragon\www\sapapi\actions-runner'
[2025-09-16 02:16:45Z INFO HostContext] Well known directory 'Diag': 'C:\laragon\www\sapapi\actions-runner\_diag'
[2025-09-16 02:16:45Z INFO HostContext] Well known directory 'Bin': 'C:\laragon\www\sapapi\actions-runner\bin'
[2025-09-16 02:16:45Z INFO HostContext] Well known directory 'Root': 'C:\laragon\www\sapapi\actions-runner'
[2025-09-16 02:16:45Z INFO HostContext] Well known directory 'Diag': 'C:\laragon\www\sapapi\actions-runner\_diag'
[2025-09-16 02:16:45Z INFO HostContext] Well known directory 'Bin': 'C:\laragon\www\sapapi\actions-runner\bin'
[2025-09-16 02:16:45Z INFO HostContext] Well known directory 'Root': 'C:\laragon\www\sapapi\actions-runner'
[2025-09-16 02:16:45Z INFO HostContext] Well known directory 'Diag': 'C:\laragon\www\sapapi\actions-runner\_diag'
[2025-09-16 02:16:45Z INFO HostContext] Well known directory 'Bin': 'C:\laragon\www\sapapi\actions-runner\bin'
[2025-09-16 02:16:45Z INFO HostContext] Well known directory 'Root': 'C:\laragon\www\sapapi\actions-runner'
[2025-09-16 02:16:45Z INFO HostContext] Well known directory 'Diag': 'C:\laragon\www\sapapi\actions-runner\_diag'
[2025-09-16 02:16:45Z INFO HostContext] Well known directory 'Bin': 'C:\laragon\www\sapapi\actions-runner\bin'
[2025-09-16 02:16:45Z INFO HostContext] Well known directory 'Root': 'C:\laragon\www\sapapi\actions-runner'
[2025-09-16 02:16:45Z INFO HostContext] Well known directory 'Diag': 'C:\laragon\www\sapapi\actions-runner\_diag'
[2025-09-16 02:16:45Z INFO HostContext] Well known directory 'Bin': 'C:\laragon\www\sapapi\actions-runner\bin'
[2025-09-16 02:16:45Z INFO HostContext] Well known directory 'Root': 'C:\laragon\www\sapapi\actions-runner'
[2025-09-16 02:16:45Z INFO HostContext] Well known directory 'Diag': 'C:\laragon\www\sapapi\actions-runner\_diag'
[2025-09-16 02:16:45Z INFO HostContext] Well known directory 'Bin': 'C:\laragon\www\sapapi\actions-runner\bin'
[2025-09-16 02:16:45Z INFO HostContext] Well known directory 'Root': 'C:\laragon\www\sapapi\actions-runner'
[2025-09-16 02:16:45Z INFO HostContext] Well known directory 'Diag': 'C:\laragon\www\sapapi\actions-runner\_diag'
[2025-09-16 02:16:45Z INFO HostContext] Well known directory 'Bin': 'C:\laragon\www\sapapi\actions-runner\bin'
[2025-09-16 02:16:45Z INFO HostContext] Well known directory 'Root': 'C:\laragon\www\sapapi\actions-runner'
[2025-09-16 02:16:45Z INFO HostContext] Well known directory 'Diag': 'C:\laragon\www\sapapi\actions-runner\_diag'
[2025-09-16 02:16:45Z INFO HostContext] Well known directory 'Bin': 'C:\laragon\www\sapapi\actions-runner\bin'
[2025-09-16 02:16:45Z INFO HostContext] Well known directory 'Root': 'C:\laragon\www\sapapi\actions-runner'
[2025-09-16 02:16:45Z INFO HostContext] Well known directory 'Diag': 'C:\laragon\www\sapapi\actions-runner\_diag'
[2025-09-16 02:16:45Z INFO HostContext] Well known directory 'Bin': 'C:\laragon\www\sapapi\actions-runner\bin'
[2025-09-16 02:16:45Z INFO HostContext] Well known directory 'Root': 'C:\laragon\www\sapapi\actions-runner'
[2025-09-16 02:16:45Z INFO HostContext] Well known directory 'Diag': 'C:\laragon\www\sapapi\actions-runner\_diag'
[2025-09-16 02:16:45Z INFO JobExtension] Total accessible running process: 458.
[2025-09-16 02:16:45Z INFO HostContext] Well known directory 'Bin': 'C:\laragon\www\sapapi\actions-runner\bin'
[2025-09-16 02:16:45Z INFO HostContext] Well known directory 'Root': 'C:\laragon\www\sapapi\actions-runner'
[2025-09-16 02:16:45Z INFO HostContext] Well known directory 'Work': 'C:\laragon\www\sapapi\actions-runner\_work'
[2025-09-16 02:16:45Z INFO JobExtension] Start checking service connectivity in background.
[2025-09-16 02:16:45Z INFO ExecutionContext] Publish step telemetry for current step {
  "action": "setup_job",
  "type": "runner",
  "stage": "Pre",
  "stepId": "9005d546-dee4-427e-85a3-d5a8a62c5c17",
  "result": "succeeded",
  "errorMessages": [],
  "executionTimeInSeconds": 4,
  "startTime": "2025-09-16T02:16:42.1815936Z",
  "finishTime": "2025-09-16T02:16:45.7497429Z"
}.
[2025-09-16 02:16:45Z INFO JobRunner] Total job steps: 8.
[2025-09-16 02:16:45Z INFO JobRunner] Run all job steps.
[2025-09-16 02:16:45Z INFO StepsRunner] Processing step: DisplayName='Checkout repository'
[2025-09-16 02:16:45Z INFO StepsRunner] Evaluating: success()
[2025-09-16 02:16:45Z INFO StepsRunner] Result: true
[2025-09-16 02:16:45Z INFO StepsRunner] Starting the step.
[2025-09-16 02:16:45Z INFO HostContext] Well known directory 'Bin': 'C:\laragon\www\sapapi\actions-runner\bin'
[2025-09-16 02:16:45Z INFO HostContext] Well known directory 'Root': 'C:\laragon\www\sapapi\actions-runner'
[2025-09-16 02:16:45Z INFO HostContext] Well known directory 'Work': 'C:\laragon\www\sapapi\actions-runner\_work'
[2025-09-16 02:16:45Z INFO StepsRunner] Which2: 'chcp'
[2025-09-16 02:16:45Z INFO StepsRunner] Location: 'C:\Windows\system32\chcp.COM'
[2025-09-16 02:16:45Z INFO ProcessInvokerWrapper] Starting process:
[2025-09-16 02:16:45Z INFO ProcessInvokerWrapper]   File name: 'C:\Windows\system32\chcp.COM'
[2025-09-16 02:16:45Z INFO ProcessInvokerWrapper]   Arguments: '65001'
[2025-09-16 02:16:45Z INFO ProcessInvokerWrapper]   Working directory: 'C:\laragon\www\sapapi\actions-runner\_work'
[2025-09-16 02:16:45Z INFO ProcessInvokerWrapper]   Require exit code zero: 'False'
[2025-09-16 02:16:45Z INFO ProcessInvokerWrapper]   Encoding web name:  ; code page: ''
[2025-09-16 02:16:45Z INFO ProcessInvokerWrapper]   Force kill process on cancellation: 'False'
[2025-09-16 02:16:45Z INFO ProcessInvokerWrapper]   Redirected STDIN: 'False'
[2025-09-16 02:16:45Z INFO ProcessInvokerWrapper]   Persist current code page: 'True'
[2025-09-16 02:16:45Z INFO ProcessInvokerWrapper]   Keep redirected STDIN open: 'False'
[2025-09-16 02:16:45Z INFO ProcessInvokerWrapper]   High priority process: 'False'
[2025-09-16 02:16:45Z INFO ProcessInvokerWrapper] Process started with process id 34736, waiting for process exit.
[2025-09-16 02:16:45Z INFO ProcessInvokerWrapper] STDOUT/STDERR stream read finished.
[2025-09-16 02:16:45Z INFO ProcessInvokerWrapper] STDOUT/STDERR stream read finished.
[2025-09-16 02:16:45Z INFO ProcessInvokerWrapper] Finished process 34736 with exit code 0, and elapsed time 00:00:00.0348795.
[2025-09-16 02:16:45Z INFO StepsRunner] Successfully returned to code page 65001 (UTF8)
[2025-09-16 02:16:45Z INFO HostContext] Well known directory 'Bin': 'C:\laragon\www\sapapi\actions-runner\bin'
[2025-09-16 02:16:45Z INFO HostContext] Well known directory 'Root': 'C:\laragon\www\sapapi\actions-runner'
[2025-09-16 02:16:45Z INFO HostContext] Well known directory 'Work': 'C:\laragon\www\sapapi\actions-runner\_work'
[2025-09-16 02:16:45Z INFO HostContext] Well known directory 'Actions': 'C:\laragon\www\sapapi\actions-runner\_work\_actions'
[2025-09-16 02:16:45Z INFO ActionManager] Load action that reference repository from 'C:\laragon\www\sapapi\actions-runner\_work\_actions\actions\checkout\v4'
[2025-09-16 02:16:45Z INFO HostContext] Well known directory 'Bin': 'C:\laragon\www\sapapi\actions-runner\bin'
[2025-09-16 02:16:45Z INFO HostContext] Well known directory 'Root': 'C:\laragon\www\sapapi\actions-runner'
[2025-09-16 02:16:45Z INFO HostContext] Well known directory 'Work': 'C:\laragon\www\sapapi\actions-runner\_work'
[2025-09-16 02:16:45Z INFO HostContext] Well known directory 'Actions': 'C:\laragon\www\sapapi\actions-runner\_work\_actions'
[2025-09-16 02:16:45Z INFO ActionManifestManager] Loaded action.yml file: {
  "name": "Checkout",
  "description": "Checkout a Git repository at a particular version",
  "inputs": {
    "type": 2,
    "map": [
      {
        "key": {
          "type": 0,
          "file": 2,
          "line": 4,
          "col": 3,
          "lit": "repository"
        },
        "value": {
          "type": 3,
          "file": 2,
          "line": 6,
          "col": 14,
          "expr": "github.repository"
        }
      },
      {
        "key": {
          "type": 0,
          "file": 2,
          "line": 7,
          "col": 3,
          "lit": "ref"
        },
        "value": ""
      },
      {
        "key": {
          "type": 0,
          "file": 2,
          "line": 12,
          "col": 3,
          "lit": "token"
        },
        "value": {
          "type": 3,
          "file": 2,
          "line": 24,
          "col": 14,
          "expr": "github.token"
        }
      },
      {
        "key": {
          "type": 0,
          "file": 2,
          "line": 25,
          "col": 3,
          "lit": "ssh-key"
        },
        "value": ""
      },
      {
        "key": {
          "type": 0,
          "file": 2,
          "line": 37,
          "col": 3,
          "lit": "ssh-known-hosts"
        },
        "value": ""
      },
      {
        "key": {
          "type": 0,
          "file": 2,
          "line": 42,
          "col": 3,
          "lit": "ssh-strict"
        },
        "value": {
          "type": 0,
          "file": 2,
          "line": 47,
          "col": 14,
          "lit": "true"
        }
      },
      {
        "key": {
          "type": 0,
          "file": 2,
          "line": 48,
          "col": 3,
          "lit": "ssh-user"
        },
        "value": {
          "type": 0,
          "file": 2,
          "line": 51,
          "col": 14,
          "lit": "git"
        }
      },
      {
        "key": {
          "type": 0,
          "file": 2,
          "line": 52,
          "col": 3,
          "lit": "persist-credentials"
        },
        "value": {
          "type": 0,
          "file": 2,
          "line": 54,
          "col": 14,
          "lit": "true"
        }
      },
      {
        "key": {
          "type": 0,
          "file": 2,
          "line": 55,
          "col": 3,
          "lit": "path"
        },
        "value": ""
      },
      {
        "key": {
          "type": 0,
          "file": 2,
          "line": 57,
          "col": 3,
          "lit": "clean"
        },
        "value": {
          "type": 0,
          "file": 2,
          "line": 59,
          "col": 14,
          "lit": "true"
        }
      },
      {
        "key": {
          "type": 0,
          "file": 2,
          "line": 60,
          "col": 3,
          "lit": "filter"
        },
        "value": {
          "type": 0,
          "file": 2,
          "line": 64,
          "col": 14,
          "lit": ""
        }
      },
      {
        "key": {
          "type": 0,
          "file": 2,
          "line": 65,
          "col": 3,
          "lit": "sparse-checkout"
        },
        "value": {
          "type": 0,
          "file": 2,
          "line": 69,
          "col": 14,
          "lit": ""
        }
      },
      {
        "key": {
          "type": 0,
          "file": 2,
          "line": 70,
          "col": 3,
          "lit": "sparse-checkout-cone-mode"
        },
        "value": {
          "type": 0,
          "file": 2,
          "line": 73,
          "col": 14,
          "lit": "true"
        }
      },
      {
        "key": {
          "type": 0,
          "file": 2,
          "line": 74,
          "col": 3,
          "lit": "fetch-depth"
        },
        "value": {
          "type": 0,
          "file": 2,
          "line": 76,
          "col": 14,
          "lit": "1"
        }
      },
      {
        "key": {
          "type": 0,
          "file": 2,
          "line": 77,
          "col": 3,
          "lit": "fetch-tags"
        },
        "value": {
          "type": 0,
          "file": 2,
          "line": 79,
          "col": 14,
          "lit": "false"
        }
      },
      {
        "key": {
          "type": 0,
          "file": 2,
          "line": 80,
          "col": 3,
          "lit": "show-progress"
        },
        "value": {
          "type": 0,
          "file": 2,
          "line": 82,
          "col": 14,
          "lit": "true"
        }
      },
      {
        "key": {
          "type": 0,
          "file": 2,
          "line": 83,
          "col": 3,
          "lit": "lfs"
        },
        "value": {
          "type": 0,
          "file": 2,
          "line": 85,
          "col": 14,
          "lit": "false"
        }
      },
      {
        "key": {
          "type": 0,
          "file": 2,
          "line": 86,
          "col": 3,
          "lit": "submodules"
        },
        "value": {
          "type": 0,
          "file": 2,
          "line": 94,
          "col": 14,
          "lit": "false"
        }
      },
      {
        "key": {
          "type": 0,
          "file": 2,
          "line": 95,
          "col": 3,
          "lit": "set-safe-directory"
        },
        "value": {
          "type": 0,
          "file": 2,
          "line": 97,
          "col": 14,
          "lit": "true"
        }
      },
      {
        "key": {
          "type": 0,
          "file": 2,
          "line": 98,
          "col": 3,
          "lit": "github-server-url"
        },
        "value": ""
      }
    ]
  },
  "execution": {
    "executionType": "nodeJS",
    "hasPre": false,
    "hasPost": true,
    "script": "dist/index.js",
    "pre": null,
    "post": "dist/index.js",
    "nodeVersion": "node20",
    "cleanupCondition": "always()",
    "initCondition": "always()"
  },
  "deprecated": null
}
[2025-09-16 02:16:45Z INFO ActionManager] Action pre node.js file: N/A.
[2025-09-16 02:16:45Z INFO ActionManager] Action node.js file: dist/index.js.
[2025-09-16 02:16:45Z INFO ActionManager] Action post node.js file: dist/index.js.
[2025-09-16 02:16:45Z INFO ExecutionContext] Reserve record order 10 to 18 for post job actions.
[2025-09-16 02:16:45Z INFO HostContext] Well known directory 'Bin': 'C:\laragon\www\sapapi\actions-runner\bin'
[2025-09-16 02:16:45Z INFO HostContext] Well known directory 'Root': 'C:\laragon\www\sapapi\actions-runner'
[2025-09-16 02:16:45Z INFO HostContext] Well known directory 'Diag': 'C:\laragon\www\sapapi\actions-runner\_diag'
[2025-09-16 02:16:45Z INFO HostContext] Well known directory 'Bin': 'C:\laragon\www\sapapi\actions-runner\bin'
[2025-09-16 02:16:45Z INFO HostContext] Well known directory 'Root': 'C:\laragon\www\sapapi\actions-runner'
[2025-09-16 02:16:45Z INFO HostContext] Well known directory 'Diag': 'C:\laragon\www\sapapi\actions-runner\_diag'
[2025-09-16 02:16:45Z INFO HostContext] Well known directory 'Bin': 'C:\laragon\www\sapapi\actions-runner\bin'
[2025-09-16 02:16:45Z INFO HostContext] Well known directory 'Root': 'C:\laragon\www\sapapi\actions-runner'
[2025-09-16 02:16:45Z INFO HostContext] Well known directory 'Work': 'C:\laragon\www\sapapi\actions-runner\_work'
[2025-09-16 02:16:45Z INFO HostContext] Well known directory 'Temp': 'C:\laragon\www\sapapi\actions-runner\_work\_temp'
[2025-09-16 02:16:45Z INFO ExecutionContext] Write event payload to C:\laragon\www\sapapi\actions-runner\_work\_temp\_github_workflow\event.json
[2025-09-16 02:16:45Z INFO HostContext] Well known directory 'Bin': 'C:\laragon\www\sapapi\actions-runner\bin'
[2025-09-16 02:16:45Z INFO HostContext] Well known directory 'Root': 'C:\laragon\www\sapapi\actions-runner'
[2025-09-16 02:16:45Z INFO HostContext] Well known directory 'Work': 'C:\laragon\www\sapapi\actions-runner\_work'
[2025-09-16 02:16:45Z INFO HostContext] Well known directory 'Temp': 'C:\laragon\www\sapapi\actions-runner\_work\_temp'
[2025-09-16 02:16:45Z INFO ExtensionManager] Getting extensions for interface: 'GitHub.Runner.Worker.IFileCommandExtension'
[2025-09-16 02:16:45Z INFO ExtensionManager] Creating instance: GitHub.Runner.Worker.AddPathFileCommand, Runner.Worker
[2025-09-16 02:16:45Z INFO ExtensionManager] Creating instance: GitHub.Runner.Worker.SetEnvFileCommand, Runner.Worker
[2025-09-16 02:16:45Z INFO ExtensionManager] Creating instance: GitHub.Runner.Worker.CreateStepSummaryCommand, Runner.Worker
[2025-09-16 02:16:45Z INFO ExtensionManager] Creating instance: GitHub.Runner.Worker.SaveStateFileCommand, Runner.Worker
[2025-09-16 02:16:45Z INFO ExtensionManager] Creating instance: GitHub.Runner.Worker.SetOutputFileCommand, Runner.Worker
[2025-09-16 02:16:45Z INFO ActionManifestManager] Input 'ref': default value evaluate result: ""
[2025-09-16 02:16:45Z INFO ActionManifestManager] Input 'ssh-key': default value evaluate result: ""
[2025-09-16 02:16:45Z INFO ActionManifestManager] Input 'ssh-known-hosts': default value evaluate result: ""
[2025-09-16 02:16:45Z INFO ActionManifestManager] Input 'ssh-strict': default value evaluate result: {
  "type": 0,
  "file": 2,
  "line": 47,
  "col": 14,
  "lit": "true"
}
[2025-09-16 02:16:45Z INFO ActionManifestManager] Input 'ssh-user': default value evaluate result: {
  "type": 0,
  "file": 2,
  "line": 51,
  "col": 14,
  "lit": "git"
}
[2025-09-16 02:16:45Z INFO ActionManifestManager] Input 'persist-credentials': default value evaluate result: {
  "type": 0,
  "file": 2,
  "line": 54,
  "col": 14,
  "lit": "true"
}
[2025-09-16 02:16:45Z INFO ActionManifestManager] Input 'path': default value evaluate result: ""
[2025-09-16 02:16:45Z INFO ActionManifestManager] Input 'clean': default value evaluate result: {
  "type": 0,
  "file": 2,
  "line": 59,
  "col": 14,
  "lit": "true"
}
[2025-09-16 02:16:45Z INFO ActionManifestManager] Input 'filter': default value evaluate result: {
  "type": 0,
  "file": 2,
  "line": 64,
  "col": 14,
  "lit": ""
}
[2025-09-16 02:16:45Z INFO ActionManifestManager] Input 'sparse-checkout': default value evaluate result: {
  "type": 0,
  "file": 2,
  "line": 69,
  "col": 14,
  "lit": ""
}
[2025-09-16 02:16:45Z INFO ActionManifestManager] Input 'sparse-checkout-cone-mode': default value evaluate result: {
  "type": 0,
  "file": 2,
  "line": 73,
  "col": 14,
  "lit": "true"
}
[2025-09-16 02:16:45Z INFO ActionManifestManager] Input 'fetch-depth': default value evaluate result: {
  "type": 0,
  "file": 2,
  "line": 76,
  "col": 14,
  "lit": "1"
}
[2025-09-16 02:16:45Z INFO ActionManifestManager] Input 'fetch-tags': default value evaluate result: {
  "type": 0,
  "file": 2,
  "line": 79,
  "col": 14,
  "lit": "false"
}
[2025-09-16 02:16:45Z INFO ActionManifestManager] Input 'show-progress': default value evaluate result: {
  "type": 0,
  "file": 2,
  "line": 82,
  "col": 14,
  "lit": "true"
}
[2025-09-16 02:16:45Z INFO ActionManifestManager] Input 'lfs': default value evaluate result: {
  "type": 0,
  "file": 2,
  "line": 85,
  "col": 14,
  "lit": "false"
}
[2025-09-16 02:16:45Z INFO ActionManifestManager] Input 'set-safe-directory': default value evaluate result: {
  "type": 0,
  "file": 2,
  "line": 97,
  "col": 14,
  "lit": "true"
}
[2025-09-16 02:16:45Z INFO ActionManifestManager] Input 'github-server-url': default value evaluate result: ""
[2025-09-16 02:16:45Z INFO ExtensionManager] Getting extensions for interface: 'GitHub.Runner.Worker.IActionCommandExtension'
[2025-09-16 02:16:45Z INFO ExtensionManager] Creating instance: GitHub.Runner.Worker.InternalPluginSetRepoPathCommandExtension, Runner.Worker
[2025-09-16 02:16:45Z INFO ExtensionManager] Creating instance: GitHub.Runner.Worker.SetEnvCommandExtension, Runner.Worker
[2025-09-16 02:16:45Z INFO ExtensionManager] Creating instance: GitHub.Runner.Worker.SetOutputCommandExtension, Runner.Worker
[2025-09-16 02:16:45Z INFO ExtensionManager] Creating instance: GitHub.Runner.Worker.SaveStateCommandExtension, Runner.Worker
[2025-09-16 02:16:45Z INFO ExtensionManager] Creating instance: GitHub.Runner.Worker.AddPathCommandExtension, Runner.Worker
[2025-09-16 02:16:45Z INFO ExtensionManager] Creating instance: GitHub.Runner.Worker.AddMaskCommandExtension, Runner.Worker
[2025-09-16 02:16:45Z INFO ExtensionManager] Creating instance: GitHub.Runner.Worker.AddMatcherCommandExtension, Runner.Worker
[2025-09-16 02:16:45Z INFO ExtensionManager] Creating instance: GitHub.Runner.Worker.RemoveMatcherCommandExtension, Runner.Worker
[2025-09-16 02:16:45Z INFO ExtensionManager] Creating instance: GitHub.Runner.Worker.WarningCommandExtension, Runner.Worker
[2025-09-16 02:16:45Z INFO ExtensionManager] Creating instance: GitHub.Runner.Worker.ErrorCommandExtension, Runner.Worker
[2025-09-16 02:16:45Z INFO ExtensionManager] Creating instance: GitHub.Runner.Worker.NoticeCommandExtension, Runner.Worker
[2025-09-16 02:16:45Z INFO ExtensionManager] Creating instance: GitHub.Runner.Worker.DebugCommandExtension, Runner.Worker
[2025-09-16 02:16:45Z INFO ExtensionManager] Creating instance: GitHub.Runner.Worker.GroupCommandExtension, Runner.Worker
[2025-09-16 02:16:45Z INFO ExtensionManager] Creating instance: GitHub.Runner.Worker.EndGroupCommandExtension, Runner.Worker
[2025-09-16 02:16:45Z INFO ExtensionManager] Creating instance: GitHub.Runner.Worker.EchoCommandExtension, Runner.Worker
[2025-09-16 02:16:45Z INFO ActionCommandManager] Register action command extension for command internal-set-repo-path
[2025-09-16 02:16:45Z INFO ActionCommandManager] Register action command extension for command set-env
[2025-09-16 02:16:45Z INFO ActionCommandManager] Register action command extension for command set-output
[2025-09-16 02:16:45Z INFO ActionCommandManager] Register action command extension for command save-state
[2025-09-16 02:16:45Z INFO ActionCommandManager] Register action command extension for command add-path
[2025-09-16 02:16:45Z INFO ActionCommandManager] Register action command extension for command add-mask
[2025-09-16 02:16:45Z INFO ActionCommandManager] Register action command extension for command add-matcher
[2025-09-16 02:16:45Z INFO ActionCommandManager] Register action command extension for command remove-matcher
[2025-09-16 02:16:45Z INFO ActionCommandManager] Register action command extension for command warning
[2025-09-16 02:16:45Z INFO ActionCommandManager] Register action command extension for command error
[2025-09-16 02:16:45Z INFO ActionCommandManager] Register action command extension for command notice
[2025-09-16 02:16:45Z INFO ActionCommandManager] Register action command extension for command debug
[2025-09-16 02:16:45Z INFO ActionCommandManager] Register action command extension for command group
[2025-09-16 02:16:45Z INFO ActionCommandManager] Register action command extension for command endgroup
[2025-09-16 02:16:45Z INFO ActionCommandManager] Register action command extension for command echo
[2025-09-16 02:16:45Z INFO HostContext] Well known directory 'Bin': 'C:\laragon\www\sapapi\actions-runner\bin'
[2025-09-16 02:16:45Z INFO HostContext] Well known directory 'Root': 'C:\laragon\www\sapapi\actions-runner'
[2025-09-16 02:16:45Z INFO HostContext] Well known directory 'Externals': 'C:\laragon\www\sapapi\actions-runner\externals'
[2025-09-16 02:16:45Z INFO ProcessInvokerWrapper] Starting process:
[2025-09-16 02:16:45Z INFO ProcessInvokerWrapper]   File name: 'C:\laragon\www\sapapi\actions-runner\externals\node20\bin\node.exe'
[2025-09-16 02:16:45Z INFO ProcessInvokerWrapper]   Arguments: '"C:\laragon\www\sapapi\actions-runner\_work\_actions\actions\checkout\v4\dist/index.js"'
[2025-09-16 02:16:45Z INFO ProcessInvokerWrapper]   Working directory: 'C:\laragon\www\sapapi\actions-runner\_work\sapapi\sapapi'
[2025-09-16 02:16:45Z INFO ProcessInvokerWrapper]   Require exit code zero: 'False'
[2025-09-16 02:16:45Z INFO ProcessInvokerWrapper]   Encoding web name: utf-8 ; code page: '65001'
[2025-09-16 02:16:45Z INFO ProcessInvokerWrapper]   Force kill process on cancellation: 'False'
[2025-09-16 02:16:45Z INFO ProcessInvokerWrapper]   Redirected STDIN: 'False'
[2025-09-16 02:16:45Z INFO ProcessInvokerWrapper]   Persist current code page: 'True'
[2025-09-16 02:16:45Z INFO ProcessInvokerWrapper]   Keep redirected STDIN open: 'False'
[2025-09-16 02:16:45Z INFO ProcessInvokerWrapper]   High priority process: 'False'
[2025-09-16 02:16:45Z INFO JobServerQueue] Try to append 1 batches web console lines for record '9005d546-dee4-427e-85a3-d5a8a62c5c17', success rate: 1/1.
[2025-09-16 02:16:45Z INFO JobServerQueue] Try to append 1 batches web console lines for record 'b2888e4d-8703-473a-8bcb-73ce30fd5cd0', success rate: 1/1.
[2025-09-16 02:16:46Z INFO JobServerQueue] Got a step log file to send to results service.
[2025-09-16 02:16:46Z INFO JobServerQueue] Starting upload of step log file to results service ResultsLog, C:\laragon\www\sapapi\actions-runner\_diag\blocks\cfb31f24-a8f8-4011-aa30-eaf722464218_9005d546-dee4-427e-85a3-d5a8a62c5c17.1
[2025-09-16 02:16:46Z INFO JobServerQueue] Try to upload 1 log files or attachments, success rate: 1/1.
[2025-09-16 02:16:47Z INFO ProcessInvokerWrapper] Process started with process id 2068, waiting for process exit.
[2025-09-16 02:16:48Z INFO JobServerQueue] Try to append 1 batches web console lines for record 'b2888e4d-8703-473a-8bcb-73ce30fd5cd0', success rate: 1/1.
[2025-09-16 02:16:48Z INFO AddMaskCommandExtension] Add new secret mask with length of 76
[2025-09-16 02:16:48Z INFO JobServerQueue] Try to append 1 batches web console lines for record 'b2888e4d-8703-473a-8bcb-73ce30fd5cd0', success rate: 1/1.
[2025-09-16 02:16:48Z INFO JobServerQueue] Try to append 1 batches web console lines for record 'b2888e4d-8703-473a-8bcb-73ce30fd5cd0', success rate: 1/1.
[2025-09-16 02:16:48Z INFO JobServerQueue] Tried to upload 1 file(s) to results, success rate: 1/1.
[2025-09-16 02:16:49Z INFO JobServerQueue] Try to append 1 batches web console lines for record 'b2888e4d-8703-473a-8bcb-73ce30fd5cd0', success rate: 1/1.
[2025-09-16 02:16:55Z INFO HostContext] Well known directory 'Bin': 'C:\laragon\www\sapapi\actions-runner\bin'
[2025-09-16 02:16:55Z INFO HostContext] Well known directory 'Root': 'C:\laragon\www\sapapi\actions-runner'
[2025-09-16 02:16:55Z INFO HostContext] Well known directory 'Work': 'C:\laragon\www\sapapi\actions-runner\_work'
[2025-09-16 02:16:59Z INFO JobServerQueue] Try to append 1 batches web console lines for record 'b2888e4d-8703-473a-8bcb-73ce30fd5cd0', success rate: 1/1.
[2025-09-16 02:16:59Z INFO JobServerQueue] Try to append 1 batches web console lines for record 'b2888e4d-8703-473a-8bcb-73ce30fd5cd0', success rate: 1/1.
[2025-09-16 02:16:59Z INFO JobServerQueue] Try to append 1 batches web console lines for record 'b2888e4d-8703-473a-8bcb-73ce30fd5cd0', success rate: 1/1.
[2025-09-16 02:17:00Z INFO JobServerQueue] Try to append 1 batches web console lines for record 'b2888e4d-8703-473a-8bcb-73ce30fd5cd0', success rate: 1/1.
[2025-09-16 02:17:01Z INFO JobServerQueue] Try to append 1 batches web console lines for record 'b2888e4d-8703-473a-8bcb-73ce30fd5cd0', success rate: 1/1.
[2025-09-16 02:17:04Z INFO JobServerQueue] Try to append 1 batches web console lines for record 'b2888e4d-8703-473a-8bcb-73ce30fd5cd0', success rate: 1/1.
[2025-09-16 02:17:04Z INFO JobServerQueue] Try to append 1 batches web console lines for record 'b2888e4d-8703-473a-8bcb-73ce30fd5cd0', success rate: 1/1.
[2025-09-16 02:17:04Z INFO ProcessInvokerWrapper] STDOUT/STDERR stream read finished.
[2025-09-16 02:17:04Z INFO ProcessInvokerWrapper] STDOUT/STDERR stream read finished.
[2025-09-16 02:17:04Z INFO ProcessInvokerWrapper] Finished process 2068 with exit code 0, and elapsed time 00:00:18.5759140.
[2025-09-16 02:17:04Z INFO CreateStepSummaryCommand] Step Summary file (C:\laragon\www\sapapi\actions-runner\_work\_temp\_runner_file_commands\step_summary_28d91e62-8040-47ad-8505-dde9dbb76ac9) is empty; skipping attachment upload
[2025-09-16 02:17:04Z INFO StepsRunner] Step result: 
[2025-09-16 02:17:04Z INFO ExecutionContext] Publish step telemetry for current step {
  "action": "actions/checkout",
  "ref": "v4",
  "type": "node20",
  "stage": "Main",
  "stepId": "b2888e4d-8703-473a-8bcb-73ce30fd5cd0",
  "stepContextName": "__actions_checkout",
  "hasPreStep": false,
  "hasPostStep": true,
  "result": "succeeded",
  "errorMessages": [],
  "executionTimeInSeconds": 19,
  "startTime": "2025-09-16T02:16:45.7743838Z",
  "finishTime": "2025-09-16T02:17:04.5081045Z"
}.
[2025-09-16 02:17:04Z INFO StepsRunner] No need for updating job result with current step result 'Succeeded'.
[2025-09-16 02:17:04Z INFO StepsRunner] Current state: job state = ''
[2025-09-16 02:17:04Z INFO StepsRunner] Processing step: DisplayName='Set HOMEPATH for PM2'
[2025-09-16 02:17:04Z INFO StepsRunner] Evaluating: success()
[2025-09-16 02:17:04Z INFO StepsRunner] Result: true
[2025-09-16 02:17:04Z INFO StepsRunner] Starting the step.
[2025-09-16 02:17:04Z INFO HostContext] Well known directory 'Bin': 'C:\laragon\www\sapapi\actions-runner\bin'
[2025-09-16 02:17:04Z INFO HostContext] Well known directory 'Root': 'C:\laragon\www\sapapi\actions-runner'
[2025-09-16 02:17:04Z INFO HostContext] Well known directory 'Work': 'C:\laragon\www\sapapi\actions-runner\_work'
[2025-09-16 02:17:04Z INFO StepsRunner] Which2: 'chcp'
[2025-09-16 02:17:04Z INFO StepsRunner] Location: 'C:\Windows\system32\chcp.COM'
[2025-09-16 02:17:04Z INFO ProcessInvokerWrapper] Starting process:
[2025-09-16 02:17:04Z INFO ProcessInvokerWrapper]   File name: 'C:\Windows\system32\chcp.COM'
[2025-09-16 02:17:04Z INFO ProcessInvokerWrapper]   Arguments: '65001'
[2025-09-16 02:17:04Z INFO ProcessInvokerWrapper]   Working directory: 'C:\laragon\www\sapapi\actions-runner\_work'
[2025-09-16 02:17:04Z INFO ProcessInvokerWrapper]   Require exit code zero: 'False'
[2025-09-16 02:17:04Z INFO ProcessInvokerWrapper]   Encoding web name:  ; code page: ''
[2025-09-16 02:17:04Z INFO ProcessInvokerWrapper]   Force kill process on cancellation: 'False'
[2025-09-16 02:17:04Z INFO ProcessInvokerWrapper]   Redirected STDIN: 'False'
[2025-09-16 02:17:04Z INFO ProcessInvokerWrapper]   Persist current code page: 'True'
[2025-09-16 02:17:04Z INFO ProcessInvokerWrapper]   Keep redirected STDIN open: 'False'
[2025-09-16 02:17:04Z INFO ProcessInvokerWrapper]   High priority process: 'False'
[2025-09-16 02:17:04Z INFO ProcessInvokerWrapper] Process started with process id 33016, waiting for process exit.
[2025-09-16 02:17:04Z INFO ProcessInvokerWrapper] STDOUT/STDERR stream read finished.
[2025-09-16 02:17:04Z INFO ProcessInvokerWrapper] STDOUT/STDERR stream read finished.
[2025-09-16 02:17:04Z INFO ProcessInvokerWrapper] Finished process 33016 with exit code 0, and elapsed time 00:00:00.0080964.
[2025-09-16 02:17:04Z INFO StepsRunner] Successfully returned to code page 65001 (UTF8)
[2025-09-16 02:17:04Z INFO HostContext] Well known directory 'Bin': 'C:\laragon\www\sapapi\actions-runner\bin'
[2025-09-16 02:17:04Z INFO HostContext] Well known directory 'Root': 'C:\laragon\www\sapapi\actions-runner'
[2025-09-16 02:17:04Z INFO HostContext] Well known directory 'Work': 'C:\laragon\www\sapapi\actions-runner\_work'
[2025-09-16 02:17:04Z INFO HostContext] Well known directory 'Temp': 'C:\laragon\www\sapapi\actions-runner\_work\_temp'
[2025-09-16 02:17:04Z INFO ExecutionContext] Write event payload to C:\laragon\www\sapapi\actions-runner\_work\_temp\_github_workflow\event.json
[2025-09-16 02:17:04Z INFO HostContext] Well known directory 'Bin': 'C:\laragon\www\sapapi\actions-runner\bin'
[2025-09-16 02:17:04Z INFO HostContext] Well known directory 'Root': 'C:\laragon\www\sapapi\actions-runner'
[2025-09-16 02:17:04Z INFO HostContext] Well known directory 'Work': 'C:\laragon\www\sapapi\actions-runner\_work'
[2025-09-16 02:17:04Z INFO HostContext] Well known directory 'Temp': 'C:\laragon\www\sapapi\actions-runner\_work\_temp'
[2025-09-16 02:17:04Z INFO ExtensionManager] Getting extensions for interface: 'GitHub.Runner.Worker.IFileCommandExtension'
[2025-09-16 02:17:04Z INFO ExtensionManager] Getting extensions for interface: 'GitHub.Runner.Worker.IActionCommandExtension'
[2025-09-16 02:17:04Z INFO ActionCommandManager] Register action command extension for command internal-set-repo-path
[2025-09-16 02:17:04Z INFO ActionCommandManager] Register action command extension for command set-env
[2025-09-16 02:17:04Z INFO ActionCommandManager] Register action command extension for command set-output
[2025-09-16 02:17:04Z INFO ActionCommandManager] Register action command extension for command save-state
[2025-09-16 02:17:04Z INFO ActionCommandManager] Register action command extension for command add-path
[2025-09-16 02:17:04Z INFO ActionCommandManager] Register action command extension for command add-mask
[2025-09-16 02:17:04Z INFO ActionCommandManager] Register action command extension for command add-matcher
[2025-09-16 02:17:04Z INFO ActionCommandManager] Register action command extension for command remove-matcher
[2025-09-16 02:17:04Z INFO ActionCommandManager] Register action command extension for command warning
[2025-09-16 02:17:04Z INFO ActionCommandManager] Register action command extension for command error
[2025-09-16 02:17:04Z INFO ActionCommandManager] Register action command extension for command notice
[2025-09-16 02:17:04Z INFO ActionCommandManager] Register action command extension for command debug
[2025-09-16 02:17:04Z INFO ActionCommandManager] Register action command extension for command group
[2025-09-16 02:17:04Z INFO ActionCommandManager] Register action command extension for command endgroup
[2025-09-16 02:17:04Z INFO ActionCommandManager] Register action command extension for command echo
[2025-09-16 02:17:04Z INFO ScriptHandler] Which2: 'powershell'
[2025-09-16 02:17:04Z INFO ScriptHandler] Location: 'C:\Windows\System32\WindowsPowerShell\v1.0\powershell.EXE'
[2025-09-16 02:17:04Z INFO HostContext] Well known directory 'Bin': 'C:\laragon\www\sapapi\actions-runner\bin'
[2025-09-16 02:17:04Z INFO HostContext] Well known directory 'Root': 'C:\laragon\www\sapapi\actions-runner'
[2025-09-16 02:17:04Z INFO HostContext] Well known directory 'Work': 'C:\laragon\www\sapapi\actions-runner\_work'
[2025-09-16 02:17:04Z INFO HostContext] Well known directory 'Temp': 'C:\laragon\www\sapapi\actions-runner\_work\_temp'
[2025-09-16 02:17:04Z INFO ScriptHandler] Which2: 'powershell'
[2025-09-16 02:17:04Z INFO ScriptHandler] Location: 'C:\Windows\System32\WindowsPowerShell\v1.0\powershell.EXE'
[2025-09-16 02:17:04Z INFO ProcessInvokerWrapper] Starting process:
[2025-09-16 02:17:04Z INFO ProcessInvokerWrapper]   File name: 'C:\Windows\System32\WindowsPowerShell\v1.0\powershell.EXE'
[2025-09-16 02:17:04Z INFO ProcessInvokerWrapper]   Arguments: '-command ". 'C:\laragon\www\sapapi\actions-runner\_work\_temp\b3f314eb-4cef-41f8-9b8e-90474180becb.ps1'"'
[2025-09-16 02:17:04Z INFO ProcessInvokerWrapper]   Working directory: 'C:\laragon\www\sapapi\actions-runner\_work\sapapi\sapapi'
[2025-09-16 02:17:04Z INFO ProcessInvokerWrapper]   Require exit code zero: 'False'
[2025-09-16 02:17:04Z INFO ProcessInvokerWrapper]   Encoding web name:  ; code page: ''
[2025-09-16 02:17:04Z INFO ProcessInvokerWrapper]   Force kill process on cancellation: 'False'
[2025-09-16 02:17:04Z INFO ProcessInvokerWrapper]   Redirected STDIN: 'False'
[2025-09-16 02:17:04Z INFO ProcessInvokerWrapper]   Persist current code page: 'True'
[2025-09-16 02:17:04Z INFO ProcessInvokerWrapper]   Keep redirected STDIN open: 'False'
[2025-09-16 02:17:04Z INFO ProcessInvokerWrapper]   High priority process: 'False'
[2025-09-16 02:17:04Z INFO ProcessInvokerWrapper] Process started with process id 27152, waiting for process exit.
[2025-09-16 02:17:04Z INFO JobServerQueue] Try to append 1 batches web console lines for record 'b2888e4d-8703-473a-8bcb-73ce30fd5cd0', success rate: 1/1.
[2025-09-16 02:17:04Z INFO JobServerQueue] Try to append 1 batches web console lines for record '3cac2d0b-40ff-4372-b648-9a1cafa4b703', success rate: 1/1.
[2025-09-16 02:17:04Z INFO JobServerQueue] Got a step log file to send to results service.
[2025-09-16 02:17:04Z INFO JobServerQueue] Starting upload of step log file to results service ResultsLog, C:\laragon\www\sapapi\actions-runner\_diag\blocks\cfb31f24-a8f8-4011-aa30-eaf722464218_b2888e4d-8703-473a-8bcb-73ce30fd5cd0.1
[2025-09-16 02:17:05Z INFO JobServerQueue] Try to upload 1 log files or attachments, success rate: 1/1.
[2025-09-16 02:17:05Z INFO ProcessInvokerWrapper] STDOUT/STDERR stream read finished.
[2025-09-16 02:17:05Z INFO ProcessInvokerWrapper] STDOUT/STDERR stream read finished.
[2025-09-16 02:17:05Z INFO ProcessInvokerWrapper] Finished process 27152 with exit code 0, and elapsed time 00:00:01.0985096.
[2025-09-16 02:17:05Z INFO CreateStepSummaryCommand] Step Summary file (C:\laragon\www\sapapi\actions-runner\_work\_temp\_runner_file_commands\step_summary_1354f9d3-a779-4d6c-af4f-c3fd64f97163) is empty; skipping attachment upload
[2025-09-16 02:17:05Z INFO StepsRunner] Step result: 
[2025-09-16 02:17:05Z INFO ExecutionContext] Publish step telemetry for current step {
  "action": "powershell",
  "type": "run",
  "stage": "Main",
  "stepId": "3cac2d0b-40ff-4372-b648-9a1cafa4b703",
  "stepContextName": "__run",
  "result": "succeeded",
  "errorMessages": [],
  "executionTimeInSeconds": 2,
  "startTime": "2025-09-16T02:17:04.5090696Z",
  "finishTime": "2025-09-16T02:17:05.6449557Z"
}.
[2025-09-16 02:17:05Z INFO StepsRunner] No need for updating job result with current step result 'Succeeded'.
[2025-09-16 02:17:05Z INFO StepsRunner] Current state: job state = ''
[2025-09-16 02:17:05Z INFO StepsRunner] Processing step: DisplayName='Add npm global to PATH'
[2025-09-16 02:17:05Z INFO StepsRunner] Evaluating: success()
[2025-09-16 02:17:05Z INFO StepsRunner] Result: true
[2025-09-16 02:17:05Z INFO StepsRunner] Starting the step.
[2025-09-16 02:17:05Z INFO HostContext] Well known directory 'Bin': 'C:\laragon\www\sapapi\actions-runner\bin'
[2025-09-16 02:17:05Z INFO HostContext] Well known directory 'Root': 'C:\laragon\www\sapapi\actions-runner'
[2025-09-16 02:17:05Z INFO HostContext] Well known directory 'Work': 'C:\laragon\www\sapapi\actions-runner\_work'
[2025-09-16 02:17:05Z INFO StepsRunner] Which2: 'chcp'
[2025-09-16 02:17:05Z INFO StepsRunner] Location: 'C:\Windows\system32\chcp.COM'
[2025-09-16 02:17:05Z INFO ProcessInvokerWrapper] Starting process:
[2025-09-16 02:17:05Z INFO ProcessInvokerWrapper]   File name: 'C:\Windows\system32\chcp.COM'
[2025-09-16 02:17:05Z INFO ProcessInvokerWrapper]   Arguments: '65001'
[2025-09-16 02:17:05Z INFO ProcessInvokerWrapper]   Working directory: 'C:\laragon\www\sapapi\actions-runner\_work'
[2025-09-16 02:17:05Z INFO ProcessInvokerWrapper]   Require exit code zero: 'False'
[2025-09-16 02:17:05Z INFO ProcessInvokerWrapper]   Encoding web name:  ; code page: ''
[2025-09-16 02:17:05Z INFO ProcessInvokerWrapper]   Force kill process on cancellation: 'False'
[2025-09-16 02:17:05Z INFO ProcessInvokerWrapper]   Redirected STDIN: 'False'
[2025-09-16 02:17:05Z INFO ProcessInvokerWrapper]   Persist current code page: 'True'
[2025-09-16 02:17:05Z INFO ProcessInvokerWrapper]   Keep redirected STDIN open: 'False'
[2025-09-16 02:17:05Z INFO ProcessInvokerWrapper]   High priority process: 'False'
[2025-09-16 02:17:05Z INFO ProcessInvokerWrapper] Process started with process id 27836, waiting for process exit.
[2025-09-16 02:17:05Z INFO ProcessInvokerWrapper] STDOUT/STDERR stream read finished.
[2025-09-16 02:17:05Z INFO ProcessInvokerWrapper] STDOUT/STDERR stream read finished.
[2025-09-16 02:17:05Z INFO ProcessInvokerWrapper] Finished process 27836 with exit code 0, and elapsed time 00:00:00.0215815.
[2025-09-16 02:17:05Z INFO StepsRunner] Successfully returned to code page 65001 (UTF8)
[2025-09-16 02:17:05Z INFO HostContext] Well known directory 'Bin': 'C:\laragon\www\sapapi\actions-runner\bin'
[2025-09-16 02:17:05Z INFO HostContext] Well known directory 'Root': 'C:\laragon\www\sapapi\actions-runner'
[2025-09-16 02:17:05Z INFO HostContext] Well known directory 'Work': 'C:\laragon\www\sapapi\actions-runner\_work'
[2025-09-16 02:17:05Z INFO HostContext] Well known directory 'Temp': 'C:\laragon\www\sapapi\actions-runner\_work\_temp'
[2025-09-16 02:17:05Z INFO ExecutionContext] Write event payload to C:\laragon\www\sapapi\actions-runner\_work\_temp\_github_workflow\event.json
[2025-09-16 02:17:05Z INFO HostContext] Well known directory 'Bin': 'C:\laragon\www\sapapi\actions-runner\bin'
[2025-09-16 02:17:05Z INFO HostContext] Well known directory 'Root': 'C:\laragon\www\sapapi\actions-runner'
[2025-09-16 02:17:05Z INFO HostContext] Well known directory 'Work': 'C:\laragon\www\sapapi\actions-runner\_work'
[2025-09-16 02:17:05Z INFO HostContext] Well known directory 'Temp': 'C:\laragon\www\sapapi\actions-runner\_work\_temp'
[2025-09-16 02:17:05Z INFO ExtensionManager] Getting extensions for interface: 'GitHub.Runner.Worker.IFileCommandExtension'
[2025-09-16 02:17:05Z INFO ExtensionManager] Getting extensions for interface: 'GitHub.Runner.Worker.IActionCommandExtension'
[2025-09-16 02:17:05Z INFO ActionCommandManager] Register action command extension for command internal-set-repo-path
[2025-09-16 02:17:05Z INFO ActionCommandManager] Register action command extension for command set-env
[2025-09-16 02:17:05Z INFO ActionCommandManager] Register action command extension for command set-output
[2025-09-16 02:17:05Z INFO ActionCommandManager] Register action command extension for command save-state
[2025-09-16 02:17:05Z INFO ActionCommandManager] Register action command extension for command add-path
[2025-09-16 02:17:05Z INFO ActionCommandManager] Register action command extension for command add-mask
[2025-09-16 02:17:05Z INFO ActionCommandManager] Register action command extension for command add-matcher
[2025-09-16 02:17:05Z INFO ActionCommandManager] Register action command extension for command remove-matcher
[2025-09-16 02:17:05Z INFO ActionCommandManager] Register action command extension for command warning
[2025-09-16 02:17:05Z INFO ActionCommandManager] Register action command extension for command error
[2025-09-16 02:17:05Z INFO ActionCommandManager] Register action command extension for command notice
[2025-09-16 02:17:05Z INFO ActionCommandManager] Register action command extension for command debug
[2025-09-16 02:17:05Z INFO ActionCommandManager] Register action command extension for command group
[2025-09-16 02:17:05Z INFO ActionCommandManager] Register action command extension for command endgroup
[2025-09-16 02:17:05Z INFO ActionCommandManager] Register action command extension for command echo
[2025-09-16 02:17:05Z INFO ScriptHandler] Which2: 'powershell'
[2025-09-16 02:17:05Z INFO ScriptHandler] Location: 'C:\Windows\System32\WindowsPowerShell\v1.0\powershell.EXE'
[2025-09-16 02:17:05Z INFO HostContext] Well known directory 'Bin': 'C:\laragon\www\sapapi\actions-runner\bin'
[2025-09-16 02:17:05Z INFO HostContext] Well known directory 'Root': 'C:\laragon\www\sapapi\actions-runner'
[2025-09-16 02:17:05Z INFO HostContext] Well known directory 'Work': 'C:\laragon\www\sapapi\actions-runner\_work'
[2025-09-16 02:17:05Z INFO HostContext] Well known directory 'Temp': 'C:\laragon\www\sapapi\actions-runner\_work\_temp'
[2025-09-16 02:17:05Z INFO ScriptHandler] Which2: 'powershell'
[2025-09-16 02:17:05Z INFO ScriptHandler] Location: 'C:\Windows\System32\WindowsPowerShell\v1.0\powershell.EXE'
[2025-09-16 02:17:05Z INFO ProcessInvokerWrapper] Starting process:
[2025-09-16 02:17:05Z INFO ProcessInvokerWrapper]   File name: 'C:\Windows\System32\WindowsPowerShell\v1.0\powershell.EXE'
[2025-09-16 02:17:05Z INFO ProcessInvokerWrapper]   Arguments: '-command ". 'C:\laragon\www\sapapi\actions-runner\_work\_temp\bed930db-16ec-4531-9e9f-e0e991e3a7ad.ps1'"'
[2025-09-16 02:17:05Z INFO ProcessInvokerWrapper]   Working directory: 'C:\laragon\www\sapapi\actions-runner\_work\sapapi\sapapi'
[2025-09-16 02:17:05Z INFO ProcessInvokerWrapper]   Require exit code zero: 'False'
[2025-09-16 02:17:05Z INFO ProcessInvokerWrapper]   Encoding web name:  ; code page: ''
[2025-09-16 02:17:05Z INFO ProcessInvokerWrapper]   Force kill process on cancellation: 'False'
[2025-09-16 02:17:05Z INFO ProcessInvokerWrapper]   Redirected STDIN: 'False'
[2025-09-16 02:17:05Z INFO ProcessInvokerWrapper]   Persist current code page: 'True'
[2025-09-16 02:17:05Z INFO ProcessInvokerWrapper]   Keep redirected STDIN open: 'False'
[2025-09-16 02:17:05Z INFO ProcessInvokerWrapper]   High priority process: 'False'
[2025-09-16 02:17:05Z INFO ProcessInvokerWrapper] Process started with process id 29684, waiting for process exit.
[2025-09-16 02:17:05Z INFO JobServerQueue] Try to append 1 batches web console lines for record '42077363-cbe7-4416-a7d0-4aadec2ca1ed', success rate: 1/1.
[2025-09-16 02:17:05Z INFO HostContext] Well known directory 'Bin': 'C:\laragon\www\sapapi\actions-runner\bin'
[2025-09-16 02:17:05Z INFO HostContext] Well known directory 'Root': 'C:\laragon\www\sapapi\actions-runner'
[2025-09-16 02:17:05Z INFO HostContext] Well known directory 'Work': 'C:\laragon\www\sapapi\actions-runner\_work'
[2025-09-16 02:17:05Z INFO JobServerQueue] Tried to upload 1 file(s) to results, success rate: 1/1.
[2025-09-16 02:17:06Z INFO ProcessInvokerWrapper] STDOUT/STDERR stream read finished.
[2025-09-16 02:17:06Z INFO ProcessInvokerWrapper] STDOUT/STDERR stream read finished.
[2025-09-16 02:17:06Z INFO ProcessInvokerWrapper] Finished process 29684 with exit code 0, and elapsed time 00:00:00.3723473.
[2025-09-16 02:17:06Z INFO CreateStepSummaryCommand] Step Summary file (C:\laragon\www\sapapi\actions-runner\_work\_temp\_runner_file_commands\step_summary_40cf00f1-4326-478e-bca0-4c699f63d9e0) is empty; skipping attachment upload
[2025-09-16 02:17:06Z INFO StepsRunner] Step result: 
[2025-09-16 02:17:06Z INFO ExecutionContext] Publish step telemetry for current step {
  "action": "powershell",
  "type": "run",
  "stage": "Main",
  "stepId": "42077363-cbe7-4416-a7d0-4aadec2ca1ed",
  "stepContextName": "__run_2",
  "result": "succeeded",
  "errorMessages": [],
  "executionTimeInSeconds": 1,
  "startTime": "2025-09-16T02:17:05.646798Z",
  "finishTime": "2025-09-16T02:17:06.0681932Z"
}.
[2025-09-16 02:17:06Z INFO StepsRunner] No need for updating job result with current step result 'Succeeded'.
[2025-09-16 02:17:06Z INFO StepsRunner] Current state: job state = ''
[2025-09-16 02:17:06Z INFO StepsRunner] Processing step: DisplayName='Install PM2 and dependencies'
[2025-09-16 02:17:06Z INFO StepsRunner] Evaluating: success()
[2025-09-16 02:17:06Z INFO StepsRunner] Result: true
[2025-09-16 02:17:06Z INFO StepsRunner] Starting the step.
[2025-09-16 02:17:06Z INFO HostContext] Well known directory 'Bin': 'C:\laragon\www\sapapi\actions-runner\bin'
[2025-09-16 02:17:06Z INFO HostContext] Well known directory 'Root': 'C:\laragon\www\sapapi\actions-runner'
[2025-09-16 02:17:06Z INFO HostContext] Well known directory 'Work': 'C:\laragon\www\sapapi\actions-runner\_work'
[2025-09-16 02:17:06Z INFO StepsRunner] Which2: 'chcp'
[2025-09-16 02:17:06Z INFO StepsRunner] Location: 'C:\Windows\system32\chcp.COM'
[2025-09-16 02:17:06Z INFO ProcessInvokerWrapper] Starting process:
[2025-09-16 02:17:06Z INFO ProcessInvokerWrapper]   File name: 'C:\Windows\system32\chcp.COM'
[2025-09-16 02:17:06Z INFO ProcessInvokerWrapper]   Arguments: '65001'
[2025-09-16 02:17:06Z INFO ProcessInvokerWrapper]   Working directory: 'C:\laragon\www\sapapi\actions-runner\_work'
[2025-09-16 02:17:06Z INFO ProcessInvokerWrapper]   Require exit code zero: 'False'
[2025-09-16 02:17:06Z INFO ProcessInvokerWrapper]   Encoding web name:  ; code page: ''
[2025-09-16 02:17:06Z INFO ProcessInvokerWrapper]   Force kill process on cancellation: 'False'
[2025-09-16 02:17:06Z INFO ProcessInvokerWrapper]   Redirected STDIN: 'False'
[2025-09-16 02:17:06Z INFO ProcessInvokerWrapper]   Persist current code page: 'True'
[2025-09-16 02:17:06Z INFO ProcessInvokerWrapper]   Keep redirected STDIN open: 'False'
[2025-09-16 02:17:06Z INFO ProcessInvokerWrapper]   High priority process: 'False'
[2025-09-16 02:17:06Z INFO ProcessInvokerWrapper] Process started with process id 26848, waiting for process exit.
[2025-09-16 02:17:06Z INFO ProcessInvokerWrapper] STDOUT/STDERR stream read finished.
[2025-09-16 02:17:06Z INFO ProcessInvokerWrapper] STDOUT/STDERR stream read finished.
[2025-09-16 02:17:06Z INFO ProcessInvokerWrapper] Finished process 26848 with exit code 0, and elapsed time 00:00:00.0094681.
[2025-09-16 02:17:06Z INFO StepsRunner] Successfully returned to code page 65001 (UTF8)
[2025-09-16 02:17:06Z INFO HostContext] Well known directory 'Bin': 'C:\laragon\www\sapapi\actions-runner\bin'
[2025-09-16 02:17:06Z INFO HostContext] Well known directory 'Root': 'C:\laragon\www\sapapi\actions-runner'
[2025-09-16 02:17:06Z INFO HostContext] Well known directory 'Work': 'C:\laragon\www\sapapi\actions-runner\_work'
[2025-09-16 02:17:06Z INFO HostContext] Well known directory 'Temp': 'C:\laragon\www\sapapi\actions-runner\_work\_temp'
[2025-09-16 02:17:06Z INFO ExecutionContext] Write event payload to C:\laragon\www\sapapi\actions-runner\_work\_temp\_github_workflow\event.json
[2025-09-16 02:17:06Z INFO HostContext] Well known directory 'Bin': 'C:\laragon\www\sapapi\actions-runner\bin'
[2025-09-16 02:17:06Z INFO HostContext] Well known directory 'Root': 'C:\laragon\www\sapapi\actions-runner'
[2025-09-16 02:17:06Z INFO HostContext] Well known directory 'Work': 'C:\laragon\www\sapapi\actions-runner\_work'
[2025-09-16 02:17:06Z INFO HostContext] Well known directory 'Temp': 'C:\laragon\www\sapapi\actions-runner\_work\_temp'
[2025-09-16 02:17:06Z INFO ExtensionManager] Getting extensions for interface: 'GitHub.Runner.Worker.IFileCommandExtension'
[2025-09-16 02:17:06Z INFO ExtensionManager] Getting extensions for interface: 'GitHub.Runner.Worker.IActionCommandExtension'
[2025-09-16 02:17:06Z INFO ActionCommandManager] Register action command extension for command internal-set-repo-path
[2025-09-16 02:17:06Z INFO ActionCommandManager] Register action command extension for command set-env
[2025-09-16 02:17:06Z INFO ActionCommandManager] Register action command extension for command set-output
[2025-09-16 02:17:06Z INFO ActionCommandManager] Register action command extension for command save-state
[2025-09-16 02:17:06Z INFO ActionCommandManager] Register action command extension for command add-path
[2025-09-16 02:17:06Z INFO ActionCommandManager] Register action command extension for command add-mask
[2025-09-16 02:17:06Z INFO ActionCommandManager] Register action command extension for command add-matcher
[2025-09-16 02:17:06Z INFO ActionCommandManager] Register action command extension for command remove-matcher
[2025-09-16 02:17:06Z INFO ActionCommandManager] Register action command extension for command warning
[2025-09-16 02:17:06Z INFO ActionCommandManager] Register action command extension for command error
[2025-09-16 02:17:06Z INFO ActionCommandManager] Register action command extension for command notice
[2025-09-16 02:17:06Z INFO ActionCommandManager] Register action command extension for command debug
[2025-09-16 02:17:06Z INFO ActionCommandManager] Register action command extension for command group
[2025-09-16 02:17:06Z INFO ActionCommandManager] Register action command extension for command endgroup
[2025-09-16 02:17:06Z INFO ActionCommandManager] Register action command extension for command echo
[2025-09-16 02:17:06Z INFO ScriptHandler] Which2: 'pwsh'
[2025-09-16 02:17:06Z INFO ScriptHandler] pwsh: command not found. Make sure 'pwsh' is installed and its location included in the 'Path' environment variable.
[2025-09-16 02:17:06Z INFO ScriptHandler] Defaulting to powershell
[2025-09-16 02:17:06Z INFO ScriptHandler] Which2: 'powershell'
[2025-09-16 02:17:06Z INFO ScriptHandler] Location: 'C:\Windows\System32\WindowsPowerShell\v1.0\powershell.EXE'
[2025-09-16 02:17:06Z INFO HostContext] Well known directory 'Bin': 'C:\laragon\www\sapapi\actions-runner\bin'
[2025-09-16 02:17:06Z INFO HostContext] Well known directory 'Root': 'C:\laragon\www\sapapi\actions-runner'
[2025-09-16 02:17:06Z INFO HostContext] Well known directory 'Work': 'C:\laragon\www\sapapi\actions-runner\_work'
[2025-09-16 02:17:06Z INFO HostContext] Well known directory 'Temp': 'C:\laragon\www\sapapi\actions-runner\_work\_temp'
[2025-09-16 02:17:06Z INFO ScriptHandler] Which2: 'pwsh'
[2025-09-16 02:17:06Z INFO ScriptHandler] pwsh: command not found. Make sure 'pwsh' is installed and its location included in the 'Path' environment variable.
[2025-09-16 02:17:06Z INFO ScriptHandler] Defaulting to powershell
[2025-09-16 02:17:06Z INFO ScriptHandler] Which2: 'powershell'
[2025-09-16 02:17:06Z INFO ScriptHandler] Location: 'C:\Windows\System32\WindowsPowerShell\v1.0\powershell.EXE'
[2025-09-16 02:17:06Z INFO ProcessInvokerWrapper] Starting process:
[2025-09-16 02:17:06Z INFO ProcessInvokerWrapper]   File name: 'C:\Windows\System32\WindowsPowerShell\v1.0\powershell.EXE'
[2025-09-16 02:17:06Z INFO ProcessInvokerWrapper]   Arguments: '-command ". 'C:\laragon\www\sapapi\actions-runner\_work\_temp\87bc8c76-81fe-4fac-bf98-eee21e3fab26.ps1'"'
[2025-09-16 02:17:06Z INFO ProcessInvokerWrapper]   Working directory: 'C:\laragon\www\sapapi\actions-runner\_work\sapapi\sapapi'
[2025-09-16 02:17:06Z INFO ProcessInvokerWrapper]   Require exit code zero: 'False'
[2025-09-16 02:17:06Z INFO ProcessInvokerWrapper]   Encoding web name:  ; code page: ''
[2025-09-16 02:17:06Z INFO ProcessInvokerWrapper]   Force kill process on cancellation: 'False'
[2025-09-16 02:17:06Z INFO ProcessInvokerWrapper]   Redirected STDIN: 'False'
[2025-09-16 02:17:06Z INFO ProcessInvokerWrapper]   Persist current code page: 'True'
[2025-09-16 02:17:06Z INFO ProcessInvokerWrapper]   Keep redirected STDIN open: 'False'
[2025-09-16 02:17:06Z INFO ProcessInvokerWrapper]   High priority process: 'False'
[2025-09-16 02:17:06Z INFO ProcessInvokerWrapper] Process started with process id 34652, waiting for process exit.
[2025-09-16 02:17:06Z INFO JobServerQueue] Try to append 1 batches web console lines for record '42d9f8c1-bf62-4a9f-9d72-7f3a2d8f177c', success rate: 1/1.
[2025-09-16 02:17:06Z INFO JobServerQueue] Try to upload 2 log files or attachments, success rate: 2/2.
[2025-09-16 02:17:06Z INFO JobServerQueue] Got a step log file to send to results service.
[2025-09-16 02:17:06Z INFO JobServerQueue] Starting upload of step log file to results service ResultsLog, C:\laragon\www\sapapi\actions-runner\_diag\blocks\cfb31f24-a8f8-4011-aa30-eaf722464218_3cac2d0b-40ff-4372-b648-9a1cafa4b703.1
[2025-09-16 02:17:08Z INFO JobServerQueue] Got a step log file to send to results service.
[2025-09-16 02:17:08Z INFO JobServerQueue] Starting upload of step log file to results service ResultsLog, C:\laragon\www\sapapi\actions-runner\_diag\blocks\cfb31f24-a8f8-4011-aa30-eaf722464218_42077363-cbe7-4416-a7d0-4aadec2ca1ed.1
[2025-09-16 02:17:09Z INFO JobServerQueue] Tried to upload 2 file(s) to results, success rate: 2/2.
[2025-09-16 02:17:12Z INFO JobServerQueue] Try to append 1 batches web console lines for record '42d9f8c1-bf62-4a9f-9d72-7f3a2d8f177c', success rate: 1/1.
[2025-09-16 02:17:14Z INFO JobServerQueue] Try to append 1 batches web console lines for record '42d9f8c1-bf62-4a9f-9d72-7f3a2d8f177c', success rate: 1/1.
[2025-09-16 02:17:15Z INFO HostContext] Well known directory 'Bin': 'C:\laragon\www\sapapi\actions-runner\bin'
[2025-09-16 02:17:15Z INFO HostContext] Well known directory 'Root': 'C:\laragon\www\sapapi\actions-runner'
[2025-09-16 02:17:15Z INFO HostContext] Well known directory 'Work': 'C:\laragon\www\sapapi\actions-runner\_work'
[2025-09-16 02:17:19Z INFO JobServerQueue] Try to append 1 batches web console lines for record '42d9f8c1-bf62-4a9f-9d72-7f3a2d8f177c', success rate: 1/1.
[2025-09-16 02:17:25Z INFO HostContext] Well known directory 'Bin': 'C:\laragon\www\sapapi\actions-runner\bin'
[2025-09-16 02:17:25Z INFO HostContext] Well known directory 'Root': 'C:\laragon\www\sapapi\actions-runner'
[2025-09-16 02:17:25Z INFO HostContext] Well known directory 'Work': 'C:\laragon\www\sapapi\actions-runner\_work'
[2025-09-16 02:17:35Z INFO HostContext] Well known directory 'Bin': 'C:\laragon\www\sapapi\actions-runner\bin'
[2025-09-16 02:17:35Z INFO HostContext] Well known directory 'Root': 'C:\laragon\www\sapapi\actions-runner'
[2025-09-16 02:17:35Z INFO HostContext] Well known directory 'Work': 'C:\laragon\www\sapapi\actions-runner\_work'
[2025-09-16 02:17:37Z INFO JobServerQueue] Try to append 1 batches web console lines for record '42d9f8c1-bf62-4a9f-9d72-7f3a2d8f177c', success rate: 1/1.
[2025-09-16 02:17:37Z INFO ProcessInvokerWrapper] STDOUT/STDERR stream read finished.
[2025-09-16 02:17:37Z INFO ProcessInvokerWrapper] STDOUT/STDERR stream read finished.
[2025-09-16 02:17:37Z INFO ProcessInvokerWrapper] Finished process 34652 with exit code 0, and elapsed time 00:00:31.0922786.
[2025-09-16 02:17:37Z INFO CreateStepSummaryCommand] Step Summary file (C:\laragon\www\sapapi\actions-runner\_work\_temp\_runner_file_commands\step_summary_e7ccbdd5-05cc-444d-9c26-89164da9b8ee) is empty; skipping attachment upload
[2025-09-16 02:17:37Z INFO StepsRunner] Step result: 
[2025-09-16 02:17:37Z INFO ExecutionContext] Publish step telemetry for current step {
  "action": "powershell",
  "type": "run",
  "stage": "Main",
  "stepId": "42d9f8c1-bf62-4a9f-9d72-7f3a2d8f177c",
  "stepContextName": "__run_3",
  "result": "succeeded",
  "errorMessages": [],
  "executionTimeInSeconds": 32,
  "startTime": "2025-09-16T02:17:06.0690416Z",
  "finishTime": "2025-09-16T02:17:37.2058075Z"
}.
[2025-09-16 02:17:37Z INFO StepsRunner] No need for updating job result with current step result 'Succeeded'.
[2025-09-16 02:17:37Z INFO StepsRunner] Current state: job state = ''
[2025-09-16 02:17:37Z INFO StepsRunner] Processing step: DisplayName='Delete existing PM2 processes'
[2025-09-16 02:17:37Z INFO StepsRunner] Evaluating: success()
[2025-09-16 02:17:37Z INFO StepsRunner] Result: true
[2025-09-16 02:17:37Z INFO StepsRunner] Starting the step.
[2025-09-16 02:17:37Z INFO HostContext] Well known directory 'Bin': 'C:\laragon\www\sapapi\actions-runner\bin'
[2025-09-16 02:17:37Z INFO HostContext] Well known directory 'Root': 'C:\laragon\www\sapapi\actions-runner'
[2025-09-16 02:17:37Z INFO HostContext] Well known directory 'Work': 'C:\laragon\www\sapapi\actions-runner\_work'
[2025-09-16 02:17:37Z INFO StepsRunner] Which2: 'chcp'
[2025-09-16 02:17:37Z INFO StepsRunner] Location: 'C:\Windows\system32\chcp.COM'
[2025-09-16 02:17:37Z INFO ProcessInvokerWrapper] Starting process:
[2025-09-16 02:17:37Z INFO ProcessInvokerWrapper]   File name: 'C:\Windows\system32\chcp.COM'
[2025-09-16 02:17:37Z INFO ProcessInvokerWrapper]   Arguments: '65001'
[2025-09-16 02:17:37Z INFO ProcessInvokerWrapper]   Working directory: 'C:\laragon\www\sapapi\actions-runner\_work'
[2025-09-16 02:17:37Z INFO ProcessInvokerWrapper]   Require exit code zero: 'False'
[2025-09-16 02:17:37Z INFO ProcessInvokerWrapper]   Encoding web name:  ; code page: ''
[2025-09-16 02:17:37Z INFO ProcessInvokerWrapper]   Force kill process on cancellation: 'False'
[2025-09-16 02:17:37Z INFO ProcessInvokerWrapper]   Redirected STDIN: 'False'
[2025-09-16 02:17:37Z INFO ProcessInvokerWrapper]   Persist current code page: 'True'
[2025-09-16 02:17:37Z INFO ProcessInvokerWrapper]   Keep redirected STDIN open: 'False'
[2025-09-16 02:17:37Z INFO ProcessInvokerWrapper]   High priority process: 'False'
[2025-09-16 02:17:37Z INFO ProcessInvokerWrapper] Process started with process id 30968, waiting for process exit.
[2025-09-16 02:17:37Z INFO ProcessInvokerWrapper] STDOUT/STDERR stream read finished.
[2025-09-16 02:17:37Z INFO ProcessInvokerWrapper] STDOUT/STDERR stream read finished.
[2025-09-16 02:17:37Z INFO ProcessInvokerWrapper] Finished process 30968 with exit code 0, and elapsed time 00:00:00.0193873.
[2025-09-16 02:17:37Z INFO StepsRunner] Successfully returned to code page 65001 (UTF8)
[2025-09-16 02:17:37Z INFO HostContext] Well known directory 'Bin': 'C:\laragon\www\sapapi\actions-runner\bin'
[2025-09-16 02:17:37Z INFO HostContext] Well known directory 'Root': 'C:\laragon\www\sapapi\actions-runner'
[2025-09-16 02:17:37Z INFO HostContext] Well known directory 'Work': 'C:\laragon\www\sapapi\actions-runner\_work'
[2025-09-16 02:17:37Z INFO HostContext] Well known directory 'Temp': 'C:\laragon\www\sapapi\actions-runner\_work\_temp'
[2025-09-16 02:17:37Z INFO ExecutionContext] Write event payload to C:\laragon\www\sapapi\actions-runner\_work\_temp\_github_workflow\event.json
[2025-09-16 02:17:37Z INFO HostContext] Well known directory 'Bin': 'C:\laragon\www\sapapi\actions-runner\bin'
[2025-09-16 02:17:37Z INFO HostContext] Well known directory 'Root': 'C:\laragon\www\sapapi\actions-runner'
[2025-09-16 02:17:37Z INFO HostContext] Well known directory 'Work': 'C:\laragon\www\sapapi\actions-runner\_work'
[2025-09-16 02:17:37Z INFO HostContext] Well known directory 'Temp': 'C:\laragon\www\sapapi\actions-runner\_work\_temp'
[2025-09-16 02:17:37Z INFO ExtensionManager] Getting extensions for interface: 'GitHub.Runner.Worker.IFileCommandExtension'
[2025-09-16 02:17:37Z INFO ExtensionManager] Getting extensions for interface: 'GitHub.Runner.Worker.IActionCommandExtension'
[2025-09-16 02:17:37Z INFO ActionCommandManager] Register action command extension for command internal-set-repo-path
[2025-09-16 02:17:37Z INFO ActionCommandManager] Register action command extension for command set-env
[2025-09-16 02:17:37Z INFO ActionCommandManager] Register action command extension for command set-output
[2025-09-16 02:17:37Z INFO ActionCommandManager] Register action command extension for command save-state
[2025-09-16 02:17:37Z INFO ActionCommandManager] Register action command extension for command add-path
[2025-09-16 02:17:37Z INFO ActionCommandManager] Register action command extension for command add-mask
[2025-09-16 02:17:37Z INFO ActionCommandManager] Register action command extension for command add-matcher
[2025-09-16 02:17:37Z INFO ActionCommandManager] Register action command extension for command remove-matcher
[2025-09-16 02:17:37Z INFO ActionCommandManager] Register action command extension for command warning
[2025-09-16 02:17:37Z INFO ActionCommandManager] Register action command extension for command error
[2025-09-16 02:17:37Z INFO ActionCommandManager] Register action command extension for command notice
[2025-09-16 02:17:37Z INFO ActionCommandManager] Register action command extension for command debug
[2025-09-16 02:17:37Z INFO ActionCommandManager] Register action command extension for command group
[2025-09-16 02:17:37Z INFO ActionCommandManager] Register action command extension for command endgroup
[2025-09-16 02:17:37Z INFO ActionCommandManager] Register action command extension for command echo
[2025-09-16 02:17:37Z INFO ScriptHandler] Which2: 'pwsh'
[2025-09-16 02:17:37Z INFO ScriptHandler] pwsh: command not found. Make sure 'pwsh' is installed and its location included in the 'Path' environment variable.
[2025-09-16 02:17:37Z INFO ScriptHandler] Defaulting to powershell
[2025-09-16 02:17:37Z INFO ScriptHandler] Which2: 'powershell'
[2025-09-16 02:17:37Z INFO ScriptHandler] Location: 'C:\Windows\System32\WindowsPowerShell\v1.0\powershell.EXE'
[2025-09-16 02:17:37Z INFO HostContext] Well known directory 'Bin': 'C:\laragon\www\sapapi\actions-runner\bin'
[2025-09-16 02:17:37Z INFO HostContext] Well known directory 'Root': 'C:\laragon\www\sapapi\actions-runner'
[2025-09-16 02:17:37Z INFO HostContext] Well known directory 'Work': 'C:\laragon\www\sapapi\actions-runner\_work'
[2025-09-16 02:17:37Z INFO HostContext] Well known directory 'Temp': 'C:\laragon\www\sapapi\actions-runner\_work\_temp'
[2025-09-16 02:17:37Z INFO ScriptHandler] Which2: 'pwsh'
[2025-09-16 02:17:37Z INFO ScriptHandler] pwsh: command not found. Make sure 'pwsh' is installed and its location included in the 'Path' environment variable.
[2025-09-16 02:17:37Z INFO ScriptHandler] Defaulting to powershell
[2025-09-16 02:17:37Z INFO ScriptHandler] Which2: 'powershell'
[2025-09-16 02:17:37Z INFO ScriptHandler] Location: 'C:\Windows\System32\WindowsPowerShell\v1.0\powershell.EXE'
[2025-09-16 02:17:37Z INFO ProcessInvokerWrapper] Starting process:
[2025-09-16 02:17:37Z INFO ProcessInvokerWrapper]   File name: 'C:\Windows\System32\WindowsPowerShell\v1.0\powershell.EXE'
[2025-09-16 02:17:37Z INFO ProcessInvokerWrapper]   Arguments: '-command ". 'C:\laragon\www\sapapi\actions-runner\_work\_temp\1d251650-c3b2-4b67-a92b-14edb162d105.ps1'"'
[2025-09-16 02:17:37Z INFO ProcessInvokerWrapper]   Working directory: 'C:\laragon\www\sapapi\actions-runner\_work\sapapi\sapapi'
[2025-09-16 02:17:37Z INFO ProcessInvokerWrapper]   Require exit code zero: 'False'
[2025-09-16 02:17:37Z INFO ProcessInvokerWrapper]   Encoding web name:  ; code page: ''
[2025-09-16 02:17:37Z INFO ProcessInvokerWrapper]   Force kill process on cancellation: 'False'
[2025-09-16 02:17:37Z INFO ProcessInvokerWrapper]   Redirected STDIN: 'False'
[2025-09-16 02:17:37Z INFO ProcessInvokerWrapper]   Persist current code page: 'True'
[2025-09-16 02:17:37Z INFO ProcessInvokerWrapper]   Keep redirected STDIN open: 'False'
[2025-09-16 02:17:37Z INFO ProcessInvokerWrapper]   High priority process: 'False'
[2025-09-16 02:17:37Z INFO ProcessInvokerWrapper] Process started with process id 28588, waiting for process exit.
[2025-09-16 02:17:37Z INFO JobServerQueue] Try to append 1 batches web console lines for record 'f2ebc507-5915-43b7-b620-7154ca910d43', success rate: 1/1.
[2025-09-16 02:17:37Z INFO JobServerQueue] Try to upload 1 log files or attachments, success rate: 1/1.
[2025-09-16 02:17:37Z INFO JobServerQueue] Got a step log file to send to results service.
[2025-09-16 02:17:37Z INFO JobServerQueue] Starting upload of step log file to results service ResultsLog, C:\laragon\www\sapapi\actions-runner\_diag\blocks\cfb31f24-a8f8-4011-aa30-eaf722464218_42d9f8c1-bf62-4a9f-9d72-7f3a2d8f177c.1
[2025-09-16 02:17:38Z INFO JobServerQueue] Try to append 1 batches web console lines for record 'f2ebc507-5915-43b7-b620-7154ca910d43', success rate: 1/1.
[2025-09-16 02:17:38Z INFO ProcessInvokerWrapper] STDOUT/STDERR stream read finished.
[2025-09-16 02:17:38Z INFO JobServerQueue] Try to append 1 batches web console lines for record 'f2ebc507-5915-43b7-b620-7154ca910d43', success rate: 1/1.
[2025-09-16 02:17:38Z INFO JobServerQueue] Tried to upload 1 file(s) to results, success rate: 1/1.
[2025-09-16 02:17:43Z INFO ProcessInvokerWrapper] Scan all processes to find relationship between all processes.
[2025-09-16 02:17:43Z INFO ProcessInvokerWrapper] Find all child processes of process '28588'.
[2025-09-16 02:17:43Z INFO ProcessInvokerWrapper] Kill process '28588'.
[2025-09-16 02:17:43Z INFO ProcessInvokerWrapper] Finished process 28588 with exit code 1, and elapsed time 00:00:06.2703431.
[2025-09-16 02:17:43Z INFO CreateStepSummaryCommand] Step Summary file (C:\laragon\www\sapapi\actions-runner\_work\_temp\_runner_file_commands\step_summary_cbcb9a3a-a3a6-4153-9566-15f1451267e3) is empty; skipping attachment upload
[2025-09-16 02:17:43Z INFO ExecutionContext] Updated step result (continue on error)
[2025-09-16 02:17:43Z INFO StepsRunner] Step result: Succeeded
[2025-09-16 02:17:43Z INFO ExecutionContext] Publish step telemetry for current step {
  "action": "powershell",
  "type": "run",
  "stage": "Main",
  "stepId": "f2ebc507-5915-43b7-b620-7154ca910d43",
  "stepContextName": "__run_4",
  "result": "succeeded",
  "errorMessages": [
    "Process completed with exit code 1."
  ],
  "executionTimeInSeconds": 7,
  "startTime": "2025-09-16T02:17:37.2077317Z",
  "finishTime": "2025-09-16T02:17:43.5512172Z"
}.
[2025-09-16 02:17:43Z INFO StepsRunner] No need for updating job result with current step result 'Succeeded'.
[2025-09-16 02:17:43Z INFO StepsRunner] Current state: job state = ''
[2025-09-16 02:17:43Z INFO StepsRunner] Processing step: DisplayName='Start all Node.js applications with PM2'
[2025-09-16 02:17:43Z INFO StepsRunner] Evaluating: success()
[2025-09-16 02:17:43Z INFO StepsRunner] Result: true
[2025-09-16 02:17:43Z INFO StepsRunner] Starting the step.
[2025-09-16 02:17:43Z INFO HostContext] Well known directory 'Bin': 'C:\laragon\www\sapapi\actions-runner\bin'
[2025-09-16 02:17:43Z INFO HostContext] Well known directory 'Root': 'C:\laragon\www\sapapi\actions-runner'
[2025-09-16 02:17:43Z INFO HostContext] Well known directory 'Work': 'C:\laragon\www\sapapi\actions-runner\_work'
[2025-09-16 02:17:43Z INFO StepsRunner] Which2: 'chcp'
[2025-09-16 02:17:43Z INFO StepsRunner] Location: 'C:\Windows\system32\chcp.COM'
[2025-09-16 02:17:43Z INFO ProcessInvokerWrapper] Starting process:
[2025-09-16 02:17:43Z INFO ProcessInvokerWrapper]   File name: 'C:\Windows\system32\chcp.COM'
[2025-09-16 02:17:43Z INFO ProcessInvokerWrapper]   Arguments: '65001'
[2025-09-16 02:17:43Z INFO ProcessInvokerWrapper]   Working directory: 'C:\laragon\www\sapapi\actions-runner\_work'
[2025-09-16 02:17:43Z INFO ProcessInvokerWrapper]   Require exit code zero: 'False'
[2025-09-16 02:17:43Z INFO ProcessInvokerWrapper]   Encoding web name:  ; code page: ''
[2025-09-16 02:17:43Z INFO ProcessInvokerWrapper]   Force kill process on cancellation: 'False'
[2025-09-16 02:17:43Z INFO ProcessInvokerWrapper]   Redirected STDIN: 'False'
[2025-09-16 02:17:43Z INFO ProcessInvokerWrapper]   Persist current code page: 'True'
[2025-09-16 02:17:43Z INFO ProcessInvokerWrapper]   Keep redirected STDIN open: 'False'
[2025-09-16 02:17:43Z INFO ProcessInvokerWrapper]   High priority process: 'False'
[2025-09-16 02:17:43Z INFO ProcessInvokerWrapper] Process started with process id 30112, waiting for process exit.
[2025-09-16 02:17:43Z INFO ProcessInvokerWrapper] STDOUT/STDERR stream read finished.
[2025-09-16 02:17:43Z INFO ProcessInvokerWrapper] STDOUT/STDERR stream read finished.
[2025-09-16 02:17:43Z INFO ProcessInvokerWrapper] Finished process 30112 with exit code 0, and elapsed time 00:00:00.0081313.
[2025-09-16 02:17:43Z INFO StepsRunner] Successfully returned to code page 65001 (UTF8)
[2025-09-16 02:17:43Z INFO HostContext] Well known directory 'Bin': 'C:\laragon\www\sapapi\actions-runner\bin'
[2025-09-16 02:17:43Z INFO HostContext] Well known directory 'Root': 'C:\laragon\www\sapapi\actions-runner'
[2025-09-16 02:17:43Z INFO HostContext] Well known directory 'Work': 'C:\laragon\www\sapapi\actions-runner\_work'
[2025-09-16 02:17:43Z INFO HostContext] Well known directory 'Temp': 'C:\laragon\www\sapapi\actions-runner\_work\_temp'
[2025-09-16 02:17:43Z INFO ExecutionContext] Write event payload to C:\laragon\www\sapapi\actions-runner\_work\_temp\_github_workflow\event.json
[2025-09-16 02:17:43Z INFO HostContext] Well known directory 'Bin': 'C:\laragon\www\sapapi\actions-runner\bin'
[2025-09-16 02:17:43Z INFO HostContext] Well known directory 'Root': 'C:\laragon\www\sapapi\actions-runner'
[2025-09-16 02:17:43Z INFO HostContext] Well known directory 'Work': 'C:\laragon\www\sapapi\actions-runner\_work'
[2025-09-16 02:17:43Z INFO HostContext] Well known directory 'Temp': 'C:\laragon\www\sapapi\actions-runner\_work\_temp'
[2025-09-16 02:17:43Z INFO ExtensionManager] Getting extensions for interface: 'GitHub.Runner.Worker.IFileCommandExtension'
[2025-09-16 02:17:43Z INFO ExtensionManager] Getting extensions for interface: 'GitHub.Runner.Worker.IActionCommandExtension'
[2025-09-16 02:17:43Z INFO ActionCommandManager] Register action command extension for command internal-set-repo-path
[2025-09-16 02:17:43Z INFO ActionCommandManager] Register action command extension for command set-env
[2025-09-16 02:17:43Z INFO ActionCommandManager] Register action command extension for command set-output
[2025-09-16 02:17:43Z INFO ActionCommandManager] Register action command extension for command save-state
[2025-09-16 02:17:43Z INFO ActionCommandManager] Register action command extension for command add-path
[2025-09-16 02:17:43Z INFO ActionCommandManager] Register action command extension for command add-mask
[2025-09-16 02:17:43Z INFO ActionCommandManager] Register action command extension for command add-matcher
[2025-09-16 02:17:43Z INFO ActionCommandManager] Register action command extension for command remove-matcher
[2025-09-16 02:17:43Z INFO ActionCommandManager] Register action command extension for command warning
[2025-09-16 02:17:43Z INFO ActionCommandManager] Register action command extension for command error
[2025-09-16 02:17:43Z INFO ActionCommandManager] Register action command extension for command notice
[2025-09-16 02:17:43Z INFO ActionCommandManager] Register action command extension for command debug
[2025-09-16 02:17:43Z INFO ActionCommandManager] Register action command extension for command group
[2025-09-16 02:17:43Z INFO ActionCommandManager] Register action command extension for command endgroup
[2025-09-16 02:17:43Z INFO ActionCommandManager] Register action command extension for command echo
[2025-09-16 02:17:43Z INFO ScriptHandler] Which2: 'powershell'
[2025-09-16 02:17:43Z INFO ScriptHandler] Location: 'C:\Windows\System32\WindowsPowerShell\v1.0\powershell.EXE'
[2025-09-16 02:17:43Z INFO HostContext] Well known directory 'Bin': 'C:\laragon\www\sapapi\actions-runner\bin'
[2025-09-16 02:17:43Z INFO HostContext] Well known directory 'Root': 'C:\laragon\www\sapapi\actions-runner'
[2025-09-16 02:17:43Z INFO HostContext] Well known directory 'Work': 'C:\laragon\www\sapapi\actions-runner\_work'
[2025-09-16 02:17:43Z INFO HostContext] Well known directory 'Temp': 'C:\laragon\www\sapapi\actions-runner\_work\_temp'
[2025-09-16 02:17:43Z INFO ScriptHandler] Which2: 'powershell'
[2025-09-16 02:17:43Z INFO ScriptHandler] Location: 'C:\Windows\System32\WindowsPowerShell\v1.0\powershell.EXE'
[2025-09-16 02:17:43Z INFO ProcessInvokerWrapper] Starting process:
[2025-09-16 02:17:43Z INFO ProcessInvokerWrapper]   File name: 'C:\Windows\System32\WindowsPowerShell\v1.0\powershell.EXE'
[2025-09-16 02:17:43Z INFO ProcessInvokerWrapper]   Arguments: '-command ". 'C:\laragon\www\sapapi\actions-runner\_work\_temp\7cb56647-0f84-4843-9f60-d51f7112cf0e.ps1'"'
[2025-09-16 02:17:43Z INFO ProcessInvokerWrapper]   Working directory: 'C:\laragon\www\sapapi\actions-runner\_work\sapapi\sapapi'
[2025-09-16 02:17:43Z INFO ProcessInvokerWrapper]   Require exit code zero: 'False'
[2025-09-16 02:17:43Z INFO ProcessInvokerWrapper]   Encoding web name:  ; code page: ''
[2025-09-16 02:17:43Z INFO ProcessInvokerWrapper]   Force kill process on cancellation: 'False'
[2025-09-16 02:17:43Z INFO ProcessInvokerWrapper]   Redirected STDIN: 'False'
[2025-09-16 02:17:43Z INFO ProcessInvokerWrapper]   Persist current code page: 'True'
[2025-09-16 02:17:43Z INFO ProcessInvokerWrapper]   Keep redirected STDIN open: 'False'
[2025-09-16 02:17:43Z INFO ProcessInvokerWrapper]   High priority process: 'False'
[2025-09-16 02:17:43Z INFO JobServerQueue] Try to upload 1 log files or attachments, success rate: 1/1.
[2025-09-16 02:17:43Z INFO ProcessInvokerWrapper] Process started with process id 26332, waiting for process exit.
[2025-09-16 02:17:43Z INFO JobServerQueue] Try to append 1 batches web console lines for record 'f2ebc507-5915-43b7-b620-7154ca910d43', success rate: 1/1.
[2025-09-16 02:17:43Z INFO JobServerQueue] Try to append 1 batches web console lines for record 'df64adf2-094b-4ecf-87ef-f918e56ed48e', success rate: 1/1.
[2025-09-16 02:17:44Z INFO JobServerQueue] Got a step log file to send to results service.
[2025-09-16 02:17:44Z INFO JobServerQueue] Starting upload of step log file to results service ResultsLog, C:\laragon\www\sapapi\actions-runner\_diag\blocks\cfb31f24-a8f8-4011-aa30-eaf722464218_f2ebc507-5915-43b7-b620-7154ca910d43.1
[2025-09-16 02:17:44Z INFO JobServerQueue] Try to append 1 batches web console lines for record 'df64adf2-094b-4ecf-87ef-f918e56ed48e', success rate: 1/1.
[2025-09-16 02:17:44Z INFO JobServerQueue] Tried to upload 1 file(s) to results, success rate: 1/1.
[2025-09-16 02:17:45Z INFO JobServerQueue] Stop aggressive process web console line queue.
[2025-09-16 02:17:45Z INFO HostContext] Well known directory 'Bin': 'C:\laragon\www\sapapi\actions-runner\bin'
[2025-09-16 02:17:45Z INFO HostContext] Well known directory 'Root': 'C:\laragon\www\sapapi\actions-runner'
[2025-09-16 02:17:45Z INFO HostContext] Well known directory 'Work': 'C:\laragon\www\sapapi\actions-runner\_work'
[2025-09-16 02:17:46Z INFO JobServerQueue] Try to append 1 batches web console lines for record 'df64adf2-094b-4ecf-87ef-f918e56ed48e', success rate: 1/1.
[2025-09-16 02:17:46Z INFO JobServerQueue] Try to append 1 batches web console lines for record 'df64adf2-094b-4ecf-87ef-f918e56ed48e', success rate: 1/1.
[2025-09-16 02:17:47Z INFO JobServerQueue] Try to append 1 batches web console lines for record 'df64adf2-094b-4ecf-87ef-f918e56ed48e', success rate: 1/1.
[2025-09-16 02:17:47Z INFO JobServerQueue] Try to append 1 batches web console lines for record 'df64adf2-094b-4ecf-87ef-f918e56ed48e', success rate: 1/1.
[2025-09-16 02:17:48Z INFO JobServerQueue] Try to append 1 batches web console lines for record 'df64adf2-094b-4ecf-87ef-f918e56ed48e', success rate: 1/1.
[2025-09-16 02:17:49Z INFO JobServerQueue] Try to append 1 batches web console lines for record 'df64adf2-094b-4ecf-87ef-f918e56ed48e', success rate: 1/1.
[2025-09-16 02:17:49Z INFO JobServerQueue] Try to append 1 batches web console lines for record 'df64adf2-094b-4ecf-87ef-f918e56ed48e', success rate: 1/1.
[2025-09-16 02:17:50Z INFO JobServerQueue] Try to append 1 batches web console lines for record 'df64adf2-094b-4ecf-87ef-f918e56ed48e', success rate: 1/1.
[2025-09-16 02:17:51Z INFO JobServerQueue] Try to append 1 batches web console lines for record 'df64adf2-094b-4ecf-87ef-f918e56ed48e', success rate: 1/1.
[2025-09-16 02:17:51Z INFO JobServerQueue] Try to append 1 batches web console lines for record 'df64adf2-094b-4ecf-87ef-f918e56ed48e', success rate: 1/1.
[2025-09-16 02:17:52Z INFO JobServerQueue] Try to append 1 batches web console lines for record 'df64adf2-094b-4ecf-87ef-f918e56ed48e', success rate: 1/1.
[2025-09-16 02:17:53Z INFO JobServerQueue] Try to append 1 batches web console lines for record 'df64adf2-094b-4ecf-87ef-f918e56ed48e', success rate: 1/1.
[2025-09-16 02:17:53Z INFO ProcessInvokerWrapper] STDOUT/STDERR stream read finished.
[2025-09-16 02:17:53Z INFO ProcessInvokerWrapper] STDOUT/STDERR stream read finished.
[2025-09-16 02:17:53Z INFO ProcessInvokerWrapper] Finished process 26332 with exit code 0, and elapsed time 00:00:10.2517718.
[2025-09-16 02:17:53Z INFO CreateStepSummaryCommand] Step Summary file (C:\laragon\www\sapapi\actions-runner\_work\_temp\_runner_file_commands\step_summary_8e741e23-e362-4ffd-993a-ee14c7165aa9) is empty; skipping attachment upload
[2025-09-16 02:17:53Z INFO StepsRunner] Step result: 
[2025-09-16 02:17:53Z INFO ExecutionContext] Publish step telemetry for current step {
  "action": "powershell",
  "type": "run",
  "stage": "Main",
  "stepId": "df64adf2-094b-4ecf-87ef-f918e56ed48e",
  "stepContextName": "__run_5",
  "result": "succeeded",
  "errorMessages": [],
  "executionTimeInSeconds": 11,
  "startTime": "2025-09-16T02:17:43.5531198Z",
  "finishTime": "2025-09-16T02:17:53.8360403Z"
}.
[2025-09-16 02:17:53Z INFO StepsRunner] No need for updating job result with current step result 'Succeeded'.
[2025-09-16 02:17:53Z INFO StepsRunner] Current state: job state = ''
[2025-09-16 02:17:53Z INFO StepsRunner] Processing step: DisplayName='Save PM2 process list'
[2025-09-16 02:17:53Z INFO StepsRunner] Evaluating: success()
[2025-09-16 02:17:53Z INFO StepsRunner] Result: true
[2025-09-16 02:17:53Z INFO StepsRunner] Starting the step.
[2025-09-16 02:17:53Z INFO HostContext] Well known directory 'Bin': 'C:\laragon\www\sapapi\actions-runner\bin'
[2025-09-16 02:17:53Z INFO HostContext] Well known directory 'Root': 'C:\laragon\www\sapapi\actions-runner'
[2025-09-16 02:17:53Z INFO HostContext] Well known directory 'Work': 'C:\laragon\www\sapapi\actions-runner\_work'
[2025-09-16 02:17:53Z INFO StepsRunner] Which2: 'chcp'
[2025-09-16 02:17:53Z INFO StepsRunner] Location: 'C:\Windows\system32\chcp.COM'
[2025-09-16 02:17:53Z INFO ProcessInvokerWrapper] Starting process:
[2025-09-16 02:17:53Z INFO ProcessInvokerWrapper]   File name: 'C:\Windows\system32\chcp.COM'
[2025-09-16 02:17:53Z INFO ProcessInvokerWrapper]   Arguments: '65001'
[2025-09-16 02:17:53Z INFO ProcessInvokerWrapper]   Working directory: 'C:\laragon\www\sapapi\actions-runner\_work'
[2025-09-16 02:17:53Z INFO ProcessInvokerWrapper]   Require exit code zero: 'False'
[2025-09-16 02:17:53Z INFO ProcessInvokerWrapper]   Encoding web name:  ; code page: ''
[2025-09-16 02:17:53Z INFO ProcessInvokerWrapper]   Force kill process on cancellation: 'False'
[2025-09-16 02:17:53Z INFO ProcessInvokerWrapper]   Redirected STDIN: 'False'
[2025-09-16 02:17:53Z INFO ProcessInvokerWrapper]   Persist current code page: 'True'
[2025-09-16 02:17:53Z INFO ProcessInvokerWrapper]   Keep redirected STDIN open: 'False'
[2025-09-16 02:17:53Z INFO ProcessInvokerWrapper]   High priority process: 'False'
[2025-09-16 02:17:53Z INFO ProcessInvokerWrapper] Process started with process id 29228, waiting for process exit.
[2025-09-16 02:17:53Z INFO ProcessInvokerWrapper] STDOUT/STDERR stream read finished.
[2025-09-16 02:17:53Z INFO ProcessInvokerWrapper] STDOUT/STDERR stream read finished.
[2025-09-16 02:17:53Z INFO ProcessInvokerWrapper] Finished process 29228 with exit code 0, and elapsed time 00:00:00.0137495.
[2025-09-16 02:17:53Z INFO StepsRunner] Successfully returned to code page 65001 (UTF8)
[2025-09-16 02:17:53Z INFO HostContext] Well known directory 'Bin': 'C:\laragon\www\sapapi\actions-runner\bin'
[2025-09-16 02:17:53Z INFO HostContext] Well known directory 'Root': 'C:\laragon\www\sapapi\actions-runner'
[2025-09-16 02:17:53Z INFO HostContext] Well known directory 'Work': 'C:\laragon\www\sapapi\actions-runner\_work'
[2025-09-16 02:17:53Z INFO HostContext] Well known directory 'Temp': 'C:\laragon\www\sapapi\actions-runner\_work\_temp'
[2025-09-16 02:17:53Z INFO ExecutionContext] Write event payload to C:\laragon\www\sapapi\actions-runner\_work\_temp\_github_workflow\event.json
[2025-09-16 02:17:53Z INFO HostContext] Well known directory 'Bin': 'C:\laragon\www\sapapi\actions-runner\bin'
[2025-09-16 02:17:53Z INFO HostContext] Well known directory 'Root': 'C:\laragon\www\sapapi\actions-runner'
[2025-09-16 02:17:53Z INFO HostContext] Well known directory 'Work': 'C:\laragon\www\sapapi\actions-runner\_work'
[2025-09-16 02:17:53Z INFO HostContext] Well known directory 'Temp': 'C:\laragon\www\sapapi\actions-runner\_work\_temp'
[2025-09-16 02:17:53Z INFO ExtensionManager] Getting extensions for interface: 'GitHub.Runner.Worker.IFileCommandExtension'
[2025-09-16 02:17:53Z INFO ExtensionManager] Getting extensions for interface: 'GitHub.Runner.Worker.IActionCommandExtension'
[2025-09-16 02:17:53Z INFO ActionCommandManager] Register action command extension for command internal-set-repo-path
[2025-09-16 02:17:53Z INFO ActionCommandManager] Register action command extension for command set-env
[2025-09-16 02:17:53Z INFO ActionCommandManager] Register action command extension for command set-output
[2025-09-16 02:17:53Z INFO ActionCommandManager] Register action command extension for command save-state
[2025-09-16 02:17:53Z INFO ActionCommandManager] Register action command extension for command add-path
[2025-09-16 02:17:53Z INFO ActionCommandManager] Register action command extension for command add-mask
[2025-09-16 02:17:53Z INFO ActionCommandManager] Register action command extension for command add-matcher
[2025-09-16 02:17:53Z INFO ActionCommandManager] Register action command extension for command remove-matcher
[2025-09-16 02:17:53Z INFO ActionCommandManager] Register action command extension for command warning
[2025-09-16 02:17:53Z INFO ActionCommandManager] Register action command extension for command error
[2025-09-16 02:17:53Z INFO ActionCommandManager] Register action command extension for command notice
[2025-09-16 02:17:53Z INFO ActionCommandManager] Register action command extension for command debug
[2025-09-16 02:17:53Z INFO ActionCommandManager] Register action command extension for command group
[2025-09-16 02:17:53Z INFO ActionCommandManager] Register action command extension for command endgroup
[2025-09-16 02:17:53Z INFO ActionCommandManager] Register action command extension for command echo
[2025-09-16 02:17:53Z INFO ScriptHandler] Which2: 'pwsh'
[2025-09-16 02:17:53Z INFO ScriptHandler] pwsh: command not found. Make sure 'pwsh' is installed and its location included in the 'Path' environment variable.
[2025-09-16 02:17:53Z INFO ScriptHandler] Defaulting to powershell
[2025-09-16 02:17:53Z INFO ScriptHandler] Which2: 'powershell'
[2025-09-16 02:17:53Z INFO ScriptHandler] Location: 'C:\Windows\System32\WindowsPowerShell\v1.0\powershell.EXE'
[2025-09-16 02:17:53Z INFO HostContext] Well known directory 'Bin': 'C:\laragon\www\sapapi\actions-runner\bin'
[2025-09-16 02:17:53Z INFO JobServerQueue] Try to append 1 batches web console lines for record 'df64adf2-094b-4ecf-87ef-f918e56ed48e', success rate: 1/1.
[2025-09-16 02:17:53Z INFO HostContext] Well known directory 'Root': 'C:\laragon\www\sapapi\actions-runner'
[2025-09-16 02:17:53Z INFO HostContext] Well known directory 'Work': 'C:\laragon\www\sapapi\actions-runner\_work'
[2025-09-16 02:17:53Z INFO HostContext] Well known directory 'Temp': 'C:\laragon\www\sapapi\actions-runner\_work\_temp'
[2025-09-16 02:17:53Z INFO JobServerQueue] Try to append 1 batches web console lines for record '7f9e2ff9-b3a5-4b13-8b05-8f6077ce3c9a', success rate: 1/1.
[2025-09-16 02:17:53Z INFO ScriptHandler] Which2: 'pwsh'
[2025-09-16 02:17:53Z INFO ScriptHandler] pwsh: command not found. Make sure 'pwsh' is installed and its location included in the 'Path' environment variable.
[2025-09-16 02:17:53Z INFO ScriptHandler] Defaulting to powershell
[2025-09-16 02:17:53Z INFO ScriptHandler] Which2: 'powershell'
[2025-09-16 02:17:53Z INFO ScriptHandler] Location: 'C:\Windows\System32\WindowsPowerShell\v1.0\powershell.EXE'
[2025-09-16 02:17:53Z INFO ProcessInvokerWrapper] Starting process:
[2025-09-16 02:17:53Z INFO ProcessInvokerWrapper]   File name: 'C:\Windows\System32\WindowsPowerShell\v1.0\powershell.EXE'
[2025-09-16 02:17:53Z INFO ProcessInvokerWrapper]   Arguments: '-command ". 'C:\laragon\www\sapapi\actions-runner\_work\_temp\0f2a04d3-5965-42dc-9a7a-e27c881f8fc8.ps1'"'
[2025-09-16 02:17:53Z INFO ProcessInvokerWrapper]   Working directory: 'C:\laragon\www\sapapi\actions-runner\_work\sapapi\sapapi'
[2025-09-16 02:17:53Z INFO ProcessInvokerWrapper]   Require exit code zero: 'False'
[2025-09-16 02:17:53Z INFO ProcessInvokerWrapper]   Encoding web name:  ; code page: ''
[2025-09-16 02:17:53Z INFO ProcessInvokerWrapper]   Force kill process on cancellation: 'False'
[2025-09-16 02:17:53Z INFO ProcessInvokerWrapper]   Redirected STDIN: 'False'
[2025-09-16 02:17:53Z INFO ProcessInvokerWrapper]   Persist current code page: 'True'
[2025-09-16 02:17:53Z INFO ProcessInvokerWrapper]   Keep redirected STDIN open: 'False'
[2025-09-16 02:17:53Z INFO ProcessInvokerWrapper]   High priority process: 'False'
[2025-09-16 02:17:53Z INFO ProcessInvokerWrapper] Process started with process id 30788, waiting for process exit.
[2025-09-16 02:17:54Z INFO JobServerQueue] Got a step log file to send to results service.
[2025-09-16 02:17:54Z INFO JobServerQueue] Starting upload of step log file to results service ResultsLog, C:\laragon\www\sapapi\actions-runner\_diag\blocks\cfb31f24-a8f8-4011-aa30-eaf722464218_df64adf2-094b-4ecf-87ef-f918e56ed48e.1
[2025-09-16 02:17:54Z INFO JobServerQueue] Try to append 1 batches web console lines for record '7f9e2ff9-b3a5-4b13-8b05-8f6077ce3c9a', success rate: 1/1.
[2025-09-16 02:17:54Z INFO JobServerQueue] Try to upload 1 log files or attachments, success rate: 1/1.
[2025-09-16 02:17:54Z INFO JobServerQueue] Try to append 1 batches web console lines for record '7f9e2ff9-b3a5-4b13-8b05-8f6077ce3c9a', success rate: 1/1.
[2025-09-16 02:17:55Z INFO ProcessInvokerWrapper] STDOUT/STDERR stream read finished.
[2025-09-16 02:17:55Z INFO ProcessInvokerWrapper] STDOUT/STDERR stream read finished.
[2025-09-16 02:17:55Z INFO ProcessInvokerWrapper] Finished process 30788 with exit code 0, and elapsed time 00:00:01.1795264.
[2025-09-16 02:17:55Z INFO CreateStepSummaryCommand] Step Summary file (C:\laragon\www\sapapi\actions-runner\_work\_temp\_runner_file_commands\step_summary_68c94c49-d955-4200-bf3e-708c2a195538) is empty; skipping attachment upload
[2025-09-16 02:17:55Z INFO StepsRunner] Step result: 
[2025-09-16 02:17:55Z INFO ExecutionContext] Publish step telemetry for current step {
  "action": "powershell",
  "type": "run",
  "stage": "Main",
  "stepId": "7f9e2ff9-b3a5-4b13-8b05-8f6077ce3c9a",
  "stepContextName": "__run_6",
  "result": "succeeded",
  "errorMessages": [],
  "executionTimeInSeconds": 2,
  "startTime": "2025-09-16T02:17:53.8378099Z",
  "finishTime": "2025-09-16T02:17:55.075313Z"
}.
[2025-09-16 02:17:55Z INFO StepsRunner] No need for updating job result with current step result 'Succeeded'.
[2025-09-16 02:17:55Z INFO StepsRunner] Current state: job state = ''
[2025-09-16 02:17:55Z INFO StepsRunner] Processing step: DisplayName='Show PM2 process status'
[2025-09-16 02:17:55Z INFO StepsRunner] Evaluating: success()
[2025-09-16 02:17:55Z INFO StepsRunner] Result: true
[2025-09-16 02:17:55Z INFO StepsRunner] Starting the step.
[2025-09-16 02:17:55Z INFO HostContext] Well known directory 'Bin': 'C:\laragon\www\sapapi\actions-runner\bin'
[2025-09-16 02:17:55Z INFO HostContext] Well known directory 'Root': 'C:\laragon\www\sapapi\actions-runner'
[2025-09-16 02:17:55Z INFO HostContext] Well known directory 'Work': 'C:\laragon\www\sapapi\actions-runner\_work'
[2025-09-16 02:17:55Z INFO StepsRunner] Which2: 'chcp'
[2025-09-16 02:17:55Z INFO StepsRunner] Location: 'C:\Windows\system32\chcp.COM'
[2025-09-16 02:17:55Z INFO ProcessInvokerWrapper] Starting process:
[2025-09-16 02:17:55Z INFO ProcessInvokerWrapper]   File name: 'C:\Windows\system32\chcp.COM'
[2025-09-16 02:17:55Z INFO ProcessInvokerWrapper]   Arguments: '65001'
[2025-09-16 02:17:55Z INFO ProcessInvokerWrapper]   Working directory: 'C:\laragon\www\sapapi\actions-runner\_work'
[2025-09-16 02:17:55Z INFO ProcessInvokerWrapper]   Require exit code zero: 'False'
[2025-09-16 02:17:55Z INFO ProcessInvokerWrapper]   Encoding web name:  ; code page: ''
[2025-09-16 02:17:55Z INFO ProcessInvokerWrapper]   Force kill process on cancellation: 'False'
[2025-09-16 02:17:55Z INFO ProcessInvokerWrapper]   Redirected STDIN: 'False'
[2025-09-16 02:17:55Z INFO ProcessInvokerWrapper]   Persist current code page: 'True'
[2025-09-16 02:17:55Z INFO ProcessInvokerWrapper]   Keep redirected STDIN open: 'False'
[2025-09-16 02:17:55Z INFO ProcessInvokerWrapper]   High priority process: 'False'
[2025-09-16 02:17:55Z INFO ProcessInvokerWrapper] Process started with process id 34696, waiting for process exit.
[2025-09-16 02:17:55Z INFO ProcessInvokerWrapper] STDOUT/STDERR stream read finished.
[2025-09-16 02:17:55Z INFO ProcessInvokerWrapper] STDOUT/STDERR stream read finished.
[2025-09-16 02:17:55Z INFO ProcessInvokerWrapper] Finished process 34696 with exit code 0, and elapsed time 00:00:00.0146012.
[2025-09-16 02:17:55Z INFO StepsRunner] Successfully returned to code page 65001 (UTF8)
[2025-09-16 02:17:55Z INFO HostContext] Well known directory 'Bin': 'C:\laragon\www\sapapi\actions-runner\bin'
[2025-09-16 02:17:55Z INFO HostContext] Well known directory 'Root': 'C:\laragon\www\sapapi\actions-runner'
[2025-09-16 02:17:55Z INFO HostContext] Well known directory 'Work': 'C:\laragon\www\sapapi\actions-runner\_work'
[2025-09-16 02:17:55Z INFO HostContext] Well known directory 'Temp': 'C:\laragon\www\sapapi\actions-runner\_work\_temp'
[2025-09-16 02:17:55Z INFO ExecutionContext] Write event payload to C:\laragon\www\sapapi\actions-runner\_work\_temp\_github_workflow\event.json
[2025-09-16 02:17:55Z INFO HostContext] Well known directory 'Bin': 'C:\laragon\www\sapapi\actions-runner\bin'
[2025-09-16 02:17:55Z INFO HostContext] Well known directory 'Root': 'C:\laragon\www\sapapi\actions-runner'
[2025-09-16 02:17:55Z INFO HostContext] Well known directory 'Work': 'C:\laragon\www\sapapi\actions-runner\_work'
[2025-09-16 02:17:55Z INFO HostContext] Well known directory 'Temp': 'C:\laragon\www\sapapi\actions-runner\_work\_temp'
[2025-09-16 02:17:55Z INFO ExtensionManager] Getting extensions for interface: 'GitHub.Runner.Worker.IFileCommandExtension'
[2025-09-16 02:17:55Z INFO ExtensionManager] Getting extensions for interface: 'GitHub.Runner.Worker.IActionCommandExtension'
[2025-09-16 02:17:55Z INFO ActionCommandManager] Register action command extension for command internal-set-repo-path
[2025-09-16 02:17:55Z INFO ActionCommandManager] Register action command extension for command set-env
[2025-09-16 02:17:55Z INFO ActionCommandManager] Register action command extension for command set-output
[2025-09-16 02:17:55Z INFO ActionCommandManager] Register action command extension for command save-state
[2025-09-16 02:17:55Z INFO ActionCommandManager] Register action command extension for command add-path
[2025-09-16 02:17:55Z INFO ActionCommandManager] Register action command extension for command add-mask
[2025-09-16 02:17:55Z INFO ActionCommandManager] Register action command extension for command add-matcher
[2025-09-16 02:17:55Z INFO ActionCommandManager] Register action command extension for command remove-matcher
[2025-09-16 02:17:55Z INFO ActionCommandManager] Register action command extension for command warning
[2025-09-16 02:17:55Z INFO ActionCommandManager] Register action command extension for command error
[2025-09-16 02:17:55Z INFO ActionCommandManager] Register action command extension for command notice
[2025-09-16 02:17:55Z INFO ActionCommandManager] Register action command extension for command debug
[2025-09-16 02:17:55Z INFO ActionCommandManager] Register action command extension for command group
[2025-09-16 02:17:55Z INFO ActionCommandManager] Register action command extension for command endgroup
[2025-09-16 02:17:55Z INFO ActionCommandManager] Register action command extension for command echo
[2025-09-16 02:17:55Z INFO ScriptHandler] Which2: 'pwsh'
[2025-09-16 02:17:55Z INFO ScriptHandler] pwsh: command not found. Make sure 'pwsh' is installed and its location included in the 'Path' environment variable.
[2025-09-16 02:17:55Z INFO ScriptHandler] Defaulting to powershell
[2025-09-16 02:17:55Z INFO ScriptHandler] Which2: 'powershell'
[2025-09-16 02:17:55Z INFO ScriptHandler] Location: 'C:\Windows\System32\WindowsPowerShell\v1.0\powershell.EXE'
[2025-09-16 02:17:55Z INFO HostContext] Well known directory 'Bin': 'C:\laragon\www\sapapi\actions-runner\bin'
[2025-09-16 02:17:55Z INFO HostContext] Well known directory 'Root': 'C:\laragon\www\sapapi\actions-runner'
[2025-09-16 02:17:55Z INFO HostContext] Well known directory 'Work': 'C:\laragon\www\sapapi\actions-runner\_work'
[2025-09-16 02:17:55Z INFO HostContext] Well known directory 'Temp': 'C:\laragon\www\sapapi\actions-runner\_work\_temp'
[2025-09-16 02:17:55Z INFO ScriptHandler] Which2: 'pwsh'
[2025-09-16 02:17:55Z INFO ScriptHandler] pwsh: command not found. Make sure 'pwsh' is installed and its location included in the 'Path' environment variable.
[2025-09-16 02:17:55Z INFO ScriptHandler] Defaulting to powershell
[2025-09-16 02:17:55Z INFO ScriptHandler] Which2: 'powershell'
[2025-09-16 02:17:55Z INFO ScriptHandler] Location: 'C:\Windows\System32\WindowsPowerShell\v1.0\powershell.EXE'
[2025-09-16 02:17:55Z INFO ProcessInvokerWrapper] Starting process:
[2025-09-16 02:17:55Z INFO ProcessInvokerWrapper]   File name: 'C:\Windows\System32\WindowsPowerShell\v1.0\powershell.EXE'
[2025-09-16 02:17:55Z INFO ProcessInvokerWrapper]   Arguments: '-command ". 'C:\laragon\www\sapapi\actions-runner\_work\_temp\c099638e-f032-44dc-9f29-4b4449e878eb.ps1'"'
[2025-09-16 02:17:55Z INFO ProcessInvokerWrapper]   Working directory: 'C:\laragon\www\sapapi\actions-runner\_work\sapapi\sapapi'
[2025-09-16 02:17:55Z INFO ProcessInvokerWrapper]   Require exit code zero: 'False'
[2025-09-16 02:17:55Z INFO ProcessInvokerWrapper]   Encoding web name:  ; code page: ''
[2025-09-16 02:17:55Z INFO ProcessInvokerWrapper]   Force kill process on cancellation: 'False'
[2025-09-16 02:17:55Z INFO ProcessInvokerWrapper]   Redirected STDIN: 'False'
[2025-09-16 02:17:55Z INFO ProcessInvokerWrapper]   Persist current code page: 'True'
[2025-09-16 02:17:55Z INFO ProcessInvokerWrapper]   Keep redirected STDIN open: 'False'
[2025-09-16 02:17:55Z INFO ProcessInvokerWrapper]   High priority process: 'False'
[2025-09-16 02:17:55Z INFO ProcessInvokerWrapper] Process started with process id 21532, waiting for process exit.
[2025-09-16 02:17:55Z INFO JobServerQueue] Try to append 1 batches web console lines for record '7f9e2ff9-b3a5-4b13-8b05-8f6077ce3c9a', success rate: 1/1.
[2025-09-16 02:17:55Z INFO JobServerQueue] Try to append 1 batches web console lines for record 'dc50f404-855c-43ca-8f88-0406ac597d54', success rate: 1/1.
[2025-09-16 02:17:55Z INFO JobServerQueue] Tried to upload 1 file(s) to results, success rate: 1/1.
[2025-09-16 02:17:55Z INFO JobServerQueue] Try to upload 1 log files or attachments, success rate: 1/1.
[2025-09-16 02:17:55Z INFO HostContext] Well known directory 'Bin': 'C:\laragon\www\sapapi\actions-runner\bin'
[2025-09-16 02:17:55Z INFO HostContext] Well known directory 'Root': 'C:\laragon\www\sapapi\actions-runner'
[2025-09-16 02:17:55Z INFO HostContext] Well known directory 'Work': 'C:\laragon\www\sapapi\actions-runner\_work'
[2025-09-16 02:17:56Z INFO JobServerQueue] Got a step log file to send to results service.
[2025-09-16 02:17:56Z INFO JobServerQueue] Starting upload of step log file to results service ResultsLog, C:\laragon\www\sapapi\actions-runner\_diag\blocks\cfb31f24-a8f8-4011-aa30-eaf722464218_7f9e2ff9-b3a5-4b13-8b05-8f6077ce3c9a.1
[2025-09-16 02:17:56Z INFO ProcessInvokerWrapper] STDOUT/STDERR stream read finished.
[2025-09-16 02:17:56Z INFO ProcessInvokerWrapper] STDOUT/STDERR stream read finished.
[2025-09-16 02:17:56Z INFO ProcessInvokerWrapper] Finished process 21532 with exit code 0, and elapsed time 00:00:01.7898682.
[2025-09-16 02:17:56Z INFO CreateStepSummaryCommand] Step Summary file (C:\laragon\www\sapapi\actions-runner\_work\_temp\_runner_file_commands\step_summary_bdb2d413-81df-4018-86ff-0c29cd814459) is empty; skipping attachment upload
[2025-09-16 02:17:56Z INFO StepsRunner] Step result: 
[2025-09-16 02:17:56Z INFO ExecutionContext] Publish step telemetry for current step {
  "action": "powershell",
  "type": "run",
  "stage": "Main",
  "stepId": "dc50f404-855c-43ca-8f88-0406ac597d54",
  "stepContextName": "__run_7",
  "result": "succeeded",
  "errorMessages": [],
  "executionTimeInSeconds": 2,
  "startTime": "2025-09-16T02:17:55.07695Z",
  "finishTime": "2025-09-16T02:17:56.92587Z"
}.
[2025-09-16 02:17:56Z INFO StepsRunner] No need for updating job result with current step result 'Succeeded'.
[2025-09-16 02:17:56Z INFO StepsRunner] Current state: job state = ''
[2025-09-16 02:17:56Z INFO StepsRunner] Processing step: DisplayName='Post Checkout repository'
[2025-09-16 02:17:56Z INFO StepsRunner] Evaluating: always()
[2025-09-16 02:17:56Z INFO StepsRunner] Result: true
[2025-09-16 02:17:56Z INFO StepsRunner] Starting the step.
[2025-09-16 02:17:56Z INFO HostContext] Well known directory 'Bin': 'C:\laragon\www\sapapi\actions-runner\bin'
[2025-09-16 02:17:56Z INFO HostContext] Well known directory 'Root': 'C:\laragon\www\sapapi\actions-runner'
[2025-09-16 02:17:56Z INFO HostContext] Well known directory 'Work': 'C:\laragon\www\sapapi\actions-runner\_work'
[2025-09-16 02:17:56Z INFO StepsRunner] Which2: 'chcp'
[2025-09-16 02:17:56Z INFO StepsRunner] Location: 'C:\Windows\system32\chcp.COM'
[2025-09-16 02:17:56Z INFO ProcessInvokerWrapper] Starting process:
[2025-09-16 02:17:56Z INFO ProcessInvokerWrapper]   File name: 'C:\Windows\system32\chcp.COM'
[2025-09-16 02:17:56Z INFO ProcessInvokerWrapper]   Arguments: '65001'
[2025-09-16 02:17:56Z INFO ProcessInvokerWrapper]   Working directory: 'C:\laragon\www\sapapi\actions-runner\_work'
[2025-09-16 02:17:56Z INFO ProcessInvokerWrapper]   Require exit code zero: 'False'
[2025-09-16 02:17:56Z INFO ProcessInvokerWrapper]   Encoding web name:  ; code page: ''
[2025-09-16 02:17:56Z INFO ProcessInvokerWrapper]   Force kill process on cancellation: 'False'
[2025-09-16 02:17:56Z INFO ProcessInvokerWrapper]   Redirected STDIN: 'False'
[2025-09-16 02:17:56Z INFO ProcessInvokerWrapper]   Persist current code page: 'True'
[2025-09-16 02:17:56Z INFO ProcessInvokerWrapper]   Keep redirected STDIN open: 'False'
[2025-09-16 02:17:56Z INFO ProcessInvokerWrapper]   High priority process: 'False'
[2025-09-16 02:17:56Z INFO JobServerQueue] Try to append 1 batches web console lines for record 'dc50f404-855c-43ca-8f88-0406ac597d54', success rate: 1/1.
[2025-09-16 02:17:56Z INFO ProcessInvokerWrapper] Process started with process id 24092, waiting for process exit.
[2025-09-16 02:17:56Z INFO ProcessInvokerWrapper] STDOUT/STDERR stream read finished.
[2025-09-16 02:17:56Z INFO ProcessInvokerWrapper] STDOUT/STDERR stream read finished.
[2025-09-16 02:17:56Z INFO ProcessInvokerWrapper] Finished process 24092 with exit code 0, and elapsed time 00:00:00.0107751.
[2025-09-16 02:17:56Z INFO StepsRunner] Successfully returned to code page 65001 (UTF8)
[2025-09-16 02:17:56Z INFO HostContext] Well known directory 'Bin': 'C:\laragon\www\sapapi\actions-runner\bin'
[2025-09-16 02:17:56Z INFO HostContext] Well known directory 'Root': 'C:\laragon\www\sapapi\actions-runner'
[2025-09-16 02:17:56Z INFO HostContext] Well known directory 'Work': 'C:\laragon\www\sapapi\actions-runner\_work'
[2025-09-16 02:17:56Z INFO HostContext] Well known directory 'Actions': 'C:\laragon\www\sapapi\actions-runner\_work\_actions'
[2025-09-16 02:17:56Z INFO ActionManager] Load action that reference repository from 'C:\laragon\www\sapapi\actions-runner\_work\_actions\actions\checkout\v4'
[2025-09-16 02:17:56Z INFO HostContext] Well known directory 'Bin': 'C:\laragon\www\sapapi\actions-runner\bin'
[2025-09-16 02:17:56Z INFO HostContext] Well known directory 'Root': 'C:\laragon\www\sapapi\actions-runner'
[2025-09-16 02:17:56Z INFO HostContext] Well known directory 'Work': 'C:\laragon\www\sapapi\actions-runner\_work'
[2025-09-16 02:17:56Z INFO HostContext] Well known directory 'Actions': 'C:\laragon\www\sapapi\actions-runner\_work\_actions'
[2025-09-16 02:17:56Z INFO ActionManifestManager] Loaded action.yml file: {
  "name": "Checkout",
  "description": "Checkout a Git repository at a particular version",
  "inputs": {
    "type": 2,
    "map": [
      {
        "key": {
          "type": 0,
          "file": 2,
          "line": 4,
          "col": 3,
          "lit": "repository"
        },
        "value": {
          "type": 3,
          "file": 2,
          "line": 6,
          "col": 14,
          "expr": "github.repository"
        }
      },
      {
        "key": {
          "type": 0,
          "file": 2,
          "line": 7,
          "col": 3,
          "lit": "ref"
        },
        "value": ""
      },
      {
        "key": {
          "type": 0,
          "file": 2,
          "line": 12,
          "col": 3,
          "lit": "token"
        },
        "value": {
          "type": 3,
          "file": 2,
          "line": 24,
          "col": 14,
          "expr": "github.token"
        }
      },
      {
        "key": {
          "type": 0,
          "file": 2,
          "line": 25,
          "col": 3,
          "lit": "ssh-key"
        },
        "value": ""
      },
      {
        "key": {
          "type": 0,
          "file": 2,
          "line": 37,
          "col": 3,
          "lit": "ssh-known-hosts"
        },
        "value": ""
      },
      {
        "key": {
          "type": 0,
          "file": 2,
          "line": 42,
          "col": 3,
          "lit": "ssh-strict"
        },
        "value": {
          "type": 0,
          "file": 2,
          "line": 47,
          "col": 14,
          "lit": "true"
        }
      },
      {
        "key": {
          "type": 0,
          "file": 2,
          "line": 48,
          "col": 3,
          "lit": "ssh-user"
        },
        "value": {
          "type": 0,
          "file": 2,
          "line": 51,
          "col": 14,
          "lit": "git"
        }
      },
      {
        "key": {
          "type": 0,
          "file": 2,
          "line": 52,
          "col": 3,
          "lit": "persist-credentials"
        },
        "value": {
          "type": 0,
          "file": 2,
          "line": 54,
          "col": 14,
          "lit": "true"
        }
      },
      {
        "key": {
          "type": 0,
          "file": 2,
          "line": 55,
          "col": 3,
          "lit": "path"
        },
        "value": ""
      },
      {
        "key": {
          "type": 0,
          "file": 2,
          "line": 57,
          "col": 3,
          "lit": "clean"
        },
        "value": {
          "type": 0,
          "file": 2,
          "line": 59,
          "col": 14,
          "lit": "true"
        }
      },
      {
        "key": {
          "type": 0,
          "file": 2,
          "line": 60,
          "col": 3,
          "lit": "filter"
        },
        "value": {
          "type": 0,
          "file": 2,
          "line": 64,
          "col": 14,
          "lit": ""
        }
      },
      {
        "key": {
          "type": 0,
          "file": 2,
          "line": 65,
          "col": 3,
          "lit": "sparse-checkout"
        },
        "value": {
          "type": 0,
          "file": 2,
          "line": 69,
          "col": 14,
          "lit": ""
        }
      },
      {
        "key": {
          "type": 0,
          "file": 2,
          "line": 70,
          "col": 3,
          "lit": "sparse-checkout-cone-mode"
        },
        "value": {
          "type": 0,
          "file": 2,
          "line": 73,
          "col": 14,
          "lit": "true"
        }
      },
      {
        "key": {
          "type": 0,
          "file": 2,
          "line": 74,
          "col": 3,
          "lit": "fetch-depth"
        },
        "value": {
          "type": 0,
          "file": 2,
          "line": 76,
          "col": 14,
          "lit": "1"
        }
      },
      {
        "key": {
          "type": 0,
          "file": 2,
          "line": 77,
          "col": 3,
          "lit": "fetch-tags"
        },
        "value": {
          "type": 0,
          "file": 2,
          "line": 79,
          "col": 14,
          "lit": "false"
        }
      },
      {
        "key": {
          "type": 0,
          "file": 2,
          "line": 80,
          "col": 3,
          "lit": "show-progress"
        },
        "value": {
          "type": 0,
          "file": 2,
          "line": 82,
          "col": 14,
          "lit": "true"
        }
      },
      {
        "key": {
          "type": 0,
          "file": 2,
          "line": 83,
          "col": 3,
          "lit": "lfs"
        },
        "value": {
          "type": 0,
          "file": 2,
          "line": 85,
          "col": 14,
          "lit": "false"
        }
      },
      {
        "key": {
          "type": 0,
          "file": 2,
          "line": 86,
          "col": 3,
          "lit": "submodules"
        },
        "value": {
          "type": 0,
          "file": 2,
          "line": 94,
          "col": 14,
          "lit": "false"
        }
      },
      {
        "key": {
          "type": 0,
          "file": 2,
          "line": 95,
          "col": 3,
          "lit": "set-safe-directory"
        },
        "value": {
          "type": 0,
          "file": 2,
          "line": 97,
          "col": 14,
          "lit": "true"
        }
      },
      {
        "key": {
          "type": 0,
          "file": 2,
          "line": 98,
          "col": 3,
          "lit": "github-server-url"
        },
        "value": ""
      }
    ]
  },
  "execution": {
    "executionType": "nodeJS",
    "hasPre": false,
    "hasPost": true,
    "script": "dist/index.js",
    "pre": null,
    "post": "dist/index.js",
    "nodeVersion": "node20",
    "cleanupCondition": "always()",
    "initCondition": "always()"
  },
  "deprecated": null
}
[2025-09-16 02:17:56Z INFO ActionManager] Action pre node.js file: N/A.
[2025-09-16 02:17:56Z INFO ActionManager] Action node.js file: dist/index.js.
[2025-09-16 02:17:56Z INFO ActionManager] Action post node.js file: dist/index.js.
[2025-09-16 02:17:56Z INFO HostContext] Well known directory 'Bin': 'C:\laragon\www\sapapi\actions-runner\bin'
[2025-09-16 02:17:56Z INFO HostContext] Well known directory 'Root': 'C:\laragon\www\sapapi\actions-runner'
[2025-09-16 02:17:56Z INFO HostContext] Well known directory 'Work': 'C:\laragon\www\sapapi\actions-runner\_work'
[2025-09-16 02:17:56Z INFO HostContext] Well known directory 'Temp': 'C:\laragon\www\sapapi\actions-runner\_work\_temp'
[2025-09-16 02:17:56Z INFO ExecutionContext] Write event payload to C:\laragon\www\sapapi\actions-runner\_work\_temp\_github_workflow\event.json
[2025-09-16 02:17:56Z INFO HostContext] Well known directory 'Bin': 'C:\laragon\www\sapapi\actions-runner\bin'
[2025-09-16 02:17:56Z INFO HostContext] Well known directory 'Root': 'C:\laragon\www\sapapi\actions-runner'
[2025-09-16 02:17:56Z INFO HostContext] Well known directory 'Work': 'C:\laragon\www\sapapi\actions-runner\_work'
[2025-09-16 02:17:56Z INFO HostContext] Well known directory 'Temp': 'C:\laragon\www\sapapi\actions-runner\_work\_temp'
[2025-09-16 02:17:56Z INFO ExtensionManager] Getting extensions for interface: 'GitHub.Runner.Worker.IFileCommandExtension'
[2025-09-16 02:17:56Z INFO ActionManifestManager] Input 'ref': default value evaluate result: ""
[2025-09-16 02:17:56Z INFO ActionManifestManager] Input 'ssh-key': default value evaluate result: ""
[2025-09-16 02:17:56Z INFO ActionManifestManager] Input 'ssh-known-hosts': default value evaluate result: ""
[2025-09-16 02:17:56Z INFO ActionManifestManager] Input 'ssh-strict': default value evaluate result: {
  "type": 0,
  "file": 2,
  "line": 47,
  "col": 14,
  "lit": "true"
}
[2025-09-16 02:17:56Z INFO ActionManifestManager] Input 'ssh-user': default value evaluate result: {
  "type": 0,
  "file": 2,
  "line": 51,
  "col": 14,
  "lit": "git"
}
[2025-09-16 02:17:56Z INFO ActionManifestManager] Input 'persist-credentials': default value evaluate result: {
  "type": 0,
  "file": 2,
  "line": 54,
  "col": 14,
  "lit": "true"
}
[2025-09-16 02:17:56Z INFO ActionManifestManager] Input 'path': default value evaluate result: ""
[2025-09-16 02:17:56Z INFO ActionManifestManager] Input 'clean': default value evaluate result: {
  "type": 0,
  "file": 2,
  "line": 59,
  "col": 14,
  "lit": "true"
}
[2025-09-16 02:17:56Z INFO ActionManifestManager] Input 'filter': default value evaluate result: {
  "type": 0,
  "file": 2,
  "line": 64,
  "col": 14,
  "lit": ""
}
[2025-09-16 02:17:56Z INFO ActionManifestManager] Input 'sparse-checkout': default value evaluate result: {
  "type": 0,
  "file": 2,
  "line": 69,
  "col": 14,
  "lit": ""
}
[2025-09-16 02:17:56Z INFO ActionManifestManager] Input 'sparse-checkout-cone-mode': default value evaluate result: {
  "type": 0,
  "file": 2,
  "line": 73,
  "col": 14,
  "lit": "true"
}
[2025-09-16 02:17:56Z INFO ActionManifestManager] Input 'fetch-depth': default value evaluate result: {
  "type": 0,
  "file": 2,
  "line": 76,
  "col": 14,
  "lit": "1"
}
[2025-09-16 02:17:56Z INFO ActionManifestManager] Input 'fetch-tags': default value evaluate result: {
  "type": 0,
  "file": 2,
  "line": 79,
  "col": 14,
  "lit": "false"
}
[2025-09-16 02:17:56Z INFO ActionManifestManager] Input 'show-progress': default value evaluate result: {
  "type": 0,
  "file": 2,
  "line": 82,
  "col": 14,
  "lit": "true"
}
[2025-09-16 02:17:56Z INFO ActionManifestManager] Input 'lfs': default value evaluate result: {
  "type": 0,
  "file": 2,
  "line": 85,
  "col": 14,
  "lit": "false"
}
[2025-09-16 02:17:56Z INFO ActionManifestManager] Input 'set-safe-directory': default value evaluate result: {
  "type": 0,
  "file": 2,
  "line": 97,
  "col": 14,
  "lit": "true"
}
[2025-09-16 02:17:56Z INFO ActionManifestManager] Input 'github-server-url': default value evaluate result: ""
[2025-09-16 02:17:56Z INFO ExtensionManager] Getting extensions for interface: 'GitHub.Runner.Worker.IActionCommandExtension'
[2025-09-16 02:17:56Z INFO ActionCommandManager] Register action command extension for command internal-set-repo-path
[2025-09-16 02:17:56Z INFO ActionCommandManager] Register action command extension for command set-env
[2025-09-16 02:17:56Z INFO ActionCommandManager] Register action command extension for command set-output
[2025-09-16 02:17:56Z INFO ActionCommandManager] Register action command extension for command save-state
[2025-09-16 02:17:56Z INFO ActionCommandManager] Register action command extension for command add-path
[2025-09-16 02:17:56Z INFO ActionCommandManager] Register action command extension for command add-mask
[2025-09-16 02:17:56Z INFO ActionCommandManager] Register action command extension for command add-matcher
[2025-09-16 02:17:56Z INFO ActionCommandManager] Register action command extension for command remove-matcher
[2025-09-16 02:17:56Z INFO ActionCommandManager] Register action command extension for command warning
[2025-09-16 02:17:56Z INFO ActionCommandManager] Register action command extension for command error
[2025-09-16 02:17:56Z INFO ActionCommandManager] Register action command extension for command notice
[2025-09-16 02:17:56Z INFO ActionCommandManager] Register action command extension for command debug
[2025-09-16 02:17:56Z INFO ActionCommandManager] Register action command extension for command group
[2025-09-16 02:17:56Z INFO ActionCommandManager] Register action command extension for command endgroup
[2025-09-16 02:17:56Z INFO ActionCommandManager] Register action command extension for command echo
[2025-09-16 02:17:56Z INFO HostContext] Well known directory 'Bin': 'C:\laragon\www\sapapi\actions-runner\bin'
[2025-09-16 02:17:56Z INFO HostContext] Well known directory 'Root': 'C:\laragon\www\sapapi\actions-runner'
[2025-09-16 02:17:56Z INFO HostContext] Well known directory 'Externals': 'C:\laragon\www\sapapi\actions-runner\externals'
[2025-09-16 02:17:56Z INFO ProcessInvokerWrapper] Starting process:
[2025-09-16 02:17:56Z INFO ProcessInvokerWrapper]   File name: 'C:\laragon\www\sapapi\actions-runner\externals\node20\bin\node.exe'
[2025-09-16 02:17:56Z INFO ProcessInvokerWrapper]   Arguments: '"C:\laragon\www\sapapi\actions-runner\_work\_actions\actions\checkout\v4\dist/index.js"'
[2025-09-16 02:17:56Z INFO ProcessInvokerWrapper]   Working directory: 'C:\laragon\www\sapapi\actions-runner\_work\sapapi\sapapi'
[2025-09-16 02:17:56Z INFO ProcessInvokerWrapper]   Require exit code zero: 'False'
[2025-09-16 02:17:56Z INFO ProcessInvokerWrapper]   Encoding web name: utf-8 ; code page: '65001'
[2025-09-16 02:17:56Z INFO ProcessInvokerWrapper]   Force kill process on cancellation: 'False'
[2025-09-16 02:17:56Z INFO ProcessInvokerWrapper]   Redirected STDIN: 'False'
[2025-09-16 02:17:56Z INFO ProcessInvokerWrapper]   Persist current code page: 'True'
[2025-09-16 02:17:56Z INFO ProcessInvokerWrapper]   Keep redirected STDIN open: 'False'
[2025-09-16 02:17:56Z INFO ProcessInvokerWrapper]   High priority process: 'False'
[2025-09-16 02:17:57Z INFO JobServerQueue] Try to append 1 batches web console lines for record '52075d9f-e074-4066-ad45-a87ed7dbaa4d', success rate: 1/1.
[2025-09-16 02:17:57Z INFO JobServerQueue] Tried to upload 1 file(s) to results, success rate: 1/1.
[2025-09-16 02:17:57Z INFO JobServerQueue] Try to upload 1 log files or attachments, success rate: 1/1.
[2025-09-16 02:17:58Z INFO ProcessInvokerWrapper] Process started with process id 8424, waiting for process exit.
[2025-09-16 02:17:58Z INFO JobServerQueue] Got a step log file to send to results service.
[2025-09-16 02:17:58Z INFO JobServerQueue] Starting upload of step log file to results service ResultsLog, C:\laragon\www\sapapi\actions-runner\_diag\blocks\cfb31f24-a8f8-4011-aa30-eaf722464218_dc50f404-855c-43ca-8f88-0406ac597d54.1
[2025-09-16 02:17:58Z INFO AddMaskCommandExtension] Add new secret mask with length of 32
[2025-09-16 02:17:58Z INFO JobServerQueue] Try to append 1 batches web console lines for record '52075d9f-e074-4066-ad45-a87ed7dbaa4d', success rate: 1/1.
[2025-09-16 02:17:59Z INFO JobServerQueue] Try to append 1 batches web console lines for record '52075d9f-e074-4066-ad45-a87ed7dbaa4d', success rate: 1/1.
[2025-09-16 02:17:59Z INFO JobServerQueue] Try to append 1 batches web console lines for record '52075d9f-e074-4066-ad45-a87ed7dbaa4d', success rate: 1/1.
[2025-09-16 02:18:00Z INFO JobServerQueue] Try to append 1 batches web console lines for record '52075d9f-e074-4066-ad45-a87ed7dbaa4d', success rate: 1/1.
[2025-09-16 02:18:00Z INFO JobServerQueue] Tried to upload 1 file(s) to results, success rate: 1/1.
[2025-09-16 02:18:03Z INFO ProcessInvokerWrapper] STDOUT/STDERR stream read finished.
[2025-09-16 02:18:03Z INFO ProcessInvokerWrapper] STDOUT/STDERR stream read finished.
[2025-09-16 02:18:03Z INFO ProcessInvokerWrapper] Finished process 8424 with exit code 0, and elapsed time 00:00:06.3409831.
[2025-09-16 02:18:03Z INFO CreateStepSummaryCommand] Step Summary file (C:\laragon\www\sapapi\actions-runner\_work\_temp\_runner_file_commands\step_summary_91892f9d-a70a-45d9-9f01-cfd8f407d334) is empty; skipping attachment upload
[2025-09-16 02:18:03Z INFO StepsRunner] Step result: 
[2025-09-16 02:18:03Z INFO ExecutionContext] Publish step telemetry for current step {
  "action": "actions/checkout",
  "ref": "v4",
  "type": "node20",
  "stage": "Post",
  "stepId": "52075d9f-e074-4066-ad45-a87ed7dbaa4d",
  "result": "succeeded",
  "errorMessages": [],
  "executionTimeInSeconds": 7,
  "startTime": "2025-09-16T02:17:56.9276397Z",
  "finishTime": "2025-09-16T02:18:03.3256047Z"
}.
[2025-09-16 02:18:03Z INFO StepsRunner] No need for updating job result with current step result 'Succeeded'.
[2025-09-16 02:18:03Z INFO StepsRunner] Current state: job state = ''
[2025-09-16 02:18:03Z INFO JobRunner] Finalize job.
[2025-09-16 02:18:03Z INFO HostContext] Well known directory 'Bin': 'C:\laragon\www\sapapi\actions-runner\bin'
[2025-09-16 02:18:03Z INFO HostContext] Well known directory 'Root': 'C:\laragon\www\sapapi\actions-runner'
[2025-09-16 02:18:03Z INFO HostContext] Well known directory 'Diag': 'C:\laragon\www\sapapi\actions-runner\_diag'
[2025-09-16 02:18:03Z INFO HostContext] Well known directory 'Bin': 'C:\laragon\www\sapapi\actions-runner\bin'
[2025-09-16 02:18:03Z INFO HostContext] Well known directory 'Root': 'C:\laragon\www\sapapi\actions-runner'
[2025-09-16 02:18:03Z INFO HostContext] Well known directory 'Diag': 'C:\laragon\www\sapapi\actions-runner\_diag'
[2025-09-16 02:18:03Z INFO JobExtension] Initialize Env context
[2025-09-16 02:18:03Z INFO JobExtension] Initialize steps context
[2025-09-16 02:18:03Z INFO JobExtension] Total accessible running process: 477.
[2025-09-16 02:18:03Z INFO JobExtension] Inspecting process environment variables. PID: 33128 (chrome)
[2025-09-16 02:18:03Z INFO JobExtension] Inspecting process environment variables. PID: 33580 (chrome)
[2025-09-16 02:18:03Z INFO JobExtension] Inspecting process environment variables. PID: 28872 (chrome)
[2025-09-16 02:18:03Z INFO JobExtension] Inspecting process environment variables. PID: 9824 (chrome)
[2025-09-16 02:18:03Z INFO JobExtension] Inspecting process environment variables. PID: 27584 (chrome)
[2025-09-16 02:18:03Z INFO JobExtension] Inspecting process environment variables. PID: 33252 (svchost)
[2025-09-16 02:18:03Z WARN JobExtension] Ignore exception during read process environment variables: Access is denied.
[2025-09-16 02:18:03Z INFO JobExtension] Inspecting process environment variables. PID: 32812 (vctip)
[2025-09-16 02:18:03Z INFO JobExtension] Inspecting process environment variables. PID: 25584 (WmiPrvSE)
[2025-09-16 02:18:03Z INFO JobExtension] Inspecting process environment variables. PID: 26156 (svchost)
[2025-09-16 02:18:03Z INFO JobExtension] Inspecting process environment variables. PID: 29152 (chrome)
[2025-09-16 02:18:03Z INFO JobExtension] Inspecting process environment variables. PID: 7184 (chrome)
[2025-09-16 02:18:03Z INFO JobExtension] Inspecting process environment variables. PID: 21308 (chrome)
[2025-09-16 02:18:03Z INFO JobExtension] Inspecting process environment variables. PID: 32964 (node)
[2025-09-16 02:18:03Z INFO JobExtension] Inspecting process environment variables. PID: 29472 (SearchProtocolHost)
[2025-09-16 02:18:03Z INFO JobExtension] Inspecting process environment variables. PID: 28840 (SearchFilterHost)
[2025-09-16 02:18:03Z INFO JobExtension] Inspecting process environment variables. PID: 19508 (cmd)
[2025-09-16 02:18:03Z INFO JobExtension] Inspecting process environment variables. PID: 30072 (conhost)
[2025-09-16 02:18:03Z INFO JobServerQueue] Try to append 1 batches web console lines for record '0fc7de2b-a6ff-4458-b64b-c74408493fa1', success rate: 1/1.
[2025-09-16 02:18:03Z INFO JobServerQueue] Got a step log file to send to results service.
[2025-09-16 02:18:03Z INFO JobServerQueue] Starting upload of step log file to results service ResultsLog, C:\laragon\www\sapapi\actions-runner\_diag\blocks\cfb31f24-a8f8-4011-aa30-eaf722464218_52075d9f-e074-4066-ad45-a87ed7dbaa4d.1
[2025-09-16 02:18:03Z INFO JobExtension] Inspecting process environment variables. PID: 32224 (ARP)
[2025-09-16 02:18:03Z INFO JobExtension] Inspecting process environment variables. PID: 25624 (node)
[2025-09-16 02:18:03Z INFO JobExtension] Inspecting process environment variables. PID: 7148 (node)
[2025-09-16 02:18:03Z INFO JobExtension] Inspecting process environment variables. PID: 32988 (node)
[2025-09-16 02:18:03Z INFO JobExtension] Inspecting process environment variables. PID: 25136 (node)
[2025-09-16 02:18:03Z INFO JobExtension] Inspecting process environment variables. PID: 33460 (node)
[2025-09-16 02:18:03Z INFO JobExtension] Inspecting process environment variables. PID: 30840 (node)
[2025-09-16 02:18:03Z INFO JobServerQueue] Try to upload 1 log files or attachments, success rate: 1/1.
[2025-09-16 02:18:03Z INFO JobExtension] Inspecting process environment variables. PID: 25904 (node)
[2025-09-16 02:18:03Z WARN JobExtension] Ignore exception during read process environment variables: Cannot process request because the process (25904) has exited.
[2025-09-16 02:18:03Z INFO ExecutionContext] Publish step telemetry for current step {
  "action": "complete_job",
  "type": "runner",
  "stage": "Post",
  "stepId": "0fc7de2b-a6ff-4458-b64b-c74408493fa1",
  "result": "succeeded",
  "errorMessages": [],
  "executionTimeInSeconds": 1,
  "startTime": "2025-09-16T02:18:03.3526846Z",
  "finishTime": "2025-09-16T02:18:03.8337072Z"
}.
[2025-09-16 02:18:03Z INFO ProcessInvokerWrapper] STDOUT/STDERR stream read finished.
[2025-09-16 02:18:03Z INFO JobRunner] Job result after all job steps finish: Succeeded
[2025-09-16 02:18:03Z INFO JobRunner] Completing the job execution context.
[2025-09-16 02:18:03Z INFO JobRunner] Shutting down the job server queue.
[2025-09-16 02:18:03Z INFO JobServerQueue] Fire signal to shutdown all queues.
[2025-09-16 02:18:04Z INFO JobServerQueue] Tried to upload 1 file(s) to results, success rate: 1/1.
[2025-09-16 02:18:05Z INFO JobServerQueue] All queue process task stopped.
[2025-09-16 02:18:05Z INFO JobServerQueue] Try to append 1 batches web console lines for record '0fc7de2b-a6ff-4458-b64b-c74408493fa1', success rate: 1/1.
[2025-09-16 02:18:05Z INFO JobServerQueue] Web console line queue drained.
[2025-09-16 02:18:05Z INFO JobServerQueue] Uploading 2 files in one shot.
[2025-09-16 02:18:05Z INFO JobServerQueue] Try to upload 2 log files or attachments, success rate: 2/2.
[2025-09-16 02:18:05Z INFO JobServerQueue] File upload queue drained.
[2025-09-16 02:18:05Z INFO JobServerQueue] Starting results-based upload queue...
[2025-09-16 02:18:05Z INFO JobServerQueue] Uploading 2 file(s) in one shot through results service.
[2025-09-16 02:18:05Z INFO JobServerQueue] Got a step log file to send to results service.
[2025-09-16 02:18:05Z INFO JobServerQueue] Starting upload of step log file to results service ResultsLog, C:\laragon\www\sapapi\actions-runner\_diag\blocks\cfb31f24-a8f8-4011-aa30-eaf722464218_0fc7de2b-a6ff-4458-b64b-c74408493fa1.1
[2025-09-16 02:18:07Z INFO JobServerQueue] Got a job log file to send to results service.
[2025-09-16 02:18:07Z INFO JobServerQueue] Starting upload of job log file to results service ResultsLog, C:\laragon\www\sapapi\actions-runner\_diag\blocks\cfb31f24-a8f8-4011-aa30-eaf722464218_33d50106-6ff4-5fd9-84fd-accb3221f369.1
[2025-09-16 02:18:08Z INFO JobServerQueue] Tried to upload 2 file(s) to results, success rate: 2/2.
[2025-09-16 02:18:08Z INFO JobServerQueue] Results upload queue drained.
[2025-09-16 02:18:09Z INFO JobServerQueue] Timeline update queue drained.
[2025-09-16 02:18:09Z INFO JobServerQueue] Disposing job server ...
[2025-09-16 02:18:09Z INFO JobServerQueue] Disposing results server ...
[2025-09-16 02:18:09Z INFO JobServerQueue] All queue process tasks have been stopped, and all queues are drained.
[2025-09-16 02:18:09Z INFO TempDirectoryManager] Cleaning runner temp folder: C:\laragon\www\sapapi\actions-runner\_work\_temp
[2025-09-16 02:18:09Z INFO HostContext] Well known directory 'Bin': 'C:\laragon\www\sapapi\actions-runner\bin'
[2025-09-16 02:18:09Z INFO HostContext] Well known directory 'Root': 'C:\laragon\www\sapapi\actions-runner'
[2025-09-16 02:18:09Z INFO HostContext] Well known directory 'Diag': 'C:\laragon\www\sapapi\actions-runner\_diag'
[2025-09-16 02:18:09Z INFO HostContext] Well known config file 'Telemetry': 'C:\laragon\www\sapapi\actions-runner\_diag\.telemetry'
[2025-09-16 02:18:09Z INFO JobRunner] Raising job completed against run service
[2025-09-16 02:18:11Z INFO Worker] Job completed.
