[2025-09-22 11:13:08Z INFO HostContext] No proxy settings were found based on environmental variables (http_proxy/https_proxy/HTTP_PROXY/HTTPS_PROXY)
[2025-09-22 11:13:08Z INFO HostContext] Well known directory 'Bin': 'C:\laragon\www\sapapi\actions-runner\bin'
[2025-09-22 11:13:08Z INFO HostContext] Well known directory 'Root': 'C:\laragon\www\sapapi\actions-runner'
[2025-09-22 11:13:08Z INFO HostContext] Well known config file 'Credentials': 'C:\laragon\www\sapapi\actions-runner\.credentials'
[2025-09-22 11:13:08Z INFO HostContext] Well known directory 'Bin': 'C:\laragon\www\sapapi\actions-runner\bin'
[2025-09-22 11:13:08Z INFO HostContext] Well known directory 'Root': 'C:\laragon\www\sapapi\actions-runner'
[2025-09-22 11:13:08Z INFO HostContext] Well known config file 'Runner': 'C:\laragon\www\sapapi\actions-runner\.runner'
[2025-09-22 11:13:08Z INFO Worker] Version: 2.328.0
[2025-09-22 11:13:08Z INFO Worker] Commit: 6f9a9110adce65f44ca6f7c0ae142b9cc6af937b
[2025-09-22 11:13:08Z INFO Worker] Culture: en-US
[2025-09-22 11:13:08Z INFO Worker] UI Culture: en-US
[2025-09-22 11:13:08Z INFO Worker] Waiting to receive the job message from the channel.
[2025-09-22 11:13:08Z INFO ProcessChannel] Receiving message of length 22286, with hash '5e5605ccd983f0efdd998f12b383e6416b0185ddb0e7c9175957a31c153f494c'
[2025-09-22 11:13:08Z INFO Worker] Message received.
[2025-09-22 11:13:09Z INFO Worker] Job message:
 {
  "fileTable": [
    ".github/workflows/deploy.yml"
  ],
  "mask": [
    {
      "type": "regex",
      "value": "***"
    },
    {
      "type": "regex",
      "value": "***"
    },
    {
      "type": "regex",
      "value": "***"
    },
    {
      "type": "regex",
      "value": "***"
    },
    {
      "type": "regex",
      "value": "***"
    },
    {
      "type": "regex",
      "value": "***"
    },
    {
      "type": "regex",
      "value": "***"
    },
    {
      "type": "regex",
      "value": "***"
    },
    {
      "type": "regex",
      "value": "***"
    },
    {
      "type": "regex",
      "value": "***"
    },
    {
      "type": "regex",
      "value": "***"
    },
    {
      "type": "regex",
      "value": "***"
    },
    {
      "type": "regex",
      "value": "***"
    },
    {
      "type": "regex",
      "value": "***"
    },
    {
      "type": "regex",
      "value": "***"
    },
    {
      "type": "regex",
      "value": "***"
    },
    {
      "type": "regex",
      "value": "***"
    },
    {
      "type": "regex",
      "value": "***"
    }
  ],
  "steps": [
    {
      "type": "action",
      "reference": {
        "type": "repository",
        "name": "actions/checkout",
        "ref": "v4",
        "repositoryType": "GitHub"
      },
      "displayNameToken": {
        "type": 0,
        "file": 1,
        "line": 13,
        "col": 15,
        "lit": "Checkout repository"
      },
      "contextName": "__actions_checkout",
      "inputs": {
        "type": 2,
        "file": 1,
        "line": 16,
        "col": 11,
        "map": [
          {
            "key": {
              "type": 0,
              "file": 1,
              "line": 16,
              "col": 11,
              "lit": "repository"
            },
            "value": {
              "type": 0,
              "file": 1,
              "line": 16,
              "col": 23,
              "lit": "jauharimalik/sapapi"
            }
          },
          {
            "key": {
              "type": 0,
              "file": 1,
              "line": 17,
              "col": 11,
              "lit": "token"
            },
            "value": {
              "type": 3,
              "file": 1,
              "line": 17,
              "col": 18,
              "expr": "secrets.GITHUB_TOKEN"
            }
          },
          {
            "key": {
              "type": 0,
              "file": 1,
              "line": 18,
              "col": 11,
              "lit": "submodules"
            },
            "value": {
              "type": 0,
              "file": 1,
              "line": 18,
              "col": 23,
              "lit": "false"
            }
          }
        ]
      },
      "condition": "success()",
      "id": "c190f683-c412-4ddf-82b2-c7d04f44c164",
      "name": "__actions_checkout"
    },
    {
      "type": "action",
      "reference": {
        "type": "script"
      },
      "displayNameToken": {
        "type": 0,
        "file": 1,
        "line": 20,
        "col": 15,
        "lit": "Set HOMEPATH for PM2"
      },
      "contextName": "__run",
      "inputs": {
        "type": 2,
        "map": [
          {
            "key": "script",
            "value": {
              "type": 0,
              "file": 1,
              "line": 21,
              "col": 14,
              "lit": "echo \"HOMEPATH=C:\\Users\\PROGRAM-002\" | Out-File -FilePath $env:GITHUB_ENV -Append\n"
            }
          },
          {
            "key": "shell",
            "value": {
              "type": 0,
              "file": 1,
              "line": 23,
              "col": 16,
              "lit": "powershell"
            }
          }
        ]
      },
      "condition": "success()",
      "id": "c9c4fca8-c906-4589-815e-61a7965887f7",
      "name": "__run"
    },
    {
      "type": "action",
      "reference": {
        "type": "script"
      },
      "displayNameToken": {
        "type": 0,
        "file": 1,
        "line": 25,
        "col": 15,
        "lit": "Add npm global to PATH"
      },
      "contextName": "__run_2",
      "inputs": {
        "type": 2,
        "map": [
          {
            "key": "script",
            "value": {
              "type": 0,
              "file": 1,
              "line": 26,
              "col": 14,
              "lit": "echo \"C:\\Users\\PROGRAM-002\\AppData\\Roaming\\npm\" | Out-File -FilePath $env:GITHUB_PATH -Append -Encoding utf8"
            }
          },
          {
            "key": "shell",
            "value": {
              "type": 0,
              "file": 1,
              "line": 27,
              "col": 16,
              "lit": "powershell"
            }
          }
        ]
      },
      "condition": "success()",
      "id": "bfc6e795-5ae9-49c2-abe6-233f5ec3fb71",
      "name": "__run_2"
    },
    {
      "type": "action",
      "reference": {
        "type": "script"
      },
      "displayNameToken": {
        "type": 0,
        "file": 1,
        "line": 29,
        "col": 15,
        "lit": "Install PM2 and dependencies"
      },
      "contextName": "__run_3",
      "inputs": {
        "type": 2,
        "map": [
          {
            "key": "script",
            "value": {
              "type": 0,
              "file": 1,
              "line": 30,
              "col": 14,
              "lit": "npm install -g pm2\nnpm install\n"
            }
          }
        ]
      },
      "condition": "success()",
      "id": "357cda62-db77-44b7-b607-4ec1d1244cff",
      "name": "__run_3"
    },
    {
      "type": "action",
      "reference": {
        "type": "script"
      },
      "displayNameToken": {
        "type": 0,
        "file": 1,
        "line": 33,
        "col": 15,
        "lit": "Delete existing PM2 processes"
      },
      "contextName": "__run_4",
      "inputs": {
        "type": 2,
        "map": [
          {
            "key": "script",
            "value": {
              "type": 0,
              "file": 1,
              "line": 34,
              "col": 14,
              "lit": "pm2 delete all"
            }
          }
        ]
      },
      "condition": "success()",
      "continueOnError": {
        "type": 5,
        "file": 1,
        "line": 35,
        "col": 28,
        "bool": true
      },
      "id": "c8418c30-8117-46f1-89f2-49a342561624",
      "name": "__run_4"
    },
    {
      "type": "action",
      "reference": {
        "type": "script"
      },
      "displayNameToken": {
        "type": 0,
        "file": 1,
        "line": 37,
        "col": 15,
        "lit": "Start all Node.js applications with PM2"
      },
      "contextName": "__run_5",
      "inputs": {
        "type": 2,
        "map": [
          {
            "key": "script",
            "value": {
              "type": 0,
              "file": 1,
              "line": 38,
              "col": 14,
              "lit": "pm2 start prod.js --name \"prod-service\" --watch --ignore-watch \"node_modules\"\npm2 start grpo.js --name \"grpo-service\" --watch --ignore-watch \"node_modules\"\npm2 start guling.js --name \"guling-service\" --watch --ignore-watch \"node_modules\"\npm2 start retur.js --name \"retur-service\" --watch --ignore-watch \"node_modules\"\npm2 start rijek.js --name \"rijek-service\" --watch --ignore-watch \"node_modules\"\npm2 start sto.js --name \"sto-service\" --watch --ignore-watch \"node_modules\"\npm2 start server.js --name \"server-service\" --watch --ignore-watch \"node_modules\"\n"
            }
          },
          {
            "key": "shell",
            "value": {
              "type": 0,
              "file": 1,
              "line": 46,
              "col": 16,
              "lit": "powershell"
            }
          }
        ]
      },
      "condition": "success()",
      "id": "fdf992ae-5e89-488e-a41b-9f62b3ff69d2",
      "name": "__run_5"
    },
    {
      "type": "action",
      "reference": {
        "type": "script"
      },
      "displayNameToken": {
        "type": 0,
        "file": 1,
        "line": 48,
        "col": 15,
        "lit": "Save PM2 process list"
      },
      "contextName": "__run_6",
      "inputs": {
        "type": 2,
        "map": [
          {
            "key": "script",
            "value": {
              "type": 0,
              "file": 1,
              "line": 49,
              "col": 14,
              "lit": "pm2 save"
            }
          }
        ]
      },
      "condition": "success()",
      "id": "18a48578-34eb-40e3-ae0a-168437eebb00",
      "name": "__run_6"
    },
    {
      "type": "action",
      "reference": {
        "type": "script"
      },
      "displayNameToken": {
        "type": 0,
        "file": 1,
        "line": 51,
        "col": 15,
        "lit": "Show PM2 process status"
      },
      "contextName": "__run_7",
      "inputs": {
        "type": 2,
        "map": [
          {
            "key": "script",
            "value": {
              "type": 0,
              "file": 1,
              "line": 52,
              "col": 14,
              "lit": "pm2 list"
            }
          }
        ]
      },
      "condition": "success()",
      "id": "9ddae1a6-9dd9-44c3-8363-5ff3029fbf3e",
      "name": "__run_7"
    }
  ],
  "variables": {
    "Actions.EnableHttpRedirects": {
      "value": "true"
    },
    "DistributedTask.AddWarningToNode12Action": {
      "value": "true"
    },
    "DistributedTask.AddWarningToNode16Action": {
      "value": "true"
    },
    "DistributedTask.AllowRunnerContainerHooks": {
      "value": "true"
    },
    "DistributedTask.DeprecateStepOutputCommands": {
      "value": "true"
    },
    "DistributedTask.DetailUntarFailure": {
      "value": "true"
    },
    "DistributedTask.EnableCompositeActions": {
      "value": "true"
    },
    "DistributedTask.EnableJobServerQueueTelemetry": {
      "value": "true"
    },
    "DistributedTask.EnhancedAnnotations": {
      "value": "true"
    },
    "DistributedTask.ForceGithubJavascriptActionsToNode16": {
      "value": "true"
    },
    "DistributedTask.ForceGithubJavascriptActionsToNode20": {
      "value": "true"
    },
    "DistributedTask.LogTemplateErrorsAsDebugMessages": {
      "value": "true"
    },
    "DistributedTask.MarkJobAsFailedOnWorkerCrash": {
      "value": "true"
    },
    "DistributedTask.NewActionMetadata": {
      "value": "true"
    },
    "DistributedTask.UploadStepSummary": {
      "value": "true"
    },
    "DistributedTask.UseActionArchiveCache": {
      "value": "true"
    },
    "DistributedTask.UseWhich2": {
      "value": "true"
    },
    "RunService.FixEmbeddedIssues": {
      "value": "true"
    },
    "actions_add_check_run_id_to_job_context": {
      "value": "true"
    },
    "actions_display_helpful_actions_download_errors": {
      "value": "true"
    },
    "actions_skip_retry_complete_job_upon_known_errors": {
      "value": "true"
    },
    "actions_uses_cache_service_v2": {
      "value": "true"
    },
    "github_token": {
      "value": "***",
      "isSecret": true
    },
    "system.from_run_service": {
      "value": "true"
    },
    "system.github.job": {
      "value": "deploy"
    },
    "system.github.launch_endpoint": {
      "value": "https://launch.actions.githubusercontent.com"
    },
    "system.github.results_endpoint": {
      "value": "https://results-receiver.actions.githubusercontent.com/"
    },
    "system.github.results_upload_with_sdk": {
      "value": "true"
    },
    "system.github.token": {
      "value": "***",
      "isSecret": true
    },
    "system.github.token.permissions": {
      "value": "{\"Contents\":\"read\",\"Metadata\":\"read\",\"Packages\":\"read\"}"
    },
    "system.orchestrationId": {
      "value": "e95197f1-9c27-408f-9ec7-efe2f7b66075.deploy.__default"
    },
    "system.phaseDisplayName": {
      "value": "deploy"
    },
    "system.runner.lowdiskspacethreshold": {
      "value": "100"
    },
    "system.runnerEnvironment": {
      "value": "self-hosted"
    },
    "system.runnerGroupName": {
      "value": "Default"
    }
  },
  "messageType": "RunnerJobRequest",
  "plan": {
    "scopeIdentifier": "00000000-0000-0000-0000-000000000000",
    "planType": "actions",
    "version": 0,
    "planId": "e95197f1-9c27-408f-9ec7-efe2f7b66075",
    "planGroup": null,
    "artifactUri": null,
    "artifactLocation": null,
    "definition": null,
    "owner": null
  },
  "timeline": {
    "id": "e95197f1-9c27-408f-9ec7-efe2f7b66075",
    "changeId": 0,
    "location": null
  },
  "jobId": "fa3e24d0-3d29-520e-aae3-522ff2a96e36",
  "jobDisplayName": "deploy",
  "jobName": "__default",
  "requestId": 0,
  "lockedUntil": "0001-01-01T00:00:00",
  "resources": {
    "endpoints": [
      {
        "data": {
          "ServerId": "",
          "ServerName": "",
          "CacheServerUrl": "https://artifactcache.actions.githubusercontent.com/OTqsuixwcDOeboiI5ELPh9vt0loVA9erSQMzHOLYofkfIDGeBX/",
          "FeedStreamUrl": "wss://results-receiver.actions.githubusercontent.com/_ws/ingest.sock",
          "ResultsServiceUrl": "https://results-receiver.actions.githubusercontent.com/",
          "PipelinesServiceUrl": "https://pipelinesghubeus26.actions.githubusercontent.com/OTqsuixwcDOeboiI5ELPh9vt0loVA9erSQMzHOLYofkfIDGeBX/",
          "GenerateIdTokenUrl": ""
        },
        "name": "SystemVssConnection",
        "url": "https://run-actions-3-azure-eastus.actions.githubusercontent.com/49/",
        "authorization": {
          "parameters": {
            "AccessToken": "***"
          },
          "scheme": "OAuth"
        },
        "isShared": false,
        "isReady": true
      }
    ]
  },
  "contextData": {
    "github": {
      "t": 2,
      "d": [
        {
          "k": "ref",
          "v": "refs/heads/main"
        },
        {
          "k": "sha",
          "v": "854fb1e73bb1ebbc3729f66006a8b998adf87717"
        },
        {
          "k": "repository",
          "v": "jauharimalik/sapapi"
        },
        {
          "k": "repository_owner",
          "v": "jauharimalik"
        },
        {
          "k": "repository_owner_id",
          "v": "9219344"
        },
        {
          "k": "repositoryUrl",
          "v": "git://github.com/jauharimalik/sapapi.git"
        },
        {
          "k": "run_id",
          "v": "17913475530"
        },
        {
          "k": "run_number",
          "v": "94"
        },
        {
          "k": "retention_days",
          "v": "90"
        },
        {
          "k": "run_attempt",
          "v": "1"
        },
        {
          "k": "artifact_cache_size_limit",
          "v": "10"
        },
        {
          "k": "repository_visibility",
          "v": "public"
        },
        {
          "k": "actor_id",
          "v": "9219344"
        },
        {
          "k": "actor",
          "v": "jauharimalik"
        },
        {
          "k": "workflow",
          "v": "Deploy to csxpk"
        },
        {
          "k": "head_ref",
          "v": ""
        },
        {
          "k": "base_ref",
          "v": ""
        },
        {
          "k": "event_name",
          "v": "push"
        },
        {
          "k": "server_url",
          "v": "https://github.com"
        },
        {
          "k": "api_url",
          "v": "https://api.github.com"
        },
        {
          "k": "graphql_url",
          "v": "https://api.github.com/graphql"
        },
        {
          "k": "ref_name",
          "v": "main"
        },
        {
          "k": "ref_protected",
          "v": false
        },
        {
          "k": "ref_type",
          "v": "branch"
        },
        {
          "k": "secret_source",
          "v": "Actions"
        },
        {
          "k": "event",
          "v": {
            "t": 2,
            "d": [
              {
                "k": "after",
                "v": "854fb1e73bb1ebbc3729f66006a8b998adf87717"
              },
              {
                "k": "base_ref",
                "v": null
              },
              {
                "k": "before",
                "v": "0fdd30771d5bc0e0acba7678671fd01fa84107d9"
              },
              {
                "k": "commits",
                "v": {
                  "t": 1,
                  "a": [
                    {
                      "t": 2,
                      "d": [
                        {
                          "k": "author",
                          "v": {
                            "t": 2,
                            "d": [
                              {
                                "k": "email",
                                "v": "jauharimalikupil@gmail.com"
                              },
                              {
                                "k": "name",
                                "v": "unknown"
                              },
                              {
                                "k": "username",
                                "v": "jauharimalik"
                              }
                            ]
                          }
                        },
                        {
                          "k": "committer",
                          "v": {
                            "t": 2,
                            "d": [
                              {
                                "k": "email",
                                "v": "jauharimalikupil@gmail.com"
                              },
                              {
                                "k": "name",
                                "v": "unknown"
                              },
                              {
                                "k": "username",
                                "v": "jauharimalik"
                              }
                            ]
                          }
                        },
                        {
                          "k": "distinct",
                          "v": true
                        },
                        {
                          "k": "id",
                          "v": "854fb1e73bb1ebbc3729f66006a8b998adf87717"
                        },
                        {
                          "k": "message",
                          "v": "ws"
                        },
                        {
                          "k": "timestamp",
                          "v": "2025-09-22T18:12:55+07:00"
                        },
                        {
                          "k": "tree_id",
                          "v": "ea4455d3530f65a1030dd871b5ac0092bf766ccb"
                        },
                        {
                          "k": "url",
                          "v": "https://github.com/jauharimalik/sapapi/commit/854fb1e73bb1ebbc3729f66006a8b998adf87717"
                        }
                      ]
                    }
                  ]
                }
              },
              {
                "k": "compare",
                "v": "https://github.com/jauharimalik/sapapi/compare/0fdd30771d5b...854fb1e73bb1"
              },
              {
                "k": "created",
                "v": false
              },
              {
                "k": "deleted",
                "v": false
              },
              {
                "k": "forced",
                "v": false
              },
              {
                "k": "head_commit",
                "v": {
                  "t": 2,
                  "d": [
                    {
                      "k": "author",
                      "v": {
                        "t": 2,
                        "d": [
                          {
                            "k": "email",
                            "v": "jauharimalikupil@gmail.com"
                          },
                          {
                            "k": "name",
                            "v": "unknown"
                          },
                          {
                            "k": "username",
                            "v": "jauharimalik"
                          }
                        ]
                      }
                    },
                    {
                      "k": "committer",
                      "v": {
                        "t": 2,
                        "d": [
                          {
                            "k": "email",
                            "v": "jauharimalikupil@gmail.com"
                          },
                          {
                            "k": "name",
                            "v": "unknown"
                          },
                          {
                            "k": "username",
                            "v": "jauharimalik"
                          }
                        ]
                      }
                    },
                    {
                      "k": "distinct",
                      "v": true
                    },
                    {
                      "k": "id",
                      "v": "854fb1e73bb1ebbc3729f66006a8b998adf87717"
                    },
                    {
                      "k": "message",
                      "v": "ws"
                    },
                    {
                      "k": "timestamp",
                      "v": "2025-09-22T18:12:55+07:00"
                    },
                    {
                      "k": "tree_id",
                      "v": "ea4455d3530f65a1030dd871b5ac0092bf766ccb"
                    },
                    {
                      "k": "url",
                      "v": "https://github.com/jauharimalik/sapapi/commit/854fb1e73bb1ebbc3729f66006a8b998adf87717"
                    }
                  ]
                }
              },
              {
                "k": "pusher",
                "v": {
                  "t": 2,
                  "d": [
                    {
                      "k": "email",
                      "v": "jauharimalikupil@gmail.com"
                    },
                    {
                      "k": "name",
                      "v": "jauharimalik"
                    }
                  ]
                }
              },
              {
                "k": "ref",
                "v": "refs/heads/main"
              },
              {
                "k": "repository",
                "v": {
                  "t": 2,
                  "d": [
                    {
                      "k": "allow_forking",
                      "v": true
                    },
                    {
                      "k": "archive_url",
                      "v": "https://api.github.com/repos/jauharimalik/sapapi/{archive_format}{/ref}"
                    },
                    {
                      "k": "archived",
                      "v": false
                    },
                    {
                      "k": "assignees_url",
                      "v": "https://api.github.com/repos/jauharimalik/sapapi/assignees{/user}"
                    },
                    {
                      "k": "blobs_url",
                      "v": "https://api.github.com/repos/jauharimalik/sapapi/git/blobs{/sha}"
                    },
                    {
                      "k": "branches_url",
                      "v": "https://api.github.com/repos/jauharimalik/sapapi/branches{/branch}"
                    },
                    {
                      "k": "clone_url",
                      "v": "https://github.com/jauharimalik/sapapi.git"
                    },
                    {
                      "k": "collaborators_url",
                      "v": "https://api.github.com/repos/jauharimalik/sapapi/collaborators{/collaborator}"
                    },
                    {
                      "k": "comments_url",
                      "v": "https://api.github.com/repos/jauharimalik/sapapi/comments{/number}"
                    },
                    {
                      "k": "commits_url",
                      "v": "https://api.github.com/repos/jauharimalik/sapapi/commits{/sha}"
                    },
                    {
                      "k": "compare_url",
                      "v": "https://api.github.com/repos/jauharimalik/sapapi/compare/{base}...{head}"
                    },
                    {
                      "k": "contents_url",
                      "v": "https://api.github.com/repos/jauharimalik/sapapi/contents/{+path}"
                    },
                    {
                      "k": "contributors_url",
                      "v": "https://api.github.com/repos/jauharimalik/sapapi/contributors"
                    },
                    {
                      "k": "created_at",
                      "v": 1754292236.0
                    },
                    {
                      "k": "default_branch",
                      "v": "main"
                    },
                    {
                      "k": "deployments_url",
                      "v": "https://api.github.com/repos/jauharimalik/sapapi/deployments"
                    },
                    {
                      "k": "description",
                      "v": null
                    },
                    {
                      "k": "disabled",
                      "v": false
                    },
                    {
                      "k": "downloads_url",
                      "v": "https://api.github.com/repos/jauharimalik/sapapi/downloads"
                    },
                    {
                      "k": "events_url",
                      "v": "https://api.github.com/repos/jauharimalik/sapapi/events"
                    },
                    {
                      "k": "fork",
                      "v": false
                    },
                    {
                      "k": "forks",
                      "v": 0.0
                    },
                    {
                      "k": "forks_count",
                      "v": 0.0
                    },
                    {
                      "k": "forks_url",
                      "v": "https://api.github.com/repos/jauharimalik/sapapi/forks"
                    },
                    {
                      "k": "full_name",
                      "v": "jauharimalik/sapapi"
                    },
                    {
                      "k": "git_commits_url",
                      "v": "https://api.github.com/repos/jauharimalik/sapapi/git/commits{/sha}"
                    },
                    {
                      "k": "git_refs_url",
                      "v": "https://api.github.com/repos/jauharimalik/sapapi/git/refs{/sha}"
                    },
                    {
                      "k": "git_tags_url",
                      "v": "https://api.github.com/repos/jauharimalik/sapapi/git/tags{/sha}"
                    },
                    {
                      "k": "git_url",
                      "v": "git://github.com/jauharimalik/sapapi.git"
                    },
                    {
                      "k": "has_discussions",
                      "v": false
                    },
                    {
                      "k": "has_downloads",
                      "v": true
                    },
                    {
                      "k": "has_issues",
                      "v": true
                    },
                    {
                      "k": "has_pages",
                      "v": true
                    },
                    {
                      "k": "has_projects",
                      "v": true
                    },
                    {
                      "k": "has_wiki",
                      "v": true
                    },
                    {
                      "k": "homepage",
                      "v": null
                    },
                    {
                      "k": "hooks_url",
                      "v": "https://api.github.com/repos/jauharimalik/sapapi/hooks"
                    },
                    {
                      "k": "html_url",
                      "v": "https://github.com/jauharimalik/sapapi"
                    },
                    {
                      "k": "id",
                      "v": 1031688394.0
                    },
                    {
                      "k": "is_template",
                      "v": false
                    },
                    {
                      "k": "issue_comment_url",
                      "v": "https://api.github.com/repos/jauharimalik/sapapi/issues/comments{/number}"
                    },
                    {
                      "k": "issue_events_url",
                      "v": "https://api.github.com/repos/jauharimalik/sapapi/issues/events{/number}"
                    },
                    {
                      "k": "issues_url",
                      "v": "https://api.github.com/repos/jauharimalik/sapapi/issues{/number}"
                    },
                    {
                      "k": "keys_url",
                      "v": "https://api.github.com/repos/jauharimalik/sapapi/keys{/key_id}"
                    },
                    {
                      "k": "labels_url",
                      "v": "https://api.github.com/repos/jauharimalik/sapapi/labels{/name}"
                    },
                    {
                      "k": "language",
                      "v": "JavaScript"
                    },
                    {
                      "k": "languages_url",
                      "v": "https://api.github.com/repos/jauharimalik/sapapi/languages"
                    },
                    {
                      "k": "license",
                      "v": null
                    },
                    {
                      "k": "master_branch",
                      "v": "main"
                    },
                    {
                      "k": "merges_url",
                      "v": "https://api.github.com/repos/jauharimalik/sapapi/merges"
                    },
                    {
                      "k": "milestones_url",
                      "v": "https://api.github.com/repos/jauharimalik/sapapi/milestones{/number}"
                    },
                    {
                      "k": "mirror_url",
                      "v": null
                    },
                    {
                      "k": "name",
                      "v": "sapapi"
                    },
                    {
                      "k": "node_id",
                      "v": "R_kgDOPX5Qyg"
                    },
                    {
                      "k": "notifications_url",
                      "v": "https://api.github.com/repos/jauharimalik/sapapi/notifications{?since,all,participating}"
                    },
                    {
                      "k": "open_issues",
                      "v": 0.0
                    },
                    {
                      "k": "open_issues_count",
                      "v": 0.0
                    },
                    {
                      "k": "owner",
                      "v": {
                        "t": 2,
                        "d": [
                          {
                            "k": "avatar_url",
                            "v": "https://avatars.githubusercontent.com/u/9219344?v=4"
                          },
                          {
                            "k": "email",
                            "v": "jauharimalikupil@gmail.com"
                          },
                          {
                            "k": "events_url",
                            "v": "https://api.github.com/users/jauharimalik/events{/privacy}"
                          },
                          {
                            "k": "followers_url",
                            "v": "https://api.github.com/users/jauharimalik/followers"
                          },
                          {
                            "k": "following_url",
                            "v": "https://api.github.com/users/jauharimalik/following{/other_user}"
                          },
                          {
                            "k": "gists_url",
                            "v": "https://api.github.com/users/jauharimalik/gists{/gist_id}"
                          },
                          {
                            "k": "gravatar_id",
                            "v": ""
                          },
                          {
                            "k": "html_url",
                            "v": "https://github.com/jauharimalik"
                          },
                          {
                            "k": "id",
                            "v": 9219344.0
                          },
                          {
                            "k": "login",
                            "v": "jauharimalik"
                          },
                          {
                            "k": "name",
                            "v": "jauharimalik"
                          },
                          {
                            "k": "node_id",
                            "v": "MDQ6VXNlcjkyMTkzNDQ="
                          },
                          {
                            "k": "organizations_url",
                            "v": "https://api.github.com/users/jauharimalik/orgs"
                          },
                          {
                            "k": "received_events_url",
                            "v": "https://api.github.com/users/jauharimalik/received_events"
                          },
                          {
                            "k": "repos_url",
                            "v": "https://api.github.com/users/jauharimalik/repos"
                          },
                          {
                            "k": "site_admin",
                            "v": false
                          },
                          {
                            "k": "starred_url",
                            "v": "https://api.github.com/users/jauharimalik/starred{/owner}{/repo}"
                          },
                          {
                            "k": "subscriptions_url",
                            "v": "https://api.github.com/users/jauharimalik/subscriptions"
                          },
                          {
                            "k": "type",
                            "v": "User"
                          },
                          {
                            "k": "url",
                            "v": "https://api.github.com/users/jauharimalik"
                          },
                          {
                            "k": "user_view_type",
                            "v": "public"
                          }
                        ]
                      }
                    },
                    {
                      "k": "private",
                      "v": false
                    },
                    {
                      "k": "pulls_url",
                      "v": "https://api.github.com/repos/jauharimalik/sapapi/pulls{/number}"
                    },
                    {
                      "k": "pushed_at",
                      "v": 1758539582.0
                    },
                    {
                      "k": "releases_url",
                      "v": "https://api.github.com/repos/jauharimalik/sapapi/releases{/id}"
                    },
                    {
                      "k": "size",
                      "v": 225003.0
                    },
                    {
                      "k": "ssh_url",
                      "v": "git@github.com:jauharimalik/sapapi.git"
                    },
                    {
                      "k": "stargazers",
                      "v": 0.0
                    },
                    {
                      "k": "stargazers_count",
                      "v": 0.0
                    },
                    {
                      "k": "stargazers_url",
                      "v": "https://api.github.com/repos/jauharimalik/sapapi/stargazers"
                    },
                    {
                      "k": "statuses_url",
                      "v": "https://api.github.com/repos/jauharimalik/sapapi/statuses/{sha}"
                    },
                    {
                      "k": "subscribers_url",
                      "v": "https://api.github.com/repos/jauharimalik/sapapi/subscribers"
                    },
                    {
                      "k": "subscription_url",
                      "v": "https://api.github.com/repos/jauharimalik/sapapi/subscription"
                    },
                    {
                      "k": "svn_url",
                      "v": "https://github.com/jauharimalik/sapapi"
                    },
                    {
                      "k": "tags_url",
                      "v": "https://api.github.com/repos/jauharimalik/sapapi/tags"
                    },
                    {
                      "k": "teams_url",
                      "v": "https://api.github.com/repos/jauharimalik/sapapi/teams"
                    },
                    {
                      "k": "topics",
                      "v": {
                        "t": 1
                      }
                    },
                    {
                      "k": "trees_url",
                      "v": "https://api.github.com/repos/jauharimalik/sapapi/git/trees{/sha}"
                    },
                    {
                      "k": "updated_at",
                      "v": "2025-09-22T10:58:07Z"
                    },
                    {
                      "k": "url",
                      "v": "https://api.github.com/repos/jauharimalik/sapapi"
                    },
                    {
                      "k": "visibility",
                      "v": "public"
                    },
                    {
                      "k": "watchers",
                      "v": 0.0
                    },
                    {
                      "k": "watchers_count",
                      "v": 0.0
                    },
                    {
                      "k": "web_commit_signoff_required",
                      "v": false
                    }
                  ]
                }
              },
              {
                "k": "sender",
                "v": {
                  "t": 2,
                  "d": [
                    {
                      "k": "avatar_url",
                      "v": "https://avatars.githubusercontent.com/u/9219344?v=4"
                    },
                    {
                      "k": "events_url",
                      "v": "https://api.github.com/users/jauharimalik/events{/privacy}"
                    },
                    {
                      "k": "followers_url",
                      "v": "https://api.github.com/users/jauharimalik/followers"
                    },
                    {
                      "k": "following_url",
                      "v": "https://api.github.com/users/jauharimalik/following{/other_user}"
                    },
                    {
                      "k": "gists_url",
                      "v": "https://api.github.com/users/jauharimalik/gists{/gist_id}"
                    },
                    {
                      "k": "gravatar_id",
                      "v": ""
                    },
                    {
                      "k": "html_url",
                      "v": "https://github.com/jauharimalik"
                    },
                    {
                      "k": "id",
                      "v": 9219344.0
                    },
                    {
                      "k": "login",
                      "v": "jauharimalik"
                    },
                    {
                      "k": "node_id",
                      "v": "MDQ6VXNlcjkyMTkzNDQ="
                    },
                    {
                      "k": "organizations_url",
                      "v": "https://api.github.com/users/jauharimalik/orgs"
                    },
                    {
                      "k": "received_events_url",
                      "v": "https://api.github.com/users/jauharimalik/received_events"
                    },
                    {
                      "k": "repos_url",
                      "v": "https://api.github.com/users/jauharimalik/repos"
                    },
                    {
                      "k": "site_admin",
                      "v": false
                    },
                    {
                      "k": "starred_url",
                      "v": "https://api.github.com/users/jauharimalik/starred{/owner}{/repo}"
                    },
                    {
                      "k": "subscriptions_url",
                      "v": "https://api.github.com/users/jauharimalik/subscriptions"
                    },
                    {
                      "k": "type",
                      "v": "User"
                    },
                    {
                      "k": "url",
                      "v": "https://api.github.com/users/jauharimalik"
                    },
                    {
                      "k": "user_view_type",
                      "v": "public"
                    }
                  ]
                }
              }
            ]
          }
        },
        {
          "k": "workflow_ref",
          "v": "jauharimalik/sapapi/.github/workflows/deploy.yml@refs/heads/main"
        },
        {
          "k": "workflow_sha",
          "v": "854fb1e73bb1ebbc3729f66006a8b998adf87717"
        },
        {
          "k": "repository_id",
          "v": "1031688394"
        },
        {
          "k": "triggering_actor",
          "v": "jauharimalik"
        }
      ]
    },
    "inputs": {
      "t": 2
    },
    "job": {
      "t": 2,
      "d": [
        {
          "k": "check_run_id",
          "v": 50930127794.0
        }
      ]
    },
    "matrix": null,
    "needs": {
      "t": 2
    },
    "strategy": {
      "t": 2,
      "d": [
        {
          "k": "fail-fast",
          "v": true
        },
        {
          "k": "job-index",
          "v": 0.0
        },
        {
          "k": "job-total",
          "v": 1.0
        },
        {
          "k": "max-parallel",
          "v": 1.0
        }
      ]
    },
    "vars": {
      "t": 2
    }
  },
  "billingOwnerId": "U_kgDOAIytEA"
}
[2025-09-22 11:13:09Z INFO JobRunner] Job ID fa3e24d0-3d29-520e-aae3-522ff2a96e36
[2025-09-22 11:13:09Z INFO ConfigurationStore] currentAssemblyLocation: C:\laragon\www\sapapi\actions-runner\bin\Runner.Worker.dll
[2025-09-22 11:13:09Z INFO HostContext] Well known directory 'Bin': 'C:\laragon\www\sapapi\actions-runner\bin'
[2025-09-22 11:13:09Z INFO ConfigurationStore] binPath: C:\laragon\www\sapapi\actions-runner\bin
[2025-09-22 11:13:09Z INFO HostContext] Well known directory 'Bin': 'C:\laragon\www\sapapi\actions-runner\bin'
[2025-09-22 11:13:09Z INFO HostContext] Well known directory 'Root': 'C:\laragon\www\sapapi\actions-runner'
[2025-09-22 11:13:09Z INFO ConfigurationStore] RootFolder: C:\laragon\www\sapapi\actions-runner
[2025-09-22 11:13:09Z INFO HostContext] Well known directory 'Bin': 'C:\laragon\www\sapapi\actions-runner\bin'
[2025-09-22 11:13:09Z INFO HostContext] Well known directory 'Root': 'C:\laragon\www\sapapi\actions-runner'
[2025-09-22 11:13:09Z INFO HostContext] Well known config file 'Runner': 'C:\laragon\www\sapapi\actions-runner\.runner'
[2025-09-22 11:13:09Z INFO ConfigurationStore] ConfigFilePath: C:\laragon\www\sapapi\actions-runner\.runner
[2025-09-22 11:13:09Z INFO HostContext] Well known directory 'Bin': 'C:\laragon\www\sapapi\actions-runner\bin'
[2025-09-22 11:13:09Z INFO HostContext] Well known directory 'Root': 'C:\laragon\www\sapapi\actions-runner'
[2025-09-22 11:13:09Z INFO HostContext] Well known config file 'MigratedRunner': 'C:\laragon\www\sapapi\actions-runner\.runner_migrated'
[2025-09-22 11:13:09Z INFO ConfigurationStore] MigratedConfigFilePath: C:\laragon\www\sapapi\actions-runner\.runner_migrated
[2025-09-22 11:13:09Z INFO HostContext] Well known directory 'Bin': 'C:\laragon\www\sapapi\actions-runner\bin'
[2025-09-22 11:13:09Z INFO HostContext] Well known directory 'Root': 'C:\laragon\www\sapapi\actions-runner'
[2025-09-22 11:13:09Z INFO HostContext] Well known config file 'Credentials': 'C:\laragon\www\sapapi\actions-runner\.credentials'
[2025-09-22 11:13:09Z INFO ConfigurationStore] CredFilePath: C:\laragon\www\sapapi\actions-runner\.credentials
[2025-09-22 11:13:09Z INFO HostContext] Well known directory 'Bin': 'C:\laragon\www\sapapi\actions-runner\bin'
[2025-09-22 11:13:09Z INFO HostContext] Well known directory 'Root': 'C:\laragon\www\sapapi\actions-runner'
[2025-09-22 11:13:09Z INFO HostContext] Well known config file 'MigratedCredentials': 'C:\laragon\www\sapapi\actions-runner\.credentials_migrated'
[2025-09-22 11:13:09Z INFO ConfigurationStore] MigratedCredFilePath: C:\laragon\www\sapapi\actions-runner\.credentials_migrated
[2025-09-22 11:13:09Z INFO HostContext] Well known directory 'Bin': 'C:\laragon\www\sapapi\actions-runner\bin'
[2025-09-22 11:13:09Z INFO HostContext] Well known directory 'Root': 'C:\laragon\www\sapapi\actions-runner'
[2025-09-22 11:13:09Z INFO HostContext] Well known config file 'Service': 'C:\laragon\www\sapapi\actions-runner\.service'
[2025-09-22 11:13:09Z INFO ConfigurationStore] ServiceConfigFilePath: C:\laragon\www\sapapi\actions-runner\.service
[2025-09-22 11:13:09Z INFO ConfigurationStore] Read setting file: 386 chars
[2025-09-22 11:13:09Z INFO JobRunner] Initializing launch client
[2025-09-22 11:13:09Z INFO JobServerQueue] Initializing results client
[2025-09-22 11:13:09Z INFO ResultServer] Creating websocket client ...wss://results-receiver.actions.githubusercontent.com/_ws/ingest.sock
[2025-09-22 11:13:09Z INFO ResultServer] Attempting to start websocket client with delay 00:00:00.
[2025-09-22 11:13:09Z INFO JobServerQueue] Start process web console line queue.
[2025-09-22 11:13:09Z INFO JobServerQueue] Start process file upload queue.
[2025-09-22 11:13:09Z INFO JobServerQueue] Start results file upload queue.
[2025-09-22 11:13:09Z INFO JobServerQueue] Starting results-based upload queue...
[2025-09-22 11:13:09Z INFO JobServerQueue] Start process timeline update queue.
[2025-09-22 11:13:09Z INFO ExecutionContext] Initializing Job context
[2025-09-22 11:13:09Z INFO ExecutionContext] Initialize GitHub context
[2025-09-22 11:13:09Z INFO ExecutionContext] Initialize Env context
[2025-09-22 11:13:09Z INFO HostContext] Well known directory 'Bin': 'C:\laragon\www\sapapi\actions-runner\bin'
[2025-09-22 11:13:09Z INFO HostContext] Well known directory 'Root': 'C:\laragon\www\sapapi\actions-runner'
[2025-09-22 11:13:09Z INFO HostContext] Well known directory 'Diag': 'C:\laragon\www\sapapi\actions-runner\_diag'
[2025-09-22 11:13:09Z INFO HostContext] Well known directory 'Bin': 'C:\laragon\www\sapapi\actions-runner\bin'
[2025-09-22 11:13:09Z INFO HostContext] Well known directory 'Root': 'C:\laragon\www\sapapi\actions-runner'
[2025-09-22 11:13:09Z INFO HostContext] Well known directory 'Diag': 'C:\laragon\www\sapapi\actions-runner\_diag'
[2025-09-22 11:13:09Z INFO JobRunner] Starting the job execution context.
[2025-09-22 11:13:09Z INFO HostContext] Well known directory 'Bin': 'C:\laragon\www\sapapi\actions-runner\bin'
[2025-09-22 11:13:09Z INFO HostContext] Well known directory 'Root': 'C:\laragon\www\sapapi\actions-runner'
[2025-09-22 11:13:09Z INFO HostContext] Well known directory 'Work': 'C:\laragon\www\sapapi\actions-runner\_work'
[2025-09-22 11:13:09Z INFO JobRunner] Validating directory permissions for: 'C:\laragon\www\sapapi\actions-runner\_work'
[2025-09-22 11:13:09Z INFO HostContext] Well known directory 'Bin': 'C:\laragon\www\sapapi\actions-runner\bin'
[2025-09-22 11:13:09Z INFO HostContext] Well known directory 'Root': 'C:\laragon\www\sapapi\actions-runner'
[2025-09-22 11:13:09Z INFO HostContext] Well known directory 'Work': 'C:\laragon\www\sapapi\actions-runner\_work'
[2025-09-22 11:13:09Z INFO HostContext] Well known directory 'Tools': 'C:\laragon\www\sapapi\actions-runner\_work\_tool'
[2025-09-22 11:13:09Z INFO HostContext] Well known directory 'Bin': 'C:\laragon\www\sapapi\actions-runner\bin'
[2025-09-22 11:13:09Z INFO HostContext] Well known directory 'Root': 'C:\laragon\www\sapapi\actions-runner'
[2025-09-22 11:13:09Z INFO HostContext] Well known directory 'Work': 'C:\laragon\www\sapapi\actions-runner\_work'
[2025-09-22 11:13:09Z INFO HostContext] Well known directory 'Temp': 'C:\laragon\www\sapapi\actions-runner\_work\_temp'
[2025-09-22 11:13:09Z INFO JobRunner] Getting job extension.
[2025-09-22 11:13:09Z INFO JobRunner] Initialize job. Getting all job steps.
[2025-09-22 11:13:09Z INFO HostContext] Well known directory 'Bin': 'C:\laragon\www\sapapi\actions-runner\bin'
[2025-09-22 11:13:09Z INFO HostContext] Well known directory 'Root': 'C:\laragon\www\sapapi\actions-runner'
[2025-09-22 11:13:09Z INFO HostContext] Well known directory 'Diag': 'C:\laragon\www\sapapi\actions-runner\_diag'
[2025-09-22 11:13:09Z INFO HostContext] Well known directory 'Bin': 'C:\laragon\www\sapapi\actions-runner\bin'
[2025-09-22 11:13:09Z INFO HostContext] Well known directory 'Root': 'C:\laragon\www\sapapi\actions-runner'
[2025-09-22 11:13:09Z INFO HostContext] Well known directory 'Diag': 'C:\laragon\www\sapapi\actions-runner\_diag'
[2025-09-22 11:13:09Z INFO HostContext] Well known directory 'Bin': 'C:\laragon\www\sapapi\actions-runner\bin'
[2025-09-22 11:13:09Z INFO HostContext] Well known directory 'Root': 'C:\laragon\www\sapapi\actions-runner'
[2025-09-22 11:13:09Z INFO HostContext] Well known config file 'Credentials': 'C:\laragon\www\sapapi\actions-runner\.credentials'
[2025-09-22 11:13:09Z INFO HostContext] Well known directory 'Bin': 'C:\laragon\www\sapapi\actions-runner\bin'
[2025-09-22 11:13:09Z INFO HostContext] Well known directory 'Root': 'C:\laragon\www\sapapi\actions-runner'
[2025-09-22 11:13:09Z INFO HostContext] Well known config file 'SetupInfo': 'C:\laragon\www\sapapi\actions-runner\.setup_info'
[2025-09-22 11:13:09Z INFO HostContext] Well known directory 'Bin': 'C:\laragon\www\sapapi\actions-runner\bin'
[2025-09-22 11:13:09Z INFO HostContext] Well known directory 'Root': 'C:\laragon\www\sapapi\actions-runner'
[2025-09-22 11:13:09Z INFO HostContext] Well known directory 'Work': 'C:\laragon\www\sapapi\actions-runner\_work'
[2025-09-22 11:13:09Z INFO PipelineDirectoryManager] Loading tracking config if exists: C:\laragon\www\sapapi\actions-runner\_work\_PipelineMapping\jauharimalik/sapapi\PipelineFolder.json
[2025-09-22 11:13:09Z INFO PipelineDirectoryManager] Updating job run properties.
[2025-09-22 11:13:09Z INFO HostContext] Well known directory 'Bin': 'C:\laragon\www\sapapi\actions-runner\bin'
[2025-09-22 11:13:09Z INFO HostContext] Well known directory 'Root': 'C:\laragon\www\sapapi\actions-runner'
[2025-09-22 11:13:09Z INFO HostContext] Well known directory 'Work': 'C:\laragon\www\sapapi\actions-runner\_work'
[2025-09-22 11:13:09Z INFO HostContext] Well known directory 'Bin': 'C:\laragon\www\sapapi\actions-runner\bin'
[2025-09-22 11:13:09Z INFO HostContext] Well known directory 'Root': 'C:\laragon\www\sapapi\actions-runner'
[2025-09-22 11:13:09Z INFO HostContext] Well known directory 'Work': 'C:\laragon\www\sapapi\actions-runner\_work'
[2025-09-22 11:13:09Z INFO HostContext] Well known directory 'Bin': 'C:\laragon\www\sapapi\actions-runner\bin'
[2025-09-22 11:13:09Z INFO HostContext] Well known directory 'Root': 'C:\laragon\www\sapapi\actions-runner'
[2025-09-22 11:13:09Z INFO HostContext] Well known directory 'Work': 'C:\laragon\www\sapapi\actions-runner\_work'
[2025-09-22 11:13:09Z INFO JobExtension] Downloading actions
[2025-09-22 11:13:09Z INFO HostContext] Well known directory 'Bin': 'C:\laragon\www\sapapi\actions-runner\bin'
[2025-09-22 11:13:09Z INFO HostContext] Well known directory 'Root': 'C:\laragon\www\sapapi\actions-runner'
[2025-09-22 11:13:09Z INFO HostContext] Well known directory 'Work': 'C:\laragon\www\sapapi\actions-runner\_work'
[2025-09-22 11:13:09Z INFO HostContext] Well known directory 'Actions': 'C:\laragon\www\sapapi\actions-runner\_work\_actions'
[2025-09-22 11:13:09Z INFO Worker] Listening for cancel message from the channel.
[2025-09-22 11:13:09Z INFO Worker] Waiting for the job to complete or for a cancel message from the channel.
[2025-09-22 11:13:10Z INFO ResultServer] Successfully started websocket client.
[2025-09-22 11:13:10Z INFO JobServerQueue] Try to append 1 batches web console lines for record 'abf2cc2c-766f-488a-8910-f2c268304b61', success rate: 1/1.
[2025-09-22 11:13:10Z INFO HostContext] Well known directory 'Bin': 'C:\laragon\www\sapapi\actions-runner\bin'
[2025-09-22 11:13:10Z INFO HostContext] Well known directory 'Root': 'C:\laragon\www\sapapi\actions-runner'
[2025-09-22 11:13:10Z INFO HostContext] Well known directory 'Work': 'C:\laragon\www\sapapi\actions-runner\_work'
[2025-09-22 11:13:10Z INFO HostContext] Well known directory 'Actions': 'C:\laragon\www\sapapi\actions-runner\_work\_actions'
[2025-09-22 11:13:10Z INFO HostContext] Well known directory 'Bin': 'C:\laragon\www\sapapi\actions-runner\bin'
[2025-09-22 11:13:10Z INFO HostContext] Well known directory 'Root': 'C:\laragon\www\sapapi\actions-runner'
[2025-09-22 11:13:10Z INFO HostContext] Well known directory 'Work': 'C:\laragon\www\sapapi\actions-runner\_work'
[2025-09-22 11:13:10Z INFO HostContext] Well known directory 'Actions': 'C:\laragon\www\sapapi\actions-runner\_work\_actions'
[2025-09-22 11:13:10Z INFO ActionManager] Save archive 'https://api.github.com/repos/actions/checkout/zipball/08eba0b27e820071cde6df949e0beb9ba4906955' into C:\laragon\www\sapapi\actions-runner\_work\_actions\_temp_91b689d2-160b-4020-9abe-7bdfb878c326\6ffb96c2-28d7-46fc-8fce-62213f88a79e.zip.
[2025-09-22 11:13:10Z INFO JobServerQueue] Try to append 1 batches web console lines for record 'abf2cc2c-766f-488a-8910-f2c268304b61', success rate: 1/1.
[2025-09-22 11:13:11Z INFO JobServerQueue] Job timeline record has been updated for the first time.
[2025-09-22 11:13:12Z INFO ActionManager] Request URL: https://api.github.com/repos/actions/checkout/zipball/08eba0b27e820071cde6df949e0beb9ba4906955 X-GitHub-Request-Id: 49F5:1E6877:46D8D:151688:68D12F49 Http Status: OK
[2025-09-22 11:13:12Z INFO ActionManager] Finished getting action repository.
[2025-09-22 11:13:12Z INFO HostContext] Well known directory 'Bin': 'C:\laragon\www\sapapi\actions-runner\bin'
[2025-09-22 11:13:12Z INFO HostContext] Well known directory 'Root': 'C:\laragon\www\sapapi\actions-runner'
[2025-09-22 11:13:12Z INFO HostContext] Well known directory 'Work': 'C:\laragon\www\sapapi\actions-runner\_work'
[2025-09-22 11:13:12Z INFO HostContext] Well known directory 'Actions': 'C:\laragon\www\sapapi\actions-runner\_work\_actions'
[2025-09-22 11:13:12Z INFO ActionManifestManager] Load schema file with definitions: [
  "null",
  "boolean",
  "number",
  "string",
  "sequence",
  "mapping",
  "any",
  "action-root",
  "inputs",
  "input",
  "outputs",
  "output-definition",
  "runs",
  "container-runs",
  "container-runs-args",
  "container-runs-env",
  "node-runs",
  "plugin-runs",
  "composite-runs",
  "composite-steps",
  "composite-step",
  "run-step",
  "uses-step",
  "container-runs-context",
  "output-value",
  "input-default-context",
  "non-empty-string",
  "string-steps-context",
  "boolean-steps-context",
  "step-env",
  "step-if",
  "step-with"
]
[2025-09-22 11:13:12Z INFO HostContext] Well known directory 'Bin': 'C:\laragon\www\sapapi\actions-runner\bin'
[2025-09-22 11:13:12Z INFO HostContext] Well known directory 'Root': 'C:\laragon\www\sapapi\actions-runner'
[2025-09-22 11:13:12Z INFO HostContext] Well known directory 'Work': 'C:\laragon\www\sapapi\actions-runner\_work'
[2025-09-22 11:13:12Z INFO HostContext] Well known directory 'Actions': 'C:\laragon\www\sapapi\actions-runner\_work\_actions'
[2025-09-22 11:13:13Z INFO ActionManifestManager] Loaded action.yml file: {
  "name": "Checkout",
  "description": "Checkout a Git repository at a particular version",
  "inputs": {
    "type": 2,
    "map": [
      {
        "key": {
          "type": 0,
          "file": 2,
          "line": 4,
          "col": 3,
          "lit": "repository"
        },
        "value": {
          "type": 3,
          "file": 2,
          "line": 6,
          "col": 14,
          "expr": "github.repository"
        }
      },
      {
        "key": {
          "type": 0,
          "file": 2,
          "line": 7,
          "col": 3,
          "lit": "ref"
        },
        "value": ""
      },
      {
        "key": {
          "type": 0,
          "file": 2,
          "line": 12,
          "col": 3,
          "lit": "token"
        },
        "value": {
          "type": 3,
          "file": 2,
          "line": 24,
          "col": 14,
          "expr": "github.token"
        }
      },
      {
        "key": {
          "type": 0,
          "file": 2,
          "line": 25,
          "col": 3,
          "lit": "ssh-key"
        },
        "value": ""
      },
      {
        "key": {
          "type": 0,
          "file": 2,
          "line": 37,
          "col": 3,
          "lit": "ssh-known-hosts"
        },
        "value": ""
      },
      {
        "key": {
          "type": 0,
          "file": 2,
          "line": 42,
          "col": 3,
          "lit": "ssh-strict"
        },
        "value": {
          "type": 0,
          "file": 2,
          "line": 47,
          "col": 14,
          "lit": "true"
        }
      },
      {
        "key": {
          "type": 0,
          "file": 2,
          "line": 48,
          "col": 3,
          "lit": "ssh-user"
        },
        "value": {
          "type": 0,
          "file": 2,
          "line": 51,
          "col": 14,
          "lit": "git"
        }
      },
      {
        "key": {
          "type": 0,
          "file": 2,
          "line": 52,
          "col": 3,
          "lit": "persist-credentials"
        },
        "value": {
          "type": 0,
          "file": 2,
          "line": 54,
          "col": 14,
          "lit": "true"
        }
      },
      {
        "key": {
          "type": 0,
          "file": 2,
          "line": 55,
          "col": 3,
          "lit": "path"
        },
        "value": ""
      },
      {
        "key": {
          "type": 0,
          "file": 2,
          "line": 57,
          "col": 3,
          "lit": "clean"
        },
        "value": {
          "type": 0,
          "file": 2,
          "line": 59,
          "col": 14,
          "lit": "true"
        }
      },
      {
        "key": {
          "type": 0,
          "file": 2,
          "line": 60,
          "col": 3,
          "lit": "filter"
        },
        "value": {
          "type": 0,
          "file": 2,
          "line": 64,
          "col": 14,
          "lit": ""
        }
      },
      {
        "key": {
          "type": 0,
          "file": 2,
          "line": 65,
          "col": 3,
          "lit": "sparse-checkout"
        },
        "value": {
          "type": 0,
          "file": 2,
          "line": 69,
          "col": 14,
          "lit": ""
        }
      },
      {
        "key": {
          "type": 0,
          "file": 2,
          "line": 70,
          "col": 3,
          "lit": "sparse-checkout-cone-mode"
        },
        "value": {
          "type": 0,
          "file": 2,
          "line": 73,
          "col": 14,
          "lit": "true"
        }
      },
      {
        "key": {
          "type": 0,
          "file": 2,
          "line": 74,
          "col": 3,
          "lit": "fetch-depth"
        },
        "value": {
          "type": 0,
          "file": 2,
          "line": 76,
          "col": 14,
          "lit": "1"
        }
      },
      {
        "key": {
          "type": 0,
          "file": 2,
          "line": 77,
          "col": 3,
          "lit": "fetch-tags"
        },
        "value": {
          "type": 0,
          "file": 2,
          "line": 79,
          "col": 14,
          "lit": "false"
        }
      },
      {
        "key": {
          "type": 0,
          "file": 2,
          "line": 80,
          "col": 3,
          "lit": "show-progress"
        },
        "value": {
          "type": 0,
          "file": 2,
          "line": 82,
          "col": 14,
          "lit": "true"
        }
      },
      {
        "key": {
          "type": 0,
          "file": 2,
          "line": 83,
          "col": 3,
          "lit": "lfs"
        },
        "value": {
          "type": 0,
          "file": 2,
          "line": 85,
          "col": 14,
          "lit": "false"
        }
      },
      {
        "key": {
          "type": 0,
          "file": 2,
          "line": 86,
          "col": 3,
          "lit": "submodules"
        },
        "value": {
          "type": 0,
          "file": 2,
          "line": 94,
          "col": 14,
          "lit": "false"
        }
      },
      {
        "key": {
          "type": 0,
          "file": 2,
          "line": 95,
          "col": 3,
          "lit": "set-safe-directory"
        },
        "value": {
          "type": 0,
          "file": 2,
          "line": 97,
          "col": 14,
          "lit": "true"
        }
      },
      {
        "key": {
          "type": 0,
          "file": 2,
          "line": 98,
          "col": 3,
          "lit": "github-server-url"
        },
        "value": ""
      }
    ]
  },
  "execution": {
    "executionType": "nodeJS",
    "hasPre": false,
    "hasPost": true,
    "script": "dist/index.js",
    "pre": null,
    "post": "dist/index.js",
    "nodeVersion": "node20",
    "cleanupCondition": "always()",
    "initCondition": "always()"
  },
  "deprecated": null
}
[2025-09-22 11:13:13Z INFO ActionManager] Action node.js file: dist/index.js, no more preparation.
[2025-09-22 11:13:13Z INFO HostContext] Well known directory 'Bin': 'C:\laragon\www\sapapi\actions-runner\bin'
[2025-09-22 11:13:13Z INFO HostContext] Well known directory 'Root': 'C:\laragon\www\sapapi\actions-runner'
[2025-09-22 11:13:13Z INFO HostContext] Well known directory 'Work': 'C:\laragon\www\sapapi\actions-runner\_work'
[2025-09-22 11:13:13Z INFO HostContext] Well known directory 'Actions': 'C:\laragon\www\sapapi\actions-runner\_work\_actions'
[2025-09-22 11:13:13Z INFO ActionManager] Load action that reference repository from 'C:\laragon\www\sapapi\actions-runner\_work\_actions\actions\checkout\v4'
[2025-09-22 11:13:13Z INFO HostContext] Well known directory 'Bin': 'C:\laragon\www\sapapi\actions-runner\bin'
[2025-09-22 11:13:13Z INFO HostContext] Well known directory 'Root': 'C:\laragon\www\sapapi\actions-runner'
[2025-09-22 11:13:13Z INFO HostContext] Well known directory 'Work': 'C:\laragon\www\sapapi\actions-runner\_work'
[2025-09-22 11:13:13Z INFO HostContext] Well known directory 'Actions': 'C:\laragon\www\sapapi\actions-runner\_work\_actions'
[2025-09-22 11:13:13Z INFO ActionManifestManager] Loaded action.yml file: {
  "name": "Checkout",
  "description": "Checkout a Git repository at a particular version",
  "inputs": {
    "type": 2,
    "map": [
      {
        "key": {
          "type": 0,
          "file": 2,
          "line": 4,
          "col": 3,
          "lit": "repository"
        },
        "value": {
          "type": 3,
          "file": 2,
          "line": 6,
          "col": 14,
          "expr": "github.repository"
        }
      },
      {
        "key": {
          "type": 0,
          "file": 2,
          "line": 7,
          "col": 3,
          "lit": "ref"
        },
        "value": ""
      },
      {
        "key": {
          "type": 0,
          "file": 2,
          "line": 12,
          "col": 3,
          "lit": "token"
        },
        "value": {
          "type": 3,
          "file": 2,
          "line": 24,
          "col": 14,
          "expr": "github.token"
        }
      },
      {
        "key": {
          "type": 0,
          "file": 2,
          "line": 25,
          "col": 3,
          "lit": "ssh-key"
        },
        "value": ""
      },
      {
        "key": {
          "type": 0,
          "file": 2,
          "line": 37,
          "col": 3,
          "lit": "ssh-known-hosts"
        },
        "value": ""
      },
      {
        "key": {
          "type": 0,
          "file": 2,
          "line": 42,
          "col": 3,
          "lit": "ssh-strict"
        },
        "value": {
          "type": 0,
          "file": 2,
          "line": 47,
          "col": 14,
          "lit": "true"
        }
      },
      {
        "key": {
          "type": 0,
          "file": 2,
          "line": 48,
          "col": 3,
          "lit": "ssh-user"
        },
        "value": {
          "type": 0,
          "file": 2,
          "line": 51,
          "col": 14,
          "lit": "git"
        }
      },
      {
        "key": {
          "type": 0,
          "file": 2,
          "line": 52,
          "col": 3,
          "lit": "persist-credentials"
        },
        "value": {
          "type": 0,
          "file": 2,
          "line": 54,
          "col": 14,
          "lit": "true"
        }
      },
      {
        "key": {
          "type": 0,
          "file": 2,
          "line": 55,
          "col": 3,
          "lit": "path"
        },
        "value": ""
      },
      {
        "key": {
          "type": 0,
          "file": 2,
          "line": 57,
          "col": 3,
          "lit": "clean"
        },
        "value": {
          "type": 0,
          "file": 2,
          "line": 59,
          "col": 14,
          "lit": "true"
        }
      },
      {
        "key": {
          "type": 0,
          "file": 2,
          "line": 60,
          "col": 3,
          "lit": "filter"
        },
        "value": {
          "type": 0,
          "file": 2,
          "line": 64,
          "col": 14,
          "lit": ""
        }
      },
      {
        "key": {
          "type": 0,
          "file": 2,
          "line": 65,
          "col": 3,
          "lit": "sparse-checkout"
        },
        "value": {
          "type": 0,
          "file": 2,
          "line": 69,
          "col": 14,
          "lit": ""
        }
      },
      {
        "key": {
          "type": 0,
          "file": 2,
          "line": 70,
          "col": 3,
          "lit": "sparse-checkout-cone-mode"
        },
        "value": {
          "type": 0,
          "file": 2,
          "line": 73,
          "col": 14,
          "lit": "true"
        }
      },
      {
        "key": {
          "type": 0,
          "file": 2,
          "line": 74,
          "col": 3,
          "lit": "fetch-depth"
        },
        "value": {
          "type": 0,
          "file": 2,
          "line": 76,
          "col": 14,
          "lit": "1"
        }
      },
      {
        "key": {
          "type": 0,
          "file": 2,
          "line": 77,
          "col": 3,
          "lit": "fetch-tags"
        },
        "value": {
          "type": 0,
          "file": 2,
          "line": 79,
          "col": 14,
          "lit": "false"
        }
      },
      {
        "key": {
          "type": 0,
          "file": 2,
          "line": 80,
          "col": 3,
          "lit": "show-progress"
        },
        "value": {
          "type": 0,
          "file": 2,
          "line": 82,
          "col": 14,
          "lit": "true"
        }
      },
      {
        "key": {
          "type": 0,
          "file": 2,
          "line": 83,
          "col": 3,
          "lit": "lfs"
        },
        "value": {
          "type": 0,
          "file": 2,
          "line": 85,
          "col": 14,
          "lit": "false"
        }
      },
      {
        "key": {
          "type": 0,
          "file": 2,
          "line": 86,
          "col": 3,
          "lit": "submodules"
        },
        "value": {
          "type": 0,
          "file": 2,
          "line": 94,
          "col": 14,
          "lit": "false"
        }
      },
      {
        "key": {
          "type": 0,
          "file": 2,
          "line": 95,
          "col": 3,
          "lit": "set-safe-directory"
        },
        "value": {
          "type": 0,
          "file": 2,
          "line": 97,
          "col": 14,
          "lit": "true"
        }
      },
      {
        "key": {
          "type": 0,
          "file": 2,
          "line": 98,
          "col": 3,
          "lit": "github-server-url"
        },
        "value": ""
      }
    ]
  },
  "execution": {
    "executionType": "nodeJS",
    "hasPre": false,
    "hasPost": true,
    "script": "dist/index.js",
    "pre": null,
    "post": "dist/index.js",
    "nodeVersion": "node20",
    "cleanupCondition": "always()",
    "initCondition": "always()"
  },
  "deprecated": null
}
[2025-09-22 11:13:13Z INFO ActionManager] Action pre node.js file: N/A.
[2025-09-22 11:13:13Z INFO ActionManager] Action node.js file: dist/index.js.
[2025-09-22 11:13:13Z INFO ActionManager] Action post node.js file: dist/index.js.
[2025-09-22 11:13:13Z INFO JobExtension] Adding .
[2025-09-22 11:13:13Z INFO JobExtension] Adding .
[2025-09-22 11:13:13Z INFO JobExtension] Adding .
[2025-09-22 11:13:13Z INFO JobExtension] Adding .
[2025-09-22 11:13:13Z INFO JobExtension] Adding .
[2025-09-22 11:13:13Z INFO JobExtension] Adding .
[2025-09-22 11:13:13Z INFO JobExtension] Adding .
[2025-09-22 11:13:13Z INFO JobExtension] Adding .
[2025-09-22 11:13:13Z INFO HostContext] Well known directory 'Bin': 'C:\laragon\www\sapapi\actions-runner\bin'
[2025-09-22 11:13:13Z INFO HostContext] Well known directory 'Root': 'C:\laragon\www\sapapi\actions-runner'
[2025-09-22 11:13:13Z INFO HostContext] Well known directory 'Diag': 'C:\laragon\www\sapapi\actions-runner\_diag'
[2025-09-22 11:13:13Z INFO HostContext] Well known directory 'Bin': 'C:\laragon\www\sapapi\actions-runner\bin'
[2025-09-22 11:13:13Z INFO HostContext] Well known directory 'Root': 'C:\laragon\www\sapapi\actions-runner'
[2025-09-22 11:13:13Z INFO HostContext] Well known directory 'Diag': 'C:\laragon\www\sapapi\actions-runner\_diag'
[2025-09-22 11:13:13Z INFO HostContext] Well known directory 'Bin': 'C:\laragon\www\sapapi\actions-runner\bin'
[2025-09-22 11:13:13Z INFO HostContext] Well known directory 'Root': 'C:\laragon\www\sapapi\actions-runner'
[2025-09-22 11:13:13Z INFO HostContext] Well known directory 'Diag': 'C:\laragon\www\sapapi\actions-runner\_diag'
[2025-09-22 11:13:13Z INFO HostContext] Well known directory 'Bin': 'C:\laragon\www\sapapi\actions-runner\bin'
[2025-09-22 11:13:13Z INFO HostContext] Well known directory 'Root': 'C:\laragon\www\sapapi\actions-runner'
[2025-09-22 11:13:13Z INFO HostContext] Well known directory 'Diag': 'C:\laragon\www\sapapi\actions-runner\_diag'
[2025-09-22 11:13:13Z INFO HostContext] Well known directory 'Bin': 'C:\laragon\www\sapapi\actions-runner\bin'
[2025-09-22 11:13:13Z INFO HostContext] Well known directory 'Root': 'C:\laragon\www\sapapi\actions-runner'
[2025-09-22 11:13:13Z INFO HostContext] Well known directory 'Diag': 'C:\laragon\www\sapapi\actions-runner\_diag'
[2025-09-22 11:13:13Z INFO HostContext] Well known directory 'Bin': 'C:\laragon\www\sapapi\actions-runner\bin'
[2025-09-22 11:13:13Z INFO HostContext] Well known directory 'Root': 'C:\laragon\www\sapapi\actions-runner'
[2025-09-22 11:13:13Z INFO HostContext] Well known directory 'Diag': 'C:\laragon\www\sapapi\actions-runner\_diag'
[2025-09-22 11:13:13Z INFO HostContext] Well known directory 'Bin': 'C:\laragon\www\sapapi\actions-runner\bin'
[2025-09-22 11:13:13Z INFO HostContext] Well known directory 'Root': 'C:\laragon\www\sapapi\actions-runner'
[2025-09-22 11:13:13Z INFO HostContext] Well known directory 'Diag': 'C:\laragon\www\sapapi\actions-runner\_diag'
[2025-09-22 11:13:13Z INFO HostContext] Well known directory 'Bin': 'C:\laragon\www\sapapi\actions-runner\bin'
[2025-09-22 11:13:13Z INFO HostContext] Well known directory 'Root': 'C:\laragon\www\sapapi\actions-runner'
[2025-09-22 11:13:13Z INFO HostContext] Well known directory 'Diag': 'C:\laragon\www\sapapi\actions-runner\_diag'
[2025-09-22 11:13:13Z INFO HostContext] Well known directory 'Bin': 'C:\laragon\www\sapapi\actions-runner\bin'
[2025-09-22 11:13:13Z INFO HostContext] Well known directory 'Root': 'C:\laragon\www\sapapi\actions-runner'
[2025-09-22 11:13:13Z INFO HostContext] Well known directory 'Diag': 'C:\laragon\www\sapapi\actions-runner\_diag'
[2025-09-22 11:13:13Z INFO HostContext] Well known directory 'Bin': 'C:\laragon\www\sapapi\actions-runner\bin'
[2025-09-22 11:13:13Z INFO HostContext] Well known directory 'Root': 'C:\laragon\www\sapapi\actions-runner'
[2025-09-22 11:13:13Z INFO HostContext] Well known directory 'Diag': 'C:\laragon\www\sapapi\actions-runner\_diag'
[2025-09-22 11:13:13Z INFO HostContext] Well known directory 'Bin': 'C:\laragon\www\sapapi\actions-runner\bin'
[2025-09-22 11:13:13Z INFO HostContext] Well known directory 'Root': 'C:\laragon\www\sapapi\actions-runner'
[2025-09-22 11:13:13Z INFO HostContext] Well known directory 'Diag': 'C:\laragon\www\sapapi\actions-runner\_diag'
[2025-09-22 11:13:13Z INFO HostContext] Well known directory 'Bin': 'C:\laragon\www\sapapi\actions-runner\bin'
[2025-09-22 11:13:13Z INFO HostContext] Well known directory 'Root': 'C:\laragon\www\sapapi\actions-runner'
[2025-09-22 11:13:13Z INFO HostContext] Well known directory 'Diag': 'C:\laragon\www\sapapi\actions-runner\_diag'
[2025-09-22 11:13:13Z INFO HostContext] Well known directory 'Bin': 'C:\laragon\www\sapapi\actions-runner\bin'
[2025-09-22 11:13:13Z INFO HostContext] Well known directory 'Root': 'C:\laragon\www\sapapi\actions-runner'
[2025-09-22 11:13:13Z INFO HostContext] Well known directory 'Diag': 'C:\laragon\www\sapapi\actions-runner\_diag'
[2025-09-22 11:13:13Z INFO HostContext] Well known directory 'Bin': 'C:\laragon\www\sapapi\actions-runner\bin'
[2025-09-22 11:13:13Z INFO HostContext] Well known directory 'Root': 'C:\laragon\www\sapapi\actions-runner'
[2025-09-22 11:13:13Z INFO HostContext] Well known directory 'Diag': 'C:\laragon\www\sapapi\actions-runner\_diag'
[2025-09-22 11:13:13Z INFO HostContext] Well known directory 'Bin': 'C:\laragon\www\sapapi\actions-runner\bin'
[2025-09-22 11:13:13Z INFO HostContext] Well known directory 'Root': 'C:\laragon\www\sapapi\actions-runner'
[2025-09-22 11:13:13Z INFO HostContext] Well known directory 'Diag': 'C:\laragon\www\sapapi\actions-runner\_diag'
[2025-09-22 11:13:13Z INFO HostContext] Well known directory 'Bin': 'C:\laragon\www\sapapi\actions-runner\bin'
[2025-09-22 11:13:13Z INFO HostContext] Well known directory 'Root': 'C:\laragon\www\sapapi\actions-runner'
[2025-09-22 11:13:13Z INFO HostContext] Well known directory 'Diag': 'C:\laragon\www\sapapi\actions-runner\_diag'
[2025-09-22 11:13:13Z INFO JobExtension] Total accessible running process: 489.
[2025-09-22 11:13:13Z INFO HostContext] Well known directory 'Bin': 'C:\laragon\www\sapapi\actions-runner\bin'
[2025-09-22 11:13:13Z INFO HostContext] Well known directory 'Root': 'C:\laragon\www\sapapi\actions-runner'
[2025-09-22 11:13:13Z INFO HostContext] Well known directory 'Work': 'C:\laragon\www\sapapi\actions-runner\_work'
[2025-09-22 11:13:13Z INFO JobExtension] Start checking service connectivity in background.
[2025-09-22 11:13:13Z INFO ExecutionContext] Publish step telemetry for current step {
  "action": "setup_job",
  "type": "runner",
  "stage": "Pre",
  "stepId": "abf2cc2c-766f-488a-8910-f2c268304b61",
  "result": "succeeded",
  "errorMessages": [],
  "executionTimeInSeconds": 5,
  "startTime": "2025-09-22T11:13:09.2218594Z",
  "finishTime": "2025-09-22T11:13:13.2302133Z"
}.
[2025-09-22 11:13:13Z INFO JobRunner] Total job steps: 8.
[2025-09-22 11:13:13Z INFO JobRunner] Run all job steps.
[2025-09-22 11:13:13Z INFO StepsRunner] Processing step: DisplayName='Checkout repository'
[2025-09-22 11:13:13Z INFO StepsRunner] Evaluating: success()
[2025-09-22 11:13:13Z INFO JobServerQueue] Try to append 1 batches web console lines for record 'abf2cc2c-766f-488a-8910-f2c268304b61', success rate: 1/1.
[2025-09-22 11:13:13Z INFO StepsRunner] Result: true
[2025-09-22 11:13:13Z INFO StepsRunner] Starting the step.
[2025-09-22 11:13:13Z INFO HostContext] Well known directory 'Bin': 'C:\laragon\www\sapapi\actions-runner\bin'
[2025-09-22 11:13:13Z INFO HostContext] Well known directory 'Root': 'C:\laragon\www\sapapi\actions-runner'
[2025-09-22 11:13:13Z INFO HostContext] Well known directory 'Work': 'C:\laragon\www\sapapi\actions-runner\_work'
[2025-09-22 11:13:13Z INFO StepsRunner] Which2: 'chcp'
[2025-09-22 11:13:13Z INFO StepsRunner] Location: 'C:\Windows\system32\chcp.COM'
[2025-09-22 11:13:13Z INFO ProcessInvokerWrapper] Starting process:
[2025-09-22 11:13:13Z INFO ProcessInvokerWrapper]   File name: 'C:\Windows\system32\chcp.COM'
[2025-09-22 11:13:13Z INFO ProcessInvokerWrapper]   Arguments: '65001'
[2025-09-22 11:13:13Z INFO ProcessInvokerWrapper]   Working directory: 'C:\laragon\www\sapapi\actions-runner\_work'
[2025-09-22 11:13:13Z INFO ProcessInvokerWrapper]   Require exit code zero: 'False'
[2025-09-22 11:13:13Z INFO ProcessInvokerWrapper]   Encoding web name:  ; code page: ''
[2025-09-22 11:13:13Z INFO ProcessInvokerWrapper]   Force kill process on cancellation: 'False'
[2025-09-22 11:13:13Z INFO ProcessInvokerWrapper]   Redirected STDIN: 'False'
[2025-09-22 11:13:13Z INFO ProcessInvokerWrapper]   Persist current code page: 'True'
[2025-09-22 11:13:13Z INFO ProcessInvokerWrapper]   Keep redirected STDIN open: 'False'
[2025-09-22 11:13:13Z INFO ProcessInvokerWrapper]   High priority process: 'False'
[2025-09-22 11:13:13Z INFO ProcessInvokerWrapper] Process started with process id 35940, waiting for process exit.
[2025-09-22 11:13:13Z INFO ProcessInvokerWrapper] STDOUT/STDERR stream read finished.
[2025-09-22 11:13:13Z INFO ProcessInvokerWrapper] STDOUT/STDERR stream read finished.
[2025-09-22 11:13:13Z INFO ProcessInvokerWrapper] Finished process 35940 with exit code 0, and elapsed time 00:00:00.0118086.
[2025-09-22 11:13:13Z INFO StepsRunner] Successfully returned to code page 65001 (UTF8)
[2025-09-22 11:13:13Z INFO HostContext] Well known directory 'Bin': 'C:\laragon\www\sapapi\actions-runner\bin'
[2025-09-22 11:13:13Z INFO HostContext] Well known directory 'Root': 'C:\laragon\www\sapapi\actions-runner'
[2025-09-22 11:13:13Z INFO HostContext] Well known directory 'Work': 'C:\laragon\www\sapapi\actions-runner\_work'
[2025-09-22 11:13:13Z INFO HostContext] Well known directory 'Actions': 'C:\laragon\www\sapapi\actions-runner\_work\_actions'
[2025-09-22 11:13:13Z INFO ActionManager] Load action that reference repository from 'C:\laragon\www\sapapi\actions-runner\_work\_actions\actions\checkout\v4'
[2025-09-22 11:13:13Z INFO HostContext] Well known directory 'Bin': 'C:\laragon\www\sapapi\actions-runner\bin'
[2025-09-22 11:13:13Z INFO HostContext] Well known directory 'Root': 'C:\laragon\www\sapapi\actions-runner'
[2025-09-22 11:13:13Z INFO HostContext] Well known directory 'Work': 'C:\laragon\www\sapapi\actions-runner\_work'
[2025-09-22 11:13:13Z INFO HostContext] Well known directory 'Actions': 'C:\laragon\www\sapapi\actions-runner\_work\_actions'
[2025-09-22 11:13:13Z INFO ActionManifestManager] Loaded action.yml file: {
  "name": "Checkout",
  "description": "Checkout a Git repository at a particular version",
  "inputs": {
    "type": 2,
    "map": [
      {
        "key": {
          "type": 0,
          "file": 2,
          "line": 4,
          "col": 3,
          "lit": "repository"
        },
        "value": {
          "type": 3,
          "file": 2,
          "line": 6,
          "col": 14,
          "expr": "github.repository"
        }
      },
      {
        "key": {
          "type": 0,
          "file": 2,
          "line": 7,
          "col": 3,
          "lit": "ref"
        },
        "value": ""
      },
      {
        "key": {
          "type": 0,
          "file": 2,
          "line": 12,
          "col": 3,
          "lit": "token"
        },
        "value": {
          "type": 3,
          "file": 2,
          "line": 24,
          "col": 14,
          "expr": "github.token"
        }
      },
      {
        "key": {
          "type": 0,
          "file": 2,
          "line": 25,
          "col": 3,
          "lit": "ssh-key"
        },
        "value": ""
      },
      {
        "key": {
          "type": 0,
          "file": 2,
          "line": 37,
          "col": 3,
          "lit": "ssh-known-hosts"
        },
        "value": ""
      },
      {
        "key": {
          "type": 0,
          "file": 2,
          "line": 42,
          "col": 3,
          "lit": "ssh-strict"
        },
        "value": {
          "type": 0,
          "file": 2,
          "line": 47,
          "col": 14,
          "lit": "true"
        }
      },
      {
        "key": {
          "type": 0,
          "file": 2,
          "line": 48,
          "col": 3,
          "lit": "ssh-user"
        },
        "value": {
          "type": 0,
          "file": 2,
          "line": 51,
          "col": 14,
          "lit": "git"
        }
      },
      {
        "key": {
          "type": 0,
          "file": 2,
          "line": 52,
          "col": 3,
          "lit": "persist-credentials"
        },
        "value": {
          "type": 0,
          "file": 2,
          "line": 54,
          "col": 14,
          "lit": "true"
        }
      },
      {
        "key": {
          "type": 0,
          "file": 2,
          "line": 55,
          "col": 3,
          "lit": "path"
        },
        "value": ""
      },
      {
        "key": {
          "type": 0,
          "file": 2,
          "line": 57,
          "col": 3,
          "lit": "clean"
        },
        "value": {
          "type": 0,
          "file": 2,
          "line": 59,
          "col": 14,
          "lit": "true"
        }
      },
      {
        "key": {
          "type": 0,
          "file": 2,
          "line": 60,
          "col": 3,
          "lit": "filter"
        },
        "value": {
          "type": 0,
          "file": 2,
          "line": 64,
          "col": 14,
          "lit": ""
        }
      },
      {
        "key": {
          "type": 0,
          "file": 2,
          "line": 65,
          "col": 3,
          "lit": "sparse-checkout"
        },
        "value": {
          "type": 0,
          "file": 2,
          "line": 69,
          "col": 14,
          "lit": ""
        }
      },
      {
        "key": {
          "type": 0,
          "file": 2,
          "line": 70,
          "col": 3,
          "lit": "sparse-checkout-cone-mode"
        },
        "value": {
          "type": 0,
          "file": 2,
          "line": 73,
          "col": 14,
          "lit": "true"
        }
      },
      {
        "key": {
          "type": 0,
          "file": 2,
          "line": 74,
          "col": 3,
          "lit": "fetch-depth"
        },
        "value": {
          "type": 0,
          "file": 2,
          "line": 76,
          "col": 14,
          "lit": "1"
        }
      },
      {
        "key": {
          "type": 0,
          "file": 2,
          "line": 77,
          "col": 3,
          "lit": "fetch-tags"
        },
        "value": {
          "type": 0,
          "file": 2,
          "line": 79,
          "col": 14,
          "lit": "false"
        }
      },
      {
        "key": {
          "type": 0,
          "file": 2,
          "line": 80,
          "col": 3,
          "lit": "show-progress"
        },
        "value": {
          "type": 0,
          "file": 2,
          "line": 82,
          "col": 14,
          "lit": "true"
        }
      },
      {
        "key": {
          "type": 0,
          "file": 2,
          "line": 83,
          "col": 3,
          "lit": "lfs"
        },
        "value": {
          "type": 0,
          "file": 2,
          "line": 85,
          "col": 14,
          "lit": "false"
        }
      },
      {
        "key": {
          "type": 0,
          "file": 2,
          "line": 86,
          "col": 3,
          "lit": "submodules"
        },
        "value": {
          "type": 0,
          "file": 2,
          "line": 94,
          "col": 14,
          "lit": "false"
        }
      },
      {
        "key": {
          "type": 0,
          "file": 2,
          "line": 95,
          "col": 3,
          "lit": "set-safe-directory"
        },
        "value": {
          "type": 0,
          "file": 2,
          "line": 97,
          "col": 14,
          "lit": "true"
        }
      },
      {
        "key": {
          "type": 0,
          "file": 2,
          "line": 98,
          "col": 3,
          "lit": "github-server-url"
        },
        "value": ""
      }
    ]
  },
  "execution": {
    "executionType": "nodeJS",
    "hasPre": false,
    "hasPost": true,
    "script": "dist/index.js",
    "pre": null,
    "post": "dist/index.js",
    "nodeVersion": "node20",
    "cleanupCondition": "always()",
    "initCondition": "always()"
  },
  "deprecated": null
}
[2025-09-22 11:13:13Z INFO ActionManager] Action pre node.js file: N/A.
[2025-09-22 11:13:13Z INFO ActionManager] Action node.js file: dist/index.js.
[2025-09-22 11:13:13Z INFO ActionManager] Action post node.js file: dist/index.js.
[2025-09-22 11:13:13Z INFO ExecutionContext] Reserve record order 10 to 18 for post job actions.
[2025-09-22 11:13:13Z INFO HostContext] Well known directory 'Bin': 'C:\laragon\www\sapapi\actions-runner\bin'
[2025-09-22 11:13:13Z INFO HostContext] Well known directory 'Root': 'C:\laragon\www\sapapi\actions-runner'
[2025-09-22 11:13:13Z INFO HostContext] Well known directory 'Diag': 'C:\laragon\www\sapapi\actions-runner\_diag'
[2025-09-22 11:13:13Z INFO HostContext] Well known directory 'Bin': 'C:\laragon\www\sapapi\actions-runner\bin'
[2025-09-22 11:13:13Z INFO HostContext] Well known directory 'Root': 'C:\laragon\www\sapapi\actions-runner'
[2025-09-22 11:13:13Z INFO HostContext] Well known directory 'Diag': 'C:\laragon\www\sapapi\actions-runner\_diag'
[2025-09-22 11:13:13Z INFO HostContext] Well known directory 'Bin': 'C:\laragon\www\sapapi\actions-runner\bin'
[2025-09-22 11:13:13Z INFO HostContext] Well known directory 'Root': 'C:\laragon\www\sapapi\actions-runner'
[2025-09-22 11:13:13Z INFO HostContext] Well known directory 'Work': 'C:\laragon\www\sapapi\actions-runner\_work'
[2025-09-22 11:13:13Z INFO HostContext] Well known directory 'Temp': 'C:\laragon\www\sapapi\actions-runner\_work\_temp'
[2025-09-22 11:13:13Z INFO ExecutionContext] Write event payload to C:\laragon\www\sapapi\actions-runner\_work\_temp\_github_workflow\event.json
[2025-09-22 11:13:13Z INFO HostContext] Well known directory 'Bin': 'C:\laragon\www\sapapi\actions-runner\bin'
[2025-09-22 11:13:13Z INFO HostContext] Well known directory 'Root': 'C:\laragon\www\sapapi\actions-runner'
[2025-09-22 11:13:13Z INFO HostContext] Well known directory 'Work': 'C:\laragon\www\sapapi\actions-runner\_work'
[2025-09-22 11:13:13Z INFO HostContext] Well known directory 'Temp': 'C:\laragon\www\sapapi\actions-runner\_work\_temp'
[2025-09-22 11:13:13Z INFO ExtensionManager] Getting extensions for interface: 'GitHub.Runner.Worker.IFileCommandExtension'
[2025-09-22 11:13:13Z INFO ExtensionManager] Creating instance: GitHub.Runner.Worker.AddPathFileCommand, Runner.Worker
[2025-09-22 11:13:13Z INFO ExtensionManager] Creating instance: GitHub.Runner.Worker.SetEnvFileCommand, Runner.Worker
[2025-09-22 11:13:13Z INFO ExtensionManager] Creating instance: GitHub.Runner.Worker.CreateStepSummaryCommand, Runner.Worker
[2025-09-22 11:13:13Z INFO ExtensionManager] Creating instance: GitHub.Runner.Worker.SaveStateFileCommand, Runner.Worker
[2025-09-22 11:13:13Z INFO ExtensionManager] Creating instance: GitHub.Runner.Worker.SetOutputFileCommand, Runner.Worker
[2025-09-22 11:13:13Z INFO ActionManifestManager] Input 'ref': default value evaluate result: ""
[2025-09-22 11:13:13Z INFO ActionManifestManager] Input 'ssh-key': default value evaluate result: ""
[2025-09-22 11:13:13Z INFO ActionManifestManager] Input 'ssh-known-hosts': default value evaluate result: ""
[2025-09-22 11:13:13Z INFO ActionManifestManager] Input 'ssh-strict': default value evaluate result: {
  "type": 0,
  "file": 2,
  "line": 47,
  "col": 14,
  "lit": "true"
}
[2025-09-22 11:13:13Z INFO ActionManifestManager] Input 'ssh-user': default value evaluate result: {
  "type": 0,
  "file": 2,
  "line": 51,
  "col": 14,
  "lit": "git"
}
[2025-09-22 11:13:13Z INFO ActionManifestManager] Input 'persist-credentials': default value evaluate result: {
  "type": 0,
  "file": 2,
  "line": 54,
  "col": 14,
  "lit": "true"
}
[2025-09-22 11:13:13Z INFO ActionManifestManager] Input 'path': default value evaluate result: ""
[2025-09-22 11:13:13Z INFO ActionManifestManager] Input 'clean': default value evaluate result: {
  "type": 0,
  "file": 2,
  "line": 59,
  "col": 14,
  "lit": "true"
}
[2025-09-22 11:13:13Z INFO ActionManifestManager] Input 'filter': default value evaluate result: {
  "type": 0,
  "file": 2,
  "line": 64,
  "col": 14,
  "lit": ""
}
[2025-09-22 11:13:13Z INFO ActionManifestManager] Input 'sparse-checkout': default value evaluate result: {
  "type": 0,
  "file": 2,
  "line": 69,
  "col": 14,
  "lit": ""
}
[2025-09-22 11:13:13Z INFO ActionManifestManager] Input 'sparse-checkout-cone-mode': default value evaluate result: {
  "type": 0,
  "file": 2,
  "line": 73,
  "col": 14,
  "lit": "true"
}
[2025-09-22 11:13:13Z INFO ActionManifestManager] Input 'fetch-depth': default value evaluate result: {
  "type": 0,
  "file": 2,
  "line": 76,
  "col": 14,
  "lit": "1"
}
[2025-09-22 11:13:13Z INFO ActionManifestManager] Input 'fetch-tags': default value evaluate result: {
  "type": 0,
  "file": 2,
  "line": 79,
  "col": 14,
  "lit": "false"
}
[2025-09-22 11:13:13Z INFO ActionManifestManager] Input 'show-progress': default value evaluate result: {
  "type": 0,
  "file": 2,
  "line": 82,
  "col": 14,
  "lit": "true"
}
[2025-09-22 11:13:13Z INFO ActionManifestManager] Input 'lfs': default value evaluate result: {
  "type": 0,
  "file": 2,
  "line": 85,
  "col": 14,
  "lit": "false"
}
[2025-09-22 11:13:13Z INFO ActionManifestManager] Input 'set-safe-directory': default value evaluate result: {
  "type": 0,
  "file": 2,
  "line": 97,
  "col": 14,
  "lit": "true"
}
[2025-09-22 11:13:13Z INFO ActionManifestManager] Input 'github-server-url': default value evaluate result: ""
[2025-09-22 11:13:13Z INFO ExtensionManager] Getting extensions for interface: 'GitHub.Runner.Worker.IActionCommandExtension'
[2025-09-22 11:13:13Z INFO ExtensionManager] Creating instance: GitHub.Runner.Worker.InternalPluginSetRepoPathCommandExtension, Runner.Worker
[2025-09-22 11:13:13Z INFO ExtensionManager] Creating instance: GitHub.Runner.Worker.SetEnvCommandExtension, Runner.Worker
[2025-09-22 11:13:13Z INFO ExtensionManager] Creating instance: GitHub.Runner.Worker.SetOutputCommandExtension, Runner.Worker
[2025-09-22 11:13:13Z INFO ExtensionManager] Creating instance: GitHub.Runner.Worker.SaveStateCommandExtension, Runner.Worker
[2025-09-22 11:13:13Z INFO ExtensionManager] Creating instance: GitHub.Runner.Worker.AddPathCommandExtension, Runner.Worker
[2025-09-22 11:13:13Z INFO ExtensionManager] Creating instance: GitHub.Runner.Worker.AddMaskCommandExtension, Runner.Worker
[2025-09-22 11:13:13Z INFO ExtensionManager] Creating instance: GitHub.Runner.Worker.AddMatcherCommandExtension, Runner.Worker
[2025-09-22 11:13:13Z INFO ExtensionManager] Creating instance: GitHub.Runner.Worker.RemoveMatcherCommandExtension, Runner.Worker
[2025-09-22 11:13:13Z INFO ExtensionManager] Creating instance: GitHub.Runner.Worker.WarningCommandExtension, Runner.Worker
[2025-09-22 11:13:13Z INFO ExtensionManager] Creating instance: GitHub.Runner.Worker.ErrorCommandExtension, Runner.Worker
[2025-09-22 11:13:13Z INFO ExtensionManager] Creating instance: GitHub.Runner.Worker.NoticeCommandExtension, Runner.Worker
[2025-09-22 11:13:13Z INFO ExtensionManager] Creating instance: GitHub.Runner.Worker.DebugCommandExtension, Runner.Worker
[2025-09-22 11:13:13Z INFO ExtensionManager] Creating instance: GitHub.Runner.Worker.GroupCommandExtension, Runner.Worker
[2025-09-22 11:13:13Z INFO ExtensionManager] Creating instance: GitHub.Runner.Worker.EndGroupCommandExtension, Runner.Worker
[2025-09-22 11:13:13Z INFO ExtensionManager] Creating instance: GitHub.Runner.Worker.EchoCommandExtension, Runner.Worker
[2025-09-22 11:13:13Z INFO ActionCommandManager] Register action command extension for command internal-set-repo-path
[2025-09-22 11:13:13Z INFO ActionCommandManager] Register action command extension for command set-env
[2025-09-22 11:13:13Z INFO ActionCommandManager] Register action command extension for command set-output
[2025-09-22 11:13:13Z INFO ActionCommandManager] Register action command extension for command save-state
[2025-09-22 11:13:13Z INFO ActionCommandManager] Register action command extension for command add-path
[2025-09-22 11:13:13Z INFO ActionCommandManager] Register action command extension for command add-mask
[2025-09-22 11:13:13Z INFO ActionCommandManager] Register action command extension for command add-matcher
[2025-09-22 11:13:13Z INFO ActionCommandManager] Register action command extension for command remove-matcher
[2025-09-22 11:13:13Z INFO ActionCommandManager] Register action command extension for command warning
[2025-09-22 11:13:13Z INFO ActionCommandManager] Register action command extension for command error
[2025-09-22 11:13:13Z INFO ActionCommandManager] Register action command extension for command notice
[2025-09-22 11:13:13Z INFO ActionCommandManager] Register action command extension for command debug
[2025-09-22 11:13:13Z INFO ActionCommandManager] Register action command extension for command group
[2025-09-22 11:13:13Z INFO ActionCommandManager] Register action command extension for command endgroup
[2025-09-22 11:13:13Z INFO ActionCommandManager] Register action command extension for command echo
[2025-09-22 11:13:13Z INFO HostContext] Well known directory 'Bin': 'C:\laragon\www\sapapi\actions-runner\bin'
[2025-09-22 11:13:13Z INFO HostContext] Well known directory 'Root': 'C:\laragon\www\sapapi\actions-runner'
[2025-09-22 11:13:13Z INFO HostContext] Well known directory 'Externals': 'C:\laragon\www\sapapi\actions-runner\externals'
[2025-09-22 11:13:13Z INFO ProcessInvokerWrapper] Starting process:
[2025-09-22 11:13:13Z INFO ProcessInvokerWrapper]   File name: 'C:\laragon\www\sapapi\actions-runner\externals\node20\bin\node.exe'
[2025-09-22 11:13:13Z INFO ProcessInvokerWrapper]   Arguments: '"C:\laragon\www\sapapi\actions-runner\_work\_actions\actions\checkout\v4\dist/index.js"'
[2025-09-22 11:13:13Z INFO ProcessInvokerWrapper]   Working directory: 'C:\laragon\www\sapapi\actions-runner\_work\sapapi\sapapi'
[2025-09-22 11:13:13Z INFO ProcessInvokerWrapper]   Require exit code zero: 'False'
[2025-09-22 11:13:13Z INFO ProcessInvokerWrapper]   Encoding web name: utf-8 ; code page: '65001'
[2025-09-22 11:13:13Z INFO ProcessInvokerWrapper]   Force kill process on cancellation: 'False'
[2025-09-22 11:13:13Z INFO ProcessInvokerWrapper]   Redirected STDIN: 'False'
[2025-09-22 11:13:13Z INFO ProcessInvokerWrapper]   Persist current code page: 'True'
[2025-09-22 11:13:13Z INFO ProcessInvokerWrapper]   Keep redirected STDIN open: 'False'
[2025-09-22 11:13:13Z INFO ProcessInvokerWrapper]   High priority process: 'False'
[2025-09-22 11:13:13Z INFO JobServerQueue] Try to append 1 batches web console lines for record 'c190f683-c412-4ddf-82b2-c7d04f44c164', success rate: 1/1.
[2025-09-22 11:13:14Z INFO JobServerQueue] Got a step log file to send to results service.
[2025-09-22 11:13:14Z INFO JobServerQueue] Starting upload of step log file to results service ResultsLog, C:\laragon\www\sapapi\actions-runner\_diag\blocks\e95197f1-9c27-408f-9ec7-efe2f7b66075_abf2cc2c-766f-488a-8910-f2c268304b61.1
[2025-09-22 11:13:14Z INFO JobServerQueue] Try to upload 1 log files or attachments, success rate: 1/1.
[2025-09-22 11:13:14Z INFO ProcessInvokerWrapper] Process started with process id 38352, waiting for process exit.
[2025-09-22 11:13:14Z INFO AddMaskCommandExtension] Add new secret mask with length of 76
[2025-09-22 11:13:15Z INFO JobServerQueue] Try to append 1 batches web console lines for record 'c190f683-c412-4ddf-82b2-c7d04f44c164', success rate: 1/1.
[2025-09-22 11:13:15Z INFO JobServerQueue] Try to append 1 batches web console lines for record 'c190f683-c412-4ddf-82b2-c7d04f44c164', success rate: 1/1.
[2025-09-22 11:13:15Z INFO JobServerQueue] Try to append 1 batches web console lines for record 'c190f683-c412-4ddf-82b2-c7d04f44c164', success rate: 1/1.
[2025-09-22 11:13:16Z INFO JobServerQueue] Tried to upload 1 file(s) to results, success rate: 1/1.
[2025-09-22 11:13:21Z INFO JobServerQueue] Try to append 1 batches web console lines for record 'c190f683-c412-4ddf-82b2-c7d04f44c164', success rate: 1/1.
[2025-09-22 11:13:22Z INFO JobServerQueue] Try to append 1 batches web console lines for record 'c190f683-c412-4ddf-82b2-c7d04f44c164', success rate: 1/1.
[2025-09-22 11:13:23Z INFO JobServerQueue] Try to append 1 batches web console lines for record 'c190f683-c412-4ddf-82b2-c7d04f44c164', success rate: 1/1.
[2025-09-22 11:13:23Z INFO HostContext] Well known directory 'Bin': 'C:\laragon\www\sapapi\actions-runner\bin'
[2025-09-22 11:13:23Z INFO HostContext] Well known directory 'Root': 'C:\laragon\www\sapapi\actions-runner'
[2025-09-22 11:13:23Z INFO HostContext] Well known directory 'Work': 'C:\laragon\www\sapapi\actions-runner\_work'
[2025-09-22 11:13:24Z INFO JobServerQueue] Try to append 1 batches web console lines for record 'c190f683-c412-4ddf-82b2-c7d04f44c164', success rate: 1/1.
[2025-09-22 11:13:24Z INFO ProcessInvokerWrapper] STDOUT/STDERR stream read finished.
[2025-09-22 11:13:24Z INFO ProcessInvokerWrapper] STDOUT/STDERR stream read finished.
[2025-09-22 11:13:24Z INFO ProcessInvokerWrapper] Finished process 38352 with exit code 0, and elapsed time 00:00:10.9553375.
[2025-09-22 11:13:24Z INFO CreateStepSummaryCommand] Step Summary file (C:\laragon\www\sapapi\actions-runner\_work\_temp\_runner_file_commands\step_summary_36449ad8-1f46-4079-8750-ec314a51e755) is empty; skipping attachment upload
[2025-09-22 11:13:24Z INFO StepsRunner] Step result: 
[2025-09-22 11:13:24Z INFO ExecutionContext] Publish step telemetry for current step {
  "action": "actions/checkout",
  "ref": "v4",
  "type": "node20",
  "stage": "Main",
  "stepId": "c190f683-c412-4ddf-82b2-c7d04f44c164",
  "stepContextName": "__actions_checkout",
  "hasPreStep": false,
  "hasPostStep": true,
  "result": "succeeded",
  "errorMessages": [],
  "executionTimeInSeconds": 12,
  "startTime": "2025-09-22T11:13:13.2437567Z",
  "finishTime": "2025-09-22T11:13:24.3206786Z"
}.
[2025-09-22 11:13:24Z INFO StepsRunner] No need for updating job result with current step result 'Succeeded'.
[2025-09-22 11:13:24Z INFO StepsRunner] Current state: job state = ''
[2025-09-22 11:13:24Z INFO StepsRunner] Processing step: DisplayName='Set HOMEPATH for PM2'
[2025-09-22 11:13:24Z INFO StepsRunner] Evaluating: success()
[2025-09-22 11:13:24Z INFO StepsRunner] Result: true
[2025-09-22 11:13:24Z INFO StepsRunner] Starting the step.
[2025-09-22 11:13:24Z INFO HostContext] Well known directory 'Bin': 'C:\laragon\www\sapapi\actions-runner\bin'
[2025-09-22 11:13:24Z INFO HostContext] Well known directory 'Root': 'C:\laragon\www\sapapi\actions-runner'
[2025-09-22 11:13:24Z INFO HostContext] Well known directory 'Work': 'C:\laragon\www\sapapi\actions-runner\_work'
[2025-09-22 11:13:24Z INFO StepsRunner] Which2: 'chcp'
[2025-09-22 11:13:24Z INFO StepsRunner] Location: 'C:\Windows\system32\chcp.COM'
[2025-09-22 11:13:24Z INFO ProcessInvokerWrapper] Starting process:
[2025-09-22 11:13:24Z INFO ProcessInvokerWrapper]   File name: 'C:\Windows\system32\chcp.COM'
[2025-09-22 11:13:24Z INFO ProcessInvokerWrapper]   Arguments: '65001'
[2025-09-22 11:13:24Z INFO ProcessInvokerWrapper]   Working directory: 'C:\laragon\www\sapapi\actions-runner\_work'
[2025-09-22 11:13:24Z INFO ProcessInvokerWrapper]   Require exit code zero: 'False'
[2025-09-22 11:13:24Z INFO ProcessInvokerWrapper]   Encoding web name:  ; code page: ''
[2025-09-22 11:13:24Z INFO ProcessInvokerWrapper]   Force kill process on cancellation: 'False'
[2025-09-22 11:13:24Z INFO ProcessInvokerWrapper]   Redirected STDIN: 'False'
[2025-09-22 11:13:24Z INFO ProcessInvokerWrapper]   Persist current code page: 'True'
[2025-09-22 11:13:24Z INFO ProcessInvokerWrapper]   Keep redirected STDIN open: 'False'
[2025-09-22 11:13:24Z INFO ProcessInvokerWrapper]   High priority process: 'False'
[2025-09-22 11:13:24Z INFO ProcessInvokerWrapper] Process started with process id 23480, waiting for process exit.
[2025-09-22 11:13:24Z INFO ProcessInvokerWrapper] STDOUT/STDERR stream read finished.
[2025-09-22 11:13:24Z INFO ProcessInvokerWrapper] STDOUT/STDERR stream read finished.
[2025-09-22 11:13:24Z INFO ProcessInvokerWrapper] Finished process 23480 with exit code 0, and elapsed time 00:00:00.0074590.
[2025-09-22 11:13:24Z INFO StepsRunner] Successfully returned to code page 65001 (UTF8)
[2025-09-22 11:13:24Z INFO HostContext] Well known directory 'Bin': 'C:\laragon\www\sapapi\actions-runner\bin'
[2025-09-22 11:13:24Z INFO HostContext] Well known directory 'Root': 'C:\laragon\www\sapapi\actions-runner'
[2025-09-22 11:13:24Z INFO HostContext] Well known directory 'Work': 'C:\laragon\www\sapapi\actions-runner\_work'
[2025-09-22 11:13:24Z INFO HostContext] Well known directory 'Temp': 'C:\laragon\www\sapapi\actions-runner\_work\_temp'
[2025-09-22 11:13:24Z INFO ExecutionContext] Write event payload to C:\laragon\www\sapapi\actions-runner\_work\_temp\_github_workflow\event.json
[2025-09-22 11:13:24Z INFO HostContext] Well known directory 'Bin': 'C:\laragon\www\sapapi\actions-runner\bin'
[2025-09-22 11:13:24Z INFO HostContext] Well known directory 'Root': 'C:\laragon\www\sapapi\actions-runner'
[2025-09-22 11:13:24Z INFO HostContext] Well known directory 'Work': 'C:\laragon\www\sapapi\actions-runner\_work'
[2025-09-22 11:13:24Z INFO HostContext] Well known directory 'Temp': 'C:\laragon\www\sapapi\actions-runner\_work\_temp'
[2025-09-22 11:13:24Z INFO ExtensionManager] Getting extensions for interface: 'GitHub.Runner.Worker.IFileCommandExtension'
[2025-09-22 11:13:24Z INFO ExtensionManager] Getting extensions for interface: 'GitHub.Runner.Worker.IActionCommandExtension'
[2025-09-22 11:13:24Z INFO ActionCommandManager] Register action command extension for command internal-set-repo-path
[2025-09-22 11:13:24Z INFO ActionCommandManager] Register action command extension for command set-env
[2025-09-22 11:13:24Z INFO ActionCommandManager] Register action command extension for command set-output
[2025-09-22 11:13:24Z INFO ActionCommandManager] Register action command extension for command save-state
[2025-09-22 11:13:24Z INFO ActionCommandManager] Register action command extension for command add-path
[2025-09-22 11:13:24Z INFO ActionCommandManager] Register action command extension for command add-mask
[2025-09-22 11:13:24Z INFO ActionCommandManager] Register action command extension for command add-matcher
[2025-09-22 11:13:24Z INFO ActionCommandManager] Register action command extension for command remove-matcher
[2025-09-22 11:13:24Z INFO ActionCommandManager] Register action command extension for command warning
[2025-09-22 11:13:24Z INFO ActionCommandManager] Register action command extension for command error
[2025-09-22 11:13:24Z INFO ActionCommandManager] Register action command extension for command notice
[2025-09-22 11:13:24Z INFO ActionCommandManager] Register action command extension for command debug
[2025-09-22 11:13:24Z INFO ActionCommandManager] Register action command extension for command group
[2025-09-22 11:13:24Z INFO ActionCommandManager] Register action command extension for command endgroup
[2025-09-22 11:13:24Z INFO ActionCommandManager] Register action command extension for command echo
[2025-09-22 11:13:24Z INFO ScriptHandler] Which2: 'powershell'
[2025-09-22 11:13:24Z INFO ScriptHandler] Location: 'C:\Windows\System32\WindowsPowerShell\v1.0\powershell.EXE'
[2025-09-22 11:13:24Z INFO HostContext] Well known directory 'Bin': 'C:\laragon\www\sapapi\actions-runner\bin'
[2025-09-22 11:13:24Z INFO HostContext] Well known directory 'Root': 'C:\laragon\www\sapapi\actions-runner'
[2025-09-22 11:13:24Z INFO HostContext] Well known directory 'Work': 'C:\laragon\www\sapapi\actions-runner\_work'
[2025-09-22 11:13:24Z INFO HostContext] Well known directory 'Temp': 'C:\laragon\www\sapapi\actions-runner\_work\_temp'
[2025-09-22 11:13:24Z INFO ScriptHandler] Which2: 'powershell'
[2025-09-22 11:13:24Z INFO ScriptHandler] Location: 'C:\Windows\System32\WindowsPowerShell\v1.0\powershell.EXE'
[2025-09-22 11:13:24Z INFO ProcessInvokerWrapper] Starting process:
[2025-09-22 11:13:24Z INFO ProcessInvokerWrapper]   File name: 'C:\Windows\System32\WindowsPowerShell\v1.0\powershell.EXE'
[2025-09-22 11:13:24Z INFO ProcessInvokerWrapper]   Arguments: '-command ". 'C:\laragon\www\sapapi\actions-runner\_work\_temp\b315be0e-ef45-4ac5-99fb-47195616ef7a.ps1'"'
[2025-09-22 11:13:24Z INFO ProcessInvokerWrapper]   Working directory: 'C:\laragon\www\sapapi\actions-runner\_work\sapapi\sapapi'
[2025-09-22 11:13:24Z INFO ProcessInvokerWrapper]   Require exit code zero: 'False'
[2025-09-22 11:13:24Z INFO ProcessInvokerWrapper]   Encoding web name:  ; code page: ''
[2025-09-22 11:13:24Z INFO ProcessInvokerWrapper]   Force kill process on cancellation: 'False'
[2025-09-22 11:13:24Z INFO ProcessInvokerWrapper]   Redirected STDIN: 'False'
[2025-09-22 11:13:24Z INFO ProcessInvokerWrapper]   Persist current code page: 'True'
[2025-09-22 11:13:24Z INFO ProcessInvokerWrapper]   Keep redirected STDIN open: 'False'
[2025-09-22 11:13:24Z INFO ProcessInvokerWrapper]   High priority process: 'False'
[2025-09-22 11:13:24Z INFO ProcessInvokerWrapper] Process started with process id 1180, waiting for process exit.
[2025-09-22 11:13:24Z INFO JobServerQueue] Try to append 1 batches web console lines for record 'c190f683-c412-4ddf-82b2-c7d04f44c164', success rate: 1/1.
[2025-09-22 11:13:24Z INFO JobServerQueue] Try to append 1 batches web console lines for record 'c9c4fca8-c906-4589-815e-61a7965887f7', success rate: 1/1.
[2025-09-22 11:13:24Z INFO JobServerQueue] Got a step log file to send to results service.
[2025-09-22 11:13:24Z INFO JobServerQueue] Starting upload of step log file to results service ResultsLog, C:\laragon\www\sapapi\actions-runner\_diag\blocks\e95197f1-9c27-408f-9ec7-efe2f7b66075_c190f683-c412-4ddf-82b2-c7d04f44c164.1
[2025-09-22 11:13:24Z INFO ProcessInvokerWrapper] STDOUT/STDERR stream read finished.
[2025-09-22 11:13:24Z INFO ProcessInvokerWrapper] STDOUT/STDERR stream read finished.
[2025-09-22 11:13:24Z INFO ProcessInvokerWrapper] Finished process 1180 with exit code 0, and elapsed time 00:00:00.4741714.
[2025-09-22 11:13:24Z INFO CreateStepSummaryCommand] Step Summary file (C:\laragon\www\sapapi\actions-runner\_work\_temp\_runner_file_commands\step_summary_12333ea3-85cd-4914-8aaf-944bcc847047) is empty; skipping attachment upload
[2025-09-22 11:13:24Z INFO StepsRunner] Step result: 
[2025-09-22 11:13:24Z INFO ExecutionContext] Publish step telemetry for current step {
  "action": "powershell",
  "type": "run",
  "stage": "Main",
  "stepId": "c9c4fca8-c906-4589-815e-61a7965887f7",
  "stepContextName": "__run",
  "result": "succeeded",
  "errorMessages": [],
  "executionTimeInSeconds": 1,
  "startTime": "2025-09-22T11:13:24.3217989Z",
  "finishTime": "2025-09-22T11:13:24.8340693Z"
}.
[2025-09-22 11:13:24Z INFO StepsRunner] No need for updating job result with current step result 'Succeeded'.
[2025-09-22 11:13:24Z INFO StepsRunner] Current state: job state = ''
[2025-09-22 11:13:24Z INFO StepsRunner] Processing step: DisplayName='Add npm global to PATH'
[2025-09-22 11:13:24Z INFO StepsRunner] Evaluating: success()
[2025-09-22 11:13:24Z INFO StepsRunner] Result: true
[2025-09-22 11:13:24Z INFO StepsRunner] Starting the step.
[2025-09-22 11:13:24Z INFO HostContext] Well known directory 'Bin': 'C:\laragon\www\sapapi\actions-runner\bin'
[2025-09-22 11:13:24Z INFO HostContext] Well known directory 'Root': 'C:\laragon\www\sapapi\actions-runner'
[2025-09-22 11:13:24Z INFO HostContext] Well known directory 'Work': 'C:\laragon\www\sapapi\actions-runner\_work'
[2025-09-22 11:13:24Z INFO StepsRunner] Which2: 'chcp'
[2025-09-22 11:13:24Z INFO StepsRunner] Location: 'C:\Windows\system32\chcp.COM'
[2025-09-22 11:13:24Z INFO ProcessInvokerWrapper] Starting process:
[2025-09-22 11:13:24Z INFO ProcessInvokerWrapper]   File name: 'C:\Windows\system32\chcp.COM'
[2025-09-22 11:13:24Z INFO ProcessInvokerWrapper]   Arguments: '65001'
[2025-09-22 11:13:24Z INFO ProcessInvokerWrapper]   Working directory: 'C:\laragon\www\sapapi\actions-runner\_work'
[2025-09-22 11:13:24Z INFO ProcessInvokerWrapper]   Require exit code zero: 'False'
[2025-09-22 11:13:24Z INFO ProcessInvokerWrapper]   Encoding web name:  ; code page: ''
[2025-09-22 11:13:24Z INFO ProcessInvokerWrapper]   Force kill process on cancellation: 'False'
[2025-09-22 11:13:24Z INFO ProcessInvokerWrapper]   Redirected STDIN: 'False'
[2025-09-22 11:13:24Z INFO ProcessInvokerWrapper]   Persist current code page: 'True'
[2025-09-22 11:13:24Z INFO ProcessInvokerWrapper]   Keep redirected STDIN open: 'False'
[2025-09-22 11:13:24Z INFO ProcessInvokerWrapper]   High priority process: 'False'
[2025-09-22 11:13:24Z INFO ProcessInvokerWrapper] Process started with process id 35940, waiting for process exit.
[2025-09-22 11:13:24Z INFO ProcessInvokerWrapper] STDOUT/STDERR stream read finished.
[2025-09-22 11:13:24Z INFO ProcessInvokerWrapper] STDOUT/STDERR stream read finished.
[2025-09-22 11:13:24Z INFO ProcessInvokerWrapper] Finished process 35940 with exit code 0, and elapsed time 00:00:00.0096994.
[2025-09-22 11:13:24Z INFO StepsRunner] Successfully returned to code page 65001 (UTF8)
[2025-09-22 11:13:24Z INFO HostContext] Well known directory 'Bin': 'C:\laragon\www\sapapi\actions-runner\bin'
[2025-09-22 11:13:24Z INFO HostContext] Well known directory 'Root': 'C:\laragon\www\sapapi\actions-runner'
[2025-09-22 11:13:24Z INFO HostContext] Well known directory 'Work': 'C:\laragon\www\sapapi\actions-runner\_work'
[2025-09-22 11:13:24Z INFO HostContext] Well known directory 'Temp': 'C:\laragon\www\sapapi\actions-runner\_work\_temp'
[2025-09-22 11:13:24Z INFO ExecutionContext] Write event payload to C:\laragon\www\sapapi\actions-runner\_work\_temp\_github_workflow\event.json
[2025-09-22 11:13:24Z INFO HostContext] Well known directory 'Bin': 'C:\laragon\www\sapapi\actions-runner\bin'
[2025-09-22 11:13:24Z INFO HostContext] Well known directory 'Root': 'C:\laragon\www\sapapi\actions-runner'
[2025-09-22 11:13:24Z INFO HostContext] Well known directory 'Work': 'C:\laragon\www\sapapi\actions-runner\_work'
[2025-09-22 11:13:24Z INFO HostContext] Well known directory 'Temp': 'C:\laragon\www\sapapi\actions-runner\_work\_temp'
[2025-09-22 11:13:24Z INFO ExtensionManager] Getting extensions for interface: 'GitHub.Runner.Worker.IFileCommandExtension'
[2025-09-22 11:13:24Z INFO ExtensionManager] Getting extensions for interface: 'GitHub.Runner.Worker.IActionCommandExtension'
[2025-09-22 11:13:24Z INFO ActionCommandManager] Register action command extension for command internal-set-repo-path
[2025-09-22 11:13:24Z INFO ActionCommandManager] Register action command extension for command set-env
[2025-09-22 11:13:24Z INFO ActionCommandManager] Register action command extension for command set-output
[2025-09-22 11:13:24Z INFO ActionCommandManager] Register action command extension for command save-state
[2025-09-22 11:13:24Z INFO ActionCommandManager] Register action command extension for command add-path
[2025-09-22 11:13:24Z INFO ActionCommandManager] Register action command extension for command add-mask
[2025-09-22 11:13:24Z INFO ActionCommandManager] Register action command extension for command add-matcher
[2025-09-22 11:13:24Z INFO ActionCommandManager] Register action command extension for command remove-matcher
[2025-09-22 11:13:24Z INFO ActionCommandManager] Register action command extension for command warning
[2025-09-22 11:13:24Z INFO ActionCommandManager] Register action command extension for command error
[2025-09-22 11:13:24Z INFO ActionCommandManager] Register action command extension for command notice
[2025-09-22 11:13:24Z INFO ActionCommandManager] Register action command extension for command debug
[2025-09-22 11:13:24Z INFO ActionCommandManager] Register action command extension for command group
[2025-09-22 11:13:24Z INFO ActionCommandManager] Register action command extension for command endgroup
[2025-09-22 11:13:24Z INFO ActionCommandManager] Register action command extension for command echo
[2025-09-22 11:13:24Z INFO ScriptHandler] Which2: 'powershell'
[2025-09-22 11:13:24Z INFO ScriptHandler] Location: 'C:\Windows\System32\WindowsPowerShell\v1.0\powershell.EXE'
[2025-09-22 11:13:24Z INFO HostContext] Well known directory 'Bin': 'C:\laragon\www\sapapi\actions-runner\bin'
[2025-09-22 11:13:24Z INFO HostContext] Well known directory 'Root': 'C:\laragon\www\sapapi\actions-runner'
[2025-09-22 11:13:24Z INFO HostContext] Well known directory 'Work': 'C:\laragon\www\sapapi\actions-runner\_work'
[2025-09-22 11:13:24Z INFO HostContext] Well known directory 'Temp': 'C:\laragon\www\sapapi\actions-runner\_work\_temp'
[2025-09-22 11:13:24Z INFO ScriptHandler] Which2: 'powershell'
[2025-09-22 11:13:24Z INFO ScriptHandler] Location: 'C:\Windows\System32\WindowsPowerShell\v1.0\powershell.EXE'
[2025-09-22 11:13:24Z INFO ProcessInvokerWrapper] Starting process:
[2025-09-22 11:13:24Z INFO ProcessInvokerWrapper]   File name: 'C:\Windows\System32\WindowsPowerShell\v1.0\powershell.EXE'
[2025-09-22 11:13:24Z INFO ProcessInvokerWrapper]   Arguments: '-command ". 'C:\laragon\www\sapapi\actions-runner\_work\_temp\7d55ec66-dfb7-4a63-b23d-66c7298b4d40.ps1'"'
[2025-09-22 11:13:24Z INFO ProcessInvokerWrapper]   Working directory: 'C:\laragon\www\sapapi\actions-runner\_work\sapapi\sapapi'
[2025-09-22 11:13:24Z INFO ProcessInvokerWrapper]   Require exit code zero: 'False'
[2025-09-22 11:13:24Z INFO ProcessInvokerWrapper]   Encoding web name:  ; code page: ''
[2025-09-22 11:13:24Z INFO ProcessInvokerWrapper]   Force kill process on cancellation: 'False'
[2025-09-22 11:13:24Z INFO ProcessInvokerWrapper]   Redirected STDIN: 'False'
[2025-09-22 11:13:24Z INFO ProcessInvokerWrapper]   Persist current code page: 'True'
[2025-09-22 11:13:24Z INFO ProcessInvokerWrapper]   Keep redirected STDIN open: 'False'
[2025-09-22 11:13:24Z INFO ProcessInvokerWrapper]   High priority process: 'False'
[2025-09-22 11:13:24Z INFO ProcessInvokerWrapper] Process started with process id 17556, waiting for process exit.
[2025-09-22 11:13:24Z INFO JobServerQueue] Try to append 1 batches web console lines for record 'bfc6e795-5ae9-49c2-abe6-233f5ec3fb71', success rate: 1/1.
[2025-09-22 11:13:25Z INFO ProcessInvokerWrapper] STDOUT/STDERR stream read finished.
[2025-09-22 11:13:25Z INFO ProcessInvokerWrapper] STDOUT/STDERR stream read finished.
[2025-09-22 11:13:25Z INFO ProcessInvokerWrapper] Finished process 17556 with exit code 0, and elapsed time 00:00:00.3471752.
[2025-09-22 11:13:25Z INFO CreateStepSummaryCommand] Step Summary file (C:\laragon\www\sapapi\actions-runner\_work\_temp\_runner_file_commands\step_summary_a594d4f2-348f-4f31-a49e-2feee17d67ac) is empty; skipping attachment upload
[2025-09-22 11:13:25Z INFO StepsRunner] Step result: 
[2025-09-22 11:13:25Z INFO ExecutionContext] Publish step telemetry for current step {
  "action": "powershell",
  "type": "run",
  "stage": "Main",
  "stepId": "bfc6e795-5ae9-49c2-abe6-233f5ec3fb71",
  "stepContextName": "__run_2",
  "result": "succeeded",
  "errorMessages": [],
  "executionTimeInSeconds": 1,
  "startTime": "2025-09-22T11:13:24.8379132Z",
  "finishTime": "2025-09-22T11:13:25.2112234Z"
}.
[2025-09-22 11:13:25Z INFO StepsRunner] No need for updating job result with current step result 'Succeeded'.
[2025-09-22 11:13:25Z INFO StepsRunner] Current state: job state = ''
[2025-09-22 11:13:25Z INFO StepsRunner] Processing step: DisplayName='Install PM2 and dependencies'
[2025-09-22 11:13:25Z INFO StepsRunner] Evaluating: success()
[2025-09-22 11:13:25Z INFO StepsRunner] Result: true
[2025-09-22 11:13:25Z INFO StepsRunner] Starting the step.
[2025-09-22 11:13:25Z INFO HostContext] Well known directory 'Bin': 'C:\laragon\www\sapapi\actions-runner\bin'
[2025-09-22 11:13:25Z INFO HostContext] Well known directory 'Root': 'C:\laragon\www\sapapi\actions-runner'
[2025-09-22 11:13:25Z INFO HostContext] Well known directory 'Work': 'C:\laragon\www\sapapi\actions-runner\_work'
[2025-09-22 11:13:25Z INFO StepsRunner] Which2: 'chcp'
[2025-09-22 11:13:25Z INFO StepsRunner] Location: 'C:\Windows\system32\chcp.COM'
[2025-09-22 11:13:25Z INFO ProcessInvokerWrapper] Starting process:
[2025-09-22 11:13:25Z INFO ProcessInvokerWrapper]   File name: 'C:\Windows\system32\chcp.COM'
[2025-09-22 11:13:25Z INFO ProcessInvokerWrapper]   Arguments: '65001'
[2025-09-22 11:13:25Z INFO ProcessInvokerWrapper]   Working directory: 'C:\laragon\www\sapapi\actions-runner\_work'
[2025-09-22 11:13:25Z INFO ProcessInvokerWrapper]   Require exit code zero: 'False'
[2025-09-22 11:13:25Z INFO ProcessInvokerWrapper]   Encoding web name:  ; code page: ''
[2025-09-22 11:13:25Z INFO ProcessInvokerWrapper]   Force kill process on cancellation: 'False'
[2025-09-22 11:13:25Z INFO ProcessInvokerWrapper]   Redirected STDIN: 'False'
[2025-09-22 11:13:25Z INFO ProcessInvokerWrapper]   Persist current code page: 'True'
[2025-09-22 11:13:25Z INFO ProcessInvokerWrapper]   Keep redirected STDIN open: 'False'
[2025-09-22 11:13:25Z INFO ProcessInvokerWrapper]   High priority process: 'False'
[2025-09-22 11:13:25Z INFO ProcessInvokerWrapper] Process started with process id 35928, waiting for process exit.
[2025-09-22 11:13:25Z INFO ProcessInvokerWrapper] STDOUT/STDERR stream read finished.
[2025-09-22 11:13:25Z INFO ProcessInvokerWrapper] STDOUT/STDERR stream read finished.
[2025-09-22 11:13:25Z INFO ProcessInvokerWrapper] Finished process 35928 with exit code 0, and elapsed time 00:00:00.0077668.
[2025-09-22 11:13:25Z INFO StepsRunner] Successfully returned to code page 65001 (UTF8)
[2025-09-22 11:13:25Z INFO HostContext] Well known directory 'Bin': 'C:\laragon\www\sapapi\actions-runner\bin'
[2025-09-22 11:13:25Z INFO HostContext] Well known directory 'Root': 'C:\laragon\www\sapapi\actions-runner'
[2025-09-22 11:13:25Z INFO HostContext] Well known directory 'Work': 'C:\laragon\www\sapapi\actions-runner\_work'
[2025-09-22 11:13:25Z INFO HostContext] Well known directory 'Temp': 'C:\laragon\www\sapapi\actions-runner\_work\_temp'
[2025-09-22 11:13:25Z INFO ExecutionContext] Write event payload to C:\laragon\www\sapapi\actions-runner\_work\_temp\_github_workflow\event.json
[2025-09-22 11:13:25Z INFO HostContext] Well known directory 'Bin': 'C:\laragon\www\sapapi\actions-runner\bin'
[2025-09-22 11:13:25Z INFO HostContext] Well known directory 'Root': 'C:\laragon\www\sapapi\actions-runner'
[2025-09-22 11:13:25Z INFO HostContext] Well known directory 'Work': 'C:\laragon\www\sapapi\actions-runner\_work'
[2025-09-22 11:13:25Z INFO HostContext] Well known directory 'Temp': 'C:\laragon\www\sapapi\actions-runner\_work\_temp'
[2025-09-22 11:13:25Z INFO ExtensionManager] Getting extensions for interface: 'GitHub.Runner.Worker.IFileCommandExtension'
[2025-09-22 11:13:25Z INFO ExtensionManager] Getting extensions for interface: 'GitHub.Runner.Worker.IActionCommandExtension'
[2025-09-22 11:13:25Z INFO ActionCommandManager] Register action command extension for command internal-set-repo-path
[2025-09-22 11:13:25Z INFO ActionCommandManager] Register action command extension for command set-env
[2025-09-22 11:13:25Z INFO ActionCommandManager] Register action command extension for command set-output
[2025-09-22 11:13:25Z INFO ActionCommandManager] Register action command extension for command save-state
[2025-09-22 11:13:25Z INFO ActionCommandManager] Register action command extension for command add-path
[2025-09-22 11:13:25Z INFO ActionCommandManager] Register action command extension for command add-mask
[2025-09-22 11:13:25Z INFO ActionCommandManager] Register action command extension for command add-matcher
[2025-09-22 11:13:25Z INFO ActionCommandManager] Register action command extension for command remove-matcher
[2025-09-22 11:13:25Z INFO ActionCommandManager] Register action command extension for command warning
[2025-09-22 11:13:25Z INFO ActionCommandManager] Register action command extension for command error
[2025-09-22 11:13:25Z INFO ActionCommandManager] Register action command extension for command notice
[2025-09-22 11:13:25Z INFO ActionCommandManager] Register action command extension for command debug
[2025-09-22 11:13:25Z INFO ActionCommandManager] Register action command extension for command group
[2025-09-22 11:13:25Z INFO ActionCommandManager] Register action command extension for command endgroup
[2025-09-22 11:13:25Z INFO ActionCommandManager] Register action command extension for command echo
[2025-09-22 11:13:25Z INFO ScriptHandler] Which2: 'pwsh'
[2025-09-22 11:13:25Z INFO ScriptHandler] pwsh: command not found. Make sure 'pwsh' is installed and its location included in the 'Path' environment variable.
[2025-09-22 11:13:25Z INFO ScriptHandler] Defaulting to powershell
[2025-09-22 11:13:25Z INFO ScriptHandler] Which2: 'powershell'
[2025-09-22 11:13:25Z INFO ScriptHandler] Location: 'C:\Windows\System32\WindowsPowerShell\v1.0\powershell.EXE'
[2025-09-22 11:13:25Z INFO HostContext] Well known directory 'Bin': 'C:\laragon\www\sapapi\actions-runner\bin'
[2025-09-22 11:13:25Z INFO HostContext] Well known directory 'Root': 'C:\laragon\www\sapapi\actions-runner'
[2025-09-22 11:13:25Z INFO HostContext] Well known directory 'Work': 'C:\laragon\www\sapapi\actions-runner\_work'
[2025-09-22 11:13:25Z INFO HostContext] Well known directory 'Temp': 'C:\laragon\www\sapapi\actions-runner\_work\_temp'
[2025-09-22 11:13:25Z INFO ScriptHandler] Which2: 'pwsh'
[2025-09-22 11:13:25Z INFO ScriptHandler] pwsh: command not found. Make sure 'pwsh' is installed and its location included in the 'Path' environment variable.
[2025-09-22 11:13:25Z INFO ScriptHandler] Defaulting to powershell
[2025-09-22 11:13:25Z INFO ScriptHandler] Which2: 'powershell'
[2025-09-22 11:13:25Z INFO ScriptHandler] Location: 'C:\Windows\System32\WindowsPowerShell\v1.0\powershell.EXE'
[2025-09-22 11:13:25Z INFO ProcessInvokerWrapper] Starting process:
[2025-09-22 11:13:25Z INFO ProcessInvokerWrapper]   File name: 'C:\Windows\System32\WindowsPowerShell\v1.0\powershell.EXE'
[2025-09-22 11:13:25Z INFO ProcessInvokerWrapper]   Arguments: '-command ". 'C:\laragon\www\sapapi\actions-runner\_work\_temp\e31a8260-f6fd-4b2b-aacf-a161e4ad3882.ps1'"'
[2025-09-22 11:13:25Z INFO ProcessInvokerWrapper]   Working directory: 'C:\laragon\www\sapapi\actions-runner\_work\sapapi\sapapi'
[2025-09-22 11:13:25Z INFO ProcessInvokerWrapper]   Require exit code zero: 'False'
[2025-09-22 11:13:25Z INFO ProcessInvokerWrapper]   Encoding web name:  ; code page: ''
[2025-09-22 11:13:25Z INFO ProcessInvokerWrapper]   Force kill process on cancellation: 'False'
[2025-09-22 11:13:25Z INFO ProcessInvokerWrapper]   Redirected STDIN: 'False'
[2025-09-22 11:13:25Z INFO ProcessInvokerWrapper]   Persist current code page: 'True'
[2025-09-22 11:13:25Z INFO ProcessInvokerWrapper]   Keep redirected STDIN open: 'False'
[2025-09-22 11:13:25Z INFO ProcessInvokerWrapper]   High priority process: 'False'
[2025-09-22 11:13:25Z INFO ProcessInvokerWrapper] Process started with process id 14516, waiting for process exit.
[2025-09-22 11:13:25Z INFO JobServerQueue] Try to upload 3 log files or attachments, success rate: 3/3.
[2025-09-22 11:13:25Z INFO JobServerQueue] Try to append 1 batches web console lines for record '357cda62-db77-44b7-b607-4ec1d1244cff', success rate: 1/1.
[2025-09-22 11:13:25Z INFO JobServerQueue] Tried to upload 1 file(s) to results, success rate: 1/1.
[2025-09-22 11:13:26Z INFO JobServerQueue] Got a step log file to send to results service.
[2025-09-22 11:13:26Z INFO JobServerQueue] Starting upload of step log file to results service ResultsLog, C:\laragon\www\sapapi\actions-runner\_diag\blocks\e95197f1-9c27-408f-9ec7-efe2f7b66075_c9c4fca8-c906-4589-815e-61a7965887f7.1
[2025-09-22 11:13:28Z INFO JobServerQueue] Got a step log file to send to results service.
[2025-09-22 11:13:28Z INFO JobServerQueue] Starting upload of step log file to results service ResultsLog, C:\laragon\www\sapapi\actions-runner\_diag\blocks\e95197f1-9c27-408f-9ec7-efe2f7b66075_bfc6e795-5ae9-49c2-abe6-233f5ec3fb71.1
[2025-09-22 11:13:29Z INFO JobServerQueue] Tried to upload 2 file(s) to results, success rate: 2/2.
[2025-09-22 11:13:33Z INFO HostContext] Well known directory 'Bin': 'C:\laragon\www\sapapi\actions-runner\bin'
[2025-09-22 11:13:33Z INFO HostContext] Well known directory 'Root': 'C:\laragon\www\sapapi\actions-runner'
[2025-09-22 11:13:33Z INFO HostContext] Well known directory 'Work': 'C:\laragon\www\sapapi\actions-runner\_work'
[2025-09-22 11:13:33Z INFO JobServerQueue] Try to append 1 batches web console lines for record '357cda62-db77-44b7-b607-4ec1d1244cff', success rate: 1/1.
[2025-09-22 11:13:35Z INFO JobServerQueue] Try to append 1 batches web console lines for record '357cda62-db77-44b7-b607-4ec1d1244cff', success rate: 1/1.
[2025-09-22 11:13:39Z INFO JobServerQueue] Try to append 1 batches web console lines for record '357cda62-db77-44b7-b607-4ec1d1244cff', success rate: 1/1.
[2025-09-22 11:13:43Z INFO HostContext] Well known directory 'Bin': 'C:\laragon\www\sapapi\actions-runner\bin'
[2025-09-22 11:13:43Z INFO HostContext] Well known directory 'Root': 'C:\laragon\www\sapapi\actions-runner'
[2025-09-22 11:13:43Z INFO HostContext] Well known directory 'Work': 'C:\laragon\www\sapapi\actions-runner\_work'
[2025-09-22 11:13:53Z INFO HostContext] Well known directory 'Bin': 'C:\laragon\www\sapapi\actions-runner\bin'
[2025-09-22 11:13:53Z INFO HostContext] Well known directory 'Root': 'C:\laragon\www\sapapi\actions-runner'
[2025-09-22 11:13:53Z INFO HostContext] Well known directory 'Work': 'C:\laragon\www\sapapi\actions-runner\_work'
[2025-09-22 11:14:00Z INFO JobServerQueue] Try to append 1 batches web console lines for record '357cda62-db77-44b7-b607-4ec1d1244cff', success rate: 1/1.
[2025-09-22 11:14:00Z INFO ProcessInvokerWrapper] STDOUT/STDERR stream read finished.
[2025-09-22 11:14:00Z INFO ProcessInvokerWrapper] STDOUT/STDERR stream read finished.
[2025-09-22 11:14:00Z INFO ProcessInvokerWrapper] Finished process 14516 with exit code 0, and elapsed time 00:00:35.3536237.
[2025-09-22 11:14:00Z INFO CreateStepSummaryCommand] Step Summary file (C:\laragon\www\sapapi\actions-runner\_work\_temp\_runner_file_commands\step_summary_fcdc4fdf-fdd6-4b0e-a5c4-40c83e518493) is empty; skipping attachment upload
[2025-09-22 11:14:00Z INFO StepsRunner] Step result: 
[2025-09-22 11:14:00Z INFO ExecutionContext] Publish step telemetry for current step {
  "action": "powershell",
  "type": "run",
  "stage": "Main",
  "stepId": "357cda62-db77-44b7-b607-4ec1d1244cff",
  "stepContextName": "__run_3",
  "result": "succeeded",
  "errorMessages": [],
  "executionTimeInSeconds": 36,
  "startTime": "2025-09-22T11:13:25.2127497Z",
  "finishTime": "2025-09-22T11:14:00.6102294Z"
}.
[2025-09-22 11:14:00Z INFO StepsRunner] No need for updating job result with current step result 'Succeeded'.
[2025-09-22 11:14:00Z INFO StepsRunner] Current state: job state = ''
[2025-09-22 11:14:00Z INFO StepsRunner] Processing step: DisplayName='Delete existing PM2 processes'
[2025-09-22 11:14:00Z INFO StepsRunner] Evaluating: success()
[2025-09-22 11:14:00Z INFO StepsRunner] Result: true
[2025-09-22 11:14:00Z INFO StepsRunner] Starting the step.
[2025-09-22 11:14:00Z INFO HostContext] Well known directory 'Bin': 'C:\laragon\www\sapapi\actions-runner\bin'
[2025-09-22 11:14:00Z INFO HostContext] Well known directory 'Root': 'C:\laragon\www\sapapi\actions-runner'
[2025-09-22 11:14:00Z INFO HostContext] Well known directory 'Work': 'C:\laragon\www\sapapi\actions-runner\_work'
[2025-09-22 11:14:00Z INFO StepsRunner] Which2: 'chcp'
[2025-09-22 11:14:00Z INFO StepsRunner] Location: 'C:\Windows\system32\chcp.COM'
[2025-09-22 11:14:00Z INFO ProcessInvokerWrapper] Starting process:
[2025-09-22 11:14:00Z INFO ProcessInvokerWrapper]   File name: 'C:\Windows\system32\chcp.COM'
[2025-09-22 11:14:00Z INFO ProcessInvokerWrapper]   Arguments: '65001'
[2025-09-22 11:14:00Z INFO ProcessInvokerWrapper]   Working directory: 'C:\laragon\www\sapapi\actions-runner\_work'
[2025-09-22 11:14:00Z INFO ProcessInvokerWrapper]   Require exit code zero: 'False'
[2025-09-22 11:14:00Z INFO ProcessInvokerWrapper]   Encoding web name:  ; code page: ''
[2025-09-22 11:14:00Z INFO ProcessInvokerWrapper]   Force kill process on cancellation: 'False'
[2025-09-22 11:14:00Z INFO ProcessInvokerWrapper]   Redirected STDIN: 'False'
[2025-09-22 11:14:00Z INFO ProcessInvokerWrapper]   Persist current code page: 'True'
[2025-09-22 11:14:00Z INFO ProcessInvokerWrapper]   Keep redirected STDIN open: 'False'
[2025-09-22 11:14:00Z INFO ProcessInvokerWrapper]   High priority process: 'False'
[2025-09-22 11:14:00Z INFO ProcessInvokerWrapper] Process started with process id 16772, waiting for process exit.
[2025-09-22 11:14:00Z INFO ProcessInvokerWrapper] STDOUT/STDERR stream read finished.
[2025-09-22 11:14:00Z INFO ProcessInvokerWrapper] STDOUT/STDERR stream read finished.
[2025-09-22 11:14:00Z INFO ProcessInvokerWrapper] Finished process 16772 with exit code 0, and elapsed time 00:00:00.0088228.
[2025-09-22 11:14:00Z INFO StepsRunner] Successfully returned to code page 65001 (UTF8)
[2025-09-22 11:14:00Z INFO HostContext] Well known directory 'Bin': 'C:\laragon\www\sapapi\actions-runner\bin'
[2025-09-22 11:14:00Z INFO HostContext] Well known directory 'Root': 'C:\laragon\www\sapapi\actions-runner'
[2025-09-22 11:14:00Z INFO HostContext] Well known directory 'Work': 'C:\laragon\www\sapapi\actions-runner\_work'
[2025-09-22 11:14:00Z INFO HostContext] Well known directory 'Temp': 'C:\laragon\www\sapapi\actions-runner\_work\_temp'
[2025-09-22 11:14:00Z INFO ExecutionContext] Write event payload to C:\laragon\www\sapapi\actions-runner\_work\_temp\_github_workflow\event.json
[2025-09-22 11:14:00Z INFO HostContext] Well known directory 'Bin': 'C:\laragon\www\sapapi\actions-runner\bin'
[2025-09-22 11:14:00Z INFO HostContext] Well known directory 'Root': 'C:\laragon\www\sapapi\actions-runner'
[2025-09-22 11:14:00Z INFO HostContext] Well known directory 'Work': 'C:\laragon\www\sapapi\actions-runner\_work'
[2025-09-22 11:14:00Z INFO HostContext] Well known directory 'Temp': 'C:\laragon\www\sapapi\actions-runner\_work\_temp'
[2025-09-22 11:14:00Z INFO ExtensionManager] Getting extensions for interface: 'GitHub.Runner.Worker.IFileCommandExtension'
[2025-09-22 11:14:00Z INFO ExtensionManager] Getting extensions for interface: 'GitHub.Runner.Worker.IActionCommandExtension'
[2025-09-22 11:14:00Z INFO ActionCommandManager] Register action command extension for command internal-set-repo-path
[2025-09-22 11:14:00Z INFO ActionCommandManager] Register action command extension for command set-env
[2025-09-22 11:14:00Z INFO ActionCommandManager] Register action command extension for command set-output
[2025-09-22 11:14:00Z INFO ActionCommandManager] Register action command extension for command save-state
[2025-09-22 11:14:00Z INFO ActionCommandManager] Register action command extension for command add-path
[2025-09-22 11:14:00Z INFO ActionCommandManager] Register action command extension for command add-mask
[2025-09-22 11:14:00Z INFO ActionCommandManager] Register action command extension for command add-matcher
[2025-09-22 11:14:00Z INFO ActionCommandManager] Register action command extension for command remove-matcher
[2025-09-22 11:14:00Z INFO ActionCommandManager] Register action command extension for command warning
[2025-09-22 11:14:00Z INFO ActionCommandManager] Register action command extension for command error
[2025-09-22 11:14:00Z INFO ActionCommandManager] Register action command extension for command notice
[2025-09-22 11:14:00Z INFO ActionCommandManager] Register action command extension for command debug
[2025-09-22 11:14:00Z INFO ActionCommandManager] Register action command extension for command group
[2025-09-22 11:14:00Z INFO ActionCommandManager] Register action command extension for command endgroup
[2025-09-22 11:14:00Z INFO ActionCommandManager] Register action command extension for command echo
[2025-09-22 11:14:00Z INFO ScriptHandler] Which2: 'pwsh'
[2025-09-22 11:14:00Z INFO ScriptHandler] pwsh: command not found. Make sure 'pwsh' is installed and its location included in the 'Path' environment variable.
[2025-09-22 11:14:00Z INFO ScriptHandler] Defaulting to powershell
[2025-09-22 11:14:00Z INFO ScriptHandler] Which2: 'powershell'
[2025-09-22 11:14:00Z INFO ScriptHandler] Location: 'C:\Windows\System32\WindowsPowerShell\v1.0\powershell.EXE'
[2025-09-22 11:14:00Z INFO HostContext] Well known directory 'Bin': 'C:\laragon\www\sapapi\actions-runner\bin'
[2025-09-22 11:14:00Z INFO HostContext] Well known directory 'Root': 'C:\laragon\www\sapapi\actions-runner'
[2025-09-22 11:14:00Z INFO HostContext] Well known directory 'Work': 'C:\laragon\www\sapapi\actions-runner\_work'
[2025-09-22 11:14:00Z INFO HostContext] Well known directory 'Temp': 'C:\laragon\www\sapapi\actions-runner\_work\_temp'
[2025-09-22 11:14:00Z INFO ScriptHandler] Which2: 'pwsh'
[2025-09-22 11:14:00Z INFO ScriptHandler] pwsh: command not found. Make sure 'pwsh' is installed and its location included in the 'Path' environment variable.
[2025-09-22 11:14:00Z INFO ScriptHandler] Defaulting to powershell
[2025-09-22 11:14:00Z INFO ScriptHandler] Which2: 'powershell'
[2025-09-22 11:14:00Z INFO ScriptHandler] Location: 'C:\Windows\System32\WindowsPowerShell\v1.0\powershell.EXE'
[2025-09-22 11:14:00Z INFO ProcessInvokerWrapper] Starting process:
[2025-09-22 11:14:00Z INFO ProcessInvokerWrapper]   File name: 'C:\Windows\System32\WindowsPowerShell\v1.0\powershell.EXE'
[2025-09-22 11:14:00Z INFO ProcessInvokerWrapper]   Arguments: '-command ". 'C:\laragon\www\sapapi\actions-runner\_work\_temp\256f52ff-eb11-45f0-acea-c2fa10b5c550.ps1'"'
[2025-09-22 11:14:00Z INFO ProcessInvokerWrapper]   Working directory: 'C:\laragon\www\sapapi\actions-runner\_work\sapapi\sapapi'
[2025-09-22 11:14:00Z INFO ProcessInvokerWrapper]   Require exit code zero: 'False'
[2025-09-22 11:14:00Z INFO ProcessInvokerWrapper]   Encoding web name:  ; code page: ''
[2025-09-22 11:14:00Z INFO ProcessInvokerWrapper]   Force kill process on cancellation: 'False'
[2025-09-22 11:14:00Z INFO ProcessInvokerWrapper]   Redirected STDIN: 'False'
[2025-09-22 11:14:00Z INFO ProcessInvokerWrapper]   Persist current code page: 'True'
[2025-09-22 11:14:00Z INFO ProcessInvokerWrapper]   Keep redirected STDIN open: 'False'
[2025-09-22 11:14:00Z INFO ProcessInvokerWrapper]   High priority process: 'False'
[2025-09-22 11:14:00Z INFO JobServerQueue] Try to upload 1 log files or attachments, success rate: 1/1.
[2025-09-22 11:14:00Z INFO ProcessInvokerWrapper] Process started with process id 13440, waiting for process exit.
[2025-09-22 11:14:00Z INFO JobServerQueue] Try to append 1 batches web console lines for record 'c8418c30-8117-46f1-89f2-49a342561624', success rate: 1/1.
[2025-09-22 11:14:00Z INFO JobServerQueue] Got a step log file to send to results service.
[2025-09-22 11:14:00Z INFO JobServerQueue] Starting upload of step log file to results service ResultsLog, C:\laragon\www\sapapi\actions-runner\_diag\blocks\e95197f1-9c27-408f-9ec7-efe2f7b66075_357cda62-db77-44b7-b607-4ec1d1244cff.1
[2025-09-22 11:14:01Z INFO JobServerQueue] Try to append 1 batches web console lines for record 'c8418c30-8117-46f1-89f2-49a342561624', success rate: 1/1.
[2025-09-22 11:14:01Z INFO ProcessInvokerWrapper] STDOUT/STDERR stream read finished.
[2025-09-22 11:14:01Z INFO JobServerQueue] Try to append 1 batches web console lines for record 'c8418c30-8117-46f1-89f2-49a342561624', success rate: 1/1.
[2025-09-22 11:14:02Z INFO JobServerQueue] Tried to upload 1 file(s) to results, success rate: 1/1.
[2025-09-22 11:14:03Z INFO HostContext] Well known directory 'Bin': 'C:\laragon\www\sapapi\actions-runner\bin'
[2025-09-22 11:14:03Z INFO HostContext] Well known directory 'Root': 'C:\laragon\www\sapapi\actions-runner'
[2025-09-22 11:14:03Z INFO HostContext] Well known directory 'Work': 'C:\laragon\www\sapapi\actions-runner\_work'
[2025-09-22 11:14:06Z INFO ProcessInvokerWrapper] Scan all processes to find relationship between all processes.
[2025-09-22 11:14:06Z INFO ProcessInvokerWrapper] Find all child processes of process '13440'.
[2025-09-22 11:14:06Z INFO ProcessInvokerWrapper] Kill process '13440'.
[2025-09-22 11:14:06Z INFO ProcessInvokerWrapper] Finished process 13440 with exit code 1, and elapsed time 00:00:06.0774961.
[2025-09-22 11:14:06Z INFO CreateStepSummaryCommand] Step Summary file (C:\laragon\www\sapapi\actions-runner\_work\_temp\_runner_file_commands\step_summary_8d1cb779-cda3-42c9-9ab0-3a3b60d26035) is empty; skipping attachment upload
[2025-09-22 11:14:06Z INFO ExecutionContext] Updated step result (continue on error)
[2025-09-22 11:14:06Z INFO StepsRunner] Step result: Succeeded
[2025-09-22 11:14:06Z INFO ExecutionContext] Publish step telemetry for current step {
  "action": "powershell",
  "type": "run",
  "stage": "Main",
  "stepId": "c8418c30-8117-46f1-89f2-49a342561624",
  "stepContextName": "__run_4",
  "result": "succeeded",
  "errorMessages": [
    "Process completed with exit code 1."
  ],
  "executionTimeInSeconds": 7,
  "startTime": "2025-09-22T11:14:00.6118821Z",
  "finishTime": "2025-09-22T11:14:06.7364761Z"
}.
[2025-09-22 11:14:06Z INFO StepsRunner] No need for updating job result with current step result 'Succeeded'.
[2025-09-22 11:14:06Z INFO StepsRunner] Current state: job state = ''
[2025-09-22 11:14:06Z INFO StepsRunner] Processing step: DisplayName='Start all Node.js applications with PM2'
[2025-09-22 11:14:06Z INFO StepsRunner] Evaluating: success()
[2025-09-22 11:14:06Z INFO StepsRunner] Result: true
[2025-09-22 11:14:06Z INFO StepsRunner] Starting the step.
[2025-09-22 11:14:06Z INFO HostContext] Well known directory 'Bin': 'C:\laragon\www\sapapi\actions-runner\bin'
[2025-09-22 11:14:06Z INFO HostContext] Well known directory 'Root': 'C:\laragon\www\sapapi\actions-runner'
[2025-09-22 11:14:06Z INFO HostContext] Well known directory 'Work': 'C:\laragon\www\sapapi\actions-runner\_work'
[2025-09-22 11:14:06Z INFO StepsRunner] Which2: 'chcp'
[2025-09-22 11:14:06Z INFO StepsRunner] Location: 'C:\Windows\system32\chcp.COM'
[2025-09-22 11:14:06Z INFO ProcessInvokerWrapper] Starting process:
[2025-09-22 11:14:06Z INFO ProcessInvokerWrapper]   File name: 'C:\Windows\system32\chcp.COM'
[2025-09-22 11:14:06Z INFO ProcessInvokerWrapper]   Arguments: '65001'
[2025-09-22 11:14:06Z INFO ProcessInvokerWrapper]   Working directory: 'C:\laragon\www\sapapi\actions-runner\_work'
[2025-09-22 11:14:06Z INFO ProcessInvokerWrapper]   Require exit code zero: 'False'
[2025-09-22 11:14:06Z INFO ProcessInvokerWrapper]   Encoding web name:  ; code page: ''
[2025-09-22 11:14:06Z INFO ProcessInvokerWrapper]   Force kill process on cancellation: 'False'
[2025-09-22 11:14:06Z INFO ProcessInvokerWrapper]   Redirected STDIN: 'False'
[2025-09-22 11:14:06Z INFO ProcessInvokerWrapper]   Persist current code page: 'True'
[2025-09-22 11:14:06Z INFO ProcessInvokerWrapper]   Keep redirected STDIN open: 'False'
[2025-09-22 11:14:06Z INFO ProcessInvokerWrapper]   High priority process: 'False'
[2025-09-22 11:14:06Z INFO ProcessInvokerWrapper] Process started with process id 15420, waiting for process exit.
[2025-09-22 11:14:06Z INFO ProcessInvokerWrapper] STDOUT/STDERR stream read finished.
[2025-09-22 11:14:06Z INFO ProcessInvokerWrapper] STDOUT/STDERR stream read finished.
[2025-09-22 11:14:06Z INFO ProcessInvokerWrapper] Finished process 15420 with exit code 0, and elapsed time 00:00:00.0082389.
[2025-09-22 11:14:06Z INFO StepsRunner] Successfully returned to code page 65001 (UTF8)
[2025-09-22 11:14:06Z INFO HostContext] Well known directory 'Bin': 'C:\laragon\www\sapapi\actions-runner\bin'
[2025-09-22 11:14:06Z INFO HostContext] Well known directory 'Root': 'C:\laragon\www\sapapi\actions-runner'
[2025-09-22 11:14:06Z INFO HostContext] Well known directory 'Work': 'C:\laragon\www\sapapi\actions-runner\_work'
[2025-09-22 11:14:06Z INFO HostContext] Well known directory 'Temp': 'C:\laragon\www\sapapi\actions-runner\_work\_temp'
[2025-09-22 11:14:06Z INFO ExecutionContext] Write event payload to C:\laragon\www\sapapi\actions-runner\_work\_temp\_github_workflow\event.json
[2025-09-22 11:14:06Z INFO HostContext] Well known directory 'Bin': 'C:\laragon\www\sapapi\actions-runner\bin'
[2025-09-22 11:14:06Z INFO HostContext] Well known directory 'Root': 'C:\laragon\www\sapapi\actions-runner'
[2025-09-22 11:14:06Z INFO HostContext] Well known directory 'Work': 'C:\laragon\www\sapapi\actions-runner\_work'
[2025-09-22 11:14:06Z INFO HostContext] Well known directory 'Temp': 'C:\laragon\www\sapapi\actions-runner\_work\_temp'
[2025-09-22 11:14:06Z INFO ExtensionManager] Getting extensions for interface: 'GitHub.Runner.Worker.IFileCommandExtension'
[2025-09-22 11:14:06Z INFO ExtensionManager] Getting extensions for interface: 'GitHub.Runner.Worker.IActionCommandExtension'
[2025-09-22 11:14:06Z INFO ActionCommandManager] Register action command extension for command internal-set-repo-path
[2025-09-22 11:14:06Z INFO ActionCommandManager] Register action command extension for command set-env
[2025-09-22 11:14:06Z INFO ActionCommandManager] Register action command extension for command set-output
[2025-09-22 11:14:06Z INFO ActionCommandManager] Register action command extension for command save-state
[2025-09-22 11:14:06Z INFO ActionCommandManager] Register action command extension for command add-path
[2025-09-22 11:14:06Z INFO ActionCommandManager] Register action command extension for command add-mask
[2025-09-22 11:14:06Z INFO ActionCommandManager] Register action command extension for command add-matcher
[2025-09-22 11:14:06Z INFO ActionCommandManager] Register action command extension for command remove-matcher
[2025-09-22 11:14:06Z INFO ActionCommandManager] Register action command extension for command warning
[2025-09-22 11:14:06Z INFO ActionCommandManager] Register action command extension for command error
[2025-09-22 11:14:06Z INFO ActionCommandManager] Register action command extension for command notice
[2025-09-22 11:14:06Z INFO ActionCommandManager] Register action command extension for command debug
[2025-09-22 11:14:06Z INFO ActionCommandManager] Register action command extension for command group
[2025-09-22 11:14:06Z INFO ActionCommandManager] Register action command extension for command endgroup
[2025-09-22 11:14:06Z INFO ActionCommandManager] Register action command extension for command echo
[2025-09-22 11:14:06Z INFO ScriptHandler] Which2: 'powershell'
[2025-09-22 11:14:06Z INFO ScriptHandler] Location: 'C:\Windows\System32\WindowsPowerShell\v1.0\powershell.EXE'
[2025-09-22 11:14:06Z INFO HostContext] Well known directory 'Bin': 'C:\laragon\www\sapapi\actions-runner\bin'
[2025-09-22 11:14:06Z INFO HostContext] Well known directory 'Root': 'C:\laragon\www\sapapi\actions-runner'
[2025-09-22 11:14:06Z INFO HostContext] Well known directory 'Work': 'C:\laragon\www\sapapi\actions-runner\_work'
[2025-09-22 11:14:06Z INFO HostContext] Well known directory 'Temp': 'C:\laragon\www\sapapi\actions-runner\_work\_temp'
[2025-09-22 11:14:06Z INFO ScriptHandler] Which2: 'powershell'
[2025-09-22 11:14:06Z INFO ScriptHandler] Location: 'C:\Windows\System32\WindowsPowerShell\v1.0\powershell.EXE'
[2025-09-22 11:14:06Z INFO ProcessInvokerWrapper] Starting process:
[2025-09-22 11:14:06Z INFO ProcessInvokerWrapper]   File name: 'C:\Windows\System32\WindowsPowerShell\v1.0\powershell.EXE'
[2025-09-22 11:14:06Z INFO ProcessInvokerWrapper]   Arguments: '-command ". 'C:\laragon\www\sapapi\actions-runner\_work\_temp\2b18cfc1-41da-4011-a537-24e5c256fc59.ps1'"'
[2025-09-22 11:14:06Z INFO ProcessInvokerWrapper]   Working directory: 'C:\laragon\www\sapapi\actions-runner\_work\sapapi\sapapi'
[2025-09-22 11:14:06Z INFO ProcessInvokerWrapper]   Require exit code zero: 'False'
[2025-09-22 11:14:06Z INFO ProcessInvokerWrapper]   Encoding web name:  ; code page: ''
[2025-09-22 11:14:06Z INFO ProcessInvokerWrapper]   Force kill process on cancellation: 'False'
[2025-09-22 11:14:06Z INFO ProcessInvokerWrapper]   Redirected STDIN: 'False'
[2025-09-22 11:14:06Z INFO ProcessInvokerWrapper]   Persist current code page: 'True'
[2025-09-22 11:14:06Z INFO ProcessInvokerWrapper]   Keep redirected STDIN open: 'False'
[2025-09-22 11:14:06Z INFO ProcessInvokerWrapper]   High priority process: 'False'
[2025-09-22 11:14:06Z INFO ProcessInvokerWrapper] Process started with process id 16264, waiting for process exit.
[2025-09-22 11:14:06Z INFO JobServerQueue] Try to append 1 batches web console lines for record 'c8418c30-8117-46f1-89f2-49a342561624', success rate: 1/1.
[2025-09-22 11:14:06Z INFO JobServerQueue] Try to append 1 batches web console lines for record 'fdf992ae-5e89-488e-a41b-9f62b3ff69d2', success rate: 1/1.
[2025-09-22 11:14:07Z INFO JobServerQueue] Got a step log file to send to results service.
[2025-09-22 11:14:07Z INFO JobServerQueue] Starting upload of step log file to results service ResultsLog, C:\laragon\www\sapapi\actions-runner\_diag\blocks\e95197f1-9c27-408f-9ec7-efe2f7b66075_c8418c30-8117-46f1-89f2-49a342561624.1
[2025-09-22 11:14:07Z INFO JobServerQueue] Try to append 1 batches web console lines for record 'fdf992ae-5e89-488e-a41b-9f62b3ff69d2', success rate: 1/1.
[2025-09-22 11:14:07Z INFO JobServerQueue] Try to append 1 batches web console lines for record 'fdf992ae-5e89-488e-a41b-9f62b3ff69d2', success rate: 1/1.
[2025-09-22 11:14:07Z INFO JobServerQueue] Try to upload 1 log files or attachments, success rate: 1/1.
[2025-09-22 11:14:08Z INFO JobServerQueue] Try to append 1 batches web console lines for record 'fdf992ae-5e89-488e-a41b-9f62b3ff69d2', success rate: 1/1.
[2025-09-22 11:14:08Z INFO JobServerQueue] Tried to upload 1 file(s) to results, success rate: 1/1.
[2025-09-22 11:14:09Z INFO JobServerQueue] Try to append 1 batches web console lines for record 'fdf992ae-5e89-488e-a41b-9f62b3ff69d2', success rate: 1/1.
[2025-09-22 11:14:10Z INFO JobServerQueue] Try to append 1 batches web console lines for record 'fdf992ae-5e89-488e-a41b-9f62b3ff69d2', success rate: 1/1.
[2025-09-22 11:14:10Z INFO JobServerQueue] Try to append 1 batches web console lines for record 'fdf992ae-5e89-488e-a41b-9f62b3ff69d2', success rate: 1/1.
[2025-09-22 11:14:11Z INFO JobServerQueue] Try to append 1 batches web console lines for record 'fdf992ae-5e89-488e-a41b-9f62b3ff69d2', success rate: 1/1.
[2025-09-22 11:14:11Z INFO JobServerQueue] Try to append 1 batches web console lines for record 'fdf992ae-5e89-488e-a41b-9f62b3ff69d2', success rate: 1/1.
[2025-09-22 11:14:12Z INFO JobServerQueue] Try to append 1 batches web console lines for record 'fdf992ae-5e89-488e-a41b-9f62b3ff69d2', success rate: 1/1.
[2025-09-22 11:14:12Z INFO JobServerQueue] Stop aggressive process web console line queue.
[2025-09-22 11:14:13Z INFO JobServerQueue] Try to append 1 batches web console lines for record 'fdf992ae-5e89-488e-a41b-9f62b3ff69d2', success rate: 1/1.
[2025-09-22 11:14:13Z INFO HostContext] Well known directory 'Bin': 'C:\laragon\www\sapapi\actions-runner\bin'
[2025-09-22 11:14:13Z INFO HostContext] Well known directory 'Root': 'C:\laragon\www\sapapi\actions-runner'
[2025-09-22 11:14:13Z INFO HostContext] Well known directory 'Work': 'C:\laragon\www\sapapi\actions-runner\_work'
[2025-09-22 11:14:13Z INFO JobServerQueue] Try to append 1 batches web console lines for record 'fdf992ae-5e89-488e-a41b-9f62b3ff69d2', success rate: 1/1.
[2025-09-22 11:14:14Z INFO JobServerQueue] Try to append 1 batches web console lines for record 'fdf992ae-5e89-488e-a41b-9f62b3ff69d2', success rate: 1/1.
[2025-09-22 11:14:15Z INFO JobServerQueue] Try to append 1 batches web console lines for record 'fdf992ae-5e89-488e-a41b-9f62b3ff69d2', success rate: 1/1.
[2025-09-22 11:14:15Z INFO JobServerQueue] Try to append 1 batches web console lines for record 'fdf992ae-5e89-488e-a41b-9f62b3ff69d2', success rate: 1/1.
[2025-09-22 11:14:16Z INFO JobServerQueue] Try to append 1 batches web console lines for record 'fdf992ae-5e89-488e-a41b-9f62b3ff69d2', success rate: 1/1.
[2025-09-22 11:14:16Z INFO ProcessInvokerWrapper] STDOUT/STDERR stream read finished.
[2025-09-22 11:14:16Z INFO ProcessInvokerWrapper] STDOUT/STDERR stream read finished.
[2025-09-22 11:14:16Z INFO ProcessInvokerWrapper] Finished process 16264 with exit code 0, and elapsed time 00:00:10.0916923.
[2025-09-22 11:14:16Z INFO CreateStepSummaryCommand] Step Summary file (C:\laragon\www\sapapi\actions-runner\_work\_temp\_runner_file_commands\step_summary_805a281b-fbf1-4f59-b261-fe4ac3b01ac8) is empty; skipping attachment upload
[2025-09-22 11:14:16Z INFO StepsRunner] Step result: 
[2025-09-22 11:14:16Z INFO ExecutionContext] Publish step telemetry for current step {
  "action": "powershell",
  "type": "run",
  "stage": "Main",
  "stepId": "fdf992ae-5e89-488e-a41b-9f62b3ff69d2",
  "stepContextName": "__run_5",
  "result": "succeeded",
  "errorMessages": [],
  "executionTimeInSeconds": 11,
  "startTime": "2025-09-22T11:14:06.7388549Z",
  "finishTime": "2025-09-22T11:14:16.8630784Z"
}.
[2025-09-22 11:14:16Z INFO StepsRunner] No need for updating job result with current step result 'Succeeded'.
[2025-09-22 11:14:16Z INFO StepsRunner] Current state: job state = ''
[2025-09-22 11:14:16Z INFO StepsRunner] Processing step: DisplayName='Save PM2 process list'
[2025-09-22 11:14:16Z INFO StepsRunner] Evaluating: success()
[2025-09-22 11:14:16Z INFO StepsRunner] Result: true
[2025-09-22 11:14:16Z INFO StepsRunner] Starting the step.
[2025-09-22 11:14:16Z INFO HostContext] Well known directory 'Bin': 'C:\laragon\www\sapapi\actions-runner\bin'
[2025-09-22 11:14:16Z INFO HostContext] Well known directory 'Root': 'C:\laragon\www\sapapi\actions-runner'
[2025-09-22 11:14:16Z INFO HostContext] Well known directory 'Work': 'C:\laragon\www\sapapi\actions-runner\_work'
[2025-09-22 11:14:16Z INFO StepsRunner] Which2: 'chcp'
[2025-09-22 11:14:16Z INFO StepsRunner] Location: 'C:\Windows\system32\chcp.COM'
[2025-09-22 11:14:16Z INFO ProcessInvokerWrapper] Starting process:
[2025-09-22 11:14:16Z INFO ProcessInvokerWrapper]   File name: 'C:\Windows\system32\chcp.COM'
[2025-09-22 11:14:16Z INFO ProcessInvokerWrapper]   Arguments: '65001'
[2025-09-22 11:14:16Z INFO ProcessInvokerWrapper]   Working directory: 'C:\laragon\www\sapapi\actions-runner\_work'
[2025-09-22 11:14:16Z INFO ProcessInvokerWrapper]   Require exit code zero: 'False'
[2025-09-22 11:14:16Z INFO ProcessInvokerWrapper]   Encoding web name:  ; code page: ''
[2025-09-22 11:14:16Z INFO ProcessInvokerWrapper]   Force kill process on cancellation: 'False'
[2025-09-22 11:14:16Z INFO ProcessInvokerWrapper]   Redirected STDIN: 'False'
[2025-09-22 11:14:16Z INFO ProcessInvokerWrapper]   Persist current code page: 'True'
[2025-09-22 11:14:16Z INFO ProcessInvokerWrapper]   Keep redirected STDIN open: 'False'
[2025-09-22 11:14:16Z INFO ProcessInvokerWrapper]   High priority process: 'False'
[2025-09-22 11:14:16Z INFO ProcessInvokerWrapper] Process started with process id 37396, waiting for process exit.
[2025-09-22 11:14:16Z INFO ProcessInvokerWrapper] STDOUT/STDERR stream read finished.
[2025-09-22 11:14:16Z INFO ProcessInvokerWrapper] STDOUT/STDERR stream read finished.
[2025-09-22 11:14:16Z INFO ProcessInvokerWrapper] Finished process 37396 with exit code 0, and elapsed time 00:00:00.0178319.
[2025-09-22 11:14:16Z INFO StepsRunner] Successfully returned to code page 65001 (UTF8)
[2025-09-22 11:14:16Z INFO HostContext] Well known directory 'Bin': 'C:\laragon\www\sapapi\actions-runner\bin'
[2025-09-22 11:14:16Z INFO HostContext] Well known directory 'Root': 'C:\laragon\www\sapapi\actions-runner'
[2025-09-22 11:14:16Z INFO HostContext] Well known directory 'Work': 'C:\laragon\www\sapapi\actions-runner\_work'
[2025-09-22 11:14:16Z INFO HostContext] Well known directory 'Temp': 'C:\laragon\www\sapapi\actions-runner\_work\_temp'
[2025-09-22 11:14:16Z INFO ExecutionContext] Write event payload to C:\laragon\www\sapapi\actions-runner\_work\_temp\_github_workflow\event.json
[2025-09-22 11:14:16Z INFO HostContext] Well known directory 'Bin': 'C:\laragon\www\sapapi\actions-runner\bin'
[2025-09-22 11:14:16Z INFO HostContext] Well known directory 'Root': 'C:\laragon\www\sapapi\actions-runner'
[2025-09-22 11:14:16Z INFO HostContext] Well known directory 'Work': 'C:\laragon\www\sapapi\actions-runner\_work'
[2025-09-22 11:14:16Z INFO HostContext] Well known directory 'Temp': 'C:\laragon\www\sapapi\actions-runner\_work\_temp'
[2025-09-22 11:14:16Z INFO ExtensionManager] Getting extensions for interface: 'GitHub.Runner.Worker.IFileCommandExtension'
[2025-09-22 11:14:16Z INFO ExtensionManager] Getting extensions for interface: 'GitHub.Runner.Worker.IActionCommandExtension'
[2025-09-22 11:14:16Z INFO ActionCommandManager] Register action command extension for command internal-set-repo-path
[2025-09-22 11:14:16Z INFO ActionCommandManager] Register action command extension for command set-env
[2025-09-22 11:14:16Z INFO ActionCommandManager] Register action command extension for command set-output
[2025-09-22 11:14:16Z INFO ActionCommandManager] Register action command extension for command save-state
[2025-09-22 11:14:16Z INFO ActionCommandManager] Register action command extension for command add-path
[2025-09-22 11:14:16Z INFO ActionCommandManager] Register action command extension for command add-mask
[2025-09-22 11:14:16Z INFO ActionCommandManager] Register action command extension for command add-matcher
[2025-09-22 11:14:16Z INFO ActionCommandManager] Register action command extension for command remove-matcher
[2025-09-22 11:14:16Z INFO ActionCommandManager] Register action command extension for command warning
[2025-09-22 11:14:16Z INFO ActionCommandManager] Register action command extension for command error
[2025-09-22 11:14:16Z INFO ActionCommandManager] Register action command extension for command notice
[2025-09-22 11:14:16Z INFO ActionCommandManager] Register action command extension for command debug
[2025-09-22 11:14:16Z INFO ActionCommandManager] Register action command extension for command group
[2025-09-22 11:14:16Z INFO ActionCommandManager] Register action command extension for command endgroup
[2025-09-22 11:14:16Z INFO ActionCommandManager] Register action command extension for command echo
[2025-09-22 11:14:16Z INFO ScriptHandler] Which2: 'pwsh'
[2025-09-22 11:14:16Z INFO ScriptHandler] pwsh: command not found. Make sure 'pwsh' is installed and its location included in the 'Path' environment variable.
[2025-09-22 11:14:16Z INFO ScriptHandler] Defaulting to powershell
[2025-09-22 11:14:16Z INFO ScriptHandler] Which2: 'powershell'
[2025-09-22 11:14:16Z INFO ScriptHandler] Location: 'C:\Windows\System32\WindowsPowerShell\v1.0\powershell.EXE'
[2025-09-22 11:14:16Z INFO HostContext] Well known directory 'Bin': 'C:\laragon\www\sapapi\actions-runner\bin'
[2025-09-22 11:14:16Z INFO HostContext] Well known directory 'Root': 'C:\laragon\www\sapapi\actions-runner'
[2025-09-22 11:14:16Z INFO HostContext] Well known directory 'Work': 'C:\laragon\www\sapapi\actions-runner\_work'
[2025-09-22 11:14:16Z INFO HostContext] Well known directory 'Temp': 'C:\laragon\www\sapapi\actions-runner\_work\_temp'
[2025-09-22 11:14:16Z INFO ScriptHandler] Which2: 'pwsh'
[2025-09-22 11:14:16Z INFO ScriptHandler] pwsh: command not found. Make sure 'pwsh' is installed and its location included in the 'Path' environment variable.
[2025-09-22 11:14:16Z INFO ScriptHandler] Defaulting to powershell
[2025-09-22 11:14:16Z INFO ScriptHandler] Which2: 'powershell'
[2025-09-22 11:14:16Z INFO ScriptHandler] Location: 'C:\Windows\System32\WindowsPowerShell\v1.0\powershell.EXE'
[2025-09-22 11:14:16Z INFO ProcessInvokerWrapper] Starting process:
[2025-09-22 11:14:16Z INFO ProcessInvokerWrapper]   File name: 'C:\Windows\System32\WindowsPowerShell\v1.0\powershell.EXE'
[2025-09-22 11:14:16Z INFO ProcessInvokerWrapper]   Arguments: '-command ". 'C:\laragon\www\sapapi\actions-runner\_work\_temp\9ed1c517-efec-4d91-ba1c-28d508cd05bc.ps1'"'
[2025-09-22 11:14:16Z INFO ProcessInvokerWrapper]   Working directory: 'C:\laragon\www\sapapi\actions-runner\_work\sapapi\sapapi'
[2025-09-22 11:14:16Z INFO ProcessInvokerWrapper]   Require exit code zero: 'False'
[2025-09-22 11:14:16Z INFO ProcessInvokerWrapper]   Encoding web name:  ; code page: ''
[2025-09-22 11:14:16Z INFO ProcessInvokerWrapper]   Force kill process on cancellation: 'False'
[2025-09-22 11:14:16Z INFO ProcessInvokerWrapper]   Redirected STDIN: 'False'
[2025-09-22 11:14:16Z INFO ProcessInvokerWrapper]   Persist current code page: 'True'
[2025-09-22 11:14:16Z INFO ProcessInvokerWrapper]   Keep redirected STDIN open: 'False'
[2025-09-22 11:14:16Z INFO ProcessInvokerWrapper]   High priority process: 'False'
[2025-09-22 11:14:16Z INFO ProcessInvokerWrapper] Process started with process id 35936, waiting for process exit.
[2025-09-22 11:14:17Z INFO JobServerQueue] Try to append 1 batches web console lines for record 'fdf992ae-5e89-488e-a41b-9f62b3ff69d2', success rate: 1/1.
[2025-09-22 11:14:17Z INFO JobServerQueue] Try to append 1 batches web console lines for record '18a48578-34eb-40e3-ae0a-168437eebb00', success rate: 1/1.
[2025-09-22 11:14:17Z INFO JobServerQueue] Try to upload 1 log files or attachments, success rate: 1/1.
[2025-09-22 11:14:17Z INFO JobServerQueue] Got a step log file to send to results service.
[2025-09-22 11:14:17Z INFO JobServerQueue] Starting upload of step log file to results service ResultsLog, C:\laragon\www\sapapi\actions-runner\_diag\blocks\e95197f1-9c27-408f-9ec7-efe2f7b66075_fdf992ae-5e89-488e-a41b-9f62b3ff69d2.1
[2025-09-22 11:14:18Z INFO ProcessInvokerWrapper] STDOUT/STDERR stream read finished.
[2025-09-22 11:14:18Z INFO ProcessInvokerWrapper] STDOUT/STDERR stream read finished.
[2025-09-22 11:14:18Z INFO ProcessInvokerWrapper] Finished process 35936 with exit code 0, and elapsed time 00:00:01.0862227.
[2025-09-22 11:14:18Z INFO CreateStepSummaryCommand] Step Summary file (C:\laragon\www\sapapi\actions-runner\_work\_temp\_runner_file_commands\step_summary_77cbb6e6-e1b9-4570-a117-6b0de3a60fd5) is empty; skipping attachment upload
[2025-09-22 11:14:18Z INFO StepsRunner] Step result: 
[2025-09-22 11:14:18Z INFO ExecutionContext] Publish step telemetry for current step {
  "action": "powershell",
  "type": "run",
  "stage": "Main",
  "stepId": "18a48578-34eb-40e3-ae0a-168437eebb00",
  "stepContextName": "__run_6",
  "result": "succeeded",
  "errorMessages": [],
  "executionTimeInSeconds": 2,
  "startTime": "2025-09-22T11:14:16.8652656Z",
  "finishTime": "2025-09-22T11:14:18.0210601Z"
}.
[2025-09-22 11:14:18Z INFO StepsRunner] No need for updating job result with current step result 'Succeeded'.
[2025-09-22 11:14:18Z INFO StepsRunner] Current state: job state = ''
[2025-09-22 11:14:18Z INFO StepsRunner] Processing step: DisplayName='Show PM2 process status'
[2025-09-22 11:14:18Z INFO StepsRunner] Evaluating: success()
[2025-09-22 11:14:18Z INFO StepsRunner] Result: true
[2025-09-22 11:14:18Z INFO StepsRunner] Starting the step.
[2025-09-22 11:14:18Z INFO HostContext] Well known directory 'Bin': 'C:\laragon\www\sapapi\actions-runner\bin'
[2025-09-22 11:14:18Z INFO HostContext] Well known directory 'Root': 'C:\laragon\www\sapapi\actions-runner'
[2025-09-22 11:14:18Z INFO HostContext] Well known directory 'Work': 'C:\laragon\www\sapapi\actions-runner\_work'
[2025-09-22 11:14:18Z INFO StepsRunner] Which2: 'chcp'
[2025-09-22 11:14:18Z INFO StepsRunner] Location: 'C:\Windows\system32\chcp.COM'
[2025-09-22 11:14:18Z INFO ProcessInvokerWrapper] Starting process:
[2025-09-22 11:14:18Z INFO ProcessInvokerWrapper]   File name: 'C:\Windows\system32\chcp.COM'
[2025-09-22 11:14:18Z INFO ProcessInvokerWrapper]   Arguments: '65001'
[2025-09-22 11:14:18Z INFO ProcessInvokerWrapper]   Working directory: 'C:\laragon\www\sapapi\actions-runner\_work'
[2025-09-22 11:14:18Z INFO ProcessInvokerWrapper]   Require exit code zero: 'False'
[2025-09-22 11:14:18Z INFO ProcessInvokerWrapper]   Encoding web name:  ; code page: ''
[2025-09-22 11:14:18Z INFO ProcessInvokerWrapper]   Force kill process on cancellation: 'False'
[2025-09-22 11:14:18Z INFO ProcessInvokerWrapper]   Redirected STDIN: 'False'
[2025-09-22 11:14:18Z INFO ProcessInvokerWrapper]   Persist current code page: 'True'
[2025-09-22 11:14:18Z INFO ProcessInvokerWrapper]   Keep redirected STDIN open: 'False'
[2025-09-22 11:14:18Z INFO ProcessInvokerWrapper]   High priority process: 'False'
[2025-09-22 11:14:18Z INFO ProcessInvokerWrapper] Process started with process id 15224, waiting for process exit.
[2025-09-22 11:14:18Z INFO ProcessInvokerWrapper] STDOUT/STDERR stream read finished.
[2025-09-22 11:14:18Z INFO ProcessInvokerWrapper] STDOUT/STDERR stream read finished.
[2025-09-22 11:14:18Z INFO ProcessInvokerWrapper] Finished process 15224 with exit code 0, and elapsed time 00:00:00.0096435.
[2025-09-22 11:14:18Z INFO StepsRunner] Successfully returned to code page 65001 (UTF8)
[2025-09-22 11:14:18Z INFO HostContext] Well known directory 'Bin': 'C:\laragon\www\sapapi\actions-runner\bin'
[2025-09-22 11:14:18Z INFO HostContext] Well known directory 'Root': 'C:\laragon\www\sapapi\actions-runner'
[2025-09-22 11:14:18Z INFO HostContext] Well known directory 'Work': 'C:\laragon\www\sapapi\actions-runner\_work'
[2025-09-22 11:14:18Z INFO HostContext] Well known directory 'Temp': 'C:\laragon\www\sapapi\actions-runner\_work\_temp'
[2025-09-22 11:14:18Z INFO ExecutionContext] Write event payload to C:\laragon\www\sapapi\actions-runner\_work\_temp\_github_workflow\event.json
[2025-09-22 11:14:18Z INFO HostContext] Well known directory 'Bin': 'C:\laragon\www\sapapi\actions-runner\bin'
[2025-09-22 11:14:18Z INFO HostContext] Well known directory 'Root': 'C:\laragon\www\sapapi\actions-runner'
[2025-09-22 11:14:18Z INFO HostContext] Well known directory 'Work': 'C:\laragon\www\sapapi\actions-runner\_work'
[2025-09-22 11:14:18Z INFO HostContext] Well known directory 'Temp': 'C:\laragon\www\sapapi\actions-runner\_work\_temp'
[2025-09-22 11:14:18Z INFO ExtensionManager] Getting extensions for interface: 'GitHub.Runner.Worker.IFileCommandExtension'
[2025-09-22 11:14:18Z INFO ExtensionManager] Getting extensions for interface: 'GitHub.Runner.Worker.IActionCommandExtension'
[2025-09-22 11:14:18Z INFO ActionCommandManager] Register action command extension for command internal-set-repo-path
[2025-09-22 11:14:18Z INFO ActionCommandManager] Register action command extension for command set-env
[2025-09-22 11:14:18Z INFO ActionCommandManager] Register action command extension for command set-output
[2025-09-22 11:14:18Z INFO ActionCommandManager] Register action command extension for command save-state
[2025-09-22 11:14:18Z INFO ActionCommandManager] Register action command extension for command add-path
[2025-09-22 11:14:18Z INFO ActionCommandManager] Register action command extension for command add-mask
[2025-09-22 11:14:18Z INFO ActionCommandManager] Register action command extension for command add-matcher
[2025-09-22 11:14:18Z INFO ActionCommandManager] Register action command extension for command remove-matcher
[2025-09-22 11:14:18Z INFO ActionCommandManager] Register action command extension for command warning
[2025-09-22 11:14:18Z INFO ActionCommandManager] Register action command extension for command error
[2025-09-22 11:14:18Z INFO ActionCommandManager] Register action command extension for command notice
[2025-09-22 11:14:18Z INFO ActionCommandManager] Register action command extension for command debug
[2025-09-22 11:14:18Z INFO ActionCommandManager] Register action command extension for command group
[2025-09-22 11:14:18Z INFO ActionCommandManager] Register action command extension for command endgroup
[2025-09-22 11:14:18Z INFO ActionCommandManager] Register action command extension for command echo
[2025-09-22 11:14:18Z INFO ScriptHandler] Which2: 'pwsh'
[2025-09-22 11:14:18Z INFO ScriptHandler] pwsh: command not found. Make sure 'pwsh' is installed and its location included in the 'Path' environment variable.
[2025-09-22 11:14:18Z INFO ScriptHandler] Defaulting to powershell
[2025-09-22 11:14:18Z INFO ScriptHandler] Which2: 'powershell'
[2025-09-22 11:14:18Z INFO ScriptHandler] Location: 'C:\Windows\System32\WindowsPowerShell\v1.0\powershell.EXE'
[2025-09-22 11:14:18Z INFO HostContext] Well known directory 'Bin': 'C:\laragon\www\sapapi\actions-runner\bin'
[2025-09-22 11:14:18Z INFO HostContext] Well known directory 'Root': 'C:\laragon\www\sapapi\actions-runner'
[2025-09-22 11:14:18Z INFO HostContext] Well known directory 'Work': 'C:\laragon\www\sapapi\actions-runner\_work'
[2025-09-22 11:14:18Z INFO HostContext] Well known directory 'Temp': 'C:\laragon\www\sapapi\actions-runner\_work\_temp'
[2025-09-22 11:14:18Z INFO ScriptHandler] Which2: 'pwsh'
[2025-09-22 11:14:18Z INFO ScriptHandler] pwsh: command not found. Make sure 'pwsh' is installed and its location included in the 'Path' environment variable.
[2025-09-22 11:14:18Z INFO ScriptHandler] Defaulting to powershell
[2025-09-22 11:14:18Z INFO ScriptHandler] Which2: 'powershell'
[2025-09-22 11:14:18Z INFO ScriptHandler] Location: 'C:\Windows\System32\WindowsPowerShell\v1.0\powershell.EXE'
[2025-09-22 11:14:18Z INFO ProcessInvokerWrapper] Starting process:
[2025-09-22 11:14:18Z INFO ProcessInvokerWrapper]   File name: 'C:\Windows\System32\WindowsPowerShell\v1.0\powershell.EXE'
[2025-09-22 11:14:18Z INFO ProcessInvokerWrapper]   Arguments: '-command ". 'C:\laragon\www\sapapi\actions-runner\_work\_temp\4d74e9a9-9d2b-4fca-a9a7-f94f7e505738.ps1'"'
[2025-09-22 11:14:18Z INFO ProcessInvokerWrapper]   Working directory: 'C:\laragon\www\sapapi\actions-runner\_work\sapapi\sapapi'
[2025-09-22 11:14:18Z INFO ProcessInvokerWrapper]   Require exit code zero: 'False'
[2025-09-22 11:14:18Z INFO ProcessInvokerWrapper]   Encoding web name:  ; code page: ''
[2025-09-22 11:14:18Z INFO ProcessInvokerWrapper]   Force kill process on cancellation: 'False'
[2025-09-22 11:14:18Z INFO ProcessInvokerWrapper]   Redirected STDIN: 'False'
[2025-09-22 11:14:18Z INFO ProcessInvokerWrapper]   Persist current code page: 'True'
[2025-09-22 11:14:18Z INFO ProcessInvokerWrapper]   Keep redirected STDIN open: 'False'
[2025-09-22 11:14:18Z INFO ProcessInvokerWrapper]   High priority process: 'False'
[2025-09-22 11:14:18Z INFO ProcessInvokerWrapper] Process started with process id 41244, waiting for process exit.
[2025-09-22 11:14:18Z INFO JobServerQueue] Try to append 1 batches web console lines for record '18a48578-34eb-40e3-ae0a-168437eebb00', success rate: 1/1.
[2025-09-22 11:14:18Z INFO JobServerQueue] Try to append 1 batches web console lines for record '9ddae1a6-9dd9-44c3-8363-5ff3029fbf3e', success rate: 1/1.
[2025-09-22 11:14:18Z INFO JobServerQueue] Try to upload 1 log files or attachments, success rate: 1/1.
[2025-09-22 11:14:19Z INFO JobServerQueue] Tried to upload 1 file(s) to results, success rate: 1/1.
[2025-09-22 11:14:20Z INFO ProcessInvokerWrapper] STDOUT/STDERR stream read finished.
[2025-09-22 11:14:20Z INFO ProcessInvokerWrapper] STDOUT/STDERR stream read finished.
[2025-09-22 11:14:20Z INFO ProcessInvokerWrapper] Finished process 41244 with exit code 0, and elapsed time 00:00:01.9924087.
[2025-09-22 11:14:20Z INFO CreateStepSummaryCommand] Step Summary file (C:\laragon\www\sapapi\actions-runner\_work\_temp\_runner_file_commands\step_summary_19623fe6-bbe4-47d1-9455-ceb474a71c48) is empty; skipping attachment upload
[2025-09-22 11:14:20Z INFO StepsRunner] Step result: 
[2025-09-22 11:14:20Z INFO ExecutionContext] Publish step telemetry for current step {
  "action": "powershell",
  "type": "run",
  "stage": "Main",
  "stepId": "9ddae1a6-9dd9-44c3-8363-5ff3029fbf3e",
  "stepContextName": "__run_7",
  "result": "succeeded",
  "errorMessages": [],
  "executionTimeInSeconds": 3,
  "startTime": "2025-09-22T11:14:18.0230371Z",
  "finishTime": "2025-09-22T11:14:20.0728235Z"
}.
[2025-09-22 11:14:20Z INFO StepsRunner] No need for updating job result with current step result 'Succeeded'.
[2025-09-22 11:14:20Z INFO StepsRunner] Current state: job state = ''
[2025-09-22 11:14:20Z INFO StepsRunner] Processing step: DisplayName='Post Checkout repository'
[2025-09-22 11:14:20Z INFO StepsRunner] Evaluating: always()
[2025-09-22 11:14:20Z INFO StepsRunner] Result: true
[2025-09-22 11:14:20Z INFO StepsRunner] Starting the step.
[2025-09-22 11:14:20Z INFO HostContext] Well known directory 'Bin': 'C:\laragon\www\sapapi\actions-runner\bin'
[2025-09-22 11:14:20Z INFO HostContext] Well known directory 'Root': 'C:\laragon\www\sapapi\actions-runner'
[2025-09-22 11:14:20Z INFO HostContext] Well known directory 'Work': 'C:\laragon\www\sapapi\actions-runner\_work'
[2025-09-22 11:14:20Z INFO StepsRunner] Which2: 'chcp'
[2025-09-22 11:14:20Z INFO StepsRunner] Location: 'C:\Windows\system32\chcp.COM'
[2025-09-22 11:14:20Z INFO ProcessInvokerWrapper] Starting process:
[2025-09-22 11:14:20Z INFO ProcessInvokerWrapper]   File name: 'C:\Windows\system32\chcp.COM'
[2025-09-22 11:14:20Z INFO ProcessInvokerWrapper]   Arguments: '65001'
[2025-09-22 11:14:20Z INFO ProcessInvokerWrapper]   Working directory: 'C:\laragon\www\sapapi\actions-runner\_work'
[2025-09-22 11:14:20Z INFO ProcessInvokerWrapper]   Require exit code zero: 'False'
[2025-09-22 11:14:20Z INFO ProcessInvokerWrapper]   Encoding web name:  ; code page: ''
[2025-09-22 11:14:20Z INFO ProcessInvokerWrapper]   Force kill process on cancellation: 'False'
[2025-09-22 11:14:20Z INFO ProcessInvokerWrapper]   Redirected STDIN: 'False'
[2025-09-22 11:14:20Z INFO ProcessInvokerWrapper]   Persist current code page: 'True'
[2025-09-22 11:14:20Z INFO ProcessInvokerWrapper]   Keep redirected STDIN open: 'False'
[2025-09-22 11:14:20Z INFO ProcessInvokerWrapper]   High priority process: 'False'
[2025-09-22 11:14:20Z INFO ProcessInvokerWrapper] Process started with process id 37164, waiting for process exit.
[2025-09-22 11:14:20Z INFO ProcessInvokerWrapper] STDOUT/STDERR stream read finished.
[2025-09-22 11:14:20Z INFO ProcessInvokerWrapper] STDOUT/STDERR stream read finished.
[2025-09-22 11:14:20Z INFO ProcessInvokerWrapper] Finished process 37164 with exit code 0, and elapsed time 00:00:00.0113228.
[2025-09-22 11:14:20Z INFO StepsRunner] Successfully returned to code page 65001 (UTF8)
[2025-09-22 11:14:20Z INFO HostContext] Well known directory 'Bin': 'C:\laragon\www\sapapi\actions-runner\bin'
[2025-09-22 11:14:20Z INFO HostContext] Well known directory 'Root': 'C:\laragon\www\sapapi\actions-runner'
[2025-09-22 11:14:20Z INFO HostContext] Well known directory 'Work': 'C:\laragon\www\sapapi\actions-runner\_work'
[2025-09-22 11:14:20Z INFO HostContext] Well known directory 'Actions': 'C:\laragon\www\sapapi\actions-runner\_work\_actions'
[2025-09-22 11:14:20Z INFO ActionManager] Load action that reference repository from 'C:\laragon\www\sapapi\actions-runner\_work\_actions\actions\checkout\v4'
[2025-09-22 11:14:20Z INFO HostContext] Well known directory 'Bin': 'C:\laragon\www\sapapi\actions-runner\bin'
[2025-09-22 11:14:20Z INFO HostContext] Well known directory 'Root': 'C:\laragon\www\sapapi\actions-runner'
[2025-09-22 11:14:20Z INFO HostContext] Well known directory 'Work': 'C:\laragon\www\sapapi\actions-runner\_work'
[2025-09-22 11:14:20Z INFO HostContext] Well known directory 'Actions': 'C:\laragon\www\sapapi\actions-runner\_work\_actions'
[2025-09-22 11:14:20Z INFO ActionManifestManager] Loaded action.yml file: {
  "name": "Checkout",
  "description": "Checkout a Git repository at a particular version",
  "inputs": {
    "type": 2,
    "map": [
      {
        "key": {
          "type": 0,
          "file": 2,
          "line": 4,
          "col": 3,
          "lit": "repository"
        },
        "value": {
          "type": 3,
          "file": 2,
          "line": 6,
          "col": 14,
          "expr": "github.repository"
        }
      },
      {
        "key": {
          "type": 0,
          "file": 2,
          "line": 7,
          "col": 3,
          "lit": "ref"
        },
        "value": ""
      },
      {
        "key": {
          "type": 0,
          "file": 2,
          "line": 12,
          "col": 3,
          "lit": "token"
        },
        "value": {
          "type": 3,
          "file": 2,
          "line": 24,
          "col": 14,
          "expr": "github.token"
        }
      },
      {
        "key": {
          "type": 0,
          "file": 2,
          "line": 25,
          "col": 3,
          "lit": "ssh-key"
        },
        "value": ""
      },
      {
        "key": {
          "type": 0,
          "file": 2,
          "line": 37,
          "col": 3,
          "lit": "ssh-known-hosts"
        },
        "value": ""
      },
      {
        "key": {
          "type": 0,
          "file": 2,
          "line": 42,
          "col": 3,
          "lit": "ssh-strict"
        },
        "value": {
          "type": 0,
          "file": 2,
          "line": 47,
          "col": 14,
          "lit": "true"
        }
      },
      {
        "key": {
          "type": 0,
          "file": 2,
          "line": 48,
          "col": 3,
          "lit": "ssh-user"
        },
        "value": {
          "type": 0,
          "file": 2,
          "line": 51,
          "col": 14,
          "lit": "git"
        }
      },
      {
        "key": {
          "type": 0,
          "file": 2,
          "line": 52,
          "col": 3,
          "lit": "persist-credentials"
        },
        "value": {
          "type": 0,
          "file": 2,
          "line": 54,
          "col": 14,
          "lit": "true"
        }
      },
      {
        "key": {
          "type": 0,
          "file": 2,
          "line": 55,
          "col": 3,
          "lit": "path"
        },
        "value": ""
      },
      {
        "key": {
          "type": 0,
          "file": 2,
          "line": 57,
          "col": 3,
          "lit": "clean"
        },
        "value": {
          "type": 0,
          "file": 2,
          "line": 59,
          "col": 14,
          "lit": "true"
        }
      },
      {
        "key": {
          "type": 0,
          "file": 2,
          "line": 60,
          "col": 3,
          "lit": "filter"
        },
        "value": {
          "type": 0,
          "file": 2,
          "line": 64,
          "col": 14,
          "lit": ""
        }
      },
      {
        "key": {
          "type": 0,
          "file": 2,
          "line": 65,
          "col": 3,
          "lit": "sparse-checkout"
        },
        "value": {
          "type": 0,
          "file": 2,
          "line": 69,
          "col": 14,
          "lit": ""
        }
      },
      {
        "key": {
          "type": 0,
          "file": 2,
          "line": 70,
          "col": 3,
          "lit": "sparse-checkout-cone-mode"
        },
        "value": {
          "type": 0,
          "file": 2,
          "line": 73,
          "col": 14,
          "lit": "true"
        }
      },
      {
        "key": {
          "type": 0,
          "file": 2,
          "line": 74,
          "col": 3,
          "lit": "fetch-depth"
        },
        "value": {
          "type": 0,
          "file": 2,
          "line": 76,
          "col": 14,
          "lit": "1"
        }
      },
      {
        "key": {
          "type": 0,
          "file": 2,
          "line": 77,
          "col": 3,
          "lit": "fetch-tags"
        },
        "value": {
          "type": 0,
          "file": 2,
          "line": 79,
          "col": 14,
          "lit": "false"
        }
      },
      {
        "key": {
          "type": 0,
          "file": 2,
          "line": 80,
          "col": 3,
          "lit": "show-progress"
        },
        "value": {
          "type": 0,
          "file": 2,
          "line": 82,
          "col": 14,
          "lit": "true"
        }
      },
      {
        "key": {
          "type": 0,
          "file": 2,
          "line": 83,
          "col": 3,
          "lit": "lfs"
        },
        "value": {
          "type": 0,
          "file": 2,
          "line": 85,
          "col": 14,
          "lit": "false"
        }
      },
      {
        "key": {
          "type": 0,
          "file": 2,
          "line": 86,
          "col": 3,
          "lit": "submodules"
        },
        "value": {
          "type": 0,
          "file": 2,
          "line": 94,
          "col": 14,
          "lit": "false"
        }
      },
      {
        "key": {
          "type": 0,
          "file": 2,
          "line": 95,
          "col": 3,
          "lit": "set-safe-directory"
        },
        "value": {
          "type": 0,
          "file": 2,
          "line": 97,
          "col": 14,
          "lit": "true"
        }
      },
      {
        "key": {
          "type": 0,
          "file": 2,
          "line": 98,
          "col": 3,
          "lit": "github-server-url"
        },
        "value": ""
      }
    ]
  },
  "execution": {
    "executionType": "nodeJS",
    "hasPre": false,
    "hasPost": true,
    "script": "dist/index.js",
    "pre": null,
    "post": "dist/index.js",
    "nodeVersion": "node20",
    "cleanupCondition": "always()",
    "initCondition": "always()"
  },
  "deprecated": null
}
[2025-09-22 11:14:20Z INFO ActionManager] Action pre node.js file: N/A.
[2025-09-22 11:14:20Z INFO ActionManager] Action node.js file: dist/index.js.
[2025-09-22 11:14:20Z INFO ActionManager] Action post node.js file: dist/index.js.
[2025-09-22 11:14:20Z INFO HostContext] Well known directory 'Bin': 'C:\laragon\www\sapapi\actions-runner\bin'
[2025-09-22 11:14:20Z INFO HostContext] Well known directory 'Root': 'C:\laragon\www\sapapi\actions-runner'
[2025-09-22 11:14:20Z INFO HostContext] Well known directory 'Work': 'C:\laragon\www\sapapi\actions-runner\_work'
[2025-09-22 11:14:20Z INFO HostContext] Well known directory 'Temp': 'C:\laragon\www\sapapi\actions-runner\_work\_temp'
[2025-09-22 11:14:20Z INFO ExecutionContext] Write event payload to C:\laragon\www\sapapi\actions-runner\_work\_temp\_github_workflow\event.json
[2025-09-22 11:14:20Z INFO HostContext] Well known directory 'Bin': 'C:\laragon\www\sapapi\actions-runner\bin'
[2025-09-22 11:14:20Z INFO HostContext] Well known directory 'Root': 'C:\laragon\www\sapapi\actions-runner'
[2025-09-22 11:14:20Z INFO HostContext] Well known directory 'Work': 'C:\laragon\www\sapapi\actions-runner\_work'
[2025-09-22 11:14:20Z INFO HostContext] Well known directory 'Temp': 'C:\laragon\www\sapapi\actions-runner\_work\_temp'
[2025-09-22 11:14:20Z INFO ExtensionManager] Getting extensions for interface: 'GitHub.Runner.Worker.IFileCommandExtension'
[2025-09-22 11:14:20Z INFO ActionManifestManager] Input 'ref': default value evaluate result: ""
[2025-09-22 11:14:20Z INFO ActionManifestManager] Input 'ssh-key': default value evaluate result: ""
[2025-09-22 11:14:20Z INFO ActionManifestManager] Input 'ssh-known-hosts': default value evaluate result: ""
[2025-09-22 11:14:20Z INFO ActionManifestManager] Input 'ssh-strict': default value evaluate result: {
  "type": 0,
  "file": 2,
  "line": 47,
  "col": 14,
  "lit": "true"
}
[2025-09-22 11:14:20Z INFO ActionManifestManager] Input 'ssh-user': default value evaluate result: {
  "type": 0,
  "file": 2,
  "line": 51,
  "col": 14,
  "lit": "git"
}
[2025-09-22 11:14:20Z INFO ActionManifestManager] Input 'persist-credentials': default value evaluate result: {
  "type": 0,
  "file": 2,
  "line": 54,
  "col": 14,
  "lit": "true"
}
[2025-09-22 11:14:20Z INFO ActionManifestManager] Input 'path': default value evaluate result: ""
[2025-09-22 11:14:20Z INFO ActionManifestManager] Input 'clean': default value evaluate result: {
  "type": 0,
  "file": 2,
  "line": 59,
  "col": 14,
  "lit": "true"
}
[2025-09-22 11:14:20Z INFO ActionManifestManager] Input 'filter': default value evaluate result: {
  "type": 0,
  "file": 2,
  "line": 64,
  "col": 14,
  "lit": ""
}
[2025-09-22 11:14:20Z INFO ActionManifestManager] Input 'sparse-checkout': default value evaluate result: {
  "type": 0,
  "file": 2,
  "line": 69,
  "col": 14,
  "lit": ""
}
[2025-09-22 11:14:20Z INFO ActionManifestManager] Input 'sparse-checkout-cone-mode': default value evaluate result: {
  "type": 0,
  "file": 2,
  "line": 73,
  "col": 14,
  "lit": "true"
}
[2025-09-22 11:14:20Z INFO ActionManifestManager] Input 'fetch-depth': default value evaluate result: {
  "type": 0,
  "file": 2,
  "line": 76,
  "col": 14,
  "lit": "1"
}
[2025-09-22 11:14:20Z INFO ActionManifestManager] Input 'fetch-tags': default value evaluate result: {
  "type": 0,
  "file": 2,
  "line": 79,
  "col": 14,
  "lit": "false"
}
[2025-09-22 11:14:20Z INFO ActionManifestManager] Input 'show-progress': default value evaluate result: {
  "type": 0,
  "file": 2,
  "line": 82,
  "col": 14,
  "lit": "true"
}
[2025-09-22 11:14:20Z INFO ActionManifestManager] Input 'lfs': default value evaluate result: {
  "type": 0,
  "file": 2,
  "line": 85,
  "col": 14,
  "lit": "false"
}
[2025-09-22 11:14:20Z INFO ActionManifestManager] Input 'set-safe-directory': default value evaluate result: {
  "type": 0,
  "file": 2,
  "line": 97,
  "col": 14,
  "lit": "true"
}
[2025-09-22 11:14:20Z INFO ActionManifestManager] Input 'github-server-url': default value evaluate result: ""
[2025-09-22 11:14:20Z INFO ExtensionManager] Getting extensions for interface: 'GitHub.Runner.Worker.IActionCommandExtension'
[2025-09-22 11:14:20Z INFO ActionCommandManager] Register action command extension for command internal-set-repo-path
[2025-09-22 11:14:20Z INFO ActionCommandManager] Register action command extension for command set-env
[2025-09-22 11:14:20Z INFO ActionCommandManager] Register action command extension for command set-output
[2025-09-22 11:14:20Z INFO ActionCommandManager] Register action command extension for command save-state
[2025-09-22 11:14:20Z INFO ActionCommandManager] Register action command extension for command add-path
[2025-09-22 11:14:20Z INFO ActionCommandManager] Register action command extension for command add-mask
[2025-09-22 11:14:20Z INFO ActionCommandManager] Register action command extension for command add-matcher
[2025-09-22 11:14:20Z INFO ActionCommandManager] Register action command extension for command remove-matcher
[2025-09-22 11:14:20Z INFO ActionCommandManager] Register action command extension for command warning
[2025-09-22 11:14:20Z INFO ActionCommandManager] Register action command extension for command error
[2025-09-22 11:14:20Z INFO ActionCommandManager] Register action command extension for command notice
[2025-09-22 11:14:20Z INFO ActionCommandManager] Register action command extension for command debug
[2025-09-22 11:14:20Z INFO ActionCommandManager] Register action command extension for command group
[2025-09-22 11:14:20Z INFO ActionCommandManager] Register action command extension for command endgroup
[2025-09-22 11:14:20Z INFO ActionCommandManager] Register action command extension for command echo
[2025-09-22 11:14:20Z INFO HostContext] Well known directory 'Bin': 'C:\laragon\www\sapapi\actions-runner\bin'
[2025-09-22 11:14:20Z INFO HostContext] Well known directory 'Root': 'C:\laragon\www\sapapi\actions-runner'
[2025-09-22 11:14:20Z INFO HostContext] Well known directory 'Externals': 'C:\laragon\www\sapapi\actions-runner\externals'
[2025-09-22 11:14:20Z INFO ProcessInvokerWrapper] Starting process:
[2025-09-22 11:14:20Z INFO ProcessInvokerWrapper]   File name: 'C:\laragon\www\sapapi\actions-runner\externals\node20\bin\node.exe'
[2025-09-22 11:14:20Z INFO ProcessInvokerWrapper]   Arguments: '"C:\laragon\www\sapapi\actions-runner\_work\_actions\actions\checkout\v4\dist/index.js"'
[2025-09-22 11:14:20Z INFO ProcessInvokerWrapper]   Working directory: 'C:\laragon\www\sapapi\actions-runner\_work\sapapi\sapapi'
[2025-09-22 11:14:20Z INFO ProcessInvokerWrapper]   Require exit code zero: 'False'
[2025-09-22 11:14:20Z INFO ProcessInvokerWrapper]   Encoding web name: utf-8 ; code page: '65001'
[2025-09-22 11:14:20Z INFO ProcessInvokerWrapper]   Force kill process on cancellation: 'False'
[2025-09-22 11:14:20Z INFO ProcessInvokerWrapper]   Redirected STDIN: 'False'
[2025-09-22 11:14:20Z INFO ProcessInvokerWrapper]   Persist current code page: 'True'
[2025-09-22 11:14:20Z INFO ProcessInvokerWrapper]   Keep redirected STDIN open: 'False'
[2025-09-22 11:14:20Z INFO ProcessInvokerWrapper]   High priority process: 'False'
[2025-09-22 11:14:20Z INFO ProcessInvokerWrapper] Process started with process id 18300, waiting for process exit.
[2025-09-22 11:14:20Z INFO JobServerQueue] Try to append 1 batches web console lines for record '9ddae1a6-9dd9-44c3-8363-5ff3029fbf3e', success rate: 1/1.
[2025-09-22 11:14:20Z INFO JobServerQueue] Try to append 1 batches web console lines for record 'd0c1016b-4f7f-490f-bf20-8c3028c28b70', success rate: 1/1.
[2025-09-22 11:14:20Z INFO JobServerQueue] Got a step log file to send to results service.
[2025-09-22 11:14:20Z INFO JobServerQueue] Starting upload of step log file to results service ResultsLog, C:\laragon\www\sapapi\actions-runner\_diag\blocks\e95197f1-9c27-408f-9ec7-efe2f7b66075_18a48578-34eb-40e3-ae0a-168437eebb00.1
[2025-09-22 11:14:20Z INFO AddMaskCommandExtension] Add new secret mask with length of 32
[2025-09-22 11:14:20Z INFO JobServerQueue] Try to append 1 batches web console lines for record 'd0c1016b-4f7f-490f-bf20-8c3028c28b70', success rate: 1/1.
[2025-09-22 11:14:20Z INFO JobServerQueue] Try to upload 1 log files or attachments, success rate: 1/1.
[2025-09-22 11:14:21Z INFO JobServerQueue] Got a step log file to send to results service.
[2025-09-22 11:14:21Z INFO JobServerQueue] Starting upload of step log file to results service ResultsLog, C:\laragon\www\sapapi\actions-runner\_diag\blocks\e95197f1-9c27-408f-9ec7-efe2f7b66075_9ddae1a6-9dd9-44c3-8363-5ff3029fbf3e.1
[2025-09-22 11:14:21Z INFO JobServerQueue] Try to append 1 batches web console lines for record 'd0c1016b-4f7f-490f-bf20-8c3028c28b70', success rate: 1/1.
[2025-09-22 11:14:23Z INFO HostContext] Well known directory 'Bin': 'C:\laragon\www\sapapi\actions-runner\bin'
[2025-09-22 11:14:23Z INFO HostContext] Well known directory 'Root': 'C:\laragon\www\sapapi\actions-runner'
[2025-09-22 11:14:23Z INFO HostContext] Well known directory 'Work': 'C:\laragon\www\sapapi\actions-runner\_work'
[2025-09-22 11:14:23Z INFO JobServerQueue] Tried to upload 2 file(s) to results, success rate: 2/2.
[2025-09-22 11:14:23Z INFO ProcessInvokerWrapper] STDOUT/STDERR stream read finished.
[2025-09-22 11:14:23Z INFO ProcessInvokerWrapper] STDOUT/STDERR stream read finished.
[2025-09-22 11:14:23Z INFO ProcessInvokerWrapper] Finished process 18300 with exit code 0, and elapsed time 00:00:03.7986732.
[2025-09-22 11:14:23Z INFO CreateStepSummaryCommand] Step Summary file (C:\laragon\www\sapapi\actions-runner\_work\_temp\_runner_file_commands\step_summary_a732f8aa-9589-4f3f-9ac4-ec56f1ddbd59) is empty; skipping attachment upload
[2025-09-22 11:14:23Z INFO StepsRunner] Step result: 
[2025-09-22 11:14:23Z INFO ExecutionContext] Publish step telemetry for current step {
  "action": "actions/checkout",
  "ref": "v4",
  "type": "node20",
  "stage": "Post",
  "stepId": "d0c1016b-4f7f-490f-bf20-8c3028c28b70",
  "result": "succeeded",
  "errorMessages": [],
  "executionTimeInSeconds": 4,
  "startTime": "2025-09-22T11:14:20.0743552Z",
  "finishTime": "2025-09-22T11:14:23.9094348Z"
}.
[2025-09-22 11:14:23Z INFO StepsRunner] No need for updating job result with current step result 'Succeeded'.
[2025-09-22 11:14:23Z INFO StepsRunner] Current state: job state = ''
[2025-09-22 11:14:23Z INFO JobRunner] Finalize job.
[2025-09-22 11:14:23Z INFO HostContext] Well known directory 'Bin': 'C:\laragon\www\sapapi\actions-runner\bin'
[2025-09-22 11:14:23Z INFO HostContext] Well known directory 'Root': 'C:\laragon\www\sapapi\actions-runner'
[2025-09-22 11:14:23Z INFO HostContext] Well known directory 'Diag': 'C:\laragon\www\sapapi\actions-runner\_diag'
[2025-09-22 11:14:23Z INFO HostContext] Well known directory 'Bin': 'C:\laragon\www\sapapi\actions-runner\bin'
[2025-09-22 11:14:23Z INFO HostContext] Well known directory 'Root': 'C:\laragon\www\sapapi\actions-runner'
[2025-09-22 11:14:23Z INFO HostContext] Well known directory 'Diag': 'C:\laragon\www\sapapi\actions-runner\_diag'
[2025-09-22 11:14:23Z INFO JobExtension] Initialize Env context
[2025-09-22 11:14:23Z INFO JobExtension] Initialize steps context
[2025-09-22 11:14:23Z INFO JobExtension] Total accessible running process: 497.
[2025-09-22 11:14:23Z INFO JobExtension] Inspecting process environment variables. PID: 31100 (vctip)
[2025-09-22 11:14:24Z INFO JobExtension] Inspecting process environment variables. PID: 34476 (node)
[2025-09-22 11:14:24Z INFO JobExtension] Inspecting process environment variables. PID: 30948 (SearchProtocolHost)
[2025-09-22 11:14:24Z INFO JobExtension] Inspecting process environment variables. PID: 16312 (SearchFilterHost)
[2025-09-22 11:14:24Z INFO JobExtension] Inspecting process environment variables. PID: 26672 (node)
[2025-09-22 11:14:24Z INFO JobExtension] Inspecting process environment variables. PID: 38228 (node)
[2025-09-22 11:14:24Z INFO JobExtension] Inspecting process environment variables. PID: 42284 (node)
[2025-09-22 11:14:24Z INFO JobExtension] Inspecting process environment variables. PID: 25908 (node)
[2025-09-22 11:14:24Z INFO JobExtension] Inspecting process environment variables. PID: 37388 (node)
[2025-09-22 11:14:24Z INFO JobExtension] Inspecting process environment variables. PID: 14012 (node)
[2025-09-22 11:14:24Z INFO JobExtension] Inspecting process environment variables. PID: 37648 (node)
[2025-09-22 11:14:24Z INFO ExecutionContext] Publish step telemetry for current step {
  "action": "complete_job",
  "type": "runner",
  "stage": "Post",
  "stepId": "d0e57a5e-e339-4f0c-b40f-157de679df03",
  "result": "succeeded",
  "errorMessages": [],
  "executionTimeInSeconds": 1,
  "startTime": "2025-09-22T11:14:23.9225999Z",
  "finishTime": "2025-09-22T11:14:24.2648632Z"
}.
[2025-09-22 11:14:24Z INFO ProcessInvokerWrapper] STDOUT/STDERR stream read finished.
[2025-09-22 11:14:24Z INFO JobRunner] Job result after all job steps finish: Succeeded
[2025-09-22 11:14:24Z INFO JobRunner] Completing the job execution context.
[2025-09-22 11:14:24Z INFO JobRunner] Shutting down the job server queue.
[2025-09-22 11:14:24Z INFO JobServerQueue] Fire signal to shutdown all queues.
[2025-09-22 11:14:24Z INFO JobServerQueue] All queue process task stopped.
[2025-09-22 11:14:24Z INFO JobServerQueue] Try to append 1 batches web console lines for record 'd0e57a5e-e339-4f0c-b40f-157de679df03', success rate: 1/1.
[2025-09-22 11:14:24Z INFO JobServerQueue] Web console line queue drained.
[2025-09-22 11:14:24Z INFO JobServerQueue] Uploading 3 files in one shot.
[2025-09-22 11:14:24Z INFO JobServerQueue] Try to upload 3 log files or attachments, success rate: 3/3.
[2025-09-22 11:14:24Z INFO JobServerQueue] File upload queue drained.
[2025-09-22 11:14:24Z INFO JobServerQueue] Starting results-based upload queue...
[2025-09-22 11:14:24Z INFO JobServerQueue] Uploading 3 file(s) in one shot through results service.
[2025-09-22 11:14:24Z INFO JobServerQueue] Got a step log file to send to results service.
[2025-09-22 11:14:24Z INFO JobServerQueue] Starting upload of step log file to results service ResultsLog, C:\laragon\www\sapapi\actions-runner\_diag\blocks\e95197f1-9c27-408f-9ec7-efe2f7b66075_d0c1016b-4f7f-490f-bf20-8c3028c28b70.1
[2025-09-22 11:14:26Z INFO JobServerQueue] Got a step log file to send to results service.
[2025-09-22 11:14:26Z INFO JobServerQueue] Starting upload of step log file to results service ResultsLog, C:\laragon\www\sapapi\actions-runner\_diag\blocks\e95197f1-9c27-408f-9ec7-efe2f7b66075_d0e57a5e-e339-4f0c-b40f-157de679df03.1
[2025-09-22 11:14:27Z INFO JobServerQueue] Got a job log file to send to results service.
[2025-09-22 11:14:27Z INFO JobServerQueue] Starting upload of job log file to results service ResultsLog, C:\laragon\www\sapapi\actions-runner\_diag\blocks\e95197f1-9c27-408f-9ec7-efe2f7b66075_fa3e24d0-3d29-520e-aae3-522ff2a96e36.1
[2025-09-22 11:14:29Z INFO JobServerQueue] Tried to upload 3 file(s) to results, success rate: 3/3.
[2025-09-22 11:14:29Z INFO JobServerQueue] Results upload queue drained.
[2025-09-22 11:14:29Z INFO JobServerQueue] Timeline update queue drained.
[2025-09-22 11:14:29Z INFO JobServerQueue] Disposing job server ...
[2025-09-22 11:14:29Z INFO JobServerQueue] Disposing results server ...
[2025-09-22 11:14:29Z INFO JobServerQueue] All queue process tasks have been stopped, and all queues are drained.
[2025-09-22 11:14:29Z INFO TempDirectoryManager] Cleaning runner temp folder: C:\laragon\www\sapapi\actions-runner\_work\_temp
[2025-09-22 11:14:29Z INFO HostContext] Well known directory 'Bin': 'C:\laragon\www\sapapi\actions-runner\bin'
[2025-09-22 11:14:29Z INFO HostContext] Well known directory 'Root': 'C:\laragon\www\sapapi\actions-runner'
[2025-09-22 11:14:29Z INFO HostContext] Well known directory 'Diag': 'C:\laragon\www\sapapi\actions-runner\_diag'
[2025-09-22 11:14:29Z INFO HostContext] Well known config file 'Telemetry': 'C:\laragon\www\sapapi\actions-runner\_diag\.telemetry'
[2025-09-22 11:14:29Z INFO JobRunner] Raising job completed against run service
[2025-09-22 11:14:30Z INFO Worker] Job completed.
